year,sex,age_group,cause_chapter,cause,deaths,population,rate_per_100k
2000,all,1-4,I-XXII,Todas las causas,383,1473376,25.9947
2000,all,10-14,I-XXII,Todas las causas,365,2152901,16.9539
2000,all,15-19,I-XXII,Todas las causas,1198,2627575,45.5934
2000,all,20-24,I-XXII,Todas las causas,1996,3325206,60.0264
2000,all,25-29,I-XXII,Todas las causas,2339,3447044,67.8552
2000,all,30-34,I-XXII,Todas las causas,2975,3345294,88.9309
2000,all,35-39,I-XXII,Todas las causas,4052,3208115,126.3047
2000,all,40-44,I-XXII,Todas las causas,5267,2913290,180.7922
2000,all,45-49,I-XXII,Todas las causas,6523,2521261,258.7197
2000,all,5-9,I-XXII,Todas las causas,300,1953978,15.3533
2000,all,50-54,I-XXII,Todas las causas,9331,2417614,385.959
2000,all,55-59,I-XXII,Todas las causas,12024,2131111,564.2128
2000,all,60-64,I-XXII,Todas las causas,17127,1903022,899.9896
2000,all,65-69,I-XXII,Todas las causas,29420,2084685,1411.2444
2000,all,70-74,I-XXII,Todas las causas,41327,1794689,2302.7388
2000,all,75-79,I-XXII,Todas las causas,55264,1381450,4000.4343
2000,all,80-84,I-XXII,Todas las causas,58873,816297,7212.2034
2000,all,85-89,I-XXII,Todas las causas,59660,466032,12801.696
2000,all,90-94,I-XXII,Todas las causas,37319,170618,21872.8387
2000,all,95+,I-XXII,Todas las causas,12908,36061,35794.9031
2000,all,<1,I-XXII,Todas las causas,1740,384769,452.2194
2000,all,all,I-XXII,Todas las causas,360391,40554388,888.6609
2000,female,1-4,I-XXII,Todas las causas,163,716157,22.7604
2000,female,10-14,I-XXII,Todas las causas,145,1047377,13.8441
2000,female,15-19,I-XXII,Todas las causas,336,1280803,26.2335
2000,female,20-24,I-XXII,Todas las causas,463,1623925,28.5112
2000,female,25-29,I-XXII,Todas las causas,533,1687139,31.5919
2000,female,30-34,I-XXII,Todas las causas,784,1650004,47.515
2000,female,35-39,I-XXII,Todas las causas,1117,1597503,69.9216
2000,female,40-44,I-XXII,Todas las causas,1589,1459473,108.8749
2000,female,45-49,I-XXII,Todas las causas,1920,1265310,151.7415
2000,female,5-9,I-XXII,Todas las causas,119,949727,12.5299
2000,female,50-54,I-XXII,Todas las causas,2640,1224471,215.6033
2000,female,55-59,I-XXII,Todas las causas,3402,1088096,312.6562
2000,female,60-64,I-XXII,Todas las causas,5002,996223,502.0964
2000,female,65-69,I-XXII,Todas las causas,9412,1112269,846.1982
2000,female,70-74,I-XXII,Todas las causas,15027,996561,1507.8856
2000,female,75-79,I-XXII,Todas las causas,23757,810091,2932.6335
2000,female,80-84,I-XXII,Todas las causas,31801,525308,6053.7818
2000,female,85-89,I-XXII,Todas las causas,36969,318621,11602.8134
2000,female,90-94,I-XXII,Todas las causas,25485,122640,20780.3327
2000,female,95+,I-XXII,Todas las causas,9478,27402,34588.7162
2000,female,<1,I-XXII,Todas las causas,781,186652,418.4257
2000,female,all,I-XXII,Todas las causas,170923,20685752,826.2837
2000,male,1-4,I-XXII,Todas las causas,220,757221,29.0536
2000,male,10-14,I-XXII,Todas las causas,220,1105524,19.9001
2000,male,15-19,I-XXII,Todas las causas,862,1346770,64.005
2000,male,20-24,I-XXII,Todas las causas,1533,1701281,90.1086
2000,male,25-29,I-XXII,Todas las causas,1806,1759905,102.6192
2000,male,30-34,I-XXII,Todas las causas,2191,1695291,129.2403
2000,male,35-39,I-XXII,Todas las causas,2935,1610610,182.2291
2000,male,40-44,I-XXII,Todas las causas,3678,1453816,252.9894
2000,male,45-49,I-XXII,Todas las causas,4603,1255952,366.4949
2000,male,5-9,I-XXII,Todas las causas,181,1004252,18.0234
2000,male,50-54,I-XXII,Todas las causas,6691,1193144,560.7873
2000,male,55-59,I-XXII,Todas las causas,8622,1043014,826.6428
2000,male,60-64,I-XXII,Todas las causas,12125,906799,1337.121
2000,male,65-69,I-XXII,Todas las causas,20008,972416,2057.5556
2000,male,70-74,I-XXII,Todas las causas,26300,798128,3295.2108
2000,male,75-79,I-XXII,Todas las causas,31507,571359,5514.3964
2000,male,80-84,I-XXII,Todas las causas,27072,290989,9303.4445
2000,male,85-89,I-XXII,Todas las causas,22691,147412,15392.9124
2000,male,90-94,I-XXII,Todas las causas,11834,47978,24665.4717
2000,male,95+,I-XXII,Todas las causas,3430,8659,39611.9644
2000,male,<1,I-XXII,Todas las causas,959,198117,484.0574
2000,male,all,I-XXII,Todas las causas,189468,19868637,953.6034
2001,all,1-4,I-XXII,Todas las causas,370,1501021,24.6499
2001,all,10-14,I-XXII,Todas las causas,346,2114108,16.3662
2001,all,15-19,I-XXII,Todas las causas,1043,2508192,41.5837
2001,all,20-24,I-XXII,Todas las causas,1794,3224570,55.6353
2001,all,25-29,I-XXII,Todas las causas,2179,3486319,62.5015
2001,all,30-34,I-XXII,Todas las causas,2993,3369854,88.8169
2001,all,35-39,I-XXII,Todas las causas,4084,3267965,124.9707
2001,all,40-44,I-XXII,Todas las causas,5069,3003328,168.7794
2001,all,45-49,I-XXII,Todas las causas,6663,2588868,257.3712
2001,all,5-9,I-XXII,Todas las causas,259,1919208,13.4952
2001,all,50-54,I-XXII,Todas las causas,9342,2425263,385.1953
2001,all,55-59,I-XXII,Todas las causas,12468,2185661,570.4453
2001,all,60-64,I-XXII,Todas las causas,16389,1874124,874.4886
2001,all,65-69,I-XXII,Todas las causas,28259,2086193,1354.5727
2001,all,70-74,I-XXII,Todas las causas,41353,1832582,2256.543
2001,all,75-79,I-XXII,Todas las causas,55099,1424594,3867.6984
2001,all,80-84,I-XXII,Todas las causas,59497,859342,6923.5531
2001,all,85-89,I-XXII,Todas las causas,59209,474341,12482.3703
2001,all,90-94,I-XXII,Todas las causas,38089,180302,21125.1123
2001,all,95+,I-XXII,Todas las causas,13969,41203,33902.8712
2001,all,<1,I-XXII,Todas las causas,1657,399010,415.2778
2001,all,all,I-XXII,Todas las causas,360131,40766048,883.4092
2001,female,1-4,I-XXII,Todas las causas,151,730068,20.683
2001,female,10-14,I-XXII,Todas las causas,142,1028037,13.8127
2001,female,15-19,I-XXII,Todas las causas,283,1222186,23.1552
2001,female,20-24,I-XXII,Todas las causas,404,1574690,25.6558
2001,female,25-29,I-XXII,Todas las causas,570,1705798,33.4154
2001,female,30-34,I-XXII,Todas las causas,805,1659080,48.5209
2001,female,35-39,I-XXII,Todas las causas,1149,1625313,70.6941
2001,female,40-44,I-XXII,Todas las causas,1535,1504343,102.0379
2001,female,45-49,I-XXII,Todas las causas,2036,1299880,156.6298
2001,female,5-9,I-XXII,Todas las causas,103,933597,11.0326
2001,female,50-54,I-XXII,Todas las causas,2674,1226842,217.958
2001,female,55-59,I-XXII,Todas las causas,3452,1116873,309.0772
2001,female,60-64,I-XXII,Todas las causas,4731,977440,484.0195
2001,female,65-69,I-XXII,Todas las causas,9074,1113220,815.1129
2001,female,70-74,I-XXII,Todas las causas,14889,1014944,1466.9775
2001,female,75-79,I-XXII,Todas las causas,23482,832867,2819.4177
2001,female,80-84,I-XXII,Todas las causas,31449,548103,5737.7902
2001,female,85-89,I-XXII,Todas las causas,36506,324432,11252.2809
2001,female,90-94,I-XXII,Todas las causas,25882,129813,19937.9107
2001,female,95+,I-XXII,Todas las causas,10365,31413,32995.8934
2001,female,<1,I-XXII,Todas las causas,735,194066,378.7371
2001,female,all,I-XXII,Todas las causas,170417,20793005,819.5881
2001,male,1-4,I-XXII,Todas las causas,219,770954,28.4064
2001,male,10-14,I-XXII,Todas las causas,204,1086070,18.7833
2001,male,15-19,I-XXII,Todas las causas,760,1286007,59.0977
2001,male,20-24,I-XXII,Todas las causas,1390,1649879,84.2486
2001,male,25-29,I-XXII,Todas las causas,1609,1780521,90.3668
2001,male,30-34,I-XXII,Todas las causas,2188,1710774,127.8953
2001,male,35-39,I-XXII,Todas las causas,2935,1642654,178.6743
2001,male,40-44,I-XXII,Todas las causas,3534,1498984,235.7597
2001,male,45-49,I-XXII,Todas las causas,4627,1288987,358.9641
2001,male,5-9,I-XXII,Todas las causas,156,985611,15.8277
2001,male,50-54,I-XXII,Todas las causas,6668,1198421,556.3988
2001,male,55-59,I-XXII,Todas las causas,9016,1068788,843.5723
2001,male,60-64,I-XXII,Todas las causas,11658,896683,1300.125
2001,male,65-69,I-XXII,Todas las causas,19185,972973,1971.7916
2001,male,70-74,I-XXII,Todas las causas,26464,817635,3236.6521
2001,male,75-79,I-XXII,Todas las causas,31617,591727,5343.1735
2001,male,80-84,I-XXII,Todas las causas,28048,311238,9011.7531
2001,male,85-89,I-XXII,Todas las causas,22703,149910,15144.42
2001,male,90-94,I-XXII,Todas las causas,12207,50490,24177.0648
2001,male,95+,I-XXII,Todas las causas,3604,9790,36813.0746
2001,male,<1,I-XXII,Todas las causas,922,204944,449.879
2001,male,all,I-XXII,Todas las causas,189714,19973040,949.8504
2002,all,1-4,I-XXII,Todas las causas,396,1564623,25.3096
2002,all,10-14,I-XXII,Todas las causas,320,2108405,15.1773
2002,all,15-19,I-XXII,Todas las causas,972,2431960,39.9678
2002,all,20-24,I-XXII,Todas las causas,1816,3170154,57.2843
2002,all,25-29,I-XXII,Todas las causas,2180,3589669,60.7298
2002,all,30-34,I-XXII,Todas las causas,2848,3461555,82.2752
2002,all,35-39,I-XXII,Todas las causas,3963,3374371,117.4441
2002,all,40-44,I-XXII,Todas las causas,5276,3098550,170.2732
2002,all,45-49,I-XXII,Todas las causas,6950,2682787,259.059
2002,all,5-9,I-XXII,Todas las causas,278,1912858,14.5332
2002,all,50-54,I-XXII,Todas las causas,9381,2472082,379.4777
2002,all,55-59,I-XXII,Todas las causas,12664,2278338,555.8438
2002,all,60-64,I-XXII,Todas las causas,15761,1842047,855.6242
2002,all,65-69,I-XXII,Todas las causas,27619,2071546,1333.2555
2002,all,70-74,I-XXII,Todas las causas,41042,1872902,2191.3587
2002,all,75-79,I-XXII,Todas las causas,56332,1457926,3863.8449
2002,all,80-84,I-XXII,Todas las causas,63052,914097,6897.7362
2002,all,85-89,I-XXII,Todas las causas,60360,478982,12601.7262
2002,all,90-94,I-XXII,Todas las causas,40554,187115,21673.3025
2002,all,95+,I-XXII,Todas las causas,15117,44025,34337.3083
2002,all,<1,I-XXII,Todas las causas,1737,409528,424.1468
2002,all,all,I-XXII,Todas las causas,368618,41423520,889.8761
2002,female,1-4,I-XXII,Todas las causas,174,761408,22.8524
2002,female,10-14,I-XXII,Todas las causas,122,1025104,11.9012
2002,female,15-19,I-XXII,Todas las causas,268,1184422,22.6271
2002,female,20-24,I-XXII,Todas las causas,425,1545757,27.4946
2002,female,25-29,I-XXII,Todas las causas,532,1749533,30.4081
2002,female,30-34,I-XXII,Todas las causas,746,1695489,43.9991
2002,female,35-39,I-XXII,Todas las causas,1142,1671867,68.3069
2002,female,40-44,I-XXII,Todas las causas,1541,1548790,99.497
2002,female,45-49,I-XXII,Todas las causas,2103,1347005,156.1241
2002,female,5-9,I-XXII,Todas las causas,122,930962,13.1047
2002,female,50-54,I-XXII,Todas las causas,2708,1248909,216.8292
2002,female,55-59,I-XXII,Todas las causas,3558,1164933,305.4253
2002,female,60-64,I-XXII,Todas las causas,4568,957211,477.2198
2002,female,65-69,I-XXII,Todas las causas,8604,1105959,777.9674
2002,female,70-74,I-XXII,Todas las causas,14744,1034805,1424.8095
2002,female,75-79,I-XXII,Todas las causas,23843,850714,2802.7046
2002,female,80-84,I-XXII,Todas las causas,32878,577860,5689.6134
2002,female,85-89,I-XXII,Todas las causas,37309,328078,11371.9908
2002,female,90-94,I-XXII,Todas las causas,27891,134840,20684.515
2002,female,95+,I-XXII,Todas las causas,11325,33568,33737.4881
2002,female,<1,I-XXII,Todas las causas,746,199457,374.0155
2002,female,all,I-XXII,Todas las causas,175349,21096671,831.1691
2002,male,1-4,I-XXII,Todas las causas,222,803213,27.639
2002,male,10-14,I-XXII,Todas las causas,198,1083301,18.2775
2002,male,15-19,I-XXII,Todas las causas,704,1247538,56.4311
2002,male,20-24,I-XXII,Todas las causas,1391,1624398,85.6317
2002,male,25-29,I-XXII,Todas las causas,1648,1840134,89.5587
2002,male,30-34,I-XXII,Todas las causas,2102,1766068,119.0215
2002,male,35-39,I-XXII,Todas las causas,2821,1702503,165.6972
2002,male,40-44,I-XXII,Todas las causas,3735,1549760,241.0051
2002,male,45-49,I-XXII,Todas las causas,4847,1335782,362.8586
2002,male,5-9,I-XXII,Todas las causas,156,981894,15.8877
2002,male,50-54,I-XXII,Todas las causas,6673,1223174,545.5479
2002,male,55-59,I-XXII,Todas las causas,9106,1113404,817.8523
2002,male,60-64,I-XXII,Todas las causas,11193,884838,1264.9773
2002,male,65-69,I-XXII,Todas las causas,19015,965590,1969.2623
2002,male,70-74,I-XXII,Todas las causas,26298,838096,3137.8267
2002,male,75-79,I-XXII,Todas las causas,32489,607213,5350.5113
2002,male,80-84,I-XXII,Todas las causas,30174,336237,8974.0272
2002,male,85-89,I-XXII,Todas las causas,23051,150905,15275.1731
2002,male,90-94,I-XXII,Todas las causas,12663,52277,24222.8896
2002,male,95+,I-XXII,Todas las causas,3792,10457,36262.7905
2002,male,<1,I-XXII,Todas las causas,991,210072,471.743
2002,male,all,I-XXII,Todas las causas,193269,20326854,950.8063
2003,all,1-4,I-XXII,Todas las causas,442,1635142,27.0313
2003,all,10-14,I-XXII,Todas las causas,341,2116781,16.1094
2003,all,15-19,I-XXII,Todas las causas,1032,2384065,43.2874
2003,all,20-24,I-XXII,Todas las causas,1746,3104557,56.2399
2003,all,25-29,I-XXII,Todas las causas,2136,3683262,57.9921
2003,all,30-34,I-XXII,Todas las causas,2872,3568085,80.4914
2003,all,35-39,I-XXII,Todas las causas,3933,3473834,113.2178
2003,all,40-44,I-XXII,Todas las causas,5545,3190662,173.7884
2003,all,45-49,I-XXII,Todas las causas,7193,2791165,257.706
2003,all,5-9,I-XXII,Todas las causas,254,1929241,13.1658
2003,all,50-54,I-XXII,Todas las causas,9401,2507336,374.9398
2003,all,55-59,I-XXII,Todas las causas,13294,2362395,562.734
2003,all,60-64,I-XXII,Todas las causas,15972,1901295,840.059
2003,all,65-69,I-XXII,Todas las causas,26636,2004865,1328.5683
2003,all,70-74,I-XXII,Todas las causas,41879,1916273,2185.4402
2003,all,75-79,I-XXII,Todas las causas,57377,1492549,3844.2289
2003,all,80-84,I-XXII,Todas las causas,68007,974323,6979.9235
2003,all,85-89,I-XXII,Todas las causas,63748,488991,13036.6408
2003,all,90-94,I-XXII,Todas las causas,44198,195855,22566.6947
2003,all,95+,I-XXII,Todas las causas,17089,46388,36839.2688
2003,all,<1,I-XXII,Todas las causas,1733,429164,403.8083
2003,all,all,I-XXII,Todas las causas,384828,42196228,911.9962
2003,female,1-4,I-XXII,Todas las causas,197,796001,24.7487
2003,female,10-14,I-XXII,Todas las causas,140,1029162,13.6033
2003,female,15-19,I-XXII,Todas las causas,291,1160519,25.075
2003,female,20-24,I-XXII,Todas las causas,410,1514786,27.0665
2003,female,25-29,I-XXII,Todas las causas,532,1789865,29.7229
2003,female,30-34,I-XXII,Todas las causas,724,1739067,41.6315
2003,female,35-39,I-XXII,Todas las causas,1176,1714594,68.5877
2003,female,40-44,I-XXII,Todas las causas,1665,1590283,104.6983
2003,female,45-49,I-XXII,Todas las causas,2299,1400723,164.1295
2003,female,5-9,I-XXII,Todas las causas,100,938705,10.653
2003,female,50-54,I-XXII,Todas las causas,2743,1265185,216.8062
2003,female,55-59,I-XXII,Todas las causas,3746,1207907,310.1232
2003,female,60-64,I-XXII,Todas las causas,4585,985638,465.1809
2003,female,65-69,I-XXII,Todas las causas,8437,1069685,788.7369
2003,female,70-74,I-XXII,Todas las causas,14949,1056335,1415.1761
2003,female,75-79,I-XXII,Todas las causas,24376,868787,2805.751
2003,female,80-84,I-XXII,Todas las causas,34964,611216,5720.4
2003,female,85-89,I-XXII,Todas las causas,39702,335450,11835.4449
2003,female,90-94,I-XXII,Todas las causas,30446,141360,21537.9174
2003,female,95+,I-XXII,Todas las causas,12680,35275,35946.1375
2003,female,<1,I-XXII,Todas las causas,769,207687,370.2687
2003,female,all,I-XXII,Todas las causas,184931,21458230,861.8185
2003,male,1-4,I-XXII,Todas las causas,245,839141,29.1965
2003,male,10-14,I-XXII,Todas las causas,201,1087620,18.4807
2003,male,15-19,I-XXII,Todas las causas,741,1223546,60.5617
2003,male,20-24,I-XXII,Todas las causas,1336,1589772,84.0372
2003,male,25-29,I-XXII,Todas las causas,1604,1893398,84.7154
2003,male,30-34,I-XXII,Todas las causas,2148,1829017,117.4401
2003,male,35-39,I-XXII,Todas las causas,2757,1759239,156.7155
2003,male,40-44,I-XXII,Todas las causas,3880,1600380,242.4424
2003,male,45-49,I-XXII,Todas las causas,4894,1390442,351.9744
2003,male,5-9,I-XXII,Todas las causas,154,990538,15.5471
2003,male,50-54,I-XXII,Todas las causas,6658,1242151,536.0057
2003,male,55-59,I-XXII,Todas las causas,9548,1154488,827.0333
2003,male,60-64,I-XXII,Todas las causas,11387,915656,1243.5893
2003,male,65-69,I-XXII,Todas las causas,18199,935178,1946.0466
2003,male,70-74,I-XXII,Todas las causas,26930,859938,3131.6211
2003,male,75-79,I-XXII,Todas las causas,33001,623761,5290.6482
2003,male,80-84,I-XXII,Todas las causas,33043,363109,9100.0223
2003,male,85-89,I-XXII,Todas las causas,24046,153542,15660.8615
2003,male,90-94,I-XXII,Todas las causas,13752,54497,25234.4166
2003,male,95+,I-XXII,Todas las causas,4409,11113,39674.2554
2003,male,<1,I-XXII,Todas las causas,964,221477,435.2596
2003,male,all,I-XXII,Todas las causas,199897,20738003,963.9163
2004,all,1-4,I-XXII,Todas las causas,379,1696742,22.3369
2004,all,10-14,I-XXII,Todas las causas,308,2105808,14.6262
2004,all,15-19,I-XXII,Todas las causas,923,2344117,39.3752
2004,all,20-24,I-XXII,Todas las causas,1524,3011536,50.6054
2004,all,25-29,I-XXII,Todas las causas,2063,3729223,55.3198
2004,all,30-34,I-XXII,Todas las causas,2596,3674850,70.6423
2004,all,35-39,I-XXII,Todas las causas,3894,3542587,109.9197
2004,all,40-44,I-XXII,Todas las causas,5209,3294390,158.1173
2004,all,45-49,I-XXII,Todas las causas,7371,2911933,253.1308
2004,all,5-9,I-XXII,Todas las causas,222,1957876,11.3388
2004,all,50-54,I-XXII,Todas las causas,9442,2532156,372.8838
2004,all,55-59,I-XXII,Todas las causas,13041,2424519,537.8799
2004,all,60-64,I-XXII,Todas las causas,16184,2036411,794.7315
2004,all,65-69,I-XXII,Todas las causas,24416,1902233,1283.5441
2004,all,70-74,I-XXII,Todas las causas,40026,1942392,2060.6551
2004,all,75-79,I-XXII,Todas las causas,55622,1531220,3632.5283
2004,all,80-84,I-XXII,Todas las causas,68011,1030457,6600.0813
2004,all,85-89,I-XXII,Todas las causas,60226,497732,12100.086
2004,all,90-94,I-XXII,Todas las causas,42271,202036,20922.5089
2004,all,95+,I-XXII,Todas las causas,16393,48190,34017.431
2004,all,<1,I-XXII,Todas las causas,1813,442767,409.4704
2004,all,all,I-XXII,Todas las causas,371934,42859175,867.8049
2004,female,1-4,I-XXII,Todas las causas,175,825564,21.1976
2004,female,10-14,I-XXII,Todas las causas,112,1023357,10.9444
2004,female,15-19,I-XXII,Todas las causas,262,1140440,22.9736
2004,female,20-24,I-XXII,Todas las causas,369,1470272,25.0974
2004,female,25-29,I-XXII,Todas las causas,506,1809467,27.964
2004,female,30-34,I-XXII,Todas las causas,710,1784171,39.7944
2004,female,35-39,I-XXII,Todas las causas,1062,1741221,60.9917
2004,female,40-44,I-XXII,Todas las causas,1618,1637193,98.8277
2004,female,45-49,I-XXII,Todas las causas,2210,1459138,151.4593
2004,female,5-9,I-XXII,Todas las causas,88,952718,9.2367
2004,female,50-54,I-XXII,Todas las causas,2726,1276389,213.5713
2004,female,55-59,I-XXII,Todas las causas,3716,1239239,299.8614
2004,female,60-64,I-XXII,Todas las causas,4689,1053493,445.0908
2004,female,65-69,I-XXII,Todas las causas,7669,1014667,755.8145
2004,female,70-74,I-XXII,Todas las causas,14323,1068292,1340.7383
2004,female,75-79,I-XXII,Todas las causas,23283,889484,2617.585
2004,female,80-84,I-XXII,Todas las causas,34403,642285,5356.3449
2004,female,85-89,I-XXII,Todas las causas,37253,341338,10913.8156
2004,female,90-94,I-XXII,Todas las causas,28916,146249,19771.7591
2004,female,95+,I-XXII,Todas las causas,12137,36686,33083.4651
2004,female,<1,I-XXII,Todas las causas,779,214458,363.2413
2004,female,all,I-XXII,Todas las causas,177006,21766121,813.2179
2004,male,1-4,I-XXII,Todas las causas,204,871178,23.4166
2004,male,10-14,I-XXII,Todas las causas,196,1082451,18.1071
2004,male,15-19,I-XXII,Todas las causas,661,1203677,54.9151
2004,male,20-24,I-XXII,Todas las causas,1155,1541266,74.9384
2004,male,25-29,I-XXII,Todas las causas,1557,1919754,81.1041
2004,male,30-34,I-XXII,Todas las causas,1886,1890679,99.7525
2004,male,35-39,I-XXII,Todas las causas,2832,1801366,157.214
2004,male,40-44,I-XXII,Todas las causas,3591,1657198,216.6911
2004,male,45-49,I-XXII,Todas las causas,5161,1452793,355.2468
2004,male,5-9,I-XXII,Todas las causas,134,1005157,13.3313
2004,male,50-54,I-XXII,Todas las causas,6716,1255768,534.8122
2004,male,55-59,I-XXII,Todas las causas,9325,1185278,786.7353
2004,male,60-64,I-XXII,Todas las causas,11495,982919,1169.4758
2004,male,65-69,I-XXII,Todas las causas,16747,887566,1886.8456
2004,male,70-74,I-XXII,Todas las causas,25703,874100,2940.5102
2004,male,75-79,I-XXII,Todas las causas,32339,641737,5039.2918
2004,male,80-84,I-XXII,Todas las causas,33608,388170,8658.0622
2004,male,85-89,I-XXII,Todas las causas,22973,156394,14689.1824
2004,male,90-94,I-XXII,Todas las causas,13355,55788,23938.8399
2004,male,95+,I-XXII,Todas las causas,4256,11504,36995.8275
2004,male,<1,I-XXII,Todas las causas,1034,228309,452.895
2004,male,all,I-XXII,Todas las causas,194928,21093052,924.1337
2005,all,1-4,I-XXII,Todas las causas,380,1757026,21.6275
2005,all,10-14,I-XXII,Todas las causas,281,2090751,13.4401
2005,all,15-19,I-XXII,Todas las causas,914,2320738,39.384
2005,all,20-24,I-XXII,Todas las causas,1430,2954737,48.3969
2005,all,25-29,I-XXII,Todas las causas,1846,3768495,48.9851
2005,all,30-34,I-XXII,Todas las causas,2568,3813956,67.3317
2005,all,35-39,I-XXII,Todas las causas,3763,3627062,103.7479
2005,all,40-44,I-XXII,Todas las causas,5310,3407368,155.8388
2005,all,45-49,I-XXII,Todas las causas,7307,3046026,239.8863
2005,all,5-9,I-XXII,Todas las causas,229,2007941,11.4047
2005,all,50-54,I-XXII,Todas las causas,9505,2594748,366.3169
2005,all,55-59,I-XXII,Todas las causas,13238,2452758,539.719
2005,all,60-64,I-XXII,Todas las causas,16905,2134301,792.0626
2005,all,65-69,I-XXII,Todas las causas,23721,1860275,1275.1341
2005,all,70-74,I-XXII,Todas las causas,40546,1950974,2078.244
2005,all,75-79,I-XXII,Todas las causas,57516,1571692,3659.4956
2005,all,80-84,I-XXII,Todas las causas,73005,1076607,6781.0259
2005,all,85-89,I-XXII,Todas las causas,64022,514681,12439.1613
2005,all,90-94,I-XXII,Todas las causas,44812,206210,21731.2448
2005,all,95+,I-XXII,Todas las causas,18292,49889,36665.3972
2005,all,<1,I-XXII,Todas las causas,1765,456377,386.7417
2005,all,all,I-XXII,Todas las causas,387355,43662612,887.1549
2005,female,1-4,I-XXII,Todas las causas,157,854504,18.3732
2005,female,10-14,I-XXII,Todas las causas,105,1015764,10.337
2005,female,15-19,I-XXII,Todas las causas,234,1127851,20.7474
2005,female,20-24,I-XXII,Todas las causas,340,1438566,23.6346
2005,female,25-29,I-XXII,Todas las causas,436,1820406,23.9507
2005,female,30-34,I-XXII,Todas las causas,704,1840936,38.2414
2005,female,35-39,I-XXII,Todas las causas,1106,1771487,62.4334
2005,female,40-44,I-XXII,Todas las causas,1597,1687318,94.6472
2005,female,45-49,I-XXII,Todas las causas,2286,1523036,150.0949
2005,female,5-9,I-XXII,Todas las causas,104,976973,10.6451
2005,female,50-54,I-XXII,Todas las causas,2699,1306997,206.5039
2005,female,55-59,I-XXII,Todas las causas,3713,1252240,296.5087
2005,female,60-64,I-XXII,Todas las causas,4903,1102948,444.5359
2005,female,65-69,I-XXII,Todas las causas,7364,990750,743.2753
2005,female,70-74,I-XXII,Todas las causas,14387,1070712,1343.6853
2005,female,75-79,I-XXII,Todas las causas,24042,910747,2639.8111
2005,female,80-84,I-XXII,Todas las causas,36848,668537,5511.7368
2005,female,85-89,I-XXII,Todas las causas,39305,352045,11164.7659
2005,female,90-94,I-XXII,Todas las causas,30812,149654,20588.8249
2005,female,95+,I-XXII,Todas las causas,13696,38016,36026.936
2005,female,<1,I-XXII,Todas las causas,748,221161,338.2151
2005,female,all,I-XXII,Todas las causas,185586,22120648,838.9718
2005,male,1-4,I-XXII,Todas las causas,223,902522,24.7085
2005,male,10-14,I-XXII,Todas las causas,176,1074988,16.3723
2005,male,15-19,I-XXII,Todas las causas,680,1192887,57.0046
2005,male,20-24,I-XXII,Todas las causas,1090,1516172,71.8916
2005,male,25-29,I-XXII,Todas las causas,1410,1948089,72.3786
2005,male,30-34,I-XXII,Todas las causas,1864,1973020,94.4745
2005,male,35-39,I-XXII,Todas las causas,2657,1855573,143.1903
2005,male,40-44,I-XXII,Todas las causas,3713,1720049,215.8659
2005,male,45-49,I-XXII,Todas las causas,5021,1522990,329.6804
2005,male,5-9,I-XXII,Todas las causas,125,1030971,12.1245
2005,male,50-54,I-XXII,Todas las causas,6806,1287752,528.5179
2005,male,55-59,I-XXII,Todas las causas,9525,1200521,793.4055
2005,male,60-64,I-XXII,Todas las causas,12002,1031352,1163.7152
2005,male,65-69,I-XXII,Todas las causas,16357,869523,1881.1463
2005,male,70-74,I-XXII,Todas las causas,26159,880262,2971.7289
2005,male,75-79,I-XXII,Todas las causas,33474,660946,5064.559
2005,male,80-84,I-XXII,Todas las causas,36157,408070,8860.4896
2005,male,85-89,I-XXII,Todas las causas,24717,162636,15197.7422
2005,male,90-94,I-XXII,Todas las causas,14000,56557,24753.7882
2005,male,95+,I-XXII,Todas las causas,4596,11873,38709.6774
2005,male,<1,I-XXII,Todas las causas,1017,235216,432.3685
2005,male,all,I-XXII,Todas las causas,201769,21541969,936.6321
2006,all,1-4,I-XXII,Todas las causas,357,1815242,19.6668
2006,all,10-14,I-XXII,Todas las causas,262,2083101,12.5774
2006,all,15-19,I-XXII,Todas las causas,786,2303988,34.1148
2006,all,20-24,I-XXII,Todas las causas,1270,2869176,44.2636
2006,all,25-29,I-XXII,Todas las causas,1739,3732625,46.5892
2006,all,30-34,I-XXII,Todas las causas,2358,3921826,60.1251
2006,all,35-39,I-XXII,Todas las causas,3582,3707060,96.6264
2006,all,40-44,I-XXII,Todas las causas,5282,3501388,150.8545
2006,all,45-49,I-XXII,Todas las causas,7297,3160371,230.8906
2006,all,5-9,I-XXII,Todas las causas,240,2074424,11.5695
2006,all,50-54,I-XXII,Todas las causas,9715,2680878,362.3813
2006,all,55-59,I-XXII,Todas las causas,13052,2474804,527.3953
2006,all,60-64,I-XXII,Todas las causas,17012,2201306,772.814
2006,all,65-69,I-XXII,Todas las causas,22060,1845320,1195.4566
2006,all,70-74,I-XXII,Todas las causas,37865,1960826,1931.0739
2006,all,75-79,I-XXII,Todas las causas,54672,1614754,3385.7789
2006,all,80-84,I-XXII,Todas las causas,69294,1120530,6184.0379
2006,all,85-89,I-XXII,Todas las causas,62222,552315,11265.6727
2006,all,90-94,I-XXII,Todas las causas,42694,214685,19886.8109
2006,all,95+,I-XXII,Todas las causas,18015,53891,33428.5873
2006,all,<1,I-XXII,Todas las causas,1704,472009,361.0101
2006,all,all,I-XXII,Todas las causas,371478,44360519,837.4068
2006,female,1-4,I-XXII,Todas las causas,160,882437,18.1316
2006,female,10-14,I-XXII,Todas las causas,109,1012357,10.767
2006,female,15-19,I-XXII,Todas las causas,204,1119174,18.2277
2006,female,20-24,I-XXII,Todas las causas,297,1400592,21.2053
2006,female,25-29,I-XXII,Todas las causas,434,1805874,24.0327
2006,female,30-34,I-XXII,Todas las causas,647,1890727,34.2196
2006,female,35-39,I-XXII,Todas las causas,1105,1803890,61.2565
2006,female,40-44,I-XXII,Todas las causas,1677,1729228,96.9797
2006,female,45-49,I-XXII,Todas las causas,2267,1578313,143.6344
2006,female,5-9,I-XXII,Todas las causas,77,1009154,7.6302
2006,female,50-54,I-XXII,Todas las causas,2820,1349876,208.9081
2006,female,55-59,I-XXII,Todas las causas,3622,1261514,287.1153
2006,female,60-64,I-XXII,Todas las causas,4856,1137813,426.7837
2006,female,65-69,I-XXII,Todas las causas,6852,978101,700.5412
2006,female,70-74,I-XXII,Todas las causas,13406,1074687,1247.433
2006,female,75-79,I-XXII,Todas las causas,22866,932054,2453.2913
2006,female,80-84,I-XXII,Todas las causas,34705,693408,5004.9898
2006,female,85-89,I-XXII,Todas las causas,37903,374760,10113.9396
2006,female,90-94,I-XXII,Todas las causas,29129,156070,18664.061
2006,female,95+,I-XXII,Todas las causas,13466,41085,32775.9523
2006,female,<1,I-XXII,Todas las causas,722,228704,315.6919
2006,female,all,I-XXII,Todas las causas,177324,22459818,789.5166
2006,male,1-4,I-XXII,Todas las causas,197,932807,21.1191
2006,male,10-14,I-XXII,Todas las causas,153,1070743,14.2891
2006,male,15-19,I-XXII,Todas las causas,582,1184814,49.1216
2006,male,20-24,I-XXII,Todas las causas,973,1468584,66.2543
2006,male,25-29,I-XXII,Todas las causas,1305,1926750,67.7306
2006,male,30-34,I-XXII,Todas las causas,1711,2031099,84.2401
2006,male,35-39,I-XXII,Todas las causas,2477,1903171,130.1512
2006,male,40-44,I-XXII,Todas las causas,3605,1772159,203.4242
2006,male,45-49,I-XXII,Todas las causas,5030,1582061,317.9397
2006,male,5-9,I-XXII,Todas las causas,163,1065270,15.3013
2006,male,50-54,I-XXII,Todas las causas,6895,1331003,518.0304
2006,male,55-59,I-XXII,Todas las causas,9430,1213293,777.2236
2006,male,60-64,I-XXII,Todas las causas,12156,1063493,1143.0259
2006,male,65-69,I-XXII,Todas las causas,15208,867220,1753.6496
2006,male,70-74,I-XXII,Todas las causas,24459,886138,2760.1796
2006,male,75-79,I-XXII,Todas las causas,31806,682698,4658.8682
2006,male,80-84,I-XXII,Todas las causas,34589,427124,8098.1167
2006,male,85-89,I-XXII,Todas las causas,24319,177555,13696.6011
2006,male,90-94,I-XXII,Todas las causas,13565,58615,23142.5403
2006,male,95+,I-XXII,Todas las causas,4549,12805,35525.1855
2006,male,<1,I-XXII,Todas las causas,982,243305,403.6086
2006,male,all,I-XXII,Todas las causas,194154,21900707,886.5193
2007,all,1-4,I-XXII,Todas las causas,385,1880030,20.4784
2007,all,10-14,I-XXII,Todas las causas,273,2086603,13.0835
2007,all,15-19,I-XXII,Todas las causas,789,2313112,34.1099
2007,all,20-24,I-XXII,Todas las causas,1178,2833198,41.5785
2007,all,25-29,I-XXII,Todas las causas,1688,3707705,45.5268
2007,all,30-34,I-XXII,Todas las causas,2268,4043693,56.0873
2007,all,35-39,I-XXII,Todas las causas,3422,3811570,89.7793
2007,all,40-44,I-XXII,Todas las causas,5416,3616718,149.749
2007,all,45-49,I-XXII,Todas las causas,7475,3262773,229.0996
2007,all,5-9,I-XXII,Todas las causas,226,2147004,10.5263
2007,all,50-54,I-XXII,Todas las causas,9916,2780415,356.6374
2007,all,55-59,I-XXII,Todas las causas,13165,2523418,521.713
2007,all,60-64,I-XXII,Todas las causas,17866,2295836,778.1915
2007,all,65-69,I-XXII,Todas las causas,21501,1817448,1183.0325
2007,all,70-74,I-XXII,Todas las causas,37942,1950081,1945.6628
2007,all,75-79,I-XXII,Todas las causas,55859,1656543,3372.0223
2007,all,80-84,I-XXII,Todas las causas,72445,1153307,6281.5018
2007,all,85-89,I-XXII,Todas las causas,67818,595160,11394.919
2007,all,90-94,I-XXII,Todas las causas,44610,221058,20180.2242
2007,all,95+,I-XXII,Todas las causas,19415,57838,33567.8965
2007,all,<1,I-XXII,Todas las causas,1704,482498,353.1621
2007,all,all,I-XXII,Todas las causas,385361,45236008,851.8899
2007,female,1-4,I-XXII,Todas las causas,181,913363,19.8169
2007,female,10-14,I-XXII,Todas las causas,103,1014718,10.1506
2007,female,15-19,I-XXII,Todas las causas,199,1122749,17.7244
2007,female,20-24,I-XXII,Todas las causas,278,1384133,20.0848
2007,female,25-29,I-XXII,Todas las causas,393,1794167,21.9043
2007,female,30-34,I-XXII,Todas las causas,645,1945073,33.1607
2007,female,35-39,I-XXII,Todas las causas,1035,1847316,56.0272
2007,female,40-44,I-XXII,Todas las causas,1621,1780690,91.0321
2007,female,45-49,I-XXII,Todas las causas,2384,1626364,146.5847
2007,female,5-9,I-XXII,Todas las causas,99,1044265,9.4804
2007,female,50-54,I-XXII,Todas las causas,2999,1399398,214.3064
2007,female,55-59,I-XXII,Todas las causas,3737,1284209,290.9962
2007,female,60-64,I-XXII,Todas las causas,5195,1187171,437.5949
2007,female,65-69,I-XXII,Todas las causas,6646,958945,693.0533
2007,female,70-74,I-XXII,Todas las causas,13248,1068524,1239.8411
2007,female,75-79,I-XXII,Todas las causas,22992,952494,2413.8735
2007,female,80-84,I-XXII,Todas las causas,35896,711635,5044.1589
2007,female,85-89,I-XXII,Todas las causas,40705,400324,10168.0139
2007,female,90-94,I-XXII,Todas las causas,30611,160887,19026.3974
2007,female,95+,I-XXII,Todas las causas,14487,44256,32734.5445
2007,female,<1,I-XXII,Todas las causas,771,233246,330.5523
2007,female,all,I-XXII,Todas las causas,184225,22873927,805.393
2007,male,1-4,I-XXII,Todas las causas,204,966666,21.1035
2007,male,10-14,I-XXII,Todas las causas,170,1071885,15.8599
2007,male,15-19,I-XXII,Todas las causas,590,1190363,49.5647
2007,male,20-24,I-XXII,Todas las causas,900,1449066,62.109
2007,male,25-29,I-XXII,Todas las causas,1295,1913538,67.6757
2007,male,30-34,I-XXII,Todas las causas,1623,2098621,77.3365
2007,male,35-39,I-XXII,Todas las causas,2387,1964254,121.522
2007,male,40-44,I-XXII,Todas las causas,3795,1836027,206.6963
2007,male,45-49,I-XXII,Todas las causas,5091,1636409,311.108
2007,male,5-9,I-XXII,Todas las causas,127,1102741,11.5168
2007,male,50-54,I-XXII,Todas las causas,6917,1381016,500.8631
2007,male,55-59,I-XXII,Todas las causas,9428,1239209,760.8079
2007,male,60-64,I-XXII,Todas las causas,12671,1108664,1142.9071
2007,male,65-69,I-XXII,Todas las causas,14855,858502,1730.3396
2007,male,70-74,I-XXII,Todas las causas,24694,881558,2801.177
2007,male,75-79,I-XXII,Todas las causas,32867,704048,4668.2897
2007,male,80-84,I-XXII,Todas las causas,36549,441673,8275.1266
2007,male,85-89,I-XXII,Todas las causas,27113,194834,13915.949
2007,male,90-94,I-XXII,Todas las causas,13999,60169,23266.1337
2007,male,95+,I-XXII,Todas las causas,4928,13581,36285.9878
2007,male,<1,I-XXII,Todas las causas,933,249251,374.3215
2007,male,all,I-XXII,Todas las causas,201136,22362075,899.4514
2008,all,1-4,I-XXII,Todas las causas,345,1935748,17.8226
2008,all,10-14,I-XXII,Todas las causas,248,2099083,11.8147
2008,all,15-19,I-XXII,Todas las causas,751,2314302,32.4504
2008,all,20-24,I-XXII,Todas las causas,1090,2789064,39.0812
2008,all,25-29,I-XXII,Todas las causas,1543,3634024,42.4598
2008,all,30-34,I-XXII,Todas las causas,2141,4127944,51.866
2008,all,35-39,I-XXII,Todas las causas,3259,3903827,83.4822
2008,all,40-44,I-XXII,Todas las causas,5205,3714873,140.1125
2008,all,45-49,I-XXII,Todas las causas,7703,3350227,229.9247
2008,all,5-9,I-XXII,Todas las causas,252,2219847,11.3521
2008,all,50-54,I-XXII,Todas las causas,10168,2885614,352.3687
2008,all,55-59,I-XXII,Todas las causas,13026,2553208,510.1817
2008,all,60-64,I-XXII,Todas las causas,17866,2374876,752.2919
2008,all,65-69,I-XXII,Todas las causas,20982,1873252,1120.0842
2008,all,70-74,I-XXII,Todas las causas,35487,1889314,1878.3008
2008,all,75-79,I-XXII,Todas las causas,55521,1698651,3268.5349
2008,all,80-84,I-XXII,Todas las causas,72103,1186329,6077.825
2008,all,85-89,I-XXII,Todas las causas,70717,639014,11066.5807
2008,all,90-94,I-XXII,Todas las causas,45369,228409,19863.0527
2008,all,95+,I-XXII,Todas las causas,20807,62426,33330.6635
2008,all,<1,I-XXII,Todas las causas,1741,503135,346.0304
2008,all,all,I-XXII,Todas las causas,386324,45983167,840.1422
2008,female,1-4,I-XXII,Todas las causas,163,939552,17.3487
2008,female,10-14,I-XXII,Todas las causas,104,1020454,10.1915
2008,female,15-19,I-XXII,Todas las causas,223,1122321,19.8695
2008,female,20-24,I-XXII,Todas las causas,261,1362380,19.1577
2008,female,25-29,I-XXII,Todas las causas,379,1760849,21.5237
2008,female,30-34,I-XXII,Todas las causas,601,1982954,30.3083
2008,female,35-39,I-XXII,Todas las causas,1029,1885964,54.561
2008,female,40-44,I-XXII,Todas las causas,1673,1823308,91.7563
2008,female,45-49,I-XXII,Todas las causas,2431,1666262,145.8954
2008,female,5-9,I-XXII,Todas las causas,92,1079479,8.5226
2008,female,50-54,I-XXII,Todas las causas,3129,1451569,215.5599
2008,female,55-59,I-XXII,Todas las causas,3896,1297218,300.335
2008,female,60-64,I-XXII,Todas las causas,5106,1227362,416.0142
2008,female,65-69,I-XXII,Todas las causas,6451,985664,654.4827
2008,female,70-74,I-XXII,Todas las causas,12563,1033805,1215.2195
2008,female,75-79,I-XXII,Todas las causas,22880,973503,2350.2752
2008,female,80-84,I-XXII,Todas las causas,35893,729355,4921.1975
2008,female,85-89,I-XXII,Todas las causas,42255,426592,9905.249
2008,female,90-94,I-XXII,Todas las causas,31169,166502,18719.8953
2008,female,95+,I-XXII,Todas las causas,15627,47897,32626.2605
2008,female,<1,I-XXII,Todas las causas,752,243316,309.0631
2008,female,all,I-XXII,Todas las causas,186677,23226306,803.7309
2008,male,1-4,I-XXII,Todas las causas,182,996196,18.2695
2008,male,10-14,I-XXII,Todas las causas,144,1078630,13.3503
2008,male,15-19,I-XXII,Todas las causas,528,1191982,44.296
2008,male,20-24,I-XXII,Todas las causas,829,1426684,58.1068
2008,male,25-29,I-XXII,Todas las causas,1164,1873175,62.1405
2008,male,30-34,I-XXII,Todas las causas,1540,2144990,71.7952
2008,male,35-39,I-XXII,Todas las causas,2230,2017862,110.513
2008,male,40-44,I-XXII,Todas las causas,3532,1891564,186.7238
2008,male,45-49,I-XXII,Todas las causas,5272,1683966,313.0705
2008,male,5-9,I-XXII,Todas las causas,160,1140369,14.0305
2008,male,50-54,I-XXII,Todas las causas,7039,1434047,490.8486
2008,male,55-59,I-XXII,Todas las causas,9130,1255990,726.9166
2008,male,60-64,I-XXII,Todas las causas,12760,1147514,1111.969
2008,male,65-69,I-XXII,Todas las causas,14531,887588,1637.1334
2008,male,70-74,I-XXII,Todas las causas,22924,855508,2679.5775
2008,male,75-79,I-XXII,Todas las causas,32641,725147,4501.2942
2008,male,80-84,I-XXII,Todas las causas,36210,456972,7923.8991
2008,male,85-89,I-XXII,Todas las causas,28462,212421,13398.8636
2008,male,90-94,I-XXII,Todas las causas,14200,61908,22937.2617
2008,male,95+,I-XXII,Todas las causas,5180,14529,35652.8323
2008,male,<1,I-XXII,Todas las causas,989,259819,380.6496
2008,male,all,I-XXII,Todas las causas,199647,22756861,877.3047
2009,all,1-4,I-XXII,Todas las causas,396,1980242,19.9976
2009,all,10-14,I-XXII,Todas las causas,228,2118188,10.7639
2009,all,15-19,I-XXII,Todas las causas,616,2285110,26.9571
2009,all,20-24,I-XXII,Todas las causas,921,2703764,34.0636
2009,all,25-29,I-XXII,Todas las causas,1426,3486983,40.895
2009,all,30-34,I-XXII,Todas las causas,2013,4126959,48.7768
2009,all,35-39,I-XXII,Todas las causas,2966,3970032,74.7097
2009,all,40-44,I-XXII,Todas las causas,4830,3761129,128.4189
2009,all,45-49,I-XXII,Todas las causas,7467,3435248,217.3642
2009,all,5-9,I-XXII,Todas las causas,206,2281640,9.0286
2009,all,50-54,I-XXII,Todas las causas,10114,2993841,337.8269
2009,all,55-59,I-XXII,Todas las causas,12887,2566693,502.0858
2009,all,60-64,I-XXII,Todas las causas,17743,2427143,731.0241
2009,all,65-69,I-XXII,Todas las causas,22262,2000078,1113.0566
2009,all,70-74,I-XXII,Todas las causas,32883,1792724,1834.2478
2009,all,75-79,I-XXII,Todas las causas,54576,1725815,3162.332
2009,all,80-84,I-XXII,Todas las causas,71705,1223520,5860.5499
2009,all,85-89,I-XXII,Todas las causas,73552,681343,10795.1502
2009,all,90-94,I-XXII,Todas las causas,45201,236517,19111.0998
2009,all,95+,I-XXII,Todas las causas,21332,67117,31783.3038
2009,all,<1,I-XXII,Todas las causas,1609,503462,319.5872
2009,all,all,I-XXII,Todas las causas,384933,46367548,830.1776
2009,female,1-4,I-XXII,Todas las causas,173,960175,18.0175
2009,female,10-14,I-XXII,Todas las causas,82,1029663,7.9638
2009,female,15-19,I-XXII,Todas las causas,191,1107758,17.242
2009,female,20-24,I-XXII,Todas las causas,282,1324953,21.2838
2009,female,25-29,I-XXII,Todas las causas,388,1698817,22.8394
2009,female,30-34,I-XXII,Todas las causas,586,1988258,29.473
2009,female,35-39,I-XXII,Todas las causas,947,1917996,49.3745
2009,female,40-44,I-XXII,Todas las causas,1591,1843672,86.2952
2009,female,45-49,I-XXII,Todas las causas,2447,1706747,143.3722
2009,female,5-9,I-XXII,Todas las causas,94,1109150,8.475
2009,female,50-54,I-XXII,Todas las causas,3194,1504790,212.2555
2009,female,55-59,I-XXII,Todas las causas,3735,1302868,286.6752
2009,female,60-64,I-XXII,Todas las causas,5127,1253709,408.9466
2009,female,65-69,I-XXII,Todas las causas,6717,1050252,639.5608
2009,female,70-74,I-XXII,Todas las causas,11605,979992,1184.1933
2009,female,75-79,I-XXII,Todas las causas,22132,986078,2244.4472
2009,female,80-84,I-XXII,Todas las causas,35504,749374,4737.8212
2009,female,85-89,I-XXII,Todas las causas,43192,452006,9555.6254
2009,female,90-94,I-XXII,Todas las causas,31000,172344,17987.2813
2009,female,95+,I-XXII,Todas las causas,16134,51596,31269.8659
2009,female,<1,I-XXII,Todas las causas,717,242850,295.244
2009,female,all,I-XXII,Todas las causas,185838,23433048,793.0594
2009,male,1-4,I-XXII,Todas las causas,223,1020067,21.8613
2009,male,10-14,I-XXII,Todas las causas,146,1088524,13.4127
2009,male,15-19,I-XXII,Todas las causas,425,1177352,36.098
2009,male,20-24,I-XXII,Todas las causas,639,1378811,46.3443
2009,male,25-29,I-XXII,Todas las causas,1038,1788166,58.0483
2009,male,30-34,I-XXII,Todas las causas,1427,2138702,66.7227
2009,male,35-39,I-XXII,Todas las causas,2019,2052034,98.3902
2009,male,40-44,I-XXII,Todas las causas,3239,1917456,168.9217
2009,male,45-49,I-XXII,Todas las causas,5020,1728501,290.4251
2009,male,5-9,I-XXII,Todas las causas,112,1172489,9.5523
2009,male,50-54,I-XXII,Todas las causas,6920,1489051,464.7255
2009,male,55-59,I-XXII,Todas las causas,9152,1263824,724.1515
2009,male,60-64,I-XXII,Todas las causas,12616,1173433,1075.1359
2009,male,65-69,I-XXII,Todas las causas,15545,949827,1636.6138
2009,male,70-74,I-XXII,Todas las causas,21278,812732,2618.0832
2009,male,75-79,I-XXII,Todas las causas,32444,739737,4385.8831
2009,male,80-84,I-XXII,Todas las causas,36201,474146,7634.9901
2009,male,85-89,I-XXII,Todas las causas,30360,229339,13238.045
2009,male,90-94,I-XXII,Todas las causas,14201,64173,22129.2444
2009,male,95+,I-XXII,Todas las causas,5198,15521,33490.1102
2009,male,<1,I-XXII,Todas las causas,892,260612,342.2713
2009,male,all,I-XXII,Todas las causas,199095,22934497,868.1028
2010,all,1-4,I-XXII,Todas las causas,357,2008790,17.7719
2010,all,10-14,I-XXII,Todas las causas,227,2148480,10.5656
2010,all,15-19,I-XXII,Todas las causas,505,2245882,22.4856
2010,all,20-24,I-XXII,Todas las causas,814,2608865,31.2013
2010,all,25-29,I-XXII,Todas las causas,1136,3313317,34.2859
2010,all,30-34,I-XXII,Todas las causas,1824,4054885,44.9828
2010,all,35-39,I-XXII,Todas las causas,2772,4024785,68.8732
2010,all,40-44,I-XXII,Todas las causas,4658,3790153,122.8974
2010,all,45-49,I-XXII,Todas las causas,7266,3510742,206.9648
2010,all,5-9,I-XXII,Todas las causas,199,2327162,8.5512
2010,all,50-54,I-XXII,Todas las causas,10289,3102219,331.6658
2010,all,55-59,I-XXII,Todas las causas,13080,2612065,500.7532
2010,all,60-64,I-XXII,Todas las causas,17399,2442526,712.3363
2010,all,65-69,I-XXII,Todas las causas,22090,2088787,1057.5516
2010,all,70-74,I-XXII,Todas las causas,31039,1752947,1770.6753
2010,all,75-79,I-XXII,Todas las causas,52778,1739132,3034.7323
2010,all,80-84,I-XXII,Todas las causas,70874,1265883,5598.7797
2010,all,85-89,I-XXII,Todas las causas,74620,721121,10347.778
2010,all,90-94,I-XXII,Todas las causas,46498,251835,18463.6766
2010,all,95+,I-XXII,Todas las causas,22069,73085,30196.3467
2010,all,<1,I-XXII,Todas las causas,1553,479828,323.6576
2010,all,all,I-XXII,Todas las causas,382047,46562489,820.5038
2010,female,1-4,I-XXII,Todas las causas,166,972802,17.0641
2010,female,10-14,I-XXII,Todas las causas,86,1044203,8.2359
2010,female,15-19,I-XXII,Todas las causas,152,1088342,13.9662
2010,female,20-24,I-XXII,Todas las causas,221,1281686,17.2429
2010,female,25-29,I-XXII,Todas las causas,316,1624472,19.4525
2010,female,30-34,I-XXII,Todas las causas,552,1962480,28.1277
2010,female,35-39,I-XXII,Todas las causas,899,1946133,46.1942
2010,female,40-44,I-XXII,Todas las causas,1541,1855381,83.0557
2010,female,45-49,I-XXII,Todas las causas,2330,1743226,133.6602
2010,female,5-9,I-XXII,Todas las causas,80,1131024,7.0732
2010,female,50-54,I-XXII,Todas las causas,3161,1557702,202.9271
2010,female,55-59,I-XXII,Todas las causas,3950,1325407,298.0217
2010,female,60-64,I-XXII,Todas las causas,5017,1260361,398.0606
2010,female,65-69,I-XXII,Todas las causas,6692,1095520,610.8515
2010,female,70-74,I-XXII,Todas las causas,10802,955801,1130.1516
2010,female,75-79,I-XXII,Todas las causas,21520,990445,2172.7607
2010,female,80-84,I-XXII,Todas las causas,34286,771683,4443.0161
2010,female,85-89,I-XXII,Todas las causas,43303,475998,9097.3071
2010,female,90-94,I-XXII,Todas las causas,31561,182886,17257.1985
2010,female,95+,I-XXII,Todas las causas,16569,56346,29405.8141
2010,female,<1,I-XXII,Todas las causas,722,232001,311.2056
2010,female,all,I-XXII,Todas las causas,183926,23553899,780.8728
2010,male,1-4,I-XXII,Todas las causas,191,1035988,18.4365
2010,male,10-14,I-XXII,Todas las causas,141,1104277,12.7685
2010,male,15-19,I-XXII,Todas las causas,353,1157539,30.4957
2010,male,20-24,I-XXII,Todas las causas,593,1327179,44.6812
2010,male,25-29,I-XXII,Todas las causas,820,1688844,48.5539
2010,male,30-34,I-XXII,Todas las causas,1272,2092405,60.7913
2010,male,35-39,I-XXII,Todas las causas,1873,2078651,90.1065
2010,male,40-44,I-XXII,Todas las causas,3117,1934773,161.1042
2010,male,45-49,I-XXII,Todas las causas,4936,1767514,279.2623
2010,male,5-9,I-XXII,Todas las causas,119,1196139,9.9487
2010,male,50-54,I-XXII,Todas las causas,7128,1544518,461.5032
2010,male,55-59,I-XXII,Todas las causas,9130,1286656,709.5914
2010,male,60-64,I-XXII,Todas las causas,12382,1182165,1047.4003
2010,male,65-69,I-XXII,Todas las causas,15398,993267,1550.2378
2010,male,70-74,I-XXII,Todas las causas,20237,797147,2538.6786
2010,male,75-79,I-XXII,Todas las causas,31258,748688,4175.0369
2010,male,80-84,I-XXII,Todas las causas,36588,494200,7403.4804
2010,male,85-89,I-XXII,Todas las causas,31317,245123,12776.0349
2010,male,90-94,I-XXII,Todas las causas,14937,68949,21663.8385
2010,male,95+,I-XXII,Todas las causas,5500,16738,32859.3619
2010,male,<1,I-XXII,Todas las causas,831,247827,335.3146
2010,male,all,I-XXII,Todas las causas,198121,23008587,861.0742
2011,all,1-4,I-XXII,Todas las causas,329,2008178,16.383
2011,all,10-14,I-XXII,Todas las causas,237,2184748,10.8479
2011,all,15-19,I-XXII,Todas las causas,500,2213054,22.5932
2011,all,20-24,I-XXII,Todas las causas,779,2533994,30.742
2011,all,25-29,I-XXII,Todas las causas,1048,3144902,33.3238
2011,all,30-34,I-XXII,Todas las causas,1738,3940638,44.1045
2011,all,35-39,I-XXII,Todas las causas,2687,4072274,65.9828
2011,all,40-44,I-XXII,Todas las causas,4459,3828440,116.4704
2011,all,45-49,I-XXII,Todas las causas,7100,3577063,198.4869
2011,all,5-9,I-XXII,Todas las causas,206,2372351,8.6834
2011,all,50-54,I-XXII,Todas las causas,10522,3196785,329.1432
2011,all,55-59,I-XXII,Todas las causas,13153,2683494,490.1446
2011,all,60-64,I-XXII,Todas las causas,17493,2453413,713.0067
2011,all,65-69,I-XXII,Todas las causas,22532,2147718,1049.1135
2011,all,70-74,I-XXII,Todas las causas,29946,1738530,1722.4897
2011,all,75-79,I-XXII,Todas las causas,51939,1750868,2966.4715
2011,all,80-84,I-XXII,Todas las causas,72313,1306510,5534.8218
2011,all,85-89,I-XXII,Todas las causas,77293,755297,10233.4578
2011,all,90-94,I-XXII,Todas las causas,48781,274289,17784.5265
2011,all,95+,I-XXII,Todas las causas,23351,78992,29561.2214
2011,all,<1,I-XXII,Todas las causas,1505,474723,317.027
2011,all,all,I-XXII,Todas las causas,387911,46736261,830.0001
2011,female,1-4,I-XXII,Todas las causas,146,971365,15.0304
2011,female,10-14,I-XXII,Todas las causas,105,1061044,9.8959
2011,female,15-19,I-XXII,Todas las causas,185,1073036,17.2408
2011,female,20-24,I-XXII,Todas las causas,196,1245685,15.7343
2011,female,25-29,I-XXII,Todas las causas,309,1551663,19.9141
2011,female,30-34,I-XXII,Todas las causas,552,1916808,28.7979
2011,female,35-39,I-XXII,Todas las causas,910,1972082,46.1441
2011,female,40-44,I-XXII,Todas las causas,1533,1872063,81.8883
2011,female,45-49,I-XXII,Todas las causas,2359,1774286,132.9549
2011,female,5-9,I-XXII,Todas las causas,83,1152605,7.2011
2011,female,50-54,I-XXII,Todas las causas,3370,1604585,210.0232
2011,female,55-59,I-XXII,Todas las causas,4001,1361180,293.9361
2011,female,60-64,I-XXII,Todas las causas,5129,1263906,405.8055
2011,female,65-69,I-XXII,Todas las causas,6899,1126382,612.492
2011,female,70-74,I-XXII,Todas las causas,10229,943295,1084.3904
2011,female,75-79,I-XXII,Todas las causas,21126,995099,2123.0048
2011,female,80-84,I-XXII,Todas las causas,35060,792870,4421.9103
2011,female,85-89,I-XXII,Todas las causas,44639,496811,8985.107
2011,female,90-94,I-XXII,Todas las causas,32886,197512,16650.1276
2011,female,95+,I-XXII,Todas las causas,17653,60966,28955.4834
2011,female,<1,I-XXII,Todas las causas,687,229738,299.0363
2011,female,all,I-XXII,Todas las causas,188057,23662981,794.7308
2011,male,1-4,I-XXII,Todas las causas,183,1036811,17.6503
2011,male,10-14,I-XXII,Todas las causas,132,1123704,11.7469
2011,male,15-19,I-XXII,Todas las causas,315,1140017,27.6312
2011,male,20-24,I-XXII,Todas las causas,583,1288309,45.2531
2011,male,25-29,I-XXII,Todas las causas,739,1593240,46.3835
2011,male,30-34,I-XXII,Todas las causas,1186,2023828,58.6018
2011,male,35-39,I-XXII,Todas las causas,1777,2100191,84.6114
2011,male,40-44,I-XXII,Todas las causas,2926,1956378,149.5621
2011,male,45-49,I-XXII,Todas las causas,4741,1802777,262.9832
2011,male,5-9,I-XXII,Todas las causas,123,1219746,10.0841
2011,male,50-54,I-XXII,Todas las causas,7152,1592201,449.1895
2011,male,55-59,I-XXII,Todas las causas,9152,1322314,692.12
2011,male,60-64,I-XXII,Todas las causas,12364,1189507,1039.4222
2011,male,65-69,I-XXII,Todas las causas,15633,1021335,1530.6437
2011,male,70-74,I-XXII,Todas las causas,19717,795233,2479.3991
2011,male,75-79,I-XXII,Todas las causas,30813,755768,4077.0448
2011,male,80-84,I-XXII,Todas las causas,37253,513638,7252.7734
2011,male,85-89,I-XXII,Todas las causas,32654,258488,12632.6947
2011,male,90-94,I-XXII,Todas las causas,15895,76777,20702.8146
2011,male,95+,I-XXII,Todas las causas,5698,18026,31609.8968
2011,male,<1,I-XXII,Todas las causas,818,244986,333.8966
2011,male,all,I-XXII,Todas las causas,199854,23073274,866.171
2012,all,1-4,I-XXII,Todas las causas,308,1983816,15.5256
2012,all,10-14,I-XXII,Todas las causas,213,2212927,9.6253
2012,all,15-19,I-XXII,Todas las causas,429,2182173,19.6593
2012,all,20-24,I-XXII,Todas las causas,700,2473556,28.2993
2012,all,25-29,I-XXII,Todas las causas,978,2984940,32.7645
2012,all,30-34,I-XXII,Todas las causas,1637,3781045,43.2949
2012,all,35-39,I-XXII,Todas las causas,2589,4086589,63.3536
2012,all,40-44,I-XXII,Todas las causas,4237,3850868,110.0271
2012,all,45-49,I-XXII,Todas las causas,7095,3639212,194.9598
2012,all,5-9,I-XXII,Todas las causas,226,2417308,9.3492
2012,all,50-54,I-XXII,Todas las causas,10204,3260690,312.9399
2012,all,55-59,I-XXII,Todas las causas,13167,2756882,477.6048
2012,all,60-64,I-XXII,Todas las causas,17863,2483163,719.3648
2012,all,65-69,I-XXII,Todas las causas,23445,2228633,1051.9902
2012,all,70-74,I-XXII,Todas las causas,28775,1709706,1683.0379
2012,all,75-79,I-XXII,Todas las causas,52020,1739628,2990.2945
2012,all,80-84,I-XXII,Todas las causas,74869,1342751,5575.7918
2012,all,85-89,I-XXII,Todas las causas,82739,777720,10638.6617
2012,all,90-94,I-XXII,Todas las causas,55156,295221,18682.9528
2012,all,95+,I-XXII,Todas las causas,24896,80732,30837.8338
2012,all,<1,I-XXII,Todas las causas,1404,461743,304.0652
2012,all,all,I-XXII,Todas las causas,402950,46749303,861.938
2012,female,1-4,I-XXII,Todas las causas,143,959737,14.8999
2012,female,10-14,I-XXII,Todas las causas,85,1074430,7.9112
2012,female,15-19,I-XXII,Todas las causas,150,1059069,14.1634
2012,female,20-24,I-XXII,Todas las causas,191,1216247,15.704
2012,female,25-29,I-XXII,Todas las causas,315,1481468,21.2627
2012,female,30-34,I-XXII,Todas las causas,518,1850784,27.9881
2012,female,35-39,I-XXII,Todas las causas,878,1984554,44.2417
2012,female,40-44,I-XXII,Todas las causas,1395,1883335,74.0707
2012,female,45-49,I-XXII,Todas las causas,2348,1804452,130.1226
2012,female,5-9,I-XXII,Todas las causas,98,1173368,8.352
2012,female,50-54,I-XXII,Todas las causas,3268,1636661,199.6748
2012,female,55-59,I-XXII,Todas las causas,3980,1399237,284.4407
2012,female,60-64,I-XXII,Todas las causas,5293,1277691,414.2629
2012,female,65-69,I-XXII,Todas las causas,7163,1169524,612.4714
2012,female,70-74,I-XXII,Todas las causas,9712,923658,1051.4714
2012,female,75-79,I-XXII,Todas las causas,21063,988062,2131.7488
2012,female,80-84,I-XXII,Todas las causas,36270,811191,4471.2035
2012,female,85-89,I-XXII,Todas las causas,47761,509836,9367.9144
2012,female,90-94,I-XXII,Todas las causas,37022,211009,17545.2232
2012,female,95+,I-XXII,Todas las causas,18745,62342,30068.0119
2012,female,<1,I-XXII,Todas las causas,632,223718,282.4985
2012,female,all,I-XXII,Todas las causas,197030,23700373,831.3371
2012,male,1-4,I-XXII,Todas las causas,165,1024079,16.112
2012,male,10-14,I-XXII,Todas las causas,128,1138497,11.2429
2012,male,15-19,I-XXII,Todas las causas,279,1123104,24.8419
2012,male,20-24,I-XXII,Todas las causas,509,1257309,40.4833
2012,male,25-29,I-XXII,Todas las causas,663,1503472,44.0979
2012,male,30-34,I-XXII,Todas las causas,1119,1930261,57.9714
2012,male,35-39,I-XXII,Todas las causas,1711,2102035,81.3973
2012,male,40-44,I-XXII,Todas las causas,2842,1967533,144.4448
2012,male,45-49,I-XXII,Todas las causas,4747,1834760,258.7259
2012,male,5-9,I-XXII,Todas las causas,128,1243940,10.2899
2012,male,50-54,I-XXII,Todas las causas,6936,1624029,427.086
2012,male,55-59,I-XXII,Todas las causas,9187,1357645,676.6865
2012,male,60-64,I-XXII,Todas las causas,12570,1205472,1042.7451
2012,male,65-69,I-XXII,Todas las causas,16282,1059109,1537.33
2012,male,70-74,I-XXII,Todas las causas,19063,786048,2425.17
2012,male,75-79,I-XXII,Todas las causas,30957,751566,4118.9995
2012,male,80-84,I-XXII,Todas las causas,38599,531560,7261.4568
2012,male,85-89,I-XXII,Todas las causas,34978,267884,13057.1441
2012,male,90-94,I-XXII,Todas las causas,18134,84212,21533.7482
2012,male,95+,I-XXII,Todas las causas,6151,18390,33447.5258
2012,male,<1,I-XXII,Todas las causas,772,238025,324.3357
2012,male,all,I-XXII,Todas las causas,205920,23048930,893.4037
2013,all,1-4,I-XXII,Todas las causas,290,1929421,15.0304
2013,all,10-14,I-XXII,Todas las causas,193,2242798,8.6053
2013,all,15-19,I-XXII,Todas las causas,381,2151610,17.7077
2013,all,20-24,I-XXII,Todas las causas,607,2407770,25.21
2013,all,25-29,I-XXII,Todas las causas,852,2827192,30.1359
2013,all,30-34,I-XXII,Todas las causas,1389,3576275,38.8393
2013,all,35-39,I-XXII,Todas las causas,2389,4058086,58.8701
2013,all,40-44,I-XXII,Todas las causas,3874,3856362,100.4574
2013,all,45-49,I-XXII,Todas las causas,6888,3677573,187.2974
2013,all,5-9,I-XXII,Todas las causas,217,2454569,8.8407
2013,all,50-54,I-XXII,Todas las causas,10290,3306604,311.1954
2013,all,55-59,I-XXII,Todas las causas,13397,2833509,472.806
2013,all,60-64,I-XXII,Todas las causas,17553,2493739,703.8828
2013,all,65-69,I-XXII,Todas las causas,23662,2294440,1031.2756
2013,all,70-74,I-XXII,Todas las causas,28266,1758576,1607.3232
2013,all,75-79,I-XXII,Todas las causas,47928,1685107,2844.2111
2013,all,80-84,I-XXII,Todas las causas,72142,1383515,5214.3996
2013,all,85-89,I-XXII,Todas las causas,79519,806355,9861.5374
2013,all,90-94,I-XXII,Todas las causas,55401,320761,17271.7381
2013,all,95+,I-XXII,Todas las causas,24017,84234,28512.2397
2013,all,<1,I-XXII,Todas las causas,1164,432628,269.0533
2013,all,all,I-XXII,Todas las causas,390419,46581124,838.1485
2013,female,1-4,I-XXII,Todas las causas,137,933860,14.6703
2013,female,10-14,I-XXII,Todas las causas,85,1089736,7.8001
2013,female,15-19,I-XXII,Todas las causas,124,1043914,11.8784
2013,female,20-24,I-XXII,Todas las causas,172,1182890,14.5407
2013,female,25-29,I-XXII,Todas las causas,254,1408252,18.0365
2013,female,30-34,I-XXII,Todas las causas,423,1762417,24.0011
2013,female,35-39,I-XXII,Todas las causas,895,1977119,45.2679
2013,female,40-44,I-XXII,Todas las causas,1343,1887262,71.1613
2013,female,45-49,I-XXII,Todas las causas,2330,1823708,127.7617
2013,female,5-9,I-XXII,Todas las causas,100,1190426,8.4004
2013,female,50-54,I-XXII,Todas las causas,3403,1659600,205.0494
2013,female,55-59,I-XXII,Todas las causas,4191,1439169,291.2097
2013,female,60-64,I-XXII,Todas las causas,5244,1282077,409.0238
2013,female,65-69,I-XXII,Todas las causas,7357,1204011,611.0409
2013,female,70-74,I-XXII,Todas las causas,9659,947291,1019.6444
2013,female,75-79,I-XXII,Todas las causas,19209,955517,2010.3253
2013,female,80-84,I-XXII,Todas las causas,34626,832468,4159.4392
2013,female,85-89,I-XXII,Todas las causas,45388,526403,8622.2913
2013,female,90-94,I-XXII,Todas las causas,36872,227568,16202.6295
2013,female,95+,I-XXII,Todas las causas,18243,65305,27935.0739
2013,female,<1,I-XXII,Todas las causas,530,209883,252.5216
2013,female,all,I-XXII,Todas las causas,190585,23648876,805.8945
2013,male,1-4,I-XXII,Todas las causas,153,995561,15.3682
2013,male,10-14,I-XXII,Todas las causas,108,1153062,9.3664
2013,male,15-19,I-XXII,Todas las causas,257,1107696,23.2013
2013,male,20-24,I-XXII,Todas las causas,435,1224880,35.5137
2013,male,25-29,I-XXII,Todas las causas,598,1418940,42.1441
2013,male,30-34,I-XXII,Todas las causas,966,1813858,53.2566
2013,male,35-39,I-XXII,Todas las causas,1494,2080967,71.7935
2013,male,40-44,I-XXII,Todas las causas,2531,1969100,128.5359
2013,male,45-49,I-XXII,Todas las causas,4558,1853865,245.8647
2013,male,5-9,I-XXII,Todas las causas,117,1264143,9.2553
2013,male,50-54,I-XXII,Todas las causas,6887,1647004,418.1532
2013,male,55-59,I-XXII,Todas las causas,9206,1394340,660.2407
2013,male,60-64,I-XXII,Todas las causas,12309,1211662,1015.8774
2013,male,65-69,I-XXII,Todas las causas,16305,1090429,1495.283
2013,male,70-74,I-XXII,Todas las causas,18607,811285,2293.522
2013,male,75-79,I-XXII,Todas las causas,28719,729590,3936.3204
2013,male,80-84,I-XXII,Todas las causas,37516,551047,6808.1307
2013,male,85-89,I-XXII,Todas las causas,34131,279952,12191.7329
2013,male,90-94,I-XXII,Todas las causas,18529,93193,19882.3946
2013,male,95+,I-XXII,Todas las causas,5774,18929,30503.4603
2013,male,<1,I-XXII,Todas las causas,634,222745,284.6304
2013,male,all,I-XXII,Todas las causas,199834,22932248,871.4104
2014,all,1-4,I-XXII,Todas las causas,264,1857259,14.2145
2014,all,10-14,I-XXII,Todas las causas,211,2281079,9.25
2014,all,15-19,I-XXII,Todas las causas,362,2143702,16.8867
2014,all,20-24,I-XXII,Todas las causas,659,2346337,28.0863
2014,all,25-29,I-XXII,Todas las causas,766,2701719,28.3523
2014,all,30-34,I-XXII,Todas las causas,1347,3374307,39.9193
2014,all,35-39,I-XXII,Todas las causas,2101,3997776,52.5542
2014,all,40-44,I-XXII,Todas las causas,3842,3874839,99.1525
2014,all,45-49,I-XXII,Todas las causas,6732,3687659,182.5548
2014,all,5-9,I-XXII,Todas las causas,188,2474230,7.5983
2014,all,50-54,I-XXII,Todas las causas,10081,3367612,299.3516
2014,all,55-59,I-XXII,Todas las causas,13625,2923740,466.0127
2014,all,60-64,I-XXII,Todas las causas,17320,2495589,694.0245
2014,all,65-69,I-XXII,Todas las causas,23859,2336880,1020.9767
2014,all,70-74,I-XXII,Todas las causas,29961,1874782,1598.1058
2014,all,75-79,I-XXII,Todas las causas,45167,1597016,2828.2121
2014,all,80-84,I-XXII,Todas las causas,72251,1409846,5124.7441
2014,all,85-89,I-XXII,Todas las causas,81309,837210,9711.9002
2014,all,90-94,I-XXII,Todas las causas,59790,344538,17353.6736
2014,all,95+,I-XXII,Todas las causas,24763,87509,28297.6608
2014,all,<1,I-XXII,Todas las causas,1232,419421,293.7383
2014,all,all,I-XXII,Todas las causas,395830,46433050,852.4747
2014,female,1-4,I-XXII,Todas las causas,118,899848,13.1133
2014,female,10-14,I-XXII,Todas las causas,97,1108660,8.7493
2014,female,15-19,I-XXII,Todas las causas,124,1040196,11.9208
2014,female,20-24,I-XXII,Todas las causas,189,1150938,16.4214
2014,female,25-29,I-XXII,Todas las causas,233,1347030,17.2973
2014,female,30-34,I-XXII,Todas las causas,431,1670924,25.7941
2014,female,35-39,I-XXII,Todas las causas,772,1954399,39.5006
2014,female,40-44,I-XXII,Todas las causas,1374,1897583,72.4079
2014,female,45-49,I-XXII,Todas las causas,2265,1828484,123.8731
2014,female,5-9,I-XXII,Todas las causas,79,1199130,6.5881
2014,female,50-54,I-XXII,Todas las causas,3282,1690083,194.1916
2014,female,55-59,I-XXII,Todas las causas,4334,1484701,291.9106
2014,female,60-64,I-XXII,Todas las causas,5260,1282487,410.1406
2014,female,65-69,I-XXII,Todas las causas,7382,1226207,602.0191
2014,female,70-74,I-XXII,Todas las causas,10247,1007915,1016.6532
2014,female,75-79,I-XXII,Todas las causas,18110,905145,2000.7844
2014,female,80-84,I-XXII,Todas las causas,34919,845392,4130.5099
2014,female,85-89,I-XXII,Todas las causas,46452,544238,8535.2364
2014,female,90-94,I-XXII,Todas las causas,39263,243201,16144.2593
2014,female,95+,I-XXII,Todas las causas,18778,67716,27730.5216
2014,female,<1,I-XXII,Todas las causas,550,203196,270.6746
2014,female,all,I-XXII,Todas las causas,194259,23597473,823.2195
2014,male,1-4,I-XXII,Todas las causas,146,957411,15.2495
2014,male,10-14,I-XXII,Todas las causas,114,1172419,9.7235
2014,male,15-19,I-XXII,Todas las causas,238,1103506,21.5676
2014,male,20-24,I-XXII,Todas las causas,470,1195399,39.3174
2014,male,25-29,I-XXII,Todas las causas,533,1354689,39.3448
2014,male,30-34,I-XXII,Todas las causas,916,1703383,53.7753
2014,male,35-39,I-XXII,Todas las causas,1329,2043377,65.0394
2014,male,40-44,I-XXII,Todas las causas,2468,1977256,124.8194
2014,male,45-49,I-XXII,Todas las causas,4467,1859175,240.2679
2014,male,5-9,I-XXII,Todas las causas,109,1275100,8.5483
2014,male,50-54,I-XXII,Todas las causas,6799,1677529,405.2985
2014,male,55-59,I-XXII,Todas las causas,9291,1439039,645.6392
2014,male,60-64,I-XXII,Todas las causas,12060,1213102,994.1456
2014,male,65-69,I-XXII,Todas las causas,16477,1110673,1483.5149
2014,male,70-74,I-XXII,Todas las causas,19714,866867,2274.1666
2014,male,75-79,I-XXII,Todas las causas,27057,691871,3910.7001
2014,male,80-84,I-XXII,Todas las causas,37332,564454,6613.825
2014,male,85-89,I-XXII,Todas las causas,34857,292972,11897.724
2014,male,90-94,I-XXII,Todas las causas,20527,101337,20256.1749
2014,male,95+,I-XXII,Todas las causas,5985,19793,30237.9629
2014,male,<1,I-XXII,Todas las causas,682,216225,315.4122
2014,male,all,I-XXII,Todas las causas,201571,22835577,882.706
2015,all,1-4,I-XXII,Todas las causas,221,1798048,12.2911
2015,all,10-14,I-XXII,Todas las causas,203,2316696,8.7625
2015,all,15-19,I-XXII,Todas las causas,394,2163423,18.2119
2015,all,20-24,I-XXII,Todas las causas,580,2300308,25.214
2015,all,25-29,I-XXII,Todas las causas,800,2611598,30.6326
2015,all,30-34,I-XXII,Todas las causas,1187,3201809,37.0728
2015,all,35-39,I-XXII,Todas las causas,2189,3910797,55.9732
2015,all,40-44,I-XXII,Todas las causas,3683,3909977,94.1949
2015,all,45-49,I-XXII,Todas las causas,6359,3699410,171.8923
2015,all,5-9,I-XXII,Todas las causas,205,2472304,8.2919
2015,all,50-54,I-XXII,Todas las causas,10281,3430417,299.7012
2015,all,55-59,I-XXII,Todas las causas,14437,3020532,477.9622
2015,all,60-64,I-XXII,Todas las causas,17672,2532435,697.8264
2015,all,65-69,I-XXII,Todas las causas,24328,2345086,1037.4033
2015,all,70-74,I-XXII,Todas las causas,31377,1955121,1604.8623
2015,all,75-79,I-XXII,Todas las causas,45522,1560742,2916.6896
2015,all,80-84,I-XXII,Todas las causas,76613,1421423,5389.8804
2015,all,85-89,I-XXII,Todas las causas,89152,866310,10291.0044
2015,all,90-94,I-XXII,Todas las causas,67510,360022,18751.6318
2015,all,95+,I-XXII,Todas las causas,28716,91148,31504.8054
2015,all,<1,I-XXII,Todas las causas,1139,416773,273.2903
2015,all,all,I-XXII,Todas las causas,422568,46384379,911.0136
2015,female,1-4,I-XXII,Todas las causas,91,871691,10.4395
2015,female,10-14,I-XXII,Todas las causas,90,1126465,7.9896
2015,female,15-19,I-XXII,Todas las causas,116,1049944,11.0482
2015,female,20-24,I-XXII,Todas las causas,173,1126554,15.3566
2015,female,25-29,I-XXII,Todas las causas,222,1301811,17.0532
2015,female,30-34,I-XXII,Todas las causas,364,1591109,22.8771
2015,female,35-39,I-XXII,Todas las causas,743,1918328,38.7316
2015,female,40-44,I-XXII,Todas las causas,1344,1915504,70.1643
2015,female,45-49,I-XXII,Todas las causas,2225,1832338,121.4296
2015,female,5-9,I-XXII,Todas las causas,85,1197563,7.0977
2015,female,50-54,I-XXII,Todas las causas,3403,1721292,197.7003
2015,female,55-59,I-XXII,Todas las causas,4688,1533549,305.6961
2015,female,60-64,I-XXII,Todas las causas,5372,1301568,412.7329
2015,female,65-69,I-XXII,Todas las causas,7501,1230498,609.5906
2015,female,70-74,I-XXII,Todas las causas,10590,1050410,1008.1778
2015,female,75-79,I-XXII,Todas las causas,18089,882804,2049.0392
2015,female,80-84,I-XXII,Todas las causas,36743,849649,4324.4916
2015,female,85-89,I-XXII,Todas las causas,50832,560646,9066.6838
2015,female,90-94,I-XXII,Todas las causas,44415,253271,17536.5518
2015,female,95+,I-XXII,Todas las causas,21668,70279,30831.4006
2015,female,<1,I-XXII,Todas las causas,505,201672,250.4066
2015,female,all,I-XXII,Todas las causas,209259,23586945,887.1814
2015,male,1-4,I-XXII,Todas las causas,130,926357,14.0335
2015,male,10-14,I-XXII,Todas las causas,113,1190231,9.494
2015,male,15-19,I-XXII,Todas las causas,278,1113479,24.9668
2015,male,20-24,I-XXII,Todas las causas,407,1173754,34.6751
2015,male,25-29,I-XXII,Todas las causas,578,1309787,44.1293
2015,male,30-34,I-XXII,Todas las causas,823,1610700,51.0958
2015,male,35-39,I-XXII,Todas las causas,1446,1992469,72.5733
2015,male,40-44,I-XXII,Todas las causas,2339,1994473,117.2741
2015,male,45-49,I-XXII,Todas las causas,4134,1867072,221.4162
2015,male,5-9,I-XXII,Todas las causas,120,1274741,9.4137
2015,male,50-54,I-XXII,Todas las causas,6878,1709125,402.4281
2015,male,55-59,I-XXII,Todas las causas,9749,1486983,655.6228
2015,male,60-64,I-XXII,Todas las causas,12300,1230867,999.2956
2015,male,65-69,I-XXII,Todas las causas,16827,1114588,1509.7058
2015,male,70-74,I-XXII,Todas las causas,20787,904711,2297.6398
2015,male,75-79,I-XXII,Todas las causas,27433,677938,4046.5352
2015,male,80-84,I-XXII,Todas las causas,39870,571774,6973.0348
2015,male,85-89,I-XXII,Todas las causas,38320,305664,12536.6415
2015,male,90-94,I-XXII,Todas las causas,23095,106751,21634.4578
2015,male,95+,I-XXII,Todas las causas,7048,20869,33772.5813
2015,male,<1,I-XXII,Todas las causas,634,215101,294.7453
2015,male,all,I-XXII,Todas las causas,213309,22797434,935.6711
2016,all,1-4,I-XXII,Todas las causas,248,1750443,14.1678
2016,all,10-14,I-XXII,Todas las causas,183,2357281,7.7632
2016,all,15-19,I-XXII,Todas las causas,393,2195137,17.9032
2016,all,20-24,I-XXII,Todas las causas,574,2269022,25.2972
2016,all,25-29,I-XXII,Todas las causas,756,2551021,29.6352
2016,all,30-34,I-XXII,Todas las causas,1211,3051918,39.68
2016,all,35-39,I-XXII,Todas las causas,2070,3800295,54.4695
2016,all,40-44,I-XXII,Todas las causas,3568,3948939,90.3534
2016,all,45-49,I-XXII,Todas las causas,6149,3726059,165.0269
2016,all,5-9,I-XXII,Todas las causas,179,2457456,7.284
2016,all,50-54,I-XXII,Todas las causas,10282,3488081,294.7753
2016,all,55-59,I-XXII,Todas las causas,14184,3106704,456.561
2016,all,60-64,I-XXII,Todas las causas,18030,2595892,694.5589
2016,all,65-69,I-XXII,Todas las causas,24138,2350653,1026.8636
2016,all,70-74,I-XXII,Todas las causas,31610,2007519,1574.5804
2016,all,75-79,I-XXII,Todas las causas,42532,1550038,2743.9327
2016,all,80-84,I-XXII,Todas las causas,71892,1433807,5014.064
2016,all,85-89,I-XXII,Todas las causas,86575,899867,9620.8662
2016,all,90-94,I-XXII,Todas las causas,66432,378797,17537.6257
2016,all,95+,I-XXII,Todas las causas,28485,99238,28703.7224
2016,all,<1,I-XXII,Todas las causas,1120,408933,273.8835
2016,all,all,I-XXII,Todas las causas,410611,46427100,884.421
2016,female,1-4,I-XXII,Todas las causas,115,848512,13.5531
2016,female,10-14,I-XXII,Todas las causas,75,1146330,6.5426
2016,female,15-19,I-XXII,Todas las causas,137,1065129,12.8623
2016,female,20-24,I-XXII,Todas las causas,173,1110008,15.5855
2016,female,25-29,I-XXII,Todas las causas,226,1269451,17.803
2016,female,30-34,I-XXII,Todas las causas,368,1521775,24.1823
2016,female,35-39,I-XXII,Todas las causas,753,1870289,40.2612
2016,female,40-44,I-XXII,Todas las causas,1272,1936157,65.6972
2016,female,45-49,I-XXII,Todas las causas,2128,1843838,115.4114
2016,female,5-9,I-XXII,Todas las causas,72,1190018,6.0503
2016,female,50-54,I-XXII,Todas las causas,3422,1749468,195.6023
2016,female,55-59,I-XXII,Todas las causas,4545,1577595,288.0968
2016,female,60-64,I-XXII,Todas las causas,5522,1334755,413.7089
2016,female,65-69,I-XXII,Todas las causas,7536,1232456,611.462
2016,female,70-74,I-XXII,Todas las causas,10705,1079075,992.0534
2016,female,75-79,I-XXII,Todas las causas,16783,872671,1923.1761
2016,female,80-84,I-XXII,Todas las causas,33998,855564,3973.753
2016,female,85-89,I-XXII,Todas las causas,48674,579373,8401.1509
2016,female,90-94,I-XXII,Todas las causas,43207,265550,16270.7588
2016,female,95+,I-XXII,Todas las causas,21444,75998,28216.532
2016,female,<1,I-XXII,Todas las causas,463,198436,233.3246
2016,female,all,I-XXII,Todas las causas,201618,23622448,853.5017
2016,male,1-4,I-XXII,Todas las causas,133,901931,14.7461
2016,male,10-14,I-XXII,Todas las causas,108,1210951,8.9186
2016,male,15-19,I-XXII,Todas las causas,256,1130008,22.6547
2016,male,20-24,I-XXII,Todas las causas,401,1159014,34.5984
2016,male,25-29,I-XXII,Todas las causas,530,1281570,41.3555
2016,male,30-34,I-XXII,Todas las causas,843,1530143,55.0929
2016,male,35-39,I-XXII,Todas las causas,1317,1930006,68.2381
2016,male,40-44,I-XXII,Todas las causas,2296,2012782,114.071
2016,male,45-49,I-XXII,Todas las causas,4021,1882221,213.6306
2016,male,5-9,I-XXII,Todas las causas,107,1267438,8.4422
2016,male,50-54,I-XXII,Todas las causas,6860,1738613,394.5674
2016,male,55-59,I-XXII,Todas las causas,9639,1529109,630.3671
2016,male,60-64,I-XXII,Todas las causas,12508,1261137,991.8034
2016,male,65-69,I-XXII,Todas las causas,16602,1118197,1484.7115
2016,male,70-74,I-XXII,Todas las causas,20905,928444,2251.6167
2016,male,75-79,I-XXII,Todas las causas,25749,677367,3801.3366
2016,male,80-84,I-XXII,Todas las causas,37894,578243,6553.3003
2016,male,85-89,I-XXII,Todas las causas,37901,320494,11825.8064
2016,male,90-94,I-XXII,Todas las causas,23225,113247,20508.2695
2016,male,95+,I-XXII,Todas las causas,7041,23240,30296.9019
2016,male,<1,I-XXII,Todas las causas,657,210497,312.1185
2016,male,all,I-XXII,Todas las causas,208993,22804652,916.449
2017,all,1-4,I-XXII,Todas las causas,226,1713881,13.1864
2017,all,10-14,I-XXII,Todas las causas,202,2405166,8.3986
2017,all,15-19,I-XXII,Todas las causas,396,2229631,17.7608
2017,all,20-24,I-XXII,Todas las causas,595,2254710,26.3892
2017,all,25-29,I-XXII,Todas las causas,834,2521020,33.0818
2017,all,30-34,I-XXII,Todas las causas,1132,2930119,38.6332
2017,all,35-39,I-XXII,Todas las causas,2082,3670336,56.7251
2017,all,40-44,I-XXII,Todas las causas,3484,3975786,87.6305
2017,all,45-49,I-XXII,Todas las causas,6057,3753755,161.3584
2017,all,5-9,I-XXII,Todas las causas,178,2428717,7.329
2017,all,50-54,I-XXII,Todas las causas,10103,3553166,284.338
2017,all,55-59,I-XXII,Todas las causas,14428,3171707,454.897
2017,all,60-64,I-XXII,Todas las causas,18187,2667073,681.9086
2017,all,65-69,I-XXII,Todas las causas,24497,2378784,1029.8119
2017,all,70-74,I-XXII,Todas las causas,33020,2081555,1586.3141
2017,all,75-79,I-XXII,Todas las causas,40776,1526174,2671.7792
2017,all,80-84,I-XXII,Todas las causas,72688,1426652,5095.0056
2017,all,85-89,I-XXII,Todas las causas,91326,929614,9824.0775
2017,all,90-94,I-XXII,Todas las causas,70918,391411,18118.5506
2017,all,95+,I-XXII,Todas las causas,32302,106175,30423.3577
2017,all,<1,I-XXII,Todas las causas,1092,395029,276.4354
2017,all,all,I-XXII,Todas las causas,424523,46510461,912.7473
2017,female,1-4,I-XXII,Todas las causas,88,831300,10.5858
2017,female,10-14,I-XXII,Todas las causas,98,1168930,8.3837
2017,female,15-19,I-XXII,Todas las causas,134,1081701,12.3879
2017,female,20-24,I-XXII,Todas las causas,187,1103117,16.952
2017,female,25-29,I-XXII,Todas las causas,249,1251550,19.8953
2017,female,30-34,I-XXII,Todas las causas,343,1464817,23.4159
2017,female,35-39,I-XXII,Todas las causas,736,1813245,40.5902
2017,female,40-44,I-XXII,Todas las causas,1265,1951590,64.8189
2017,female,45-49,I-XXII,Todas las causas,2153,1856692,115.9589
2017,female,5-9,I-XXII,Todas las causas,82,1176310,6.971
2017,female,50-54,I-XXII,Todas las causas,3405,1781249,191.158
2017,female,55-59,I-XXII,Todas las causas,4717,1610902,292.8173
2017,female,60-64,I-XXII,Todas las causas,5802,1372746,422.6565
2017,female,65-69,I-XXII,Todas las causas,7703,1245944,618.2461
2017,female,70-74,I-XXII,Todas las causas,11280,1120037,1007.1096
2017,female,75-79,I-XXII,Todas las causas,16147,855410,1887.6328
2017,female,80-84,I-XXII,Todas las causas,34274,851228,4026.4183
2017,female,85-89,I-XXII,Todas las causas,50929,595675,8549.7964
2017,female,90-94,I-XXII,Todas las causas,46107,273517,16857.0875
2017,female,95+,I-XXII,Todas las causas,24115,80873,29818.3572
2017,female,<1,I-XXII,Todas las causas,473,191934,246.4389
2017,female,all,I-XXII,Todas las causas,210287,23678767,888.0826
2017,male,1-4,I-XXII,Todas las causas,138,882581,15.636
2017,male,10-14,I-XXII,Todas las causas,104,1236236,8.4126
2017,male,15-19,I-XXII,Todas las causas,262,1147930,22.8237
2017,male,20-24,I-XXII,Todas las causas,408,1151593,35.4292
2017,male,25-29,I-XXII,Todas las causas,585,1269470,46.0822
2017,male,30-34,I-XXII,Todas las causas,789,1465302,53.8456
2017,male,35-39,I-XXII,Todas las causas,1346,1857091,72.4789
2017,male,40-44,I-XXII,Todas las causas,2219,2024196,109.6238
2017,male,45-49,I-XXII,Todas las causas,3904,1897063,205.7918
2017,male,5-9,I-XXII,Todas las causas,96,1252407,7.6652
2017,male,50-54,I-XXII,Todas las causas,6698,1771917,378.0087
2017,male,55-59,I-XXII,Todas las causas,9711,1560805,622.1789
2017,male,60-64,I-XXII,Todas las causas,12385,1294327,956.8679
2017,male,65-69,I-XXII,Todas las causas,16794,1132840,1482.4688
2017,male,70-74,I-XXII,Todas las causas,21740,961518,2261.0081
2017,male,75-79,I-XXII,Todas las causas,24629,670764,3671.7832
2017,male,80-84,I-XXII,Todas las causas,38414,575424,6675.773
2017,male,85-89,I-XXII,Todas las causas,40397,333939,12097.1195
2017,male,90-94,I-XXII,Todas las causas,24811,117894,21045.1762
2017,male,95+,I-XXII,Todas las causas,8187,25302,32357.1259
2017,male,<1,I-XXII,Todas las causas,619,203095,304.7835
2017,male,all,I-XXII,Todas las causas,214236,22831694,938.3272
2018,all,1-4,I-XXII,Todas las causas,240,1690080,14.2005
2018,all,10-14,I-XXII,Todas las causas,198,2457493,8.057
2018,all,15-19,I-XXII,Todas las causas,413,2281042,18.1058
2018,all,20-24,I-XXII,Todas las causas,624,2265014,27.5495
2018,all,25-29,I-XXII,Todas las causas,828,2523693,32.8091
2018,all,30-34,I-XXII,Todas las causas,1146,2854373,40.1489
2018,all,35-39,I-XXII,Todas las causas,1957,3538326,55.3086
2018,all,40-44,I-XXII,Todas las causas,3465,3993818,86.7591
2018,all,45-49,I-XXII,Todas las causas,5862,3790830,154.6363
2018,all,5-9,I-XXII,Todas las causas,179,2377885,7.5277
2018,all,50-54,I-XXII,Todas las causas,10029,3611167,277.7219
2018,all,55-59,I-XXII,Todas las causas,14651,3231685,453.3548
2018,all,60-64,I-XXII,Todas las causas,19100,2751024,694.2869
2018,all,65-69,I-XXII,Todas las causas,24425,2396060,1019.3818
2018,all,70-74,I-XXII,Todas las causas,33621,2145840,1566.799
2018,all,75-79,I-XXII,Todas las causas,41376,1572910,2630.5383
2018,all,80-84,I-XXII,Todas las causas,70037,1381230,5070.6255
2018,all,85-89,I-XXII,Todas las causas,92255,958721,9622.7161
2018,all,90-94,I-XXII,Todas las causas,72355,404958,17867.285
2018,all,95+,I-XXII,Todas las causas,33933,112931,30047.5512
2018,all,<1,I-XXII,Todas las causas,1027,376303,272.9184
2018,all,all,I-XXII,Todas las causas,427721,46715383,915.5892
2018,female,1-4,I-XXII,Todas las causas,95,820101,11.5839
2018,female,10-14,I-XXII,Todas las causas,92,1193642,7.7075
2018,female,15-19,I-XXII,Todas las causas,145,1106623,13.1029
2018,female,20-24,I-XXII,Todas las causas,183,1107695,16.5208
2018,female,25-29,I-XXII,Todas las causas,229,1250421,18.3138
2018,female,30-34,I-XXII,Todas las causas,372,1427976,26.0509
2018,female,35-39,I-XXII,Todas las causas,689,1755021,39.2588
2018,female,40-44,I-XXII,Todas las causas,1241,1963646,63.1988
2018,female,45-49,I-XXII,Todas las causas,2071,1873896,110.5184
2018,female,5-9,I-XXII,Todas las causas,74,1152163,6.4227
2018,female,50-54,I-XXII,Todas las causas,3346,1810395,184.8215
2018,female,55-59,I-XXII,Todas las causas,4745,1641614,289.0448
2018,female,60-64,I-XXII,Todas las causas,6039,1417375,426.0693
2018,female,65-69,I-XXII,Todas las causas,7723,1254008,615.8653
2018,female,70-74,I-XXII,Todas las causas,11325,1154747,980.7343
2018,female,75-79,I-XXII,Todas las causas,16317,878734,1856.8759
2018,female,80-84,I-XXII,Todas las causas,32907,823415,3996.4052
2018,female,85-89,I-XXII,Todas las causas,51373,612529,8387.0315
2018,female,90-94,I-XXII,Todas las causas,46681,282333,16534.0219
2018,female,95+,I-XXII,Todas las causas,25170,85730,29359.6174
2018,female,<1,I-XXII,Todas las causas,462,182664,252.9234
2018,female,all,I-XXII,Todas las causas,211279,23794728,887.9236
2018,male,1-4,I-XXII,Todas las causas,145,869979,16.6671
2018,male,10-14,I-XXII,Todas las causas,106,1263851,8.3871
2018,male,15-19,I-XXII,Todas las causas,268,1174419,22.8198
2018,male,20-24,I-XXII,Todas las causas,441,1157319,38.1053
2018,male,25-29,I-XXII,Todas las causas,599,1273272,47.0442
2018,male,30-34,I-XXII,Todas las causas,774,1426397,54.2626
2018,male,35-39,I-XXII,Todas las causas,1268,1783305,71.1039
2018,male,40-44,I-XXII,Todas las causas,2224,2030172,109.5474
2018,male,45-49,I-XXII,Todas las causas,3791,1916934,197.7637
2018,male,5-9,I-XXII,Todas las causas,105,1225722,8.5664
2018,male,50-54,I-XXII,Todas las causas,6683,1800772,371.1186
2018,male,55-59,I-XXII,Todas las causas,9906,1590071,622.991
2018,male,60-64,I-XXII,Todas las causas,13061,1333649,979.3431
2018,male,65-69,I-XXII,Todas las causas,16702,1142052,1462.4553
2018,male,70-74,I-XXII,Todas las causas,22296,991093,2249.6375
2018,male,75-79,I-XXII,Todas las causas,25059,694176,3609.8914
2018,male,80-84,I-XXII,Todas las causas,37130,557815,6656.3287
2018,male,85-89,I-XXII,Todas las causas,40882,346192,11809.0539
2018,male,90-94,I-XXII,Todas las causas,25674,122625,20937.0031
2018,male,95+,I-XXII,Todas las causas,8763,27201,32215.7274
2018,male,<1,I-XXII,Todas las causas,565,193639,291.7801
2018,male,all,I-XXII,Todas las causas,216442,22920655,944.3098
2019,all,1-4,I-XXII,Todas las causas,247,1658415,14.8937
2019,all,10-14,I-XXII,Todas las causas,216,2501131,8.6361
2019,all,15-19,I-XXII,Todas las causas,394,2348774,16.7747
2019,all,20-24,I-XXII,Todas las causas,583,2307103,25.2698
2019,all,25-29,I-XXII,Todas las causas,770,2541207,30.3006
2019,all,30-34,I-XXII,Todas las causas,1087,2823377,38.5
2019,all,35-39,I-XXII,Todas las causas,1861,3423300,54.3627
2019,all,40-44,I-XXII,Todas las causas,3211,3994848,80.3785
2019,all,45-49,I-XXII,Todas las causas,5793,3852772,150.3593
2019,all,5-9,I-XXII,Todas las causas,145,2329677,6.224
2019,all,50-54,I-XXII,Todas las causas,9897,3651456,271.0426
2019,all,55-59,I-XXII,Todas las causas,14481,3314580,436.8879
2019,all,60-64,I-XXII,Todas las causas,19305,2854309,676.3458
2019,all,65-69,I-XXII,Todas las causas,23916,2409567,992.5435
2019,all,70-74,I-XXII,Todas las causas,33526,2193813,1528.2068
2019,all,75-79,I-XXII,Todas las causas,42178,1683857,2504.8445
2019,all,80-84,I-XXII,Todas las causas,63630,1310815,4854.2319
2019,all,85-89,I-XXII,Todas las causas,90088,982767,9166.771
2019,all,90-94,I-XXII,Todas las causas,71914,424360,16946.4606
2019,all,95+,I-XXII,Todas las causas,34484,120625,28587.772
2019,all,<1,I-XXII,Todas las causas,977,361025,270.6184
2019,all,all,I-XXII,Todas las causas,418703,47087778,889.1968
2019,female,1-4,I-XXII,Todas las causas,115,804916,14.2872
2019,female,10-14,I-XXII,Todas las causas,85,1213807,7.0028
2019,female,15-19,I-XXII,Todas las causas,128,1138037,11.2474
2019,female,20-24,I-XXII,Todas las causas,163,1126378,14.4712
2019,female,25-29,I-XXII,Todas las causas,232,1255420,18.4799
2019,female,30-34,I-XXII,Todas las causas,344,1410700,24.3851
2019,female,35-39,I-XXII,Todas las causas,633,1703083,37.1679
2019,female,40-44,I-XXII,Todas las causas,1174,1968133,59.6504
2019,female,45-49,I-XXII,Todas las causas,2027,1904093,106.4549
2019,female,5-9,I-XXII,Todas las causas,67,1129113,5.9339
2019,female,50-54,I-XXII,Todas las causas,3292,1829963,179.8943
2019,female,55-59,I-XXII,Todas las causas,4813,1683915,285.822
2019,female,60-64,I-XXII,Todas las causas,6261,1470578,425.751
2019,female,65-69,I-XXII,Todas las causas,7638,1260913,605.7515
2019,female,70-74,I-XXII,Todas las causas,11344,1180354,961.0676
2019,female,75-79,I-XXII,Todas las causas,16469,938245,1755.2985
2019,female,80-84,I-XXII,Todas las causas,29676,781079,3799.3596
2019,female,85-89,I-XXII,Todas las causas,49491,626087,7904.812
2019,female,90-94,I-XXII,Todas las causas,46184,294944,15658.5657
2019,female,95+,I-XXII,Todas las causas,25465,91446,27847.0354
2019,female,<1,I-XXII,Todas las causas,419,175748,238.4095
2019,female,all,I-XXII,Todas las causas,206020,23986952,858.8836
2019,male,1-4,I-XXII,Todas las causas,132,853499,15.4657
2019,male,10-14,I-XXII,Todas las causas,131,1287324,10.1761
2019,male,15-19,I-XXII,Todas las causas,266,1210737,21.9701
2019,male,20-24,I-XXII,Todas las causas,420,1180725,35.5714
2019,male,25-29,I-XXII,Todas las causas,538,1285787,41.8421
2019,male,30-34,I-XXII,Todas las causas,743,1412677,52.5952
2019,male,35-39,I-XXII,Todas las causas,1228,1720217,71.3863
2019,male,40-44,I-XXII,Todas las causas,2037,2026715,100.5075
2019,male,45-49,I-XXII,Todas las causas,3766,1948679,193.2591
2019,male,5-9,I-XXII,Todas las causas,78,1200564,6.4969
2019,male,50-54,I-XXII,Todas las causas,6605,1821493,362.6146
2019,male,55-59,I-XXII,Todas las causas,9668,1630665,592.887
2019,male,60-64,I-XXII,Todas las causas,13044,1383731,942.6688
2019,male,65-69,I-XXII,Todas las causas,16278,1148654,1417.1369
2019,male,70-74,I-XXII,Todas las causas,22182,1013459,2188.7417
2019,male,75-79,I-XXII,Todas las causas,25709,745612,3448.04
2019,male,80-84,I-XXII,Todas las causas,33954,529736,6409.6078
2019,male,85-89,I-XXII,Todas las causas,40597,356680,11381.911
2019,male,90-94,I-XXII,Todas las causas,25730,129416,19881.6221
2019,male,95+,I-XXII,Todas las causas,9019,29179,30909.2155
2019,male,<1,I-XXII,Todas las causas,558,185277,301.1707
2019,male,all,I-XXII,Todas las causas,212683,23100826,920.6727
2020,all,1-4,I-XXII,Todas las causas,188,1603973,11.7209
2020,all,10-14,I-XXII,Todas las causas,189,2522432,7.4928
2020,all,15-19,I-XXII,Todas las causas,379,2400952,15.7854
2020,all,20-24,I-XXII,Todas las causas,609,2359375,25.8119
2020,all,25-29,I-XXII,Todas las causas,823,2547372,32.3078
2020,all,30-34,I-XXII,Todas las causas,1224,2799018,43.7296
2020,all,35-39,I-XXII,Todas las causas,1935,3312089,58.4223
2020,all,40-44,I-XXII,Todas las causas,3556,3955761,89.8942
2020,all,45-49,I-XXII,Todas las causas,6045,3918800,154.2564
2020,all,5-9,I-XXII,Todas las causas,139,2296690,6.0522
2020,all,50-54,I-XXII,Todas las causas,10389,3683454,282.0451
2020,all,55-59,I-XXII,Todas las causas,15847,3392221,467.1571
2020,all,60-64,I-XXII,Todas las causas,21967,2958179,742.5852
2020,all,65-69,I-XXII,Todas las causas,27536,2450693,1123.6005
2020,all,70-74,I-XXII,Todas las causas,38816,2205781,1759.7395
2020,all,75-79,I-XXII,Todas las causas,52375,1756539,2981.7157
2020,all,80-84,I-XXII,Todas las causas,74045,1280607,5782.0237
2020,all,85-89,I-XXII,Todas las causas,107394,988234,10867.2642
2020,all,90-94,I-XXII,Todas las causas,87184,437604,19923.0354
2020,all,95+,I-XXII,Todas las causas,42246,124072,34049.5841
2020,all,<1,I-XXII,Todas las causas,890,351006,253.5569
2020,all,all,I-XXII,Todas las causas,493776,47344852,1042.9349
2020,female,1-4,I-XXII,Todas las causas,71,779214,9.1117
2020,female,10-14,I-XXII,Todas las causas,80,1223325,6.5396
2020,female,15-19,I-XXII,Todas las causas,137,1163188,11.778
2020,female,20-24,I-XXII,Todas las causas,151,1150193,13.1282
2020,female,25-29,I-XXII,Todas las causas,243,1255376,19.3568
2020,female,30-34,I-XXII,Todas las causas,376,1396154,26.9311
2020,female,35-39,I-XXII,Todas las causas,685,1651651,41.4737
2020,female,40-44,I-XXII,Todas las causas,1283,1953616,65.6731
2020,female,45-49,I-XXII,Todas las causas,2133,1936691,110.1363
2020,female,5-9,I-XXII,Todas las causas,72,1113557,6.4658
2020,female,50-54,I-XXII,Todas las causas,3480,1844355,188.6838
2020,female,55-59,I-XXII,Todas las causas,5300,1723470,307.5191
2020,female,60-64,I-XXII,Todas las causas,7107,1523981,466.3444
2020,female,65-69,I-XXII,Todas las causas,8816,1283317,686.9698
2020,female,70-74,I-XXII,Todas las causas,13274,1186959,1118.32
2020,female,75-79,I-XXII,Todas las causas,20192,978197,2064.2059
2020,female,80-84,I-XXII,Todas las causas,34834,761706,4573.1555
2020,female,85-89,I-XXII,Todas las causas,58838,628539,9361.0739
2020,female,90-94,I-XXII,Todas las causas,55578,303439,18316.0372
2020,female,95+,I-XXII,Todas las causas,31068,94093,33018.3967
2020,female,<1,I-XXII,Todas las causas,394,170813,230.6616
2020,female,all,I-XXII,Todas las causas,244112,24121834,1011.996
2020,male,1-4,I-XXII,Todas las causas,117,824759,14.186
2020,male,10-14,I-XXII,Todas las causas,109,1299107,8.3904
2020,male,15-19,I-XXII,Todas las causas,242,1237764,19.5514
2020,male,20-24,I-XXII,Todas las causas,458,1209182,37.8768
2020,male,25-29,I-XXII,Todas las causas,580,1291996,44.8918
2020,male,30-34,I-XXII,Todas las causas,848,1402864,60.4478
2020,male,35-39,I-XXII,Todas las causas,1250,1660438,75.2813
2020,male,40-44,I-XXII,Todas las causas,2273,2002145,113.5282
2020,male,45-49,I-XXII,Todas las causas,3912,1982109,197.3655
2020,male,5-9,I-XXII,Todas las causas,67,1183133,5.6629
2020,male,50-54,I-XXII,Todas las causas,6909,1839099,375.6731
2020,male,55-59,I-XXII,Todas las causas,10547,1668751,632.0296
2020,male,60-64,I-XXII,Todas las causas,14860,1434198,1036.1191
2020,male,65-69,I-XXII,Todas las causas,18720,1167376,1603.5964
2020,male,70-74,I-XXII,Todas las causas,25542,1018822,2507.013
2020,male,75-79,I-XXII,Todas las causas,32183,778342,4134.8148
2020,male,80-84,I-XXII,Todas las causas,39211,518901,7556.5474
2020,male,85-89,I-XXII,Todas las causas,48556,359695,13499.2146
2020,male,90-94,I-XXII,Todas las causas,31606,134165,23557.5597
2020,male,95+,I-XXII,Todas las causas,11178,29979,37286.1003
2020,male,<1,I-XXII,Todas las causas,496,180193,275.2604
2020,male,all,I-XXII,Todas las causas,249664,23223018,1075.0713
2021,all,1-4,I-XXII,Todas las causas,189,1533431,12.3253
2021,all,10-14,I-XXII,Todas las causas,215,2516246,8.5445
2021,all,15-19,I-XXII,Todas las causas,438,2436768,17.9746
2021,all,20-24,I-XXII,Todas las causas,697,2378969,29.2984
2021,all,25-29,I-XXII,Todas las causas,806,2517756,32.0126
2021,all,30-34,I-XXII,Todas las causas,1206,2754706,43.7796
2021,all,35-39,I-XXII,Todas las causas,1898,3176167,59.7576
2021,all,40-44,I-XXII,Todas las causas,3410,3866751,88.1877
2021,all,45-49,I-XXII,Todas las causas,5851,3971598,147.3211
2021,all,5-9,I-XXII,Todas las causas,170,2252820,7.5461
2021,all,50-54,I-XXII,Todas las causas,9903,3717783,266.3684
2021,all,55-59,I-XXII,Todas las causas,15544,3455499,449.8337
2021,all,60-64,I-XXII,Todas las causas,21994,3044537,722.4087
2021,all,65-69,I-XXII,Todas las causas,27465,2511868,1093.4094
2021,all,70-74,I-XXII,Todas las causas,36355,2213620,1642.3325
2021,all,75-79,I-XXII,Todas las causas,48847,1805839,2704.9477
2021,all,80-84,I-XXII,Todas las causas,64074,1277648,5014.9963
2021,all,85-89,I-XXII,Todas las causas,94365,999335,9442.7794
2021,all,90-94,I-XXII,Todas las causas,78091,457613,17064.8561
2021,all,95+,I-XXII,Todas las causas,38365,130421,29416.275
2021,all,<1,I-XXII,Todas las causas,861,327461,262.9321
2021,all,all,I-XXII,Todas las causas,450744,47346836,952.0045
2021,female,1-4,I-XXII,Todas las causas,85,745443,11.4026
2021,female,10-14,I-XXII,Todas las causas,98,1219543,8.0358
2021,female,15-19,I-XXII,Todas las causas,133,1180935,11.2623
2021,female,20-24,I-XXII,Todas las causas,189,1155956,16.3501
2021,female,25-29,I-XXII,Todas las causas,210,1237874,16.9646
2021,female,30-34,I-XXII,Todas las causas,365,1371127,26.6204
2021,female,35-39,I-XXII,Todas las causas,682,1587291,42.9663
2021,female,40-44,I-XXII,Todas las causas,1207,1914383,63.049
2021,female,45-49,I-XXII,Todas las causas,2092,1962554,106.5958
2021,female,5-9,I-XXII,Todas las causas,84,1092751,7.687
2021,female,50-54,I-XXII,Todas las causas,3407,1857492,183.4194
2021,female,55-59,I-XXII,Todas las causas,4993,1753135,284.8041
2021,female,60-64,I-XXII,Todas las causas,7056,1568026,449.9925
2021,female,65-69,I-XXII,Todas las causas,8834,1314990,671.7922
2021,female,70-74,I-XXII,Todas las causas,12455,1189678,1046.9219
2021,female,75-79,I-XXII,Todas las causas,18951,1005618,1884.5128
2021,female,80-84,I-XXII,Todas las causas,29634,756010,3919.7894
2021,female,85-89,I-XXII,Todas las causas,51232,635225,8065.1738
2021,female,90-94,I-XXII,Todas las causas,49254,316965,15539.2551
2021,female,95+,I-XXII,Todas las causas,27990,99306,28185.6081
2021,female,<1,I-XXII,Todas las causas,383,159144,240.6625
2021,female,all,I-XXII,Todas las causas,219334,24123446,909.215
2021,male,1-4,I-XXII,Todas las causas,104,787988,13.1982
2021,male,10-14,I-XXII,Todas las causas,117,1296703,9.0229
2021,male,15-19,I-XXII,Todas las causas,305,1255833,24.2867
2021,male,20-24,I-XXII,Todas las causas,508,1223013,41.5368
2021,male,25-29,I-XXII,Todas las causas,596,1279882,46.5668
2021,male,30-34,I-XXII,Todas las causas,841,1383579,60.7844
2021,male,35-39,I-XXII,Todas las causas,1216,1588876,76.5321
2021,male,40-44,I-XXII,Todas las causas,2203,1952368,112.8373
2021,male,45-49,I-XXII,Todas las causas,3759,2009044,187.1039
2021,male,5-9,I-XXII,Todas las causas,86,1160069,7.4134
2021,male,50-54,I-XXII,Todas las causas,6496,1860291,349.1927
2021,male,55-59,I-XXII,Todas las causas,10551,1702364,619.7852
2021,male,60-64,I-XXII,Todas las causas,14938,1476511,1011.7094
2021,male,65-69,I-XXII,Todas las causas,18631,1196878,1556.6332
2021,male,70-74,I-XXII,Todas las causas,23900,1023942,2334.1166
2021,male,75-79,I-XXII,Todas las causas,29896,800221,3735.9679
2021,male,80-84,I-XXII,Todas las causas,34440,521638,6602.2797
2021,male,85-89,I-XXII,Todas las causas,43133,364110,11846.1454
2021,male,90-94,I-XXII,Todas las causas,28837,140648,20502.9577
2021,male,95+,I-XXII,Todas las causas,10375,31115,33344.0463
2021,male,<1,I-XXII,Todas las causas,478,168317,283.988
2021,male,all,I-XXII,Todas las causas,231410,23223390,996.4523
2022,all,1-4,I-XXII,Todas las causas,257,1472575,17.4524
2022,all,10-14,I-XXII,Todas las causas,247,2529213,9.7659
2022,all,15-19,I-XXII,Todas las causas,475,2515898,18.8799
2022,all,20-24,I-XXII,Todas las causas,744,2448982,30.38
2022,all,25-29,I-XXII,Todas las causas,785,2548679,30.8003
2022,all,30-34,I-XXII,Todas las causas,1214,2768924,43.8437
2022,all,35-39,I-XXII,Todas las causas,1790,3104551,57.6573
2022,all,40-44,I-XXII,Todas las causas,3422,3775481,90.6375
2022,all,45-49,I-XXII,Todas las causas,5697,4029067,141.3975
2022,all,5-9,I-XXII,Todas las causas,175,2229433,7.8495
2022,all,50-54,I-XXII,Todas las causas,9768,3775904,258.693
2022,all,55-59,I-XXII,Todas las causas,15497,3534478,438.4523
2022,all,60-64,I-XXII,Todas las causas,21799,3125781,697.3937
2022,all,65-69,I-XXII,Todas las causas,27473,2585778,1062.4655
2022,all,70-74,I-XXII,Todas las causas,36476,2262837,1611.9588
2022,all,75-79,I-XXII,Todas las causas,50617,1878752,2694.1821
2022,all,80-84,I-XXII,Todas las causas,61479,1249260,4921.2334
2022,all,85-89,I-XXII,Todas las causas,96180,998794,9629.6133
2022,all,90-94,I-XXII,Todas las causas,85890,475171,18075.598
2022,all,95+,I-XXII,Todas las causas,43563,135166,32229.2588
2022,all,<1,I-XXII,Todas las causas,869,336630,258.1469
2022,all,all,I-XXII,Todas las causas,464417,47781354,971.9628
2022,female,1-4,I-XXII,Todas las causas,106,715949,14.8055
2022,female,10-14,I-XXII,Todas las causas,94,1226187,7.666
2022,female,15-19,I-XXII,Todas las causas,144,1218148,11.8212
2022,female,20-24,I-XXII,Todas las causas,211,1188096,17.7595
2022,female,25-29,I-XXII,Todas las causas,231,1253319,18.4311
2022,female,30-34,I-XXII,Todas las causas,363,1375513,26.3902
2022,female,35-39,I-XXII,Todas las causas,621,1556881,39.8874
2022,female,40-44,I-XXII,Todas las causas,1194,1877876,63.5825
2022,female,45-49,I-XXII,Todas las causas,2084,1992798,104.5766
2022,female,5-9,I-XXII,Todas las causas,76,1082217,7.0226
2022,female,50-54,I-XXII,Todas las causas,3410,1886845,180.725
2022,female,55-59,I-XXII,Todas las causas,5131,1793288,286.1225
2022,female,60-64,I-XXII,Todas las causas,7227,1609859,448.9213
2022,female,65-69,I-XXII,Todas las causas,9075,1355931,669.2818
2022,female,70-74,I-XXII,Todas las causas,12667,1215360,1042.2426
2022,female,75-79,I-XXII,Todas las causas,19885,1047548,1898.2424
2022,female,80-84,I-XXII,Todas las causas,28517,735013,3879.7953
2022,female,85-89,I-XXII,Todas las causas,52390,634737,8253.8122
2022,female,90-94,I-XXII,Todas las causas,54179,327693,16533.4627
2022,female,95+,I-XXII,Todas las causas,32080,103140,31103.3547
2022,female,<1,I-XXII,Todas las causas,370,163031,226.9507
2022,female,all,I-XXII,Todas las causas,230055,24359429,944.4187
2022,male,1-4,I-XXII,Todas las causas,151,756626,19.957
2022,male,10-14,I-XXII,Todas las causas,153,1303026,11.7419
2022,male,15-19,I-XXII,Todas las causas,331,1297750,25.5057
2022,male,20-24,I-XXII,Todas las causas,533,1260886,42.2719
2022,male,25-29,I-XXII,Todas las causas,554,1295360,42.768
2022,male,30-34,I-XXII,Todas las causas,851,1393411,61.0732
2022,male,35-39,I-XXII,Todas las causas,1169,1547670,75.5329
2022,male,40-44,I-XXII,Todas las causas,2228,1897605,117.4112
2022,male,45-49,I-XXII,Todas las causas,3613,2036269,177.4324
2022,male,5-9,I-XXII,Todas las causas,99,1147216,8.6296
2022,male,50-54,I-XXII,Todas las causas,6358,1889059,336.5697
2022,male,55-59,I-XXII,Todas las causas,10366,1741190,595.34
2022,male,60-64,I-XXII,Todas las causas,14572,1515922,961.2632
2022,male,65-69,I-XXII,Todas las causas,18398,1229847,1495.9584
2022,male,70-74,I-XXII,Todas las causas,23809,1047477,2272.9855
2022,male,75-79,I-XXII,Todas las causas,30732,831204,3697.2873
2022,male,80-84,I-XXII,Todas las causas,32962,514247,6409.7603
2022,male,85-89,I-XXII,Todas las causas,43790,364057,12028.3362
2022,male,90-94,I-XXII,Todas las causas,31711,147478,21502.1902
2022,male,95+,I-XXII,Todas las causas,11483,32026,35855.2426
2022,male,<1,I-XXII,Todas las causas,499,173599,287.4441
2022,male,all,I-XXII,Todas las causas,234362,23421925,1000.6095
2023,all,1-4,I-XXII,Todas las causas,229,1440199,15.9006
2023,all,10-14,I-XXII,Todas las causas,188,2505799,7.5026
2023,all,15-19,I-XXII,Todas las causas,444,2596832,17.0978
2023,all,20-24,I-XXII,Todas las causas,728,2548090,28.5704
2023,all,25-29,I-XXII,Todas las causas,825,2593315,31.8126
2023,all,30-34,I-XXII,Todas las causas,1168,2819626,41.4239
2023,all,35-39,I-XXII,Todas las causas,1722,3073085,56.0349
2023,all,40-44,I-XXII,Todas las causas,3170,3681171,86.1139
2023,all,45-49,I-XXII,Todas las causas,5520,4080337,135.2829
2023,all,5-9,I-XXII,Todas las causas,169,2209380,7.6492
2023,all,50-54,I-XXII,Todas las causas,9069,3828620,236.8739
2023,all,55-59,I-XXII,Todas las causas,14901,3619018,411.7415
2023,all,60-64,I-XXII,Todas las causas,20953,3193073,656.2017
2023,all,65-69,I-XXII,Todas las causas,26669,2679653,995.2408
2023,all,70-74,I-XXII,Todas las causas,34329,2267496,1513.9608
2023,all,75-79,I-XXII,Todas las causas,49031,1954224,2508.9754
2023,all,80-84,I-XXII,Todas las causas,58334,1302917,4477.1847
2023,all,85-89,I-XXII,Todas las causas,85598,970537,8819.6534
2023,all,90-94,I-XXII,Todas las causas,80923,492778,16421.7964
2023,all,95+,I-XXII,Todas las causas,41306,140426,29414.7807
2023,all,<1,I-XXII,Todas las causas,848,323944,261.7736
2023,all,all,I-XXII,Todas las causas,436124,48320520,902.5648
2023,female,1-4,I-XXII,Todas las causas,92,700199,13.1391
2023,female,10-14,I-XXII,Todas las causas,86,1214971,7.0784
2023,female,15-19,I-XXII,Todas las causas,164,1257128,13.0456
2023,female,20-24,I-XXII,Todas las causas,186,1235708,15.0521
2023,female,25-29,I-XXII,Todas las causas,239,1272248,18.7856
2023,female,30-34,I-XXII,Todas las causas,351,1397777,25.1113
2023,female,35-39,I-XXII,Todas las causas,567,1541200,36.7895
2023,female,40-44,I-XXII,Todas las causas,1144,1837023,62.2747
2023,female,45-49,I-XXII,Todas las causas,1979,2023009,97.8246
2023,female,5-9,I-XXII,Todas las causas,85,1072276,7.9271
2023,female,50-54,I-XXII,Todas las causas,3125,1912440,163.4038
2023,female,55-59,I-XXII,Todas las causas,5016,1835987,273.2045
2023,female,60-64,I-XXII,Todas las causas,6957,1644037,423.1657
2023,female,65-69,I-XXII,Todas las causas,8918,1406358,634.1202
2023,female,70-74,I-XXII,Todas las causas,11988,1217316,984.7895
2023,female,75-79,I-XXII,Todas las causas,19180,1089068,1761.1389
2023,female,80-84,I-XXII,Todas las causas,26657,762959,3493.8968
2023,female,85-89,I-XXII,Todas las causas,47100,615550,7651.6936
2023,female,90-94,I-XXII,Todas las causas,50883,338935,15012.613
2023,female,95+,I-XXII,Todas las causas,30277,106653,28388.3248
2023,female,<1,I-XXII,Todas las causas,388,157747,245.9635
2023,female,all,I-XXII,Todas las causas,215382,24638589,874.1653
2023,male,1-4,I-XXII,Todas las causas,137,740000,18.5135
2023,male,10-14,I-XXII,Todas las causas,102,1290828,7.9019
2023,male,15-19,I-XXII,Todas las causas,280,1339704,20.9001
2023,male,20-24,I-XXII,Todas las causas,542,1312382,41.299
2023,male,25-29,I-XXII,Todas las causas,586,1321067,44.3581
2023,male,30-34,I-XXII,Todas las causas,817,1421849,57.4604
2023,male,35-39,I-XXII,Todas las causas,1155,1531885,75.3973
2023,male,40-44,I-XXII,Todas las causas,2026,1844148,109.861
2023,male,45-49,I-XXII,Todas las causas,3541,2057328,172.1165
2023,male,5-9,I-XXII,Todas las causas,84,1137104,7.3872
2023,male,50-54,I-XXII,Todas las causas,5944,1916180,310.2005
2023,male,55-59,I-XXII,Todas las causas,9885,1783031,554.3931
2023,male,60-64,I-XXII,Todas las causas,13996,1549036,903.5297
2023,male,65-69,I-XXII,Todas las causas,17751,1273295,1394.0996
2023,male,70-74,I-XXII,Todas las causas,22341,1050180,2127.3496
2023,male,75-79,I-XXII,Todas las causas,29851,865156,3450.3604
2023,male,80-84,I-XXII,Todas las causas,31677,539958,5866.5674
2023,male,85-89,I-XXII,Todas las causas,38498,354987,10844.9042
2023,male,90-94,I-XXII,Todas las causas,30040,153843,19526.4003
2023,male,95+,I-XXII,Todas las causas,11029,33773,32656.2639
2023,male,<1,I-XXII,Todas las causas,460,166197,276.78
2023,male,all,I-XXII,Todas las causas,220742,23681931,932.1115
2024,all,1-4,I-XXII,Todas las causas,201,1409470,14.2607
2024,all,10-14,I-XXII,Todas las causas,210,2480540,8.4659
2024,all,15-19,I-XXII,Todas las causas,432,2667627,16.1942
2024,all,20-24,I-XXII,Todas las causas,661,2637908,25.0577
2024,all,25-29,I-XXII,Todas las causas,808,2648465,30.5082
2024,all,30-34,I-XXII,Todas las causas,1127,2855718,39.4647
2024,all,35-39,I-XXII,Todas las causas,1671,3057268,54.6566
2024,all,40-44,I-XXII,Todas las causas,3055,3587933,85.1465
2024,all,45-49,I-XXII,Todas las causas,5450,4096700,133.0339
2024,all,5-9,I-XXII,Todas las causas,171,2171243,7.8757
2024,all,50-54,I-XXII,Todas las causas,8831,3901279,226.3617
2024,all,55-59,I-XXII,Todas las causas,14389,3655824,393.5912
2024,all,60-64,I-XXII,Todas las causas,20963,3281220,638.8782
2024,all,65-69,I-XXII,Todas las causas,27004,2782612,970.4551
2024,all,70-74,I-XXII,Todas las causas,33622,2285944,1470.8147
2024,all,75-79,I-XXII,Todas las causas,48173,1992787,2417.3682
2024,all,80-84,I-XXII,Todas las causas,61177,1406469,4349.6871
2024,all,85-89,I-XXII,Todas las causas,80436,921872,8725.2894
2024,all,90-94,I-XXII,Todas las causas,82931,511049,16227.6024
2024,all,95+,I-XXII,Todas las causas,43836,149492,29323.3083
2024,all,<1,I-XXII,Todas las causas,970,320516,302.637
2024,all,all,I-XXII,Todas las causas,436118,48821936,893.2829
2024,female,1-4,I-XXII,Todas las causas,89,685056,12.9916
2024,female,10-14,I-XXII,Todas las causas,90,1202941,7.4817
2024,female,15-19,I-XXII,Todas las causas,143,1287752,11.1046
2024,female,20-24,I-XXII,Todas las causas,191,1278031,14.9449
2024,female,25-29,I-XXII,Todas las causas,238,1294695,18.3827
2024,female,30-34,I-XXII,Todas las causas,355,1409729,25.1821
2024,female,35-39,I-XXII,Todas las causas,532,1529441,34.784
2024,female,40-44,I-XXII,Todas las causas,1046,1794391,58.2928
2024,female,45-49,I-XXII,Todas las causas,1957,2034828,96.1752
2024,female,5-9,I-XXII,Todas las causas,65,1055116,6.1605
2024,female,50-54,I-XXII,Todas las causas,3132,1947620,160.8117
2024,female,55-59,I-XXII,Todas las causas,4893,1853354,264.0078
2024,female,60-64,I-XXII,Todas las causas,6967,1689221,412.4386
2024,female,65-69,I-XXII,Todas las causas,9373,1459256,642.3136
2024,female,70-74,I-XXII,Todas las causas,11879,1226257,968.7203
2024,female,75-79,I-XXII,Todas las causas,18640,1110132,1679.0796
2024,female,80-84,I-XXII,Todas las causas,27754,820971,3380.631
2024,female,85-89,I-XXII,Todas las causas,43964,583900,7529.3715
2024,female,90-94,I-XXII,Todas las causas,52142,350145,14891.5449
2024,female,95+,I-XXII,Todas las causas,32163,113032,28454.7739
2024,female,<1,I-XXII,Todas las causas,415,155756,266.4424
2024,female,all,I-XXII,Todas las causas,216028,24881624,868.2231
2024,male,1-4,I-XXII,Todas las causas,112,724414,15.4608
2024,male,10-14,I-XXII,Todas las causas,120,1277599,9.3926
2024,male,15-19,I-XXII,Todas las causas,289,1379875,20.9439
2024,male,20-24,I-XXII,Todas las causas,470,1359877,34.5619
2024,male,25-29,I-XXII,Todas las causas,570,1353770,42.1046
2024,male,30-34,I-XXII,Todas las causas,772,1445989,53.3891
2024,male,35-39,I-XXII,Todas las causas,1139,1527827,74.5503
2024,male,40-44,I-XXII,Todas las causas,2009,1793542,112.013
2024,male,45-49,I-XXII,Todas las causas,3493,2061872,169.4092
2024,male,5-9,I-XXII,Todas las causas,106,1116127,9.4971
2024,male,50-54,I-XXII,Todas las causas,5699,1953659,291.709
2024,male,55-59,I-XXII,Todas las causas,9496,1802470,526.8326
2024,male,60-64,I-XXII,Todas las causas,13996,1591999,879.1463
2024,male,65-69,I-XXII,Todas las causas,17631,1323356,1332.2946
2024,male,70-74,I-XXII,Todas las causas,21743,1059687,2051.8323
2024,male,75-79,I-XXII,Todas las causas,29533,882655,3345.9279
2024,male,80-84,I-XXII,Todas las causas,33423,585498,5708.4738
2024,male,85-89,I-XXII,Todas las causas,36472,337972,10791.4265
2024,male,90-94,I-XXII,Todas las causas,30789,160904,19135.0122
2024,male,95+,I-XXII,Todas las causas,11673,36460,32015.9078
2024,male,<1,I-XXII,Todas las causas,555,164760,336.8536
2024,male,all,I-XXII,Todas las causas,220090,23940312,919.328
