year,sex,age_group,cause_chapter,cause,deaths,population,rate_per_100k
2000,all,1-4,,Accidentes de tráfico,38,1473376,2.5791
2000,all,1-4,,Agresiones (homicidio),2,1473376,0.1357
2000,all,1-4,,Envenenamiento accidental por psicofármacos y drogas de abuso,1,1473376,0.0679
2000,all,1-4,,Eventos de intención no determinada,0,1473376,0.0
2000,all,1-4,,Suicidio y lesiones autoinfligidas,0,1473376,0.0
2000,all,1-4,I-XXII,Todas las causas,383,1473376,25.9947
2000,all,1-4,,"Trastornos mentales debidos al uso de drogas (drogodependencia, toxicomanía)",0,1473376,0.0
2000,all,10-14,,Accidentes de tráfico,110,2152901,5.1094
2000,all,10-14,,Agresiones (homicidio),1,2152901,0.0464
2000,all,10-14,,Envenenamiento accidental por psicofármacos y drogas de abuso,2,2152901,0.0929
2000,all,10-14,,Eventos de intención no determinada,0,2152901,0.0
2000,all,10-14,,Suicidio y lesiones autoinfligidas,9,2152901,0.418
2000,all,10-14,I-XXII,Todas las causas,365,2152901,16.9539
2000,all,10-14,,"Trastornos mentales debidos al uso de drogas (drogodependencia, toxicomanía)",0,2152901,0.0
2000,all,15-19,,Accidentes de tráfico,525,2627575,19.9804
2000,all,15-19,,Agresiones (homicidio),8,2627575,0.3045
2000,all,15-19,,Envenenamiento accidental por psicofármacos y drogas de abuso,21,2627575,0.7992
2000,all,15-19,,Eventos de intención no determinada,2,2627575,0.0761
2000,all,15-19,,Suicidio y lesiones autoinfligidas,89,2627575,3.3872
2000,all,15-19,I-XXII,Todas las causas,1198,2627575,45.5934
2000,all,15-19,,"Trastornos mentales debidos al uso de drogas (drogodependencia, toxicomanía)",0,2627575,0.0
2000,all,20-24,,Accidentes de tráfico,829,3325206,24.9308
2000,all,20-24,,Agresiones (homicidio),30,3325206,0.9022
2000,all,20-24,,Envenenamiento accidental por psicofármacos y drogas de abuso,72,3325206,2.1653
2000,all,20-24,,Eventos de intención no determinada,7,3325206,0.2105
2000,all,20-24,,Suicidio y lesiones autoinfligidas,183,3325206,5.5034
2000,all,20-24,I-XXII,Todas las causas,1996,3325206,60.0264
2000,all,20-24,,"Trastornos mentales debidos al uso de drogas (drogodependencia, toxicomanía)",2,3325206,0.0601
2000,all,25-29,,Accidentes de tráfico,683,3447044,19.8141
2000,all,25-29,,Agresiones (homicidio),52,3447044,1.5085
2000,all,25-29,,Envenenamiento accidental por psicofármacos y drogas de abuso,136,3447044,3.9454
2000,all,25-29,,Eventos de intención no determinada,10,3447044,0.2901
2000,all,25-29,,Suicidio y lesiones autoinfligidas,273,3447044,7.9198
2000,all,25-29,I-XXII,Todas las causas,2339,3447044,67.8552
2000,all,25-29,,"Trastornos mentales debidos al uso de drogas (drogodependencia, toxicomanía)",8,3447044,0.2321
2000,all,30-34,,Accidentes de tráfico,517,3345294,15.4545
2000,all,30-34,,Agresiones (homicidio),75,3345294,2.242
2000,all,30-34,,Envenenamiento accidental por psicofármacos y drogas de abuso,189,3345294,5.6497
2000,all,30-34,,Eventos de intención no determinada,6,3345294,0.1794
2000,all,30-34,,Suicidio y lesiones autoinfligidas,234,3345294,6.9949
2000,all,30-34,I-XXII,Todas las causas,2975,3345294,88.9309
2000,all,30-34,,"Trastornos mentales debidos al uso de drogas (drogodependencia, toxicomanía)",6,3345294,0.1794
2000,all,35-39,,Accidentes de tráfico,445,3208115,13.8711
2000,all,35-39,,Agresiones (homicidio),46,3208115,1.4339
2000,all,35-39,,Envenenamiento accidental por psicofármacos y drogas de abuso,162,3208115,5.0497
2000,all,35-39,,Eventos de intención no determinada,14,3208115,0.4364
2000,all,35-39,,Suicidio y lesiones autoinfligidas,268,3208115,8.3538
2000,all,35-39,I-XXII,Todas las causas,4052,3208115,126.3047
2000,all,35-39,,"Trastornos mentales debidos al uso de drogas (drogodependencia, toxicomanía)",7,3208115,0.2182
2000,all,40-44,,Accidentes de tráfico,413,2913290,14.1764
2000,all,40-44,,Agresiones (homicidio),50,2913290,1.7163
2000,all,40-44,,Envenenamiento accidental por psicofármacos y drogas de abuso,58,2913290,1.9909
2000,all,40-44,,Eventos de intención no determinada,12,2913290,0.4119
2000,all,40-44,,Suicidio y lesiones autoinfligidas,246,2913290,8.4441
2000,all,40-44,I-XXII,Todas las causas,5267,2913290,180.7922
2000,all,40-44,,"Trastornos mentales debidos al uso de drogas (drogodependencia, toxicomanía)",6,2913290,0.206
2000,all,45-49,,Accidentes de tráfico,337,2521261,13.3663
2000,all,45-49,,Agresiones (homicidio),34,2521261,1.3485
2000,all,45-49,,Envenenamiento accidental por psicofármacos y drogas de abuso,23,2521261,0.9122
2000,all,45-49,,Eventos de intención no determinada,6,2521261,0.238
2000,all,45-49,,Suicidio y lesiones autoinfligidas,225,2521261,8.9241
2000,all,45-49,I-XXII,Todas las causas,6523,2521261,258.7197
2000,all,45-49,,"Trastornos mentales debidos al uso de drogas (drogodependencia, toxicomanía)",2,2521261,0.0793
2000,all,5-9,,Accidentes de tráfico,50,1953978,2.5589
2000,all,5-9,,Agresiones (homicidio),1,1953978,0.0512
2000,all,5-9,,Envenenamiento accidental por psicofármacos y drogas de abuso,0,1953978,0.0
2000,all,5-9,,Eventos de intención no determinada,0,1953978,0.0
2000,all,5-9,,Suicidio y lesiones autoinfligidas,0,1953978,0.0
2000,all,5-9,I-XXII,Todas las causas,300,1953978,15.3533
2000,all,5-9,,"Trastornos mentales debidos al uso de drogas (drogodependencia, toxicomanía)",0,1953978,0.0
2000,all,50-54,,Accidentes de tráfico,320,2417614,13.2362
2000,all,50-54,,Agresiones (homicidio),26,2417614,1.0754
2000,all,50-54,,Envenenamiento accidental por psicofármacos y drogas de abuso,12,2417614,0.4964
2000,all,50-54,,Eventos de intención no determinada,3,2417614,0.1241
2000,all,50-54,,Suicidio y lesiones autoinfligidas,219,2417614,9.0585
2000,all,50-54,I-XXII,Todas las causas,9331,2417614,385.959
2000,all,50-54,,"Trastornos mentales debidos al uso de drogas (drogodependencia, toxicomanía)",2,2417614,0.0827
2000,all,55-59,,Accidentes de tráfico,314,2131111,14.7341
2000,all,55-59,,Agresiones (homicidio),22,2131111,1.0323
2000,all,55-59,,Envenenamiento accidental por psicofármacos y drogas de abuso,4,2131111,0.1877
2000,all,55-59,,Eventos de intención no determinada,5,2131111,0.2346
2000,all,55-59,,Suicidio y lesiones autoinfligidas,202,2131111,9.4786
2000,all,55-59,I-XXII,Todas las causas,12024,2131111,564.2128
2000,all,55-59,,"Trastornos mentales debidos al uso de drogas (drogodependencia, toxicomanía)",0,2131111,0.0
2000,all,60-64,,Accidentes de tráfico,279,1903022,14.6609
2000,all,60-64,,Agresiones (homicidio),18,1903022,0.9459
2000,all,60-64,,Envenenamiento accidental por psicofármacos y drogas de abuso,4,1903022,0.2102
2000,all,60-64,,Eventos de intención no determinada,8,1903022,0.4204
2000,all,60-64,,Suicidio y lesiones autoinfligidas,222,1903022,11.6657
2000,all,60-64,I-XXII,Todas las causas,17127,1903022,899.9896
2000,all,60-64,,"Trastornos mentales debidos al uso de drogas (drogodependencia, toxicomanía)",1,1903022,0.0525
2000,all,65-69,,Accidentes de tráfico,330,2084685,15.8297
2000,all,65-69,,Agresiones (homicidio),13,2084685,0.6236
2000,all,65-69,,Envenenamiento accidental por psicofármacos y drogas de abuso,2,2084685,0.0959
2000,all,65-69,,Eventos de intención no determinada,4,2084685,0.1919
2000,all,65-69,,Suicidio y lesiones autoinfligidas,279,2084685,13.3833
2000,all,65-69,I-XXII,Todas las causas,29420,2084685,1411.2444
2000,all,65-69,,"Trastornos mentales debidos al uso de drogas (drogodependencia, toxicomanía)",0,2084685,0.0
2000,all,70-74,,Accidentes de tráfico,331,1794689,18.4433
2000,all,70-74,,Agresiones (homicidio),7,1794689,0.39
2000,all,70-74,,Envenenamiento accidental por psicofármacos y drogas de abuso,3,1794689,0.1672
2000,all,70-74,,Eventos de intención no determinada,7,1794689,0.39
2000,all,70-74,,Suicidio y lesiones autoinfligidas,292,1794689,16.2702
2000,all,70-74,I-XXII,Todas las causas,41327,1794689,2302.7388
2000,all,70-74,,"Trastornos mentales debidos al uso de drogas (drogodependencia, toxicomanía)",0,1794689,0.0
2000,all,75-79,,Accidentes de tráfico,284,1381450,20.5581
2000,all,75-79,,Agresiones (homicidio),12,1381450,0.8687
2000,all,75-79,,Envenenamiento accidental por psicofármacos y drogas de abuso,2,1381450,0.1448
2000,all,75-79,,Eventos de intención no determinada,4,1381450,0.2896
2000,all,75-79,,Suicidio y lesiones autoinfligidas,266,1381450,19.2551
2000,all,75-79,I-XXII,Todas las causas,55264,1381450,4000.4343
2000,all,75-79,,"Trastornos mentales debidos al uso de drogas (drogodependencia, toxicomanía)",0,1381450,0.0
2000,all,80-84,,Accidentes de tráfico,150,816297,18.3757
2000,all,80-84,,Agresiones (homicidio),2,816297,0.245
2000,all,80-84,,Envenenamiento accidental por psicofármacos y drogas de abuso,3,816297,0.3675
2000,all,80-84,,Eventos de intención no determinada,4,816297,0.49
2000,all,80-84,,Suicidio y lesiones autoinfligidas,203,816297,24.8684
2000,all,80-84,I-XXII,Todas las causas,58873,816297,7212.2034
2000,all,80-84,,"Trastornos mentales debidos al uso de drogas (drogodependencia, toxicomanía)",0,816297,0.0
2000,all,85-89,,Accidentes de tráfico,94,466032,20.1703
2000,all,85-89,,Agresiones (homicidio),6,466032,1.2875
2000,all,85-89,,Envenenamiento accidental por psicofármacos y drogas de abuso,2,466032,0.4292
2000,all,85-89,,Eventos de intención no determinada,2,466032,0.4292
2000,all,85-89,,Suicidio y lesiones autoinfligidas,135,466032,28.968
2000,all,85-89,I-XXII,Todas las causas,59660,466032,12801.696
2000,all,85-89,,"Trastornos mentales debidos al uso de drogas (drogodependencia, toxicomanía)",0,466032,0.0
2000,all,90-94,,Accidentes de tráfico,30,170618,17.5831
2000,all,90-94,,Agresiones (homicidio),2,170618,1.1722
2000,all,90-94,,Envenenamiento accidental por psicofármacos y drogas de abuso,1,170618,0.5861
2000,all,90-94,,Eventos de intención no determinada,4,170618,2.3444
2000,all,90-94,,Suicidio y lesiones autoinfligidas,42,170618,24.6164
2000,all,90-94,I-XXII,Todas las causas,37319,170618,21872.8387
2000,all,90-94,,"Trastornos mentales debidos al uso de drogas (drogodependencia, toxicomanía)",0,170618,0.0
2000,all,95+,,Accidentes de tráfico,9,36061,24.9577
2000,all,95+,,Agresiones (homicidio),0,36061,0.0
2000,all,95+,,Envenenamiento accidental por psicofármacos y drogas de abuso,1,36061,2.7731
2000,all,95+,,Eventos de intención no determinada,0,36061,0.0
2000,all,95+,,Suicidio y lesiones autoinfligidas,6,36061,16.6385
2000,all,95+,I-XXII,Todas las causas,12908,36061,35794.9031
2000,all,95+,,"Trastornos mentales debidos al uso de drogas (drogodependencia, toxicomanía)",0,36061,0.0
2000,all,<1,,Accidentes de tráfico,10,384769,2.599
2000,all,<1,,Agresiones (homicidio),4,384769,1.0396
2000,all,<1,,Envenenamiento accidental por psicofármacos y drogas de abuso,0,384769,0.0
2000,all,<1,,Eventos de intención no determinada,0,384769,0.0
2000,all,<1,,Suicidio y lesiones autoinfligidas,0,384769,0.0
2000,all,<1,I-XXII,Todas las causas,1740,384769,452.2194
2000,all,<1,,"Trastornos mentales debidos al uso de drogas (drogodependencia, toxicomanía)",0,384769,0.0
2000,all,all,,Accidentes de tráfico,6098,40554388,15.0366
2000,all,all,,Agresiones (homicidio),411,40554388,1.0135
2000,all,all,,Envenenamiento accidental por psicofármacos y drogas de abuso,698,40554388,1.7211
2000,all,all,,Eventos de intención no determinada,98,40554388,0.2417
2000,all,all,,Suicidio y lesiones autoinfligidas,3393,40554388,8.3665
2000,all,all,I-XXII,Todas las causas,360391,40554388,888.6609
2000,all,all,,"Trastornos mentales debidos al uso de drogas (drogodependencia, toxicomanía)",34,40554388,0.0838
2000,female,1-4,,Accidentes de tráfico,19,716157,2.653
2000,female,1-4,,Agresiones (homicidio),2,716157,0.2793
2000,female,1-4,,Envenenamiento accidental por psicofármacos y drogas de abuso,1,716157,0.1396
2000,female,1-4,,Eventos de intención no determinada,0,716157,0.0
2000,female,1-4,,Suicidio y lesiones autoinfligidas,0,716157,0.0
2000,female,1-4,I-XXII,Todas las causas,163,716157,22.7604
2000,female,1-4,,"Trastornos mentales debidos al uso de drogas (drogodependencia, toxicomanía)",0,716157,0.0
2000,female,10-14,,Accidentes de tráfico,37,1047377,3.5326
2000,female,10-14,,Agresiones (homicidio),1,1047377,0.0955
2000,female,10-14,,Envenenamiento accidental por psicofármacos y drogas de abuso,0,1047377,0.0
2000,female,10-14,,Eventos de intención no determinada,0,1047377,0.0
2000,female,10-14,,Suicidio y lesiones autoinfligidas,3,1047377,0.2864
2000,female,10-14,I-XXII,Todas las causas,145,1047377,13.8441
2000,female,10-14,,"Trastornos mentales debidos al uso de drogas (drogodependencia, toxicomanía)",0,1047377,0.0
2000,female,15-19,,Accidentes de tráfico,125,1280803,9.7595
2000,female,15-19,,Agresiones (homicidio),4,1280803,0.3123
2000,female,15-19,,Envenenamiento accidental por psicofármacos y drogas de abuso,4,1280803,0.3123
2000,female,15-19,,Eventos de intención no determinada,2,1280803,0.1562
2000,female,15-19,,Suicidio y lesiones autoinfligidas,18,1280803,1.4054
2000,female,15-19,I-XXII,Todas las causas,336,1280803,26.2335
2000,female,15-19,,"Trastornos mentales debidos al uso de drogas (drogodependencia, toxicomanía)",0,1280803,0.0
2000,female,20-24,,Accidentes de tráfico,165,1623925,10.1606
2000,female,20-24,,Agresiones (homicidio),4,1623925,0.2463
2000,female,20-24,,Envenenamiento accidental por psicofármacos y drogas de abuso,10,1623925,0.6158
2000,female,20-24,,Eventos de intención no determinada,0,1623925,0.0
2000,female,20-24,,Suicidio y lesiones autoinfligidas,25,1623925,1.5395
2000,female,20-24,I-XXII,Todas las causas,463,1623925,28.5112
2000,female,20-24,,"Trastornos mentales debidos al uso de drogas (drogodependencia, toxicomanía)",0,1623925,0.0
2000,female,25-29,,Accidentes de tráfico,113,1687139,6.6977
2000,female,25-29,,Agresiones (homicidio),11,1687139,0.652
2000,female,25-29,,Envenenamiento accidental por psicofármacos y drogas de abuso,11,1687139,0.652
2000,female,25-29,,Eventos de intención no determinada,2,1687139,0.1185
2000,female,25-29,,Suicidio y lesiones autoinfligidas,48,1687139,2.8451
2000,female,25-29,I-XXII,Todas las causas,533,1687139,31.5919
2000,female,25-29,,"Trastornos mentales debidos al uso de drogas (drogodependencia, toxicomanía)",1,1687139,0.0593
2000,female,30-34,,Accidentes de tráfico,90,1650004,5.4545
2000,female,30-34,,Agresiones (homicidio),23,1650004,1.3939
2000,female,30-34,,Envenenamiento accidental por psicofármacos y drogas de abuso,25,1650004,1.5151
2000,female,30-34,,Eventos de intención no determinada,1,1650004,0.0606
2000,female,30-34,,Suicidio y lesiones autoinfligidas,59,1650004,3.5757
2000,female,30-34,I-XXII,Todas las causas,784,1650004,47.515
2000,female,30-34,,"Trastornos mentales debidos al uso de drogas (drogodependencia, toxicomanía)",0,1650004,0.0
2000,female,35-39,,Accidentes de tráfico,73,1597503,4.5696
2000,female,35-39,,Agresiones (homicidio),12,1597503,0.7512
2000,female,35-39,,Envenenamiento accidental por psicofármacos y drogas de abuso,18,1597503,1.1268
2000,female,35-39,,Eventos de intención no determinada,5,1597503,0.313
2000,female,35-39,,Suicidio y lesiones autoinfligidas,47,1597503,2.9421
2000,female,35-39,I-XXII,Todas las causas,1117,1597503,69.9216
2000,female,35-39,,"Trastornos mentales debidos al uso de drogas (drogodependencia, toxicomanía)",2,1597503,0.1252
2000,female,40-44,,Accidentes de tráfico,82,1459473,5.6185
2000,female,40-44,,Agresiones (homicidio),12,1459473,0.8222
2000,female,40-44,,Envenenamiento accidental por psicofármacos y drogas de abuso,7,1459473,0.4796
2000,female,40-44,,Eventos de intención no determinada,3,1459473,0.2056
2000,female,40-44,,Suicidio y lesiones autoinfligidas,53,1459473,3.6314
2000,female,40-44,I-XXII,Todas las causas,1589,1459473,108.8749
2000,female,40-44,,"Trastornos mentales debidos al uso de drogas (drogodependencia, toxicomanía)",1,1459473,0.0685
2000,female,45-49,,Accidentes de tráfico,69,1265310,5.4532
2000,female,45-49,,Agresiones (homicidio),6,1265310,0.4742
2000,female,45-49,,Envenenamiento accidental por psicofármacos y drogas de abuso,2,1265310,0.1581
2000,female,45-49,,Eventos de intención no determinada,2,1265310,0.1581
2000,female,45-49,,Suicidio y lesiones autoinfligidas,52,1265310,4.1097
2000,female,45-49,I-XXII,Todas las causas,1920,1265310,151.7415
2000,female,45-49,,"Trastornos mentales debidos al uso de drogas (drogodependencia, toxicomanía)",0,1265310,0.0
2000,female,5-9,,Accidentes de tráfico,18,949727,1.8953
2000,female,5-9,,Agresiones (homicidio),0,949727,0.0
2000,female,5-9,,Envenenamiento accidental por psicofármacos y drogas de abuso,0,949727,0.0
2000,female,5-9,,Eventos de intención no determinada,0,949727,0.0
2000,female,5-9,,Suicidio y lesiones autoinfligidas,0,949727,0.0
2000,female,5-9,I-XXII,Todas las causas,119,949727,12.5299
2000,female,5-9,,"Trastornos mentales debidos al uso de drogas (drogodependencia, toxicomanía)",0,949727,0.0
2000,female,50-54,,Accidentes de tráfico,75,1224471,6.1251
2000,female,50-54,,Agresiones (homicidio),8,1224471,0.6533
2000,female,50-54,,Envenenamiento accidental por psicofármacos y drogas de abuso,3,1224471,0.245
2000,female,50-54,,Eventos de intención no determinada,1,1224471,0.0817
2000,female,50-54,,Suicidio y lesiones autoinfligidas,64,1224471,5.2267
2000,female,50-54,I-XXII,Todas las causas,2640,1224471,215.6033
2000,female,50-54,,"Trastornos mentales debidos al uso de drogas (drogodependencia, toxicomanía)",0,1224471,0.0
2000,female,55-59,,Accidentes de tráfico,67,1088096,6.1575
2000,female,55-59,,Agresiones (homicidio),5,1088096,0.4595
2000,female,55-59,,Envenenamiento accidental por psicofármacos y drogas de abuso,2,1088096,0.1838
2000,female,55-59,,Eventos de intención no determinada,1,1088096,0.0919
2000,female,55-59,,Suicidio y lesiones autoinfligidas,53,1088096,4.8709
2000,female,55-59,I-XXII,Todas las causas,3402,1088096,312.6562
2000,female,55-59,,"Trastornos mentales debidos al uso de drogas (drogodependencia, toxicomanía)",0,1088096,0.0
2000,female,60-64,,Accidentes de tráfico,65,996223,6.5246
2000,female,60-64,,Agresiones (homicidio),2,996223,0.2008
2000,female,60-64,,Envenenamiento accidental por psicofármacos y drogas de abuso,4,996223,0.4015
2000,female,60-64,,Eventos de intención no determinada,2,996223,0.2008
2000,female,60-64,,Suicidio y lesiones autoinfligidas,67,996223,6.7254
2000,female,60-64,I-XXII,Todas las causas,5002,996223,502.0964
2000,female,60-64,,"Trastornos mentales debidos al uso de drogas (drogodependencia, toxicomanía)",0,996223,0.0
2000,female,65-69,,Accidentes de tráfico,102,1112269,9.1704
2000,female,65-69,,Agresiones (homicidio),4,1112269,0.3596
2000,female,65-69,,Envenenamiento accidental por psicofármacos y drogas de abuso,0,1112269,0.0
2000,female,65-69,,Eventos de intención no determinada,1,1112269,0.0899
2000,female,65-69,,Suicidio y lesiones autoinfligidas,78,1112269,7.0127
2000,female,65-69,I-XXII,Todas las causas,9412,1112269,846.1982
2000,female,65-69,,"Trastornos mentales debidos al uso de drogas (drogodependencia, toxicomanía)",0,1112269,0.0
2000,female,70-74,,Accidentes de tráfico,108,996561,10.8373
2000,female,70-74,,Agresiones (homicidio),5,996561,0.5017
2000,female,70-74,,Envenenamiento accidental por psicofármacos y drogas de abuso,3,996561,0.301
2000,female,70-74,,Eventos de intención no determinada,1,996561,0.1003
2000,female,70-74,,Suicidio y lesiones autoinfligidas,87,996561,8.73
2000,female,70-74,I-XXII,Todas las causas,15027,996561,1507.8856
2000,female,70-74,,"Trastornos mentales debidos al uso de drogas (drogodependencia, toxicomanía)",0,996561,0.0
2000,female,75-79,,Accidentes de tráfico,108,810091,13.3318
2000,female,75-79,,Agresiones (homicidio),8,810091,0.9875
2000,female,75-79,,Envenenamiento accidental por psicofármacos y drogas de abuso,1,810091,0.1234
2000,female,75-79,,Eventos de intención no determinada,3,810091,0.3703
2000,female,75-79,,Suicidio y lesiones autoinfligidas,70,810091,8.641
2000,female,75-79,I-XXII,Todas las causas,23757,810091,2932.6335
2000,female,75-79,,"Trastornos mentales debidos al uso de drogas (drogodependencia, toxicomanía)",0,810091,0.0
2000,female,80-84,,Accidentes de tráfico,69,525308,13.1352
2000,female,80-84,,Agresiones (homicidio),0,525308,0.0
2000,female,80-84,,Envenenamiento accidental por psicofármacos y drogas de abuso,1,525308,0.1904
2000,female,80-84,,Eventos de intención no determinada,1,525308,0.1904
2000,female,80-84,,Suicidio y lesiones autoinfligidas,51,525308,9.7086
2000,female,80-84,I-XXII,Todas las causas,31801,525308,6053.7818
2000,female,80-84,,"Trastornos mentales debidos al uso de drogas (drogodependencia, toxicomanía)",0,525308,0.0
2000,female,85-89,,Accidentes de tráfico,41,318621,12.868
2000,female,85-89,,Agresiones (homicidio),3,318621,0.9416
2000,female,85-89,,Envenenamiento accidental por psicofármacos y drogas de abuso,0,318621,0.0
2000,female,85-89,,Eventos de intención no determinada,0,318621,0.0
2000,female,85-89,,Suicidio y lesiones autoinfligidas,33,318621,10.3571
2000,female,85-89,I-XXII,Todas las causas,36969,318621,11602.8134
2000,female,85-89,,"Trastornos mentales debidos al uso de drogas (drogodependencia, toxicomanía)",0,318621,0.0
2000,female,90-94,,Accidentes de tráfico,11,122640,8.9693
2000,female,90-94,,Agresiones (homicidio),1,122640,0.8154
2000,female,90-94,,Envenenamiento accidental por psicofármacos y drogas de abuso,0,122640,0.0
2000,female,90-94,,Eventos de intención no determinada,2,122640,1.6308
2000,female,90-94,,Suicidio y lesiones autoinfligidas,8,122640,6.5232
2000,female,90-94,I-XXII,Todas las causas,25485,122640,20780.3327
2000,female,90-94,,"Trastornos mentales debidos al uso de drogas (drogodependencia, toxicomanía)",0,122640,0.0
2000,female,95+,,Accidentes de tráfico,5,27402,18.2468
2000,female,95+,,Agresiones (homicidio),0,27402,0.0
2000,female,95+,,Envenenamiento accidental por psicofármacos y drogas de abuso,1,27402,3.6494
2000,female,95+,,Eventos de intención no determinada,0,27402,0.0
2000,female,95+,,Suicidio y lesiones autoinfligidas,3,27402,10.9481
2000,female,95+,I-XXII,Todas las causas,9478,27402,34588.7162
2000,female,95+,,"Trastornos mentales debidos al uso de drogas (drogodependencia, toxicomanía)",0,27402,0.0
2000,female,<1,,Accidentes de tráfico,3,186652,1.6073
2000,female,<1,,Agresiones (homicidio),2,186652,1.0715
2000,female,<1,,Envenenamiento accidental por psicofármacos y drogas de abuso,0,186652,0.0
2000,female,<1,,Eventos de intención no determinada,0,186652,0.0
2000,female,<1,,Suicidio y lesiones autoinfligidas,0,186652,0.0
2000,female,<1,I-XXII,Todas las causas,781,186652,418.4257
2000,female,<1,,"Trastornos mentales debidos al uso de drogas (drogodependencia, toxicomanía)",0,186652,0.0
2000,female,all,,Accidentes de tráfico,1445,20685752,6.9855
2000,female,all,,Agresiones (homicidio),113,20685752,0.5463
2000,female,all,,Envenenamiento accidental por psicofármacos y drogas de abuso,93,20685752,0.4496
2000,female,all,,Eventos de intención no determinada,27,20685752,0.1305
2000,female,all,,Suicidio y lesiones autoinfligidas,819,20685752,3.9592
2000,female,all,I-XXII,Todas las causas,170923,20685752,826.2837
2000,female,all,,"Trastornos mentales debidos al uso de drogas (drogodependencia, toxicomanía)",4,20685752,0.0193
2000,male,1-4,,Accidentes de tráfico,19,757221,2.5092
2000,male,1-4,,Agresiones (homicidio),0,757221,0.0
2000,male,1-4,,Envenenamiento accidental por psicofármacos y drogas de abuso,0,757221,0.0
2000,male,1-4,,Eventos de intención no determinada,0,757221,0.0
2000,male,1-4,,Suicidio y lesiones autoinfligidas,0,757221,0.0
2000,male,1-4,I-XXII,Todas las causas,220,757221,29.0536
2000,male,1-4,,"Trastornos mentales debidos al uso de drogas (drogodependencia, toxicomanía)",0,757221,0.0
2000,male,10-14,,Accidentes de tráfico,73,1105524,6.6032
2000,male,10-14,,Agresiones (homicidio),0,1105524,0.0
2000,male,10-14,,Envenenamiento accidental por psicofármacos y drogas de abuso,2,1105524,0.1809
2000,male,10-14,,Eventos de intención no determinada,0,1105524,0.0
2000,male,10-14,,Suicidio y lesiones autoinfligidas,6,1105524,0.5427
2000,male,10-14,I-XXII,Todas las causas,220,1105524,19.9001
2000,male,10-14,,"Trastornos mentales debidos al uso de drogas (drogodependencia, toxicomanía)",0,1105524,0.0
2000,male,15-19,,Accidentes de tráfico,400,1346770,29.7007
2000,male,15-19,,Agresiones (homicidio),4,1346770,0.297
2000,male,15-19,,Envenenamiento accidental por psicofármacos y drogas de abuso,17,1346770,1.2623
2000,male,15-19,,Eventos de intención no determinada,0,1346770,0.0
2000,male,15-19,,Suicidio y lesiones autoinfligidas,71,1346770,5.2719
2000,male,15-19,I-XXII,Todas las causas,862,1346770,64.005
2000,male,15-19,,"Trastornos mentales debidos al uso de drogas (drogodependencia, toxicomanía)",0,1346770,0.0
2000,male,20-24,,Accidentes de tráfico,664,1701281,39.0294
2000,male,20-24,,Agresiones (homicidio),26,1701281,1.5283
2000,male,20-24,,Envenenamiento accidental por psicofármacos y drogas de abuso,62,1701281,3.6443
2000,male,20-24,,Eventos de intención no determinada,7,1701281,0.4115
2000,male,20-24,,Suicidio y lesiones autoinfligidas,158,1701281,9.2871
2000,male,20-24,I-XXII,Todas las causas,1533,1701281,90.1086
2000,male,20-24,,"Trastornos mentales debidos al uso de drogas (drogodependencia, toxicomanía)",2,1701281,0.1176
2000,male,25-29,,Accidentes de tráfico,570,1759905,32.3881
2000,male,25-29,,Agresiones (homicidio),41,1759905,2.3297
2000,male,25-29,,Envenenamiento accidental por psicofármacos y drogas de abuso,125,1759905,7.1027
2000,male,25-29,,Eventos de intención no determinada,8,1759905,0.4546
2000,male,25-29,,Suicidio y lesiones autoinfligidas,225,1759905,12.7848
2000,male,25-29,I-XXII,Todas las causas,1806,1759905,102.6192
2000,male,25-29,,"Trastornos mentales debidos al uso de drogas (drogodependencia, toxicomanía)",7,1759905,0.3977
2000,male,30-34,,Accidentes de tráfico,427,1695291,25.1874
2000,male,30-34,,Agresiones (homicidio),52,1695291,3.0673
2000,male,30-34,,Envenenamiento accidental por psicofármacos y drogas de abuso,164,1695291,9.6739
2000,male,30-34,,Eventos de intención no determinada,5,1695291,0.2949
2000,male,30-34,,Suicidio y lesiones autoinfligidas,175,1695291,10.3227
2000,male,30-34,I-XXII,Todas las causas,2191,1695291,129.2403
2000,male,30-34,,"Trastornos mentales debidos al uso de drogas (drogodependencia, toxicomanía)",6,1695291,0.3539
2000,male,35-39,,Accidentes de tráfico,372,1610610,23.0968
2000,male,35-39,,Agresiones (homicidio),34,1610610,2.111
2000,male,35-39,,Envenenamiento accidental por psicofármacos y drogas de abuso,144,1610610,8.9407
2000,male,35-39,,Eventos de intención no determinada,9,1610610,0.5588
2000,male,35-39,,Suicidio y lesiones autoinfligidas,221,1610610,13.7215
2000,male,35-39,I-XXII,Todas las causas,2935,1610610,182.2291
2000,male,35-39,,"Trastornos mentales debidos al uso de drogas (drogodependencia, toxicomanía)",5,1610610,0.3104
2000,male,40-44,,Accidentes de tráfico,331,1453816,22.7677
2000,male,40-44,,Agresiones (homicidio),38,1453816,2.6138
2000,male,40-44,,Envenenamiento accidental por psicofármacos y drogas de abuso,51,1453816,3.508
2000,male,40-44,,Eventos de intención no determinada,9,1453816,0.6191
2000,male,40-44,,Suicidio y lesiones autoinfligidas,193,1453816,13.2754
2000,male,40-44,I-XXII,Todas las causas,3678,1453816,252.9894
2000,male,40-44,,"Trastornos mentales debidos al uso de drogas (drogodependencia, toxicomanía)",5,1453816,0.3439
2000,male,45-49,,Accidentes de tráfico,268,1255952,21.3384
2000,male,45-49,,Agresiones (homicidio),28,1255952,2.2294
2000,male,45-49,,Envenenamiento accidental por psicofármacos y drogas de abuso,21,1255952,1.672
2000,male,45-49,,Eventos de intención no determinada,4,1255952,0.3185
2000,male,45-49,,Suicidio y lesiones autoinfligidas,173,1255952,13.7744
2000,male,45-49,I-XXII,Todas las causas,4603,1255952,366.4949
2000,male,45-49,,"Trastornos mentales debidos al uso de drogas (drogodependencia, toxicomanía)",2,1255952,0.1592
2000,male,5-9,,Accidentes de tráfico,32,1004252,3.1865
2000,male,5-9,,Agresiones (homicidio),1,1004252,0.0996
2000,male,5-9,,Envenenamiento accidental por psicofármacos y drogas de abuso,0,1004252,0.0
2000,male,5-9,,Eventos de intención no determinada,0,1004252,0.0
2000,male,5-9,,Suicidio y lesiones autoinfligidas,0,1004252,0.0
2000,male,5-9,I-XXII,Todas las causas,181,1004252,18.0234
2000,male,5-9,,"Trastornos mentales debidos al uso de drogas (drogodependencia, toxicomanía)",0,1004252,0.0
2000,male,50-54,,Accidentes de tráfico,245,1193144,20.534
2000,male,50-54,,Agresiones (homicidio),18,1193144,1.5086
2000,male,50-54,,Envenenamiento accidental por psicofármacos y drogas de abuso,9,1193144,0.7543
2000,male,50-54,,Eventos de intención no determinada,2,1193144,0.1676
2000,male,50-54,,Suicidio y lesiones autoinfligidas,155,1193144,12.9909
2000,male,50-54,I-XXII,Todas las causas,6691,1193144,560.7873
2000,male,50-54,,"Trastornos mentales debidos al uso de drogas (drogodependencia, toxicomanía)",2,1193144,0.1676
2000,male,55-59,,Accidentes de tráfico,247,1043014,23.6814
2000,male,55-59,,Agresiones (homicidio),17,1043014,1.6299
2000,male,55-59,,Envenenamiento accidental por psicofármacos y drogas de abuso,2,1043014,0.1918
2000,male,55-59,,Eventos de intención no determinada,4,1043014,0.3835
2000,male,55-59,,Suicidio y lesiones autoinfligidas,149,1043014,14.2855
2000,male,55-59,I-XXII,Todas las causas,8622,1043014,826.6428
2000,male,55-59,,"Trastornos mentales debidos al uso de drogas (drogodependencia, toxicomanía)",0,1043014,0.0
2000,male,60-64,,Accidentes de tráfico,214,906799,23.5995
2000,male,60-64,,Agresiones (homicidio),16,906799,1.7644
2000,male,60-64,,Envenenamiento accidental por psicofármacos y drogas de abuso,0,906799,0.0
2000,male,60-64,,Eventos de intención no determinada,6,906799,0.6617
2000,male,60-64,,Suicidio y lesiones autoinfligidas,155,906799,17.0931
2000,male,60-64,I-XXII,Todas las causas,12125,906799,1337.121
2000,male,60-64,,"Trastornos mentales debidos al uso de drogas (drogodependencia, toxicomanía)",1,906799,0.1103
2000,male,65-69,,Accidentes de tráfico,228,972416,23.4468
2000,male,65-69,,Agresiones (homicidio),9,972416,0.9255
2000,male,65-69,,Envenenamiento accidental por psicofármacos y drogas de abuso,2,972416,0.2057
2000,male,65-69,,Eventos de intención no determinada,3,972416,0.3085
2000,male,65-69,,Suicidio y lesiones autoinfligidas,201,972416,20.6702
2000,male,65-69,I-XXII,Todas las causas,20008,972416,2057.5556
2000,male,65-69,,"Trastornos mentales debidos al uso de drogas (drogodependencia, toxicomanía)",0,972416,0.0
2000,male,70-74,,Accidentes de tráfico,223,798128,27.9404
2000,male,70-74,,Agresiones (homicidio),2,798128,0.2506
2000,male,70-74,,Envenenamiento accidental por psicofármacos y drogas de abuso,0,798128,0.0
2000,male,70-74,,Eventos de intención no determinada,6,798128,0.7518
2000,male,70-74,,Suicidio y lesiones autoinfligidas,205,798128,25.6851
2000,male,70-74,I-XXII,Todas las causas,26300,798128,3295.2108
2000,male,70-74,,"Trastornos mentales debidos al uso de drogas (drogodependencia, toxicomanía)",0,798128,0.0
2000,male,75-79,,Accidentes de tráfico,176,571359,30.8038
2000,male,75-79,,Agresiones (homicidio),4,571359,0.7001
2000,male,75-79,,Envenenamiento accidental por psicofármacos y drogas de abuso,1,571359,0.175
2000,male,75-79,,Eventos de intención no determinada,1,571359,0.175
2000,male,75-79,,Suicidio y lesiones autoinfligidas,196,571359,34.3042
2000,male,75-79,I-XXII,Todas las causas,31507,571359,5514.3964
2000,male,75-79,,"Trastornos mentales debidos al uso de drogas (drogodependencia, toxicomanía)",0,571359,0.0
2000,male,80-84,,Accidentes de tráfico,81,290989,27.8361
2000,male,80-84,,Agresiones (homicidio),2,290989,0.6873
2000,male,80-84,,Envenenamiento accidental por psicofármacos y drogas de abuso,2,290989,0.6873
2000,male,80-84,,Eventos de intención no determinada,3,290989,1.031
2000,male,80-84,,Suicidio y lesiones autoinfligidas,152,290989,52.2357
2000,male,80-84,I-XXII,Todas las causas,27072,290989,9303.4445
2000,male,80-84,,"Trastornos mentales debidos al uso de drogas (drogodependencia, toxicomanía)",0,290989,0.0
2000,male,85-89,,Accidentes de tráfico,53,147412,35.9537
2000,male,85-89,,Agresiones (homicidio),3,147412,2.0351
2000,male,85-89,,Envenenamiento accidental por psicofármacos y drogas de abuso,2,147412,1.3567
2000,male,85-89,,Eventos de intención no determinada,2,147412,1.3567
2000,male,85-89,,Suicidio y lesiones autoinfligidas,102,147412,69.1938
2000,male,85-89,I-XXII,Todas las causas,22691,147412,15392.9124
2000,male,85-89,,"Trastornos mentales debidos al uso de drogas (drogodependencia, toxicomanía)",0,147412,0.0
2000,male,90-94,,Accidentes de tráfico,19,47978,39.6015
2000,male,90-94,,Agresiones (homicidio),1,47978,2.0843
2000,male,90-94,,Envenenamiento accidental por psicofármacos y drogas de abuso,1,47978,2.0843
2000,male,90-94,,Eventos de intención no determinada,2,47978,4.1686
2000,male,90-94,,Suicidio y lesiones autoinfligidas,34,47978,70.8658
2000,male,90-94,I-XXII,Todas las causas,11834,47978,24665.4717
2000,male,90-94,,"Trastornos mentales debidos al uso de drogas (drogodependencia, toxicomanía)",0,47978,0.0
2000,male,95+,,Accidentes de tráfico,4,8659,46.1947
2000,male,95+,,Agresiones (homicidio),0,8659,0.0
2000,male,95+,,Envenenamiento accidental por psicofármacos y drogas de abuso,0,8659,0.0
2000,male,95+,,Eventos de intención no determinada,0,8659,0.0
2000,male,95+,,Suicidio y lesiones autoinfligidas,3,8659,34.646
2000,male,95+,I-XXII,Todas las causas,3430,8659,39611.9644
2000,male,95+,,"Trastornos mentales debidos al uso de drogas (drogodependencia, toxicomanía)",0,8659,0.0
2000,male,<1,,Accidentes de tráfico,7,198117,3.5333
2000,male,<1,,Agresiones (homicidio),2,198117,1.0095
2000,male,<1,,Envenenamiento accidental por psicofármacos y drogas de abuso,0,198117,0.0
2000,male,<1,,Eventos de intención no determinada,0,198117,0.0
2000,male,<1,,Suicidio y lesiones autoinfligidas,0,198117,0.0
2000,male,<1,I-XXII,Todas las causas,959,198117,484.0574
2000,male,<1,,"Trastornos mentales debidos al uso de drogas (drogodependencia, toxicomanía)",0,198117,0.0
2000,male,all,,Accidentes de tráfico,4653,19868637,23.4188
2000,male,all,,Agresiones (homicidio),298,19868637,1.4999
2000,male,all,,Envenenamiento accidental por psicofármacos y drogas de abuso,605,19868637,3.045
2000,male,all,,Eventos de intención no determinada,71,19868637,0.3573
2000,male,all,,Suicidio y lesiones autoinfligidas,2574,19868637,12.9551
2000,male,all,I-XXII,Todas las causas,189468,19868637,953.6034
2000,male,all,,"Trastornos mentales debidos al uso de drogas (drogodependencia, toxicomanía)",30,19868637,0.151
2001,all,1-4,,Accidentes de tráfico,44,1501021,2.9313
2001,all,1-4,,Agresiones (homicidio),2,1501021,0.1332
2001,all,1-4,,Envenenamiento accidental por psicofármacos y drogas de abuso,2,1501021,0.1332
2001,all,1-4,,Eventos de intención no determinada,0,1501021,0.0
2001,all,1-4,,Suicidio y lesiones autoinfligidas,0,1501021,0.0
2001,all,1-4,I-XXII,Todas las causas,370,1501021,24.6499
2001,all,1-4,,"Trastornos mentales debidos al uso de drogas (drogodependencia, toxicomanía)",0,1501021,0.0
2001,all,10-14,,Accidentes de tráfico,59,2114108,2.7908
2001,all,10-14,,Agresiones (homicidio),1,2114108,0.0473
2001,all,10-14,,Envenenamiento accidental por psicofármacos y drogas de abuso,0,2114108,0.0
2001,all,10-14,,Eventos de intención no determinada,0,2114108,0.0
2001,all,10-14,,Suicidio y lesiones autoinfligidas,11,2114108,0.5203
2001,all,10-14,I-XXII,Todas las causas,346,2114108,16.3662
2001,all,10-14,,"Trastornos mentales debidos al uso de drogas (drogodependencia, toxicomanía)",0,2114108,0.0
2001,all,15-19,,Accidentes de tráfico,499,2508192,19.8948
2001,all,15-19,,Agresiones (homicidio),15,2508192,0.598
2001,all,15-19,,Envenenamiento accidental por psicofármacos y drogas de abuso,20,2508192,0.7974
2001,all,15-19,,Eventos de intención no determinada,2,2508192,0.0797
2001,all,15-19,,Suicidio y lesiones autoinfligidas,49,2508192,1.9536
2001,all,15-19,I-XXII,Todas las causas,1043,2508192,41.5837
2001,all,15-19,,"Trastornos mentales debidos al uso de drogas (drogodependencia, toxicomanía)",1,2508192,0.0399
2001,all,20-24,,Accidentes de tráfico,706,3224570,21.8944
2001,all,20-24,,Agresiones (homicidio),39,3224570,1.2095
2001,all,20-24,,Envenenamiento accidental por psicofármacos y drogas de abuso,64,3224570,1.9848
2001,all,20-24,,Eventos de intención no determinada,7,3224570,0.2171
2001,all,20-24,,Suicidio y lesiones autoinfligidas,185,3224570,5.7372
2001,all,20-24,I-XXII,Todas las causas,1794,3224570,55.6353
2001,all,20-24,,"Trastornos mentales debidos al uso de drogas (drogodependencia, toxicomanía)",6,3224570,0.1861
2001,all,25-29,,Accidentes de tráfico,650,3486319,18.6443
2001,all,25-29,,Agresiones (homicidio),55,3486319,1.5776
2001,all,25-29,,Envenenamiento accidental por psicofármacos y drogas de abuso,106,3486319,3.0405
2001,all,25-29,,Eventos de intención no determinada,10,3486319,0.2868
2001,all,25-29,,Suicidio y lesiones autoinfligidas,221,3486319,6.3391
2001,all,25-29,I-XXII,Todas las causas,2179,3486319,62.5015
2001,all,25-29,,"Trastornos mentales debidos al uso de drogas (drogodependencia, toxicomanía)",7,3486319,0.2008
2001,all,30-34,,Accidentes de tráfico,494,3369854,14.6594
2001,all,30-34,,Agresiones (homicidio),63,3369854,1.8695
2001,all,30-34,,Envenenamiento accidental por psicofármacos y drogas de abuso,190,3369854,5.6382
2001,all,30-34,,Eventos de intención no determinada,5,3369854,0.1484
2001,all,30-34,,Suicidio y lesiones autoinfligidas,279,3369854,8.2793
2001,all,30-34,I-XXII,Todas las causas,2993,3369854,88.8169
2001,all,30-34,,"Trastornos mentales debidos al uso de drogas (drogodependencia, toxicomanía)",4,3369854,0.1187
2001,all,35-39,,Accidentes de tráfico,444,3267965,13.5864
2001,all,35-39,,Agresiones (homicidio),49,3267965,1.4994
2001,all,35-39,,Envenenamiento accidental por psicofármacos y drogas de abuso,139,3267965,4.2534
2001,all,35-39,,Eventos de intención no determinada,10,3267965,0.306
2001,all,35-39,,Suicidio y lesiones autoinfligidas,271,3267965,8.2926
2001,all,35-39,I-XXII,Todas las causas,4084,3267965,124.9707
2001,all,35-39,,"Trastornos mentales debidos al uso de drogas (drogodependencia, toxicomanía)",15,3267965,0.459
2001,all,40-44,,Accidentes de tráfico,389,3003328,12.9523
2001,all,40-44,,Agresiones (homicidio),38,3003328,1.2653
2001,all,40-44,,Envenenamiento accidental por psicofármacos y drogas de abuso,71,3003328,2.364
2001,all,40-44,,Eventos de intención no determinada,9,3003328,0.2997
2001,all,40-44,,Suicidio y lesiones autoinfligidas,253,3003328,8.424
2001,all,40-44,I-XXII,Todas las causas,5069,3003328,168.7794
2001,all,40-44,,"Trastornos mentales debidos al uso de drogas (drogodependencia, toxicomanía)",3,3003328,0.0999
2001,all,45-49,,Accidentes de tráfico,367,2588868,14.1761
2001,all,45-49,,Agresiones (homicidio),25,2588868,0.9657
2001,all,45-49,,Envenenamiento accidental por psicofármacos y drogas de abuso,23,2588868,0.8884
2001,all,45-49,,Eventos de intención no determinada,10,2588868,0.3863
2001,all,45-49,,Suicidio y lesiones autoinfligidas,207,2588868,7.9958
2001,all,45-49,I-XXII,Todas las causas,6663,2588868,257.3712
2001,all,45-49,,"Trastornos mentales debidos al uso de drogas (drogodependencia, toxicomanía)",1,2588868,0.0386
2001,all,5-9,,Accidentes de tráfico,36,1919208,1.8758
2001,all,5-9,,Agresiones (homicidio),3,1919208,0.1563
2001,all,5-9,,Envenenamiento accidental por psicofármacos y drogas de abuso,0,1919208,0.0
2001,all,5-9,,Eventos de intención no determinada,0,1919208,0.0
2001,all,5-9,,Suicidio y lesiones autoinfligidas,0,1919208,0.0
2001,all,5-9,I-XXII,Todas las causas,259,1919208,13.4952
2001,all,5-9,,"Trastornos mentales debidos al uso de drogas (drogodependencia, toxicomanía)",0,1919208,0.0
2001,all,50-54,,Accidentes de tráfico,311,2425263,12.8234
2001,all,50-54,,Agresiones (homicidio),32,2425263,1.3194
2001,all,50-54,,Envenenamiento accidental por psicofármacos y drogas de abuso,17,2425263,0.701
2001,all,50-54,,Eventos de intención no determinada,5,2425263,0.2062
2001,all,50-54,,Suicidio y lesiones autoinfligidas,205,2425263,8.4527
2001,all,50-54,I-XXII,Todas las causas,9342,2425263,385.1953
2001,all,50-54,,"Trastornos mentales debidos al uso de drogas (drogodependencia, toxicomanía)",0,2425263,0.0
2001,all,55-59,,Accidentes de tráfico,316,2185661,14.4579
2001,all,55-59,,Agresiones (homicidio),15,2185661,0.6863
2001,all,55-59,,Envenenamiento accidental por psicofármacos y drogas de abuso,11,2185661,0.5033
2001,all,55-59,,Eventos de intención no determinada,8,2185661,0.366
2001,all,55-59,,Suicidio y lesiones autoinfligidas,180,2185661,8.2355
2001,all,55-59,I-XXII,Todas las causas,12468,2185661,570.4453
2001,all,55-59,,"Trastornos mentales debidos al uso de drogas (drogodependencia, toxicomanía)",0,2185661,0.0
2001,all,60-64,,Accidentes de tráfico,250,1874124,13.3396
2001,all,60-64,,Agresiones (homicidio),19,1874124,1.0138
2001,all,60-64,,Envenenamiento accidental por psicofármacos y drogas de abuso,4,1874124,0.2134
2001,all,60-64,,Eventos de intención no determinada,6,1874124,0.3201
2001,all,60-64,,Suicidio y lesiones autoinfligidas,192,1874124,10.2448
2001,all,60-64,I-XXII,Todas las causas,16389,1874124,874.4886
2001,all,60-64,,"Trastornos mentales debidos al uso de drogas (drogodependencia, toxicomanía)",0,1874124,0.0
2001,all,65-69,,Accidentes de tráfico,299,2086193,14.3323
2001,all,65-69,,Agresiones (homicidio),12,2086193,0.5752
2001,all,65-69,,Envenenamiento accidental por psicofármacos y drogas de abuso,5,2086193,0.2397
2001,all,65-69,,Eventos de intención no determinada,5,2086193,0.2397
2001,all,65-69,,Suicidio y lesiones autoinfligidas,264,2086193,12.6546
2001,all,65-69,I-XXII,Todas las causas,28259,2086193,1354.5727
2001,all,65-69,,"Trastornos mentales debidos al uso de drogas (drogodependencia, toxicomanía)",0,2086193,0.0
2001,all,70-74,,Accidentes de tráfico,282,1832582,15.3881
2001,all,70-74,,Agresiones (homicidio),17,1832582,0.9277
2001,all,70-74,,Envenenamiento accidental por psicofármacos y drogas de abuso,4,1832582,0.2183
2001,all,70-74,,Eventos de intención no determinada,4,1832582,0.2183
2001,all,70-74,,Suicidio y lesiones autoinfligidas,250,1832582,13.642
2001,all,70-74,I-XXII,Todas las causas,41353,1832582,2256.543
2001,all,70-74,,"Trastornos mentales debidos al uso de drogas (drogodependencia, toxicomanía)",0,1832582,0.0
2001,all,75-79,,Accidentes de tráfico,306,1424594,21.4798
2001,all,75-79,,Agresiones (homicidio),15,1424594,1.0529
2001,all,75-79,,Envenenamiento accidental por psicofármacos y drogas de abuso,3,1424594,0.2106
2001,all,75-79,,Eventos de intención no determinada,4,1424594,0.2808
2001,all,75-79,,Suicidio y lesiones autoinfligidas,260,1424594,18.2508
2001,all,75-79,I-XXII,Todas las causas,55099,1424594,3867.6984
2001,all,75-79,,"Trastornos mentales debidos al uso de drogas (drogodependencia, toxicomanía)",0,1424594,0.0
2001,all,80-84,,Accidentes de tráfico,154,859342,17.9207
2001,all,80-84,,Agresiones (homicidio),7,859342,0.8146
2001,all,80-84,,Envenenamiento accidental por psicofármacos y drogas de abuso,2,859342,0.2327
2001,all,80-84,,Eventos de intención no determinada,5,859342,0.5818
2001,all,80-84,,Suicidio y lesiones autoinfligidas,173,859342,20.1317
2001,all,80-84,I-XXII,Todas las causas,59497,859342,6923.5531
2001,all,80-84,,"Trastornos mentales debidos al uso de drogas (drogodependencia, toxicomanía)",1,859342,0.1164
2001,all,85-89,,Accidentes de tráfico,96,474341,20.2386
2001,all,85-89,,Agresiones (homicidio),7,474341,1.4757
2001,all,85-89,,Envenenamiento accidental por psicofármacos y drogas de abuso,4,474341,0.8433
2001,all,85-89,,Eventos de intención no determinada,6,474341,1.2649
2001,all,85-89,,Suicidio y lesiones autoinfligidas,144,474341,30.3579
2001,all,85-89,I-XXII,Todas las causas,59209,474341,12482.3703
2001,all,85-89,,"Trastornos mentales debidos al uso de drogas (drogodependencia, toxicomanía)",0,474341,0.0
2001,all,90-94,,Accidentes de tráfico,29,180302,16.0841
2001,all,90-94,,Agresiones (homicidio),1,180302,0.5546
2001,all,90-94,,Envenenamiento accidental por psicofármacos y drogas de abuso,1,180302,0.5546
2001,all,90-94,,Eventos de intención no determinada,7,180302,3.8824
2001,all,90-94,,Suicidio y lesiones autoinfligidas,36,180302,19.9665
2001,all,90-94,I-XXII,Todas las causas,38089,180302,21125.1123
2001,all,90-94,,"Trastornos mentales debidos al uso de drogas (drogodependencia, toxicomanía)",1,180302,0.5546
2001,all,95+,,Accidentes de tráfico,5,41203,12.135
2001,all,95+,,Agresiones (homicidio),0,41203,0.0
2001,all,95+,,Envenenamiento accidental por psicofármacos y drogas de abuso,0,41203,0.0
2001,all,95+,,Eventos de intención no determinada,0,41203,0.0
2001,all,95+,,Suicidio y lesiones autoinfligidas,9,41203,21.8431
2001,all,95+,I-XXII,Todas las causas,13969,41203,33902.8712
2001,all,95+,,"Trastornos mentales debidos al uso de drogas (drogodependencia, toxicomanía)",0,41203,0.0
2001,all,<1,,Accidentes de tráfico,8,399010,2.005
2001,all,<1,,Agresiones (homicidio),3,399010,0.7519
2001,all,<1,,Envenenamiento accidental por psicofármacos y drogas de abuso,0,399010,0.0
2001,all,<1,,Eventos de intención no determinada,0,399010,0.0
2001,all,<1,,Suicidio y lesiones autoinfligidas,0,399010,0.0
2001,all,<1,I-XXII,Todas las causas,1657,399010,415.2778
2001,all,<1,,"Trastornos mentales debidos al uso de drogas (drogodependencia, toxicomanía)",0,399010,0.0
2001,all,all,,Accidentes de tráfico,5744,40766048,14.0902
2001,all,all,,Agresiones (homicidio),418,40766048,1.0254
2001,all,all,,Envenenamiento accidental por psicofármacos y drogas de abuso,666,40766048,1.6337
2001,all,all,,Eventos de intención no determinada,103,40766048,0.2527
2001,all,all,,Suicidio y lesiones autoinfligidas,3189,40766048,7.8227
2001,all,all,I-XXII,Todas las causas,360131,40766048,883.4092
2001,all,all,,"Trastornos mentales debidos al uso de drogas (drogodependencia, toxicomanía)",39,40766048,0.0957
2001,female,1-4,,Accidentes de tráfico,18,730068,2.4655
2001,female,1-4,,Agresiones (homicidio),2,730068,0.2739
2001,female,1-4,,Envenenamiento accidental por psicofármacos y drogas de abuso,1,730068,0.137
2001,female,1-4,,Eventos de intención no determinada,0,730068,0.0
2001,female,1-4,,Suicidio y lesiones autoinfligidas,0,730068,0.0
2001,female,1-4,I-XXII,Todas las causas,151,730068,20.683
2001,female,1-4,,"Trastornos mentales debidos al uso de drogas (drogodependencia, toxicomanía)",0,730068,0.0
2001,female,10-14,,Accidentes de tráfico,22,1028037,2.14
2001,female,10-14,,Agresiones (homicidio),1,1028037,0.0973
2001,female,10-14,,Envenenamiento accidental por psicofármacos y drogas de abuso,0,1028037,0.0
2001,female,10-14,,Eventos de intención no determinada,0,1028037,0.0
2001,female,10-14,,Suicidio y lesiones autoinfligidas,4,1028037,0.3891
2001,female,10-14,I-XXII,Todas las causas,142,1028037,13.8127
2001,female,10-14,,"Trastornos mentales debidos al uso de drogas (drogodependencia, toxicomanía)",0,1028037,0.0
2001,female,15-19,,Accidentes de tráfico,109,1222186,8.9184
2001,female,15-19,,Agresiones (homicidio),3,1222186,0.2455
2001,female,15-19,,Envenenamiento accidental por psicofármacos y drogas de abuso,6,1222186,0.4909
2001,female,15-19,,Eventos de intención no determinada,0,1222186,0.0
2001,female,15-19,,Suicidio y lesiones autoinfligidas,12,1222186,0.9818
2001,female,15-19,I-XXII,Todas las causas,283,1222186,23.1552
2001,female,15-19,,"Trastornos mentales debidos al uso de drogas (drogodependencia, toxicomanía)",0,1222186,0.0
2001,female,20-24,,Accidentes de tráfico,123,1574690,7.8111
2001,female,20-24,,Agresiones (homicidio),10,1574690,0.635
2001,female,20-24,,Envenenamiento accidental por psicofármacos y drogas de abuso,17,1574690,1.0796
2001,female,20-24,,Eventos de intención no determinada,2,1574690,0.127
2001,female,20-24,,Suicidio y lesiones autoinfligidas,28,1574690,1.7781
2001,female,20-24,I-XXII,Todas las causas,404,1574690,25.6558
2001,female,20-24,,"Trastornos mentales debidos al uso de drogas (drogodependencia, toxicomanía)",3,1574690,0.1905
2001,female,25-29,,Accidentes de tráfico,125,1705798,7.3279
2001,female,25-29,,Agresiones (homicidio),11,1705798,0.6449
2001,female,25-29,,Envenenamiento accidental por psicofármacos y drogas de abuso,13,1705798,0.7621
2001,female,25-29,,Eventos de intención no determinada,4,1705798,0.2345
2001,female,25-29,,Suicidio y lesiones autoinfligidas,35,1705798,2.0518
2001,female,25-29,I-XXII,Todas las causas,570,1705798,33.4154
2001,female,25-29,,"Trastornos mentales debidos al uso de drogas (drogodependencia, toxicomanía)",0,1705798,0.0
2001,female,30-34,,Accidentes de tráfico,97,1659080,5.8466
2001,female,30-34,,Agresiones (homicidio),8,1659080,0.4822
2001,female,30-34,,Envenenamiento accidental por psicofármacos y drogas de abuso,15,1659080,0.9041
2001,female,30-34,,Eventos de intención no determinada,2,1659080,0.1205
2001,female,30-34,,Suicidio y lesiones autoinfligidas,58,1659080,3.4959
2001,female,30-34,I-XXII,Todas las causas,805,1659080,48.5209
2001,female,30-34,,"Trastornos mentales debidos al uso de drogas (drogodependencia, toxicomanía)",0,1659080,0.0
2001,female,35-39,,Accidentes de tráfico,74,1625313,4.553
2001,female,35-39,,Agresiones (homicidio),8,1625313,0.4922
2001,female,35-39,,Envenenamiento accidental por psicofármacos y drogas de abuso,22,1625313,1.3536
2001,female,35-39,,Eventos de intención no determinada,1,1625313,0.0615
2001,female,35-39,,Suicidio y lesiones autoinfligidas,62,1625313,3.8146
2001,female,35-39,I-XXII,Todas las causas,1149,1625313,70.6941
2001,female,35-39,,"Trastornos mentales debidos al uso de drogas (drogodependencia, toxicomanía)",2,1625313,0.1231
2001,female,40-44,,Accidentes de tráfico,67,1504343,4.4538
2001,female,40-44,,Agresiones (homicidio),8,1504343,0.5318
2001,female,40-44,,Envenenamiento accidental por psicofármacos y drogas de abuso,10,1504343,0.6647
2001,female,40-44,,Eventos de intención no determinada,4,1504343,0.2659
2001,female,40-44,,Suicidio y lesiones autoinfligidas,60,1504343,3.9885
2001,female,40-44,I-XXII,Todas las causas,1535,1504343,102.0379
2001,female,40-44,,"Trastornos mentales debidos al uso de drogas (drogodependencia, toxicomanía)",0,1504343,0.0
2001,female,45-49,,Accidentes de tráfico,77,1299880,5.9236
2001,female,45-49,,Agresiones (homicidio),6,1299880,0.4616
2001,female,45-49,,Envenenamiento accidental por psicofármacos y drogas de abuso,5,1299880,0.3847
2001,female,45-49,,Eventos de intención no determinada,3,1299880,0.2308
2001,female,45-49,,Suicidio y lesiones autoinfligidas,59,1299880,4.5389
2001,female,45-49,I-XXII,Todas las causas,2036,1299880,156.6298
2001,female,45-49,,"Trastornos mentales debidos al uso de drogas (drogodependencia, toxicomanía)",0,1299880,0.0
2001,female,5-9,,Accidentes de tráfico,13,933597,1.3925
2001,female,5-9,,Agresiones (homicidio),2,933597,0.2142
2001,female,5-9,,Envenenamiento accidental por psicofármacos y drogas de abuso,0,933597,0.0
2001,female,5-9,,Eventos de intención no determinada,0,933597,0.0
2001,female,5-9,,Suicidio y lesiones autoinfligidas,0,933597,0.0
2001,female,5-9,I-XXII,Todas las causas,103,933597,11.0326
2001,female,5-9,,"Trastornos mentales debidos al uso de drogas (drogodependencia, toxicomanía)",0,933597,0.0
2001,female,50-54,,Accidentes de tráfico,63,1226842,5.1351
2001,female,50-54,,Agresiones (homicidio),6,1226842,0.4891
2001,female,50-54,,Envenenamiento accidental por psicofármacos y drogas de abuso,7,1226842,0.5706
2001,female,50-54,,Eventos de intención no determinada,0,1226842,0.0
2001,female,50-54,,Suicidio y lesiones autoinfligidas,53,1226842,4.32
2001,female,50-54,I-XXII,Todas las causas,2674,1226842,217.958
2001,female,50-54,,"Trastornos mentales debidos al uso de drogas (drogodependencia, toxicomanía)",0,1226842,0.0
2001,female,55-59,,Accidentes de tráfico,73,1116873,6.5361
2001,female,55-59,,Agresiones (homicidio),2,1116873,0.1791
2001,female,55-59,,Envenenamiento accidental por psicofármacos y drogas de abuso,5,1116873,0.4477
2001,female,55-59,,Eventos de intención no determinada,4,1116873,0.3581
2001,female,55-59,,Suicidio y lesiones autoinfligidas,43,1116873,3.85
2001,female,55-59,I-XXII,Todas las causas,3452,1116873,309.0772
2001,female,55-59,,"Trastornos mentales debidos al uso de drogas (drogodependencia, toxicomanía)",0,1116873,0.0
2001,female,60-64,,Accidentes de tráfico,69,977440,7.0593
2001,female,60-64,,Agresiones (homicidio),5,977440,0.5115
2001,female,60-64,,Envenenamiento accidental por psicofármacos y drogas de abuso,2,977440,0.2046
2001,female,60-64,,Eventos de intención no determinada,2,977440,0.2046
2001,female,60-64,,Suicidio y lesiones autoinfligidas,43,977440,4.3992
2001,female,60-64,I-XXII,Todas las causas,4731,977440,484.0195
2001,female,60-64,,"Trastornos mentales debidos al uso de drogas (drogodependencia, toxicomanía)",0,977440,0.0
2001,female,65-69,,Accidentes de tráfico,89,1113220,7.9948
2001,female,65-69,,Agresiones (homicidio),4,1113220,0.3593
2001,female,65-69,,Envenenamiento accidental por psicofármacos y drogas de abuso,1,1113220,0.0898
2001,female,65-69,,Eventos de intención no determinada,2,1113220,0.1797
2001,female,65-69,,Suicidio y lesiones autoinfligidas,66,1113220,5.9287
2001,female,65-69,I-XXII,Todas las causas,9074,1113220,815.1129
2001,female,65-69,,"Trastornos mentales debidos al uso de drogas (drogodependencia, toxicomanía)",0,1113220,0.0
2001,female,70-74,,Accidentes de tráfico,98,1014944,9.6557
2001,female,70-74,,Agresiones (homicidio),4,1014944,0.3941
2001,female,70-74,,Envenenamiento accidental por psicofármacos y drogas de abuso,2,1014944,0.1971
2001,female,70-74,,Eventos de intención no determinada,3,1014944,0.2956
2001,female,70-74,,Suicidio y lesiones autoinfligidas,76,1014944,7.4881
2001,female,70-74,I-XXII,Todas las causas,14889,1014944,1466.9775
2001,female,70-74,,"Trastornos mentales debidos al uso de drogas (drogodependencia, toxicomanía)",0,1014944,0.0
2001,female,75-79,,Accidentes de tráfico,109,832867,13.0873
2001,female,75-79,,Agresiones (homicidio),7,832867,0.8405
2001,female,75-79,,Envenenamiento accidental por psicofármacos y drogas de abuso,1,832867,0.1201
2001,female,75-79,,Eventos de intención no determinada,3,832867,0.3602
2001,female,75-79,,Suicidio y lesiones autoinfligidas,63,832867,7.5642
2001,female,75-79,I-XXII,Todas las causas,23482,832867,2819.4177
2001,female,75-79,,"Trastornos mentales debidos al uso de drogas (drogodependencia, toxicomanía)",0,832867,0.0
2001,female,80-84,,Accidentes de tráfico,75,548103,13.6836
2001,female,80-84,,Agresiones (homicidio),2,548103,0.3649
2001,female,80-84,,Envenenamiento accidental por psicofármacos y drogas de abuso,1,548103,0.1824
2001,female,80-84,,Eventos de intención no determinada,3,548103,0.5473
2001,female,80-84,,Suicidio y lesiones autoinfligidas,52,548103,9.4873
2001,female,80-84,I-XXII,Todas las causas,31449,548103,5737.7902
2001,female,80-84,,"Trastornos mentales debidos al uso de drogas (drogodependencia, toxicomanía)",1,548103,0.1824
2001,female,85-89,,Accidentes de tráfico,40,324432,12.3292
2001,female,85-89,,Agresiones (homicidio),5,324432,1.5412
2001,female,85-89,,Envenenamiento accidental por psicofármacos y drogas de abuso,3,324432,0.9247
2001,female,85-89,,Eventos de intención no determinada,3,324432,0.9247
2001,female,85-89,,Suicidio y lesiones autoinfligidas,34,324432,10.4799
2001,female,85-89,I-XXII,Todas las causas,36506,324432,11252.2809
2001,female,85-89,,"Trastornos mentales debidos al uso de drogas (drogodependencia, toxicomanía)",0,324432,0.0
2001,female,90-94,,Accidentes de tráfico,14,129813,10.7847
2001,female,90-94,,Agresiones (homicidio),1,129813,0.7703
2001,female,90-94,,Envenenamiento accidental por psicofármacos y drogas de abuso,0,129813,0.0
2001,female,90-94,,Eventos de intención no determinada,3,129813,2.311
2001,female,90-94,,Suicidio y lesiones autoinfligidas,9,129813,6.933
2001,female,90-94,I-XXII,Todas las causas,25882,129813,19937.9107
2001,female,90-94,,"Trastornos mentales debidos al uso de drogas (drogodependencia, toxicomanía)",0,129813,0.0
2001,female,95+,,Accidentes de tráfico,2,31413,6.3668
2001,female,95+,,Agresiones (homicidio),0,31413,0.0
2001,female,95+,,Envenenamiento accidental por psicofármacos y drogas de abuso,0,31413,0.0
2001,female,95+,,Eventos de intención no determinada,0,31413,0.0
2001,female,95+,,Suicidio y lesiones autoinfligidas,2,31413,6.3668
2001,female,95+,I-XXII,Todas las causas,10365,31413,32995.8934
2001,female,95+,,"Trastornos mentales debidos al uso de drogas (drogodependencia, toxicomanía)",0,31413,0.0
2001,female,<1,,Accidentes de tráfico,3,194066,1.5459
2001,female,<1,,Agresiones (homicidio),1,194066,0.5153
2001,female,<1,,Envenenamiento accidental por psicofármacos y drogas de abuso,0,194066,0.0
2001,female,<1,,Eventos de intención no determinada,0,194066,0.0
2001,female,<1,,Suicidio y lesiones autoinfligidas,0,194066,0.0
2001,female,<1,I-XXII,Todas las causas,735,194066,378.7371
2001,female,<1,,"Trastornos mentales debidos al uso de drogas (drogodependencia, toxicomanía)",0,194066,0.0
2001,female,all,,Accidentes de tráfico,1360,20793005,6.5407
2001,female,all,,Agresiones (homicidio),96,20793005,0.4617
2001,female,all,,Envenenamiento accidental por psicofármacos y drogas de abuso,111,20793005,0.5338
2001,female,all,,Eventos de intención no determinada,39,20793005,0.1876
2001,female,all,,Suicidio y lesiones autoinfligidas,759,20793005,3.6503
2001,female,all,I-XXII,Todas las causas,170417,20793005,819.5881
2001,female,all,,"Trastornos mentales debidos al uso de drogas (drogodependencia, toxicomanía)",6,20793005,0.0289
2001,male,1-4,,Accidentes de tráfico,26,770954,3.3724
2001,male,1-4,,Agresiones (homicidio),0,770954,0.0
2001,male,1-4,,Envenenamiento accidental por psicofármacos y drogas de abuso,1,770954,0.1297
2001,male,1-4,,Eventos de intención no determinada,0,770954,0.0
2001,male,1-4,,Suicidio y lesiones autoinfligidas,0,770954,0.0
2001,male,1-4,I-XXII,Todas las causas,219,770954,28.4064
2001,male,1-4,,"Trastornos mentales debidos al uso de drogas (drogodependencia, toxicomanía)",0,770954,0.0
2001,male,10-14,,Accidentes de tráfico,37,1086070,3.4068
2001,male,10-14,,Agresiones (homicidio),0,1086070,0.0
2001,male,10-14,,Envenenamiento accidental por psicofármacos y drogas de abuso,0,1086070,0.0
2001,male,10-14,,Eventos de intención no determinada,0,1086070,0.0
2001,male,10-14,,Suicidio y lesiones autoinfligidas,7,1086070,0.6445
2001,male,10-14,I-XXII,Todas las causas,204,1086070,18.7833
2001,male,10-14,,"Trastornos mentales debidos al uso de drogas (drogodependencia, toxicomanía)",0,1086070,0.0
2001,male,15-19,,Accidentes de tráfico,390,1286007,30.3264
2001,male,15-19,,Agresiones (homicidio),12,1286007,0.9331
2001,male,15-19,,Envenenamiento accidental por psicofármacos y drogas de abuso,14,1286007,1.0886
2001,male,15-19,,Eventos de intención no determinada,2,1286007,0.1555
2001,male,15-19,,Suicidio y lesiones autoinfligidas,37,1286007,2.8771
2001,male,15-19,I-XXII,Todas las causas,760,1286007,59.0977
2001,male,15-19,,"Trastornos mentales debidos al uso de drogas (drogodependencia, toxicomanía)",1,1286007,0.0778
2001,male,20-24,,Accidentes de tráfico,583,1649879,35.3359
2001,male,20-24,,Agresiones (homicidio),29,1649879,1.7577
2001,male,20-24,,Envenenamiento accidental por psicofármacos y drogas de abuso,47,1649879,2.8487
2001,male,20-24,,Eventos de intención no determinada,5,1649879,0.3031
2001,male,20-24,,Suicidio y lesiones autoinfligidas,157,1649879,9.5158
2001,male,20-24,I-XXII,Todas las causas,1390,1649879,84.2486
2001,male,20-24,,"Trastornos mentales debidos al uso de drogas (drogodependencia, toxicomanía)",3,1649879,0.1818
2001,male,25-29,,Accidentes de tráfico,525,1780521,29.4858
2001,male,25-29,,Agresiones (homicidio),44,1780521,2.4712
2001,male,25-29,,Envenenamiento accidental por psicofármacos y drogas de abuso,93,1780521,5.2232
2001,male,25-29,,Eventos de intención no determinada,6,1780521,0.337
2001,male,25-29,,Suicidio y lesiones autoinfligidas,186,1780521,10.4464
2001,male,25-29,I-XXII,Todas las causas,1609,1780521,90.3668
2001,male,25-29,,"Trastornos mentales debidos al uso de drogas (drogodependencia, toxicomanía)",7,1780521,0.3931
2001,male,30-34,,Accidentes de tráfico,397,1710774,23.2059
2001,male,30-34,,Agresiones (homicidio),55,1710774,3.2149
2001,male,30-34,,Envenenamiento accidental por psicofármacos y drogas de abuso,175,1710774,10.2293
2001,male,30-34,,Eventos de intención no determinada,3,1710774,0.1754
2001,male,30-34,,Suicidio y lesiones autoinfligidas,221,1710774,12.9181
2001,male,30-34,I-XXII,Todas las causas,2188,1710774,127.8953
2001,male,30-34,,"Trastornos mentales debidos al uso de drogas (drogodependencia, toxicomanía)",4,1710774,0.2338
2001,male,35-39,,Accidentes de tráfico,370,1642654,22.5245
2001,male,35-39,,Agresiones (homicidio),41,1642654,2.496
2001,male,35-39,,Envenenamiento accidental por psicofármacos y drogas de abuso,117,1642654,7.1226
2001,male,35-39,,Eventos de intención no determinada,9,1642654,0.5479
2001,male,35-39,,Suicidio y lesiones autoinfligidas,209,1642654,12.7233
2001,male,35-39,I-XXII,Todas las causas,2935,1642654,178.6743
2001,male,35-39,,"Trastornos mentales debidos al uso de drogas (drogodependencia, toxicomanía)",13,1642654,0.7914
2001,male,40-44,,Accidentes de tráfico,322,1498984,21.4812
2001,male,40-44,,Agresiones (homicidio),30,1498984,2.0014
2001,male,40-44,,Envenenamiento accidental por psicofármacos y drogas de abuso,61,1498984,4.0694
2001,male,40-44,,Eventos de intención no determinada,5,1498984,0.3336
2001,male,40-44,,Suicidio y lesiones autoinfligidas,193,1498984,12.8754
2001,male,40-44,I-XXII,Todas las causas,3534,1498984,235.7597
2001,male,40-44,,"Trastornos mentales debidos al uso de drogas (drogodependencia, toxicomanía)",3,1498984,0.2001
2001,male,45-49,,Accidentes de tráfico,290,1288987,22.4983
2001,male,45-49,,Agresiones (homicidio),19,1288987,1.474
2001,male,45-49,,Envenenamiento accidental por psicofármacos y drogas de abuso,18,1288987,1.3964
2001,male,45-49,,Eventos de intención no determinada,7,1288987,0.5431
2001,male,45-49,,Suicidio y lesiones autoinfligidas,148,1288987,11.4819
2001,male,45-49,I-XXII,Todas las causas,4627,1288987,358.9641
2001,male,45-49,,"Trastornos mentales debidos al uso de drogas (drogodependencia, toxicomanía)",1,1288987,0.0776
2001,male,5-9,,Accidentes de tráfico,23,985611,2.3336
2001,male,5-9,,Agresiones (homicidio),1,985611,0.1015
2001,male,5-9,,Envenenamiento accidental por psicofármacos y drogas de abuso,0,985611,0.0
2001,male,5-9,,Eventos de intención no determinada,0,985611,0.0
2001,male,5-9,,Suicidio y lesiones autoinfligidas,0,985611,0.0
2001,male,5-9,I-XXII,Todas las causas,156,985611,15.8277
2001,male,5-9,,"Trastornos mentales debidos al uso de drogas (drogodependencia, toxicomanía)",0,985611,0.0
2001,male,50-54,,Accidentes de tráfico,248,1198421,20.6939
2001,male,50-54,,Agresiones (homicidio),26,1198421,2.1695
2001,male,50-54,,Envenenamiento accidental por psicofármacos y drogas de abuso,10,1198421,0.8344
2001,male,50-54,,Eventos de intención no determinada,5,1198421,0.4172
2001,male,50-54,,Suicidio y lesiones autoinfligidas,152,1198421,12.6834
2001,male,50-54,I-XXII,Todas las causas,6668,1198421,556.3988
2001,male,50-54,,"Trastornos mentales debidos al uso de drogas (drogodependencia, toxicomanía)",0,1198421,0.0
2001,male,55-59,,Accidentes de tráfico,243,1068788,22.736
2001,male,55-59,,Agresiones (homicidio),13,1068788,1.2163
2001,male,55-59,,Envenenamiento accidental por psicofármacos y drogas de abuso,6,1068788,0.5614
2001,male,55-59,,Eventos de intención no determinada,4,1068788,0.3743
2001,male,55-59,,Suicidio y lesiones autoinfligidas,137,1068788,12.8183
2001,male,55-59,I-XXII,Todas las causas,9016,1068788,843.5723
2001,male,55-59,,"Trastornos mentales debidos al uso de drogas (drogodependencia, toxicomanía)",0,1068788,0.0
2001,male,60-64,,Accidentes de tráfico,181,896683,20.1855
2001,male,60-64,,Agresiones (homicidio),14,896683,1.5613
2001,male,60-64,,Envenenamiento accidental por psicofármacos y drogas de abuso,2,896683,0.223
2001,male,60-64,,Eventos de intención no determinada,4,896683,0.4461
2001,male,60-64,,Suicidio y lesiones autoinfligidas,149,896683,16.6168
2001,male,60-64,I-XXII,Todas las causas,11658,896683,1300.125
2001,male,60-64,,"Trastornos mentales debidos al uso de drogas (drogodependencia, toxicomanía)",0,896683,0.0
2001,male,65-69,,Accidentes de tráfico,210,972973,21.5833
2001,male,65-69,,Agresiones (homicidio),8,972973,0.8222
2001,male,65-69,,Envenenamiento accidental por psicofármacos y drogas de abuso,4,972973,0.4111
2001,male,65-69,,Eventos de intención no determinada,3,972973,0.3083
2001,male,65-69,,Suicidio y lesiones autoinfligidas,198,972973,20.35
2001,male,65-69,I-XXII,Todas las causas,19185,972973,1971.7916
2001,male,65-69,,"Trastornos mentales debidos al uso de drogas (drogodependencia, toxicomanía)",0,972973,0.0
2001,male,70-74,,Accidentes de tráfico,184,817635,22.5039
2001,male,70-74,,Agresiones (homicidio),13,817635,1.59
2001,male,70-74,,Envenenamiento accidental por psicofármacos y drogas de abuso,2,817635,0.2446
2001,male,70-74,,Eventos de intención no determinada,1,817635,0.1223
2001,male,70-74,,Suicidio y lesiones autoinfligidas,174,817635,21.2809
2001,male,70-74,I-XXII,Todas las causas,26464,817635,3236.6521
2001,male,70-74,,"Trastornos mentales debidos al uso de drogas (drogodependencia, toxicomanía)",0,817635,0.0
2001,male,75-79,,Accidentes de tráfico,197,591727,33.2924
2001,male,75-79,,Agresiones (homicidio),8,591727,1.352
2001,male,75-79,,Envenenamiento accidental por psicofármacos y drogas de abuso,2,591727,0.338
2001,male,75-79,,Eventos de intención no determinada,1,591727,0.169
2001,male,75-79,,Suicidio y lesiones autoinfligidas,197,591727,33.2924
2001,male,75-79,I-XXII,Todas las causas,31617,591727,5343.1735
2001,male,75-79,,"Trastornos mentales debidos al uso de drogas (drogodependencia, toxicomanía)",0,591727,0.0
2001,male,80-84,,Accidentes de tráfico,79,311238,25.3825
2001,male,80-84,,Agresiones (homicidio),5,311238,1.6065
2001,male,80-84,,Envenenamiento accidental por psicofármacos y drogas de abuso,1,311238,0.3213
2001,male,80-84,,Eventos de intención no determinada,2,311238,0.6426
2001,male,80-84,,Suicidio y lesiones autoinfligidas,121,311238,38.877
2001,male,80-84,I-XXII,Todas las causas,28048,311238,9011.7531
2001,male,80-84,,"Trastornos mentales debidos al uso de drogas (drogodependencia, toxicomanía)",0,311238,0.0
2001,male,85-89,,Accidentes de tráfico,56,149910,37.3557
2001,male,85-89,,Agresiones (homicidio),2,149910,1.3341
2001,male,85-89,,Envenenamiento accidental por psicofármacos y drogas de abuso,1,149910,0.6671
2001,male,85-89,,Eventos de intención no determinada,3,149910,2.0012
2001,male,85-89,,Suicidio y lesiones autoinfligidas,110,149910,73.3774
2001,male,85-89,I-XXII,Todas las causas,22703,149910,15144.42
2001,male,85-89,,"Trastornos mentales debidos al uso de drogas (drogodependencia, toxicomanía)",0,149910,0.0
2001,male,90-94,,Accidentes de tráfico,15,50490,29.7089
2001,male,90-94,,Agresiones (homicidio),0,50490,0.0
2001,male,90-94,,Envenenamiento accidental por psicofármacos y drogas de abuso,1,50490,1.9806
2001,male,90-94,,Eventos de intención no determinada,4,50490,7.9224
2001,male,90-94,,Suicidio y lesiones autoinfligidas,27,50490,53.4759
2001,male,90-94,I-XXII,Todas las causas,12207,50490,24177.0648
2001,male,90-94,,"Trastornos mentales debidos al uso de drogas (drogodependencia, toxicomanía)",1,50490,1.9806
2001,male,95+,,Accidentes de tráfico,3,9790,30.6435
2001,male,95+,,Agresiones (homicidio),0,9790,0.0
2001,male,95+,,Envenenamiento accidental por psicofármacos y drogas de abuso,0,9790,0.0
2001,male,95+,,Eventos de intención no determinada,0,9790,0.0
2001,male,95+,,Suicidio y lesiones autoinfligidas,7,9790,71.5015
2001,male,95+,I-XXII,Todas las causas,3604,9790,36813.0746
2001,male,95+,,"Trastornos mentales debidos al uso de drogas (drogodependencia, toxicomanía)",0,9790,0.0
2001,male,<1,,Accidentes de tráfico,5,204944,2.4397
2001,male,<1,,Agresiones (homicidio),2,204944,0.9759
2001,male,<1,,Envenenamiento accidental por psicofármacos y drogas de abuso,0,204944,0.0
2001,male,<1,,Eventos de intención no determinada,0,204944,0.0
2001,male,<1,,Suicidio y lesiones autoinfligidas,0,204944,0.0
2001,male,<1,I-XXII,Todas las causas,922,204944,449.879
2001,male,<1,,"Trastornos mentales debidos al uso de drogas (drogodependencia, toxicomanía)",0,204944,0.0
2001,male,all,,Accidentes de tráfico,4384,19973040,21.9496
2001,male,all,,Agresiones (homicidio),322,19973040,1.6122
2001,male,all,,Envenenamiento accidental por psicofármacos y drogas de abuso,555,19973040,2.7787
2001,male,all,,Eventos de intención no determinada,64,19973040,0.3204
2001,male,all,,Suicidio y lesiones autoinfligidas,2430,19973040,12.1664
2001,male,all,I-XXII,Todas las causas,189714,19973040,949.8504
2001,male,all,,"Trastornos mentales debidos al uso de drogas (drogodependencia, toxicomanía)",33,19973040,0.1652
2002,all,1-4,,Accidentes de tráfico,45,1564623,2.8761
2002,all,1-4,,Agresiones (homicidio),5,1564623,0.3196
2002,all,1-4,,Envenenamiento accidental por psicofármacos y drogas de abuso,0,1564623,0.0
2002,all,1-4,,Eventos de intención no determinada,0,1564623,0.0
2002,all,1-4,,Suicidio y lesiones autoinfligidas,0,1564623,0.0
2002,all,1-4,I-XXII,Todas las causas,396,1564623,25.3096
2002,all,1-4,,"Trastornos mentales debidos al uso de drogas (drogodependencia, toxicomanía)",0,1564623,0.0
2002,all,10-14,,Accidentes de tráfico,60,2108405,2.8458
2002,all,10-14,,Agresiones (homicidio),2,2108405,0.0949
2002,all,10-14,,Envenenamiento accidental por psicofármacos y drogas de abuso,1,2108405,0.0474
2002,all,10-14,,Eventos de intención no determinada,0,2108405,0.0
2002,all,10-14,,Suicidio y lesiones autoinfligidas,8,2108405,0.3794
2002,all,10-14,I-XXII,Todas las causas,320,2108405,15.1773
2002,all,10-14,,"Trastornos mentales debidos al uso de drogas (drogodependencia, toxicomanía)",0,2108405,0.0
2002,all,15-19,,Accidentes de tráfico,399,2431960,16.4065
2002,all,15-19,,Agresiones (homicidio),14,2431960,0.5757
2002,all,15-19,,Envenenamiento accidental por psicofármacos y drogas de abuso,10,2431960,0.4112
2002,all,15-19,,Eventos de intención no determinada,1,2431960,0.0411
2002,all,15-19,,Suicidio y lesiones autoinfligidas,66,2431960,2.7139
2002,all,15-19,I-XXII,Todas las causas,972,2431960,39.9678
2002,all,15-19,,"Trastornos mentales debidos al uso de drogas (drogodependencia, toxicomanía)",2,2431960,0.0822
2002,all,20-24,,Accidentes de tráfico,709,3170154,22.3648
2002,all,20-24,,Agresiones (homicidio),38,3170154,1.1987
2002,all,20-24,,Envenenamiento accidental por psicofármacos y drogas de abuso,49,3170154,1.5457
2002,all,20-24,,Eventos de intención no determinada,7,3170154,0.2208
2002,all,20-24,,Suicidio y lesiones autoinfligidas,176,3170154,5.5518
2002,all,20-24,I-XXII,Todas las causas,1816,3170154,57.2843
2002,all,20-24,,"Trastornos mentales debidos al uso de drogas (drogodependencia, toxicomanía)",10,3170154,0.3154
2002,all,25-29,,Accidentes de tráfico,625,3589669,17.4111
2002,all,25-29,,Agresiones (homicidio),39,3589669,1.0865
2002,all,25-29,,Envenenamiento accidental por psicofármacos y drogas de abuso,100,3589669,2.7858
2002,all,25-29,,Eventos de intención no determinada,10,3589669,0.2786
2002,all,25-29,,Suicidio y lesiones autoinfligidas,240,3589669,6.6859
2002,all,25-29,I-XXII,Todas las causas,2180,3589669,60.7298
2002,all,25-29,,"Trastornos mentales debidos al uso de drogas (drogodependencia, toxicomanía)",22,3589669,0.6129
2002,all,30-34,,Accidentes de tráfico,481,3461555,13.8955
2002,all,30-34,,Agresiones (homicidio),59,3461555,1.7044
2002,all,30-34,,Envenenamiento accidental por psicofármacos y drogas de abuso,136,3461555,3.9289
2002,all,30-34,,Eventos de intención no determinada,8,3461555,0.2311
2002,all,30-34,,Suicidio y lesiones autoinfligidas,277,3461555,8.0022
2002,all,30-34,I-XXII,Todas las causas,2848,3461555,82.2752
2002,all,30-34,,"Trastornos mentales debidos al uso de drogas (drogodependencia, toxicomanía)",34,3461555,0.9822
2002,all,35-39,,Accidentes de tráfico,424,3374371,12.5653
2002,all,35-39,,Agresiones (homicidio),58,3374371,1.7188
2002,all,35-39,,Envenenamiento accidental por psicofármacos y drogas de abuso,120,3374371,3.5562
2002,all,35-39,,Eventos de intención no determinada,14,3374371,0.4149
2002,all,35-39,,Suicidio y lesiones autoinfligidas,269,3374371,7.9719
2002,all,35-39,I-XXII,Todas las causas,3963,3374371,117.4441
2002,all,35-39,,"Trastornos mentales debidos al uso de drogas (drogodependencia, toxicomanía)",32,3374371,0.9483
2002,all,40-44,,Accidentes de tráfico,364,3098550,11.7474
2002,all,40-44,,Agresiones (homicidio),40,3098550,1.2909
2002,all,40-44,,Envenenamiento accidental por psicofármacos y drogas de abuso,78,3098550,2.5173
2002,all,40-44,,Eventos de intención no determinada,8,3098550,0.2582
2002,all,40-44,,Suicidio y lesiones autoinfligidas,242,3098550,7.8101
2002,all,40-44,I-XXII,Todas las causas,5276,3098550,170.2732
2002,all,40-44,,"Trastornos mentales debidos al uso de drogas (drogodependencia, toxicomanía)",16,3098550,0.5164
2002,all,45-49,,Accidentes de tráfico,306,2682787,11.406
2002,all,45-49,,Agresiones (homicidio),39,2682787,1.4537
2002,all,45-49,,Envenenamiento accidental por psicofármacos y drogas de abuso,26,2682787,0.9691
2002,all,45-49,,Eventos de intención no determinada,8,2682787,0.2982
2002,all,45-49,,Suicidio y lesiones autoinfligidas,242,2682787,9.0205
2002,all,45-49,I-XXII,Todas las causas,6950,2682787,259.059
2002,all,45-49,,"Trastornos mentales debidos al uso de drogas (drogodependencia, toxicomanía)",7,2682787,0.2609
2002,all,5-9,,Accidentes de tráfico,45,1912858,2.3525
2002,all,5-9,,Agresiones (homicidio),4,1912858,0.2091
2002,all,5-9,,Envenenamiento accidental por psicofármacos y drogas de abuso,0,1912858,0.0
2002,all,5-9,,Eventos de intención no determinada,0,1912858,0.0
2002,all,5-9,,Suicidio y lesiones autoinfligidas,0,1912858,0.0
2002,all,5-9,I-XXII,Todas las causas,278,1912858,14.5332
2002,all,5-9,,"Trastornos mentales debidos al uso de drogas (drogodependencia, toxicomanía)",0,1912858,0.0
2002,all,50-54,,Accidentes de tráfico,305,2472082,12.3378
2002,all,50-54,,Agresiones (homicidio),36,2472082,1.4563
2002,all,50-54,,Envenenamiento accidental por psicofármacos y drogas de abuso,19,2472082,0.7686
2002,all,50-54,,Eventos de intención no determinada,3,2472082,0.1214
2002,all,50-54,,Suicidio y lesiones autoinfligidas,243,2472082,9.8298
2002,all,50-54,I-XXII,Todas las causas,9381,2472082,379.4777
2002,all,50-54,,"Trastornos mentales debidos al uso de drogas (drogodependencia, toxicomanía)",2,2472082,0.0809
2002,all,55-59,,Accidentes de tráfico,284,2278338,12.4652
2002,all,55-59,,Agresiones (homicidio),23,2278338,1.0095
2002,all,55-59,,Envenenamiento accidental por psicofármacos y drogas de abuso,8,2278338,0.3511
2002,all,55-59,,Eventos de intención no determinada,7,2278338,0.3072
2002,all,55-59,,Suicidio y lesiones autoinfligidas,236,2278338,10.3584
2002,all,55-59,I-XXII,Todas las causas,12664,2278338,555.8438
2002,all,55-59,,"Trastornos mentales debidos al uso de drogas (drogodependencia, toxicomanía)",2,2278338,0.0878
2002,all,60-64,,Accidentes de tráfico,250,1842047,13.5719
2002,all,60-64,,Agresiones (homicidio),23,1842047,1.2486
2002,all,60-64,,Envenenamiento accidental por psicofármacos y drogas de abuso,4,1842047,0.2171
2002,all,60-64,,Eventos de intención no determinada,4,1842047,0.2171
2002,all,60-64,,Suicidio y lesiones autoinfligidas,191,1842047,10.3689
2002,all,60-64,I-XXII,Todas las causas,15761,1842047,855.6242
2002,all,60-64,,"Trastornos mentales debidos al uso de drogas (drogodependencia, toxicomanía)",0,1842047,0.0
2002,all,65-69,,Accidentes de tráfico,332,2071546,16.0267
2002,all,65-69,,Agresiones (homicidio),22,2071546,1.062
2002,all,65-69,,Envenenamiento accidental por psicofármacos y drogas de abuso,6,2071546,0.2896
2002,all,65-69,,Eventos de intención no determinada,13,2071546,0.6276
2002,all,65-69,,Suicidio y lesiones autoinfligidas,268,2071546,12.9372
2002,all,65-69,I-XXII,Todas las causas,27619,2071546,1333.2555
2002,all,65-69,,"Trastornos mentales debidos al uso de drogas (drogodependencia, toxicomanía)",0,2071546,0.0
2002,all,70-74,,Accidentes de tráfico,316,1872902,16.8722
2002,all,70-74,,Agresiones (homicidio),11,1872902,0.5873
2002,all,70-74,,Envenenamiento accidental por psicofármacos y drogas de abuso,2,1872902,0.1068
2002,all,70-74,,Eventos de intención no determinada,6,1872902,0.3204
2002,all,70-74,,Suicidio y lesiones autoinfligidas,261,1872902,13.9356
2002,all,70-74,I-XXII,Todas las causas,41042,1872902,2191.3587
2002,all,70-74,,"Trastornos mentales debidos al uso de drogas (drogodependencia, toxicomanía)",0,1872902,0.0
2002,all,75-79,,Accidentes de tráfico,252,1457926,17.2848
2002,all,75-79,,Agresiones (homicidio),10,1457926,0.6859
2002,all,75-79,,Envenenamiento accidental por psicofármacos y drogas de abuso,7,1457926,0.4801
2002,all,75-79,,Eventos de intención no determinada,9,1457926,0.6173
2002,all,75-79,,Suicidio y lesiones autoinfligidas,277,1457926,18.9996
2002,all,75-79,I-XXII,Todas las causas,56332,1457926,3863.8449
2002,all,75-79,,"Trastornos mentales debidos al uso de drogas (drogodependencia, toxicomanía)",0,1457926,0.0
2002,all,80-84,,Accidentes de tráfico,172,914097,18.8164
2002,all,80-84,,Agresiones (homicidio),4,914097,0.4376
2002,all,80-84,,Envenenamiento accidental por psicofármacos y drogas de abuso,3,914097,0.3282
2002,all,80-84,,Eventos de intención no determinada,3,914097,0.3282
2002,all,80-84,,Suicidio y lesiones autoinfligidas,190,914097,20.7855
2002,all,80-84,I-XXII,Todas las causas,63052,914097,6897.7362
2002,all,80-84,,"Trastornos mentales debidos al uso de drogas (drogodependencia, toxicomanía)",0,914097,0.0
2002,all,85-89,,Accidentes de tráfico,84,478982,17.5372
2002,all,85-89,,Agresiones (homicidio),1,478982,0.2088
2002,all,85-89,,Envenenamiento accidental por psicofármacos y drogas de abuso,1,478982,0.2088
2002,all,85-89,,Eventos de intención no determinada,4,478982,0.8351
2002,all,85-89,,Suicidio y lesiones autoinfligidas,130,478982,27.1409
2002,all,85-89,I-XXII,Todas las causas,60360,478982,12601.7262
2002,all,85-89,,"Trastornos mentales debidos al uso de drogas (drogodependencia, toxicomanía)",0,478982,0.0
2002,all,90-94,,Accidentes de tráfico,27,187115,14.4296
2002,all,90-94,,Agresiones (homicidio),2,187115,1.0689
2002,all,90-94,,Envenenamiento accidental por psicofármacos y drogas de abuso,2,187115,1.0689
2002,all,90-94,,Eventos de intención no determinada,0,187115,0.0
2002,all,90-94,,Suicidio y lesiones autoinfligidas,45,187115,24.0494
2002,all,90-94,I-XXII,Todas las causas,40554,187115,21673.3025
2002,all,90-94,,"Trastornos mentales debidos al uso de drogas (drogodependencia, toxicomanía)",0,187115,0.0
2002,all,95+,,Accidentes de tráfico,4,44025,9.0857
2002,all,95+,,Agresiones (homicidio),1,44025,2.2714
2002,all,95+,,Envenenamiento accidental por psicofármacos y drogas de abuso,0,44025,0.0
2002,all,95+,,Eventos de intención no determinada,0,44025,0.0
2002,all,95+,,Suicidio y lesiones autoinfligidas,10,44025,22.7144
2002,all,95+,I-XXII,Todas las causas,15117,44025,34337.3083
2002,all,95+,,"Trastornos mentales debidos al uso de drogas (drogodependencia, toxicomanía)",0,44025,0.0
2002,all,<1,,Accidentes de tráfico,12,409528,2.9302
2002,all,<1,,Agresiones (homicidio),2,409528,0.4884
2002,all,<1,,Envenenamiento accidental por psicofármacos y drogas de abuso,0,409528,0.0
2002,all,<1,,Eventos de intención no determinada,0,409528,0.0
2002,all,<1,,Suicidio y lesiones autoinfligidas,0,409528,0.0
2002,all,<1,I-XXII,Todas las causas,1737,409528,424.1468
2002,all,<1,,"Trastornos mentales debidos al uso de drogas (drogodependencia, toxicomanía)",0,409528,0.0
2002,all,all,,Accidentes de tráfico,5496,41423520,13.2678
2002,all,all,,Agresiones (homicidio),433,41423520,1.0453
2002,all,all,,Envenenamiento accidental por psicofármacos y drogas de abuso,572,41423520,1.3809
2002,all,all,,Eventos de intención no determinada,105,41423520,0.2535
2002,all,all,,Suicidio y lesiones autoinfligidas,3371,41423520,8.1379
2002,all,all,I-XXII,Todas las causas,368618,41423520,889.8761
2002,all,all,,"Trastornos mentales debidos al uso de drogas (drogodependencia, toxicomanía)",127,41423520,0.3066
2002,female,1-4,,Accidentes de tráfico,19,761408,2.4954
2002,female,1-4,,Agresiones (homicidio),0,761408,0.0
2002,female,1-4,,Envenenamiento accidental por psicofármacos y drogas de abuso,0,761408,0.0
2002,female,1-4,,Eventos de intención no determinada,0,761408,0.0
2002,female,1-4,,Suicidio y lesiones autoinfligidas,0,761408,0.0
2002,female,1-4,I-XXII,Todas las causas,174,761408,22.8524
2002,female,1-4,,"Trastornos mentales debidos al uso de drogas (drogodependencia, toxicomanía)",0,761408,0.0
2002,female,10-14,,Accidentes de tráfico,26,1025104,2.5363
2002,female,10-14,,Agresiones (homicidio),0,1025104,0.0
2002,female,10-14,,Envenenamiento accidental por psicofármacos y drogas de abuso,0,1025104,0.0
2002,female,10-14,,Eventos de intención no determinada,0,1025104,0.0
2002,female,10-14,,Suicidio y lesiones autoinfligidas,1,1025104,0.0976
2002,female,10-14,I-XXII,Todas las causas,122,1025104,11.9012
2002,female,10-14,,"Trastornos mentales debidos al uso de drogas (drogodependencia, toxicomanía)",0,1025104,0.0
2002,female,15-19,,Accidentes de tráfico,85,1184422,7.1765
2002,female,15-19,,Agresiones (homicidio),5,1184422,0.4221
2002,female,15-19,,Envenenamiento accidental por psicofármacos y drogas de abuso,0,1184422,0.0
2002,female,15-19,,Eventos de intención no determinada,1,1184422,0.0844
2002,female,15-19,,Suicidio y lesiones autoinfligidas,20,1184422,1.6886
2002,female,15-19,I-XXII,Todas las causas,268,1184422,22.6271
2002,female,15-19,,"Trastornos mentales debidos al uso de drogas (drogodependencia, toxicomanía)",0,1184422,0.0
2002,female,20-24,,Accidentes de tráfico,132,1545757,8.5395
2002,female,20-24,,Agresiones (homicidio),10,1545757,0.6469
2002,female,20-24,,Envenenamiento accidental por psicofármacos y drogas de abuso,11,1545757,0.7116
2002,female,20-24,,Eventos de intención no determinada,4,1545757,0.2588
2002,female,20-24,,Suicidio y lesiones autoinfligidas,26,1545757,1.682
2002,female,20-24,I-XXII,Todas las causas,425,1545757,27.4946
2002,female,20-24,,"Trastornos mentales debidos al uso de drogas (drogodependencia, toxicomanía)",1,1545757,0.0647
2002,female,25-29,,Accidentes de tráfico,112,1749533,6.4017
2002,female,25-29,,Agresiones (homicidio),9,1749533,0.5144
2002,female,25-29,,Envenenamiento accidental por psicofármacos y drogas de abuso,11,1749533,0.6287
2002,female,25-29,,Eventos de intención no determinada,1,1749533,0.0572
2002,female,25-29,,Suicidio y lesiones autoinfligidas,47,1749533,2.6864
2002,female,25-29,I-XXII,Todas las causas,532,1749533,30.4081
2002,female,25-29,,"Trastornos mentales debidos al uso de drogas (drogodependencia, toxicomanía)",2,1749533,0.1143
2002,female,30-34,,Accidentes de tráfico,89,1695489,5.2492
2002,female,30-34,,Agresiones (homicidio),9,1695489,0.5308
2002,female,30-34,,Envenenamiento accidental por psicofármacos y drogas de abuso,13,1695489,0.7667
2002,female,30-34,,Eventos de intención no determinada,2,1695489,0.118
2002,female,30-34,,Suicidio y lesiones autoinfligidas,56,1695489,3.3029
2002,female,30-34,I-XXII,Todas las causas,746,1695489,43.9991
2002,female,30-34,,"Trastornos mentales debidos al uso de drogas (drogodependencia, toxicomanía)",4,1695489,0.2359
2002,female,35-39,,Accidentes de tráfico,68,1671867,4.0673
2002,female,35-39,,Agresiones (homicidio),9,1671867,0.5383
2002,female,35-39,,Envenenamiento accidental por psicofármacos y drogas de abuso,12,1671867,0.7178
2002,female,35-39,,Eventos de intención no determinada,2,1671867,0.1196
2002,female,35-39,,Suicidio y lesiones autoinfligidas,56,1671867,3.3495
2002,female,35-39,I-XXII,Todas las causas,1142,1671867,68.3069
2002,female,35-39,,"Trastornos mentales debidos al uso de drogas (drogodependencia, toxicomanía)",3,1671867,0.1794
2002,female,40-44,,Accidentes de tráfico,56,1548790,3.6157
2002,female,40-44,,Agresiones (homicidio),5,1548790,0.3228
2002,female,40-44,,Envenenamiento accidental por psicofármacos y drogas de abuso,9,1548790,0.5811
2002,female,40-44,,Eventos de intención no determinada,3,1548790,0.1937
2002,female,40-44,,Suicidio y lesiones autoinfligidas,66,1548790,4.2614
2002,female,40-44,I-XXII,Todas las causas,1541,1548790,99.497
2002,female,40-44,,"Trastornos mentales debidos al uso de drogas (drogodependencia, toxicomanía)",5,1548790,0.3228
2002,female,45-49,,Accidentes de tráfico,68,1347005,5.0482
2002,female,45-49,,Agresiones (homicidio),8,1347005,0.5939
2002,female,45-49,,Envenenamiento accidental por psicofármacos y drogas de abuso,4,1347005,0.297
2002,female,45-49,,Eventos de intención no determinada,1,1347005,0.0742
2002,female,45-49,,Suicidio y lesiones autoinfligidas,65,1347005,4.8255
2002,female,45-49,I-XXII,Todas las causas,2103,1347005,156.1241
2002,female,45-49,,"Trastornos mentales debidos al uso de drogas (drogodependencia, toxicomanía)",2,1347005,0.1485
2002,female,5-9,,Accidentes de tráfico,22,930962,2.3631
2002,female,5-9,,Agresiones (homicidio),2,930962,0.2148
2002,female,5-9,,Envenenamiento accidental por psicofármacos y drogas de abuso,0,930962,0.0
2002,female,5-9,,Eventos de intención no determinada,0,930962,0.0
2002,female,5-9,,Suicidio y lesiones autoinfligidas,0,930962,0.0
2002,female,5-9,I-XXII,Todas las causas,122,930962,13.1047
2002,female,5-9,,"Trastornos mentales debidos al uso de drogas (drogodependencia, toxicomanía)",0,930962,0.0
2002,female,50-54,,Accidentes de tráfico,75,1248909,6.0052
2002,female,50-54,,Agresiones (homicidio),8,1248909,0.6406
2002,female,50-54,,Envenenamiento accidental por psicofármacos y drogas de abuso,6,1248909,0.4804
2002,female,50-54,,Eventos de intención no determinada,1,1248909,0.0801
2002,female,50-54,,Suicidio y lesiones autoinfligidas,58,1248909,4.6441
2002,female,50-54,I-XXII,Todas las causas,2708,1248909,216.8292
2002,female,50-54,,"Trastornos mentales debidos al uso de drogas (drogodependencia, toxicomanía)",0,1248909,0.0
2002,female,55-59,,Accidentes de tráfico,66,1164933,5.6656
2002,female,55-59,,Agresiones (homicidio),5,1164933,0.4292
2002,female,55-59,,Envenenamiento accidental por psicofármacos y drogas de abuso,4,1164933,0.3434
2002,female,55-59,,Eventos de intención no determinada,3,1164933,0.2575
2002,female,55-59,,Suicidio y lesiones autoinfligidas,55,1164933,4.7213
2002,female,55-59,I-XXII,Todas las causas,3558,1164933,305.4253
2002,female,55-59,,"Trastornos mentales debidos al uso de drogas (drogodependencia, toxicomanía)",0,1164933,0.0
2002,female,60-64,,Accidentes de tráfico,61,957211,6.3727
2002,female,60-64,,Agresiones (homicidio),9,957211,0.9402
2002,female,60-64,,Envenenamiento accidental por psicofármacos y drogas de abuso,0,957211,0.0
2002,female,60-64,,Eventos de intención no determinada,2,957211,0.2089
2002,female,60-64,,Suicidio y lesiones autoinfligidas,63,957211,6.5816
2002,female,60-64,I-XXII,Todas las causas,4568,957211,477.2198
2002,female,60-64,,"Trastornos mentales debidos al uso de drogas (drogodependencia, toxicomanía)",0,957211,0.0
2002,female,65-69,,Accidentes de tráfico,104,1105959,9.4036
2002,female,65-69,,Agresiones (homicidio),7,1105959,0.6329
2002,female,65-69,,Envenenamiento accidental por psicofármacos y drogas de abuso,4,1105959,0.3617
2002,female,65-69,,Eventos de intención no determinada,5,1105959,0.4521
2002,female,65-69,,Suicidio y lesiones autoinfligidas,80,1105959,7.2335
2002,female,65-69,I-XXII,Todas las causas,8604,1105959,777.9674
2002,female,65-69,,"Trastornos mentales debidos al uso de drogas (drogodependencia, toxicomanía)",0,1105959,0.0
2002,female,70-74,,Accidentes de tráfico,103,1034805,9.9536
2002,female,70-74,,Agresiones (homicidio),4,1034805,0.3865
2002,female,70-74,,Envenenamiento accidental por psicofármacos y drogas de abuso,2,1034805,0.1933
2002,female,70-74,,Eventos de intención no determinada,2,1034805,0.1933
2002,female,70-74,,Suicidio y lesiones autoinfligidas,70,1034805,6.7646
2002,female,70-74,I-XXII,Todas las causas,14744,1034805,1424.8095
2002,female,70-74,,"Trastornos mentales debidos al uso de drogas (drogodependencia, toxicomanía)",0,1034805,0.0
2002,female,75-79,,Accidentes de tráfico,91,850714,10.6969
2002,female,75-79,,Agresiones (homicidio),7,850714,0.8228
2002,female,75-79,,Envenenamiento accidental por psicofármacos y drogas de abuso,4,850714,0.4702
2002,female,75-79,,Eventos de intención no determinada,2,850714,0.2351
2002,female,75-79,,Suicidio y lesiones autoinfligidas,62,850714,7.288
2002,female,75-79,I-XXII,Todas las causas,23843,850714,2802.7046
2002,female,75-79,,"Trastornos mentales debidos al uso de drogas (drogodependencia, toxicomanía)",0,850714,0.0
2002,female,80-84,,Accidentes de tráfico,64,577860,11.0753
2002,female,80-84,,Agresiones (homicidio),4,577860,0.6922
2002,female,80-84,,Envenenamiento accidental por psicofármacos y drogas de abuso,1,577860,0.1731
2002,female,80-84,,Eventos de intención no determinada,0,577860,0.0
2002,female,80-84,,Suicidio y lesiones autoinfligidas,41,577860,7.0951
2002,female,80-84,I-XXII,Todas las causas,32878,577860,5689.6134
2002,female,80-84,,"Trastornos mentales debidos al uso de drogas (drogodependencia, toxicomanía)",0,577860,0.0
2002,female,85-89,,Accidentes de tráfico,36,328078,10.973
2002,female,85-89,,Agresiones (homicidio),0,328078,0.0
2002,female,85-89,,Envenenamiento accidental por psicofármacos y drogas de abuso,1,328078,0.3048
2002,female,85-89,,Eventos de intención no determinada,1,328078,0.3048
2002,female,85-89,,Suicidio y lesiones autoinfligidas,39,328078,11.8874
2002,female,85-89,I-XXII,Todas las causas,37309,328078,11371.9908
2002,female,85-89,,"Trastornos mentales debidos al uso de drogas (drogodependencia, toxicomanía)",0,328078,0.0
2002,female,90-94,,Accidentes de tráfico,8,134840,5.933
2002,female,90-94,,Agresiones (homicidio),1,134840,0.7416
2002,female,90-94,,Envenenamiento accidental por psicofármacos y drogas de abuso,2,134840,1.4832
2002,female,90-94,,Eventos de intención no determinada,0,134840,0.0
2002,female,90-94,,Suicidio y lesiones autoinfligidas,11,134840,8.1578
2002,female,90-94,I-XXII,Todas las causas,27891,134840,20684.515
2002,female,90-94,,"Trastornos mentales debidos al uso de drogas (drogodependencia, toxicomanía)",0,134840,0.0
2002,female,95+,,Accidentes de tráfico,2,33568,5.9581
2002,female,95+,,Agresiones (homicidio),1,33568,2.979
2002,female,95+,,Envenenamiento accidental por psicofármacos y drogas de abuso,0,33568,0.0
2002,female,95+,,Eventos de intención no determinada,0,33568,0.0
2002,female,95+,,Suicidio y lesiones autoinfligidas,1,33568,2.979
2002,female,95+,I-XXII,Todas las causas,11325,33568,33737.4881
2002,female,95+,,"Trastornos mentales debidos al uso de drogas (drogodependencia, toxicomanía)",0,33568,0.0
2002,female,<1,,Accidentes de tráfico,4,199457,2.0054
2002,female,<1,,Agresiones (homicidio),0,199457,0.0
2002,female,<1,,Envenenamiento accidental por psicofármacos y drogas de abuso,0,199457,0.0
2002,female,<1,,Eventos de intención no determinada,0,199457,0.0
2002,female,<1,,Suicidio y lesiones autoinfligidas,0,199457,0.0
2002,female,<1,I-XXII,Todas las causas,746,199457,374.0155
2002,female,<1,,"Trastornos mentales debidos al uso de drogas (drogodependencia, toxicomanía)",0,199457,0.0
2002,female,all,,Accidentes de tráfico,1291,21096671,6.1194
2002,female,all,,Agresiones (homicidio),103,21096671,0.4882
2002,female,all,,Envenenamiento accidental por psicofármacos y drogas de abuso,84,21096671,0.3982
2002,female,all,,Eventos de intención no determinada,30,21096671,0.1422
2002,female,all,,Suicidio y lesiones autoinfligidas,817,21096671,3.8726
2002,female,all,I-XXII,Todas las causas,175349,21096671,831.1691
2002,female,all,,"Trastornos mentales debidos al uso de drogas (drogodependencia, toxicomanía)",17,21096671,0.0806
2002,male,1-4,,Accidentes de tráfico,26,803213,3.237
2002,male,1-4,,Agresiones (homicidio),5,803213,0.6225
2002,male,1-4,,Envenenamiento accidental por psicofármacos y drogas de abuso,0,803213,0.0
2002,male,1-4,,Eventos de intención no determinada,0,803213,0.0
2002,male,1-4,,Suicidio y lesiones autoinfligidas,0,803213,0.0
2002,male,1-4,I-XXII,Todas las causas,222,803213,27.639
2002,male,1-4,,"Trastornos mentales debidos al uso de drogas (drogodependencia, toxicomanía)",0,803213,0.0
2002,male,10-14,,Accidentes de tráfico,34,1083301,3.1386
2002,male,10-14,,Agresiones (homicidio),2,1083301,0.1846
2002,male,10-14,,Envenenamiento accidental por psicofármacos y drogas de abuso,1,1083301,0.0923
2002,male,10-14,,Eventos de intención no determinada,0,1083301,0.0
2002,male,10-14,,Suicidio y lesiones autoinfligidas,7,1083301,0.6462
2002,male,10-14,I-XXII,Todas las causas,198,1083301,18.2775
2002,male,10-14,,"Trastornos mentales debidos al uso de drogas (drogodependencia, toxicomanía)",0,1083301,0.0
2002,male,15-19,,Accidentes de tráfico,314,1247538,25.1696
2002,male,15-19,,Agresiones (homicidio),9,1247538,0.7214
2002,male,15-19,,Envenenamiento accidental por psicofármacos y drogas de abuso,10,1247538,0.8016
2002,male,15-19,,Eventos de intención no determinada,0,1247538,0.0
2002,male,15-19,,Suicidio y lesiones autoinfligidas,46,1247538,3.6873
2002,male,15-19,I-XXII,Todas las causas,704,1247538,56.4311
2002,male,15-19,,"Trastornos mentales debidos al uso de drogas (drogodependencia, toxicomanía)",2,1247538,0.1603
2002,male,20-24,,Accidentes de tráfico,577,1624398,35.5209
2002,male,20-24,,Agresiones (homicidio),28,1624398,1.7237
2002,male,20-24,,Envenenamiento accidental por psicofármacos y drogas de abuso,38,1624398,2.3393
2002,male,20-24,,Eventos de intención no determinada,3,1624398,0.1847
2002,male,20-24,,Suicidio y lesiones autoinfligidas,150,1624398,9.2342
2002,male,20-24,I-XXII,Todas las causas,1391,1624398,85.6317
2002,male,20-24,,"Trastornos mentales debidos al uso de drogas (drogodependencia, toxicomanía)",9,1624398,0.5541
2002,male,25-29,,Accidentes de tráfico,513,1840134,27.8784
2002,male,25-29,,Agresiones (homicidio),30,1840134,1.6303
2002,male,25-29,,Envenenamiento accidental por psicofármacos y drogas de abuso,89,1840134,4.8366
2002,male,25-29,,Eventos de intención no determinada,9,1840134,0.4891
2002,male,25-29,,Suicidio y lesiones autoinfligidas,193,1840134,10.4884
2002,male,25-29,I-XXII,Todas las causas,1648,1840134,89.5587
2002,male,25-29,,"Trastornos mentales debidos al uso de drogas (drogodependencia, toxicomanía)",20,1840134,1.0869
2002,male,30-34,,Accidentes de tráfico,392,1766068,22.1962
2002,male,30-34,,Agresiones (homicidio),50,1766068,2.8311
2002,male,30-34,,Envenenamiento accidental por psicofármacos y drogas de abuso,123,1766068,6.9646
2002,male,30-34,,Eventos de intención no determinada,6,1766068,0.3397
2002,male,30-34,,Suicidio y lesiones autoinfligidas,221,1766068,12.5137
2002,male,30-34,I-XXII,Todas las causas,2102,1766068,119.0215
2002,male,30-34,,"Trastornos mentales debidos al uso de drogas (drogodependencia, toxicomanía)",30,1766068,1.6987
2002,male,35-39,,Accidentes de tráfico,356,1702503,20.9104
2002,male,35-39,,Agresiones (homicidio),49,1702503,2.8781
2002,male,35-39,,Envenenamiento accidental por psicofármacos y drogas de abuso,108,1702503,6.3436
2002,male,35-39,,Eventos de intención no determinada,12,1702503,0.7048
2002,male,35-39,,Suicidio y lesiones autoinfligidas,213,1702503,12.511
2002,male,35-39,I-XXII,Todas las causas,2821,1702503,165.6972
2002,male,35-39,,"Trastornos mentales debidos al uso de drogas (drogodependencia, toxicomanía)",29,1702503,1.7034
2002,male,40-44,,Accidentes de tráfico,308,1549760,19.874
2002,male,40-44,,Agresiones (homicidio),35,1549760,2.2584
2002,male,40-44,,Envenenamiento accidental por psicofármacos y drogas de abuso,69,1549760,4.4523
2002,male,40-44,,Eventos de intención no determinada,5,1549760,0.3226
2002,male,40-44,,Suicidio y lesiones autoinfligidas,176,1549760,11.3566
2002,male,40-44,I-XXII,Todas las causas,3735,1549760,241.0051
2002,male,40-44,,"Trastornos mentales debidos al uso de drogas (drogodependencia, toxicomanía)",11,1549760,0.7098
2002,male,45-49,,Accidentes de tráfico,238,1335782,17.8173
2002,male,45-49,,Agresiones (homicidio),31,1335782,2.3207
2002,male,45-49,,Envenenamiento accidental por psicofármacos y drogas de abuso,22,1335782,1.647
2002,male,45-49,,Eventos de intención no determinada,7,1335782,0.524
2002,male,45-49,,Suicidio y lesiones autoinfligidas,177,1335782,13.2507
2002,male,45-49,I-XXII,Todas las causas,4847,1335782,362.8586
2002,male,45-49,,"Trastornos mentales debidos al uso de drogas (drogodependencia, toxicomanía)",5,1335782,0.3743
2002,male,5-9,,Accidentes de tráfico,23,981894,2.3424
2002,male,5-9,,Agresiones (homicidio),2,981894,0.2037
2002,male,5-9,,Envenenamiento accidental por psicofármacos y drogas de abuso,0,981894,0.0
2002,male,5-9,,Eventos de intención no determinada,0,981894,0.0
2002,male,5-9,,Suicidio y lesiones autoinfligidas,0,981894,0.0
2002,male,5-9,I-XXII,Todas las causas,156,981894,15.8877
2002,male,5-9,,"Trastornos mentales debidos al uso de drogas (drogodependencia, toxicomanía)",0,981894,0.0
2002,male,50-54,,Accidentes de tráfico,230,1223174,18.8035
2002,male,50-54,,Agresiones (homicidio),28,1223174,2.2891
2002,male,50-54,,Envenenamiento accidental por psicofármacos y drogas de abuso,13,1223174,1.0628
2002,male,50-54,,Eventos de intención no determinada,2,1223174,0.1635
2002,male,50-54,,Suicidio y lesiones autoinfligidas,185,1223174,15.1246
2002,male,50-54,I-XXII,Todas las causas,6673,1223174,545.5479
2002,male,50-54,,"Trastornos mentales debidos al uso de drogas (drogodependencia, toxicomanía)",2,1223174,0.1635
2002,male,55-59,,Accidentes de tráfico,218,1113404,19.5796
2002,male,55-59,,Agresiones (homicidio),18,1113404,1.6167
2002,male,55-59,,Envenenamiento accidental por psicofármacos y drogas de abuso,4,1113404,0.3593
2002,male,55-59,,Eventos de intención no determinada,4,1113404,0.3593
2002,male,55-59,,Suicidio y lesiones autoinfligidas,181,1113404,16.2565
2002,male,55-59,I-XXII,Todas las causas,9106,1113404,817.8523
2002,male,55-59,,"Trastornos mentales debidos al uso de drogas (drogodependencia, toxicomanía)",2,1113404,0.1796
2002,male,60-64,,Accidentes de tráfico,189,884838,21.3598
2002,male,60-64,,Agresiones (homicidio),14,884838,1.5822
2002,male,60-64,,Envenenamiento accidental por psicofármacos y drogas de abuso,4,884838,0.4521
2002,male,60-64,,Eventos de intención no determinada,2,884838,0.226
2002,male,60-64,,Suicidio y lesiones autoinfligidas,128,884838,14.4659
2002,male,60-64,I-XXII,Todas las causas,11193,884838,1264.9773
2002,male,60-64,,"Trastornos mentales debidos al uso de drogas (drogodependencia, toxicomanía)",0,884838,0.0
2002,male,65-69,,Accidentes de tráfico,228,965590,23.6125
2002,male,65-69,,Agresiones (homicidio),15,965590,1.5535
2002,male,65-69,,Envenenamiento accidental por psicofármacos y drogas de abuso,2,965590,0.2071
2002,male,65-69,,Eventos de intención no determinada,8,965590,0.8285
2002,male,65-69,,Suicidio y lesiones autoinfligidas,188,965590,19.47
2002,male,65-69,I-XXII,Todas las causas,19015,965590,1969.2623
2002,male,65-69,,"Trastornos mentales debidos al uso de drogas (drogodependencia, toxicomanía)",0,965590,0.0
2002,male,70-74,,Accidentes de tráfico,213,838096,25.4147
2002,male,70-74,,Agresiones (homicidio),7,838096,0.8352
2002,male,70-74,,Envenenamiento accidental por psicofármacos y drogas de abuso,0,838096,0.0
2002,male,70-74,,Eventos de intención no determinada,4,838096,0.4773
2002,male,70-74,,Suicidio y lesiones autoinfligidas,191,838096,22.7898
2002,male,70-74,I-XXII,Todas las causas,26298,838096,3137.8267
2002,male,70-74,,"Trastornos mentales debidos al uso de drogas (drogodependencia, toxicomanía)",0,838096,0.0
2002,male,75-79,,Accidentes de tráfico,161,607213,26.5146
2002,male,75-79,,Agresiones (homicidio),3,607213,0.4941
2002,male,75-79,,Envenenamiento accidental por psicofármacos y drogas de abuso,3,607213,0.4941
2002,male,75-79,,Eventos de intención no determinada,7,607213,1.1528
2002,male,75-79,,Suicidio y lesiones autoinfligidas,215,607213,35.4077
2002,male,75-79,I-XXII,Todas las causas,32489,607213,5350.5113
2002,male,75-79,,"Trastornos mentales debidos al uso de drogas (drogodependencia, toxicomanía)",0,607213,0.0
2002,male,80-84,,Accidentes de tráfico,108,336237,32.1202
2002,male,80-84,,Agresiones (homicidio),0,336237,0.0
2002,male,80-84,,Envenenamiento accidental por psicofármacos y drogas de abuso,2,336237,0.5948
2002,male,80-84,,Eventos de intención no determinada,3,336237,0.8922
2002,male,80-84,,Suicidio y lesiones autoinfligidas,149,336237,44.314
2002,male,80-84,I-XXII,Todas las causas,30174,336237,8974.0272
2002,male,80-84,,"Trastornos mentales debidos al uso de drogas (drogodependencia, toxicomanía)",0,336237,0.0
2002,male,85-89,,Accidentes de tráfico,48,150905,31.8081
2002,male,85-89,,Agresiones (homicidio),1,150905,0.6627
2002,male,85-89,,Envenenamiento accidental por psicofármacos y drogas de abuso,0,150905,0.0
2002,male,85-89,,Eventos de intención no determinada,3,150905,1.988
2002,male,85-89,,Suicidio y lesiones autoinfligidas,91,150905,60.3028
2002,male,85-89,I-XXII,Todas las causas,23051,150905,15275.1731
2002,male,85-89,,"Trastornos mentales debidos al uso de drogas (drogodependencia, toxicomanía)",0,150905,0.0
2002,male,90-94,,Accidentes de tráfico,19,52277,36.3449
2002,male,90-94,,Agresiones (homicidio),1,52277,1.9129
2002,male,90-94,,Envenenamiento accidental por psicofármacos y drogas de abuso,0,52277,0.0
2002,male,90-94,,Eventos de intención no determinada,0,52277,0.0
2002,male,90-94,,Suicidio y lesiones autoinfligidas,34,52277,65.0382
2002,male,90-94,I-XXII,Todas las causas,12663,52277,24222.8896
2002,male,90-94,,"Trastornos mentales debidos al uso de drogas (drogodependencia, toxicomanía)",0,52277,0.0
2002,male,95+,,Accidentes de tráfico,2,10457,19.1259
2002,male,95+,,Agresiones (homicidio),0,10457,0.0
2002,male,95+,,Envenenamiento accidental por psicofármacos y drogas de abuso,0,10457,0.0
2002,male,95+,,Eventos de intención no determinada,0,10457,0.0
2002,male,95+,,Suicidio y lesiones autoinfligidas,9,10457,86.0667
2002,male,95+,I-XXII,Todas las causas,3792,10457,36262.7905
2002,male,95+,,"Trastornos mentales debidos al uso de drogas (drogodependencia, toxicomanía)",0,10457,0.0
2002,male,<1,,Accidentes de tráfico,8,210072,3.8082
2002,male,<1,,Agresiones (homicidio),2,210072,0.9521
2002,male,<1,,Envenenamiento accidental por psicofármacos y drogas de abuso,0,210072,0.0
2002,male,<1,,Eventos de intención no determinada,0,210072,0.0
2002,male,<1,,Suicidio y lesiones autoinfligidas,0,210072,0.0
2002,male,<1,I-XXII,Todas las causas,991,210072,471.743
2002,male,<1,,"Trastornos mentales debidos al uso de drogas (drogodependencia, toxicomanía)",0,210072,0.0
2002,male,all,,Accidentes de tráfico,4205,20326854,20.6869
2002,male,all,,Agresiones (homicidio),330,20326854,1.6235
2002,male,all,,Envenenamiento accidental por psicofármacos y drogas de abuso,488,20326854,2.4008
2002,male,all,,Eventos de intención no determinada,75,20326854,0.369
2002,male,all,,Suicidio y lesiones autoinfligidas,2554,20326854,12.5647
2002,male,all,I-XXII,Todas las causas,193269,20326854,950.8063
2002,male,all,,"Trastornos mentales debidos al uso de drogas (drogodependencia, toxicomanía)",110,20326854,0.5412
2003,all,1-4,,Accidentes de tráfico,45,1635142,2.7521
2003,all,1-4,,Agresiones (homicidio),2,1635142,0.1223
2003,all,1-4,,Envenenamiento accidental por psicofármacos y drogas de abuso,0,1635142,0.0
2003,all,1-4,,Eventos de intención no determinada,0,1635142,0.0
2003,all,1-4,,Suicidio y lesiones autoinfligidas,0,1635142,0.0
2003,all,1-4,I-XXII,Todas las causas,442,1635142,27.0313
2003,all,1-4,,"Trastornos mentales debidos al uso de drogas (drogodependencia, toxicomanía)",0,1635142,0.0
2003,all,10-14,,Accidentes de tráfico,64,2116781,3.0235
2003,all,10-14,,Agresiones (homicidio),1,2116781,0.0472
2003,all,10-14,,Envenenamiento accidental por psicofármacos y drogas de abuso,0,2116781,0.0
2003,all,10-14,,Eventos de intención no determinada,1,2116781,0.0472
2003,all,10-14,,Suicidio y lesiones autoinfligidas,3,2116781,0.1417
2003,all,10-14,I-XXII,Todas las causas,341,2116781,16.1094
2003,all,10-14,,"Trastornos mentales debidos al uso de drogas (drogodependencia, toxicomanía)",0,2116781,0.0
2003,all,15-19,,Accidentes de tráfico,470,2384065,19.7142
2003,all,15-19,,Agresiones (homicidio),15,2384065,0.6292
2003,all,15-19,,Envenenamiento accidental por psicofármacos y drogas de abuso,3,2384065,0.1258
2003,all,15-19,,Eventos de intención no determinada,4,2384065,0.1678
2003,all,15-19,,Suicidio y lesiones autoinfligidas,63,2384065,2.6425
2003,all,15-19,I-XXII,Todas las causas,1032,2384065,43.2874
2003,all,15-19,,"Trastornos mentales debidos al uso de drogas (drogodependencia, toxicomanía)",2,2384065,0.0839
2003,all,20-24,,Accidentes de tráfico,675,3104557,21.7422
2003,all,20-24,,Agresiones (homicidio),33,3104557,1.063
2003,all,20-24,,Envenenamiento accidental por psicofármacos y drogas de abuso,35,3104557,1.1274
2003,all,20-24,,Eventos de intención no determinada,4,3104557,0.1288
2003,all,20-24,,Suicidio y lesiones autoinfligidas,184,3104557,5.9268
2003,all,20-24,I-XXII,Todas las causas,1746,3104557,56.2399
2003,all,20-24,,"Trastornos mentales debidos al uso de drogas (drogodependencia, toxicomanía)",15,3104557,0.4832
2003,all,25-29,,Accidentes de tráfico,659,3683262,17.8917
2003,all,25-29,,Agresiones (homicidio),61,3683262,1.6561
2003,all,25-29,,Envenenamiento accidental por psicofármacos y drogas de abuso,73,3683262,1.9819
2003,all,25-29,,Eventos de intención no determinada,12,3683262,0.3258
2003,all,25-29,,Suicidio y lesiones autoinfligidas,218,3683262,5.9187
2003,all,25-29,I-XXII,Todas las causas,2136,3683262,57.9921
2003,all,25-29,,"Trastornos mentales debidos al uso de drogas (drogodependencia, toxicomanía)",20,3683262,0.543
2003,all,30-34,,Accidentes de tráfico,524,3568085,14.6857
2003,all,30-34,,Agresiones (homicidio),67,3568085,1.8778
2003,all,30-34,,Envenenamiento accidental por psicofármacos y drogas de abuso,123,3568085,3.4472
2003,all,30-34,,Eventos de intención no determinada,8,3568085,0.2242
2003,all,30-34,,Suicidio y lesiones autoinfligidas,334,3568085,9.3608
2003,all,30-34,I-XXII,Todas las causas,2872,3568085,80.4914
2003,all,30-34,,"Trastornos mentales debidos al uso de drogas (drogodependencia, toxicomanía)",44,3568085,1.2332
2003,all,35-39,,Accidentes de tráfico,408,3473834,11.7449
2003,all,35-39,,Agresiones (homicidio),61,3473834,1.756
2003,all,35-39,,Envenenamiento accidental por psicofármacos y drogas de abuso,119,3473834,3.4256
2003,all,35-39,,Eventos de intención no determinada,8,3473834,0.2303
2003,all,35-39,,Suicidio y lesiones autoinfligidas,287,3473834,8.2618
2003,all,35-39,I-XXII,Todas las causas,3933,3473834,113.2178
2003,all,35-39,,"Trastornos mentales debidos al uso de drogas (drogodependencia, toxicomanía)",39,3473834,1.1227
2003,all,40-44,,Accidentes de tráfico,382,3190662,11.9724
2003,all,40-44,,Agresiones (homicidio),40,3190662,1.2537
2003,all,40-44,,Envenenamiento accidental por psicofármacos y drogas de abuso,97,3190662,3.0401
2003,all,40-44,,Eventos de intención no determinada,9,3190662,0.2821
2003,all,40-44,,Suicidio y lesiones autoinfligidas,269,3190662,8.4309
2003,all,40-44,I-XXII,Todas las causas,5545,3190662,173.7884
2003,all,40-44,,"Trastornos mentales debidos al uso de drogas (drogodependencia, toxicomanía)",26,3190662,0.8149
2003,all,45-49,,Accidentes de tráfico,333,2791165,11.9305
2003,all,45-49,,Agresiones (homicidio),43,2791165,1.5406
2003,all,45-49,,Envenenamiento accidental por psicofármacos y drogas de abuso,30,2791165,1.0748
2003,all,45-49,,Eventos de intención no determinada,7,2791165,0.2508
2003,all,45-49,,Suicidio y lesiones autoinfligidas,251,2791165,8.9927
2003,all,45-49,I-XXII,Todas las causas,7193,2791165,257.706
2003,all,45-49,,"Trastornos mentales debidos al uso de drogas (drogodependencia, toxicomanía)",6,2791165,0.215
2003,all,5-9,,Accidentes de tráfico,42,1929241,2.177
2003,all,5-9,,Agresiones (homicidio),1,1929241,0.0518
2003,all,5-9,,Envenenamiento accidental por psicofármacos y drogas de abuso,1,1929241,0.0518
2003,all,5-9,,Eventos de intención no determinada,0,1929241,0.0
2003,all,5-9,,Suicidio y lesiones autoinfligidas,0,1929241,0.0
2003,all,5-9,I-XXII,Todas las causas,254,1929241,13.1658
2003,all,5-9,,"Trastornos mentales debidos al uso de drogas (drogodependencia, toxicomanía)",0,1929241,0.0
2003,all,50-54,,Accidentes de tráfico,271,2507336,10.8083
2003,all,50-54,,Agresiones (homicidio),19,2507336,0.7578
2003,all,50-54,,Envenenamiento accidental por psicofármacos y drogas de abuso,14,2507336,0.5584
2003,all,50-54,,Eventos de intención no determinada,8,2507336,0.3191
2003,all,50-54,,Suicidio y lesiones autoinfligidas,258,2507336,10.2898
2003,all,50-54,I-XXII,Todas las causas,9401,2507336,374.9398
2003,all,50-54,,"Trastornos mentales debidos al uso de drogas (drogodependencia, toxicomanía)",3,2507336,0.1196
2003,all,55-59,,Accidentes de tráfico,269,2362395,11.3867
2003,all,55-59,,Agresiones (homicidio),33,2362395,1.3969
2003,all,55-59,,Envenenamiento accidental por psicofármacos y drogas de abuso,9,2362395,0.381
2003,all,55-59,,Eventos de intención no determinada,6,2362395,0.254
2003,all,55-59,,Suicidio y lesiones autoinfligidas,228,2362395,9.6512
2003,all,55-59,I-XXII,Todas las causas,13294,2362395,562.734
2003,all,55-59,,"Trastornos mentales debidos al uso de drogas (drogodependencia, toxicomanía)",2,2362395,0.0847
2003,all,60-64,,Accidentes de tráfico,230,1901295,12.097
2003,all,60-64,,Agresiones (homicidio),17,1901295,0.8941
2003,all,60-64,,Envenenamiento accidental por psicofármacos y drogas de abuso,3,1901295,0.1578
2003,all,60-64,,Eventos de intención no determinada,3,1901295,0.1578
2003,all,60-64,,Suicidio y lesiones autoinfligidas,202,1901295,10.6243
2003,all,60-64,I-XXII,Todas las causas,15972,1901295,840.059
2003,all,60-64,,"Trastornos mentales debidos al uso de drogas (drogodependencia, toxicomanía)",0,1901295,0.0
2003,all,65-69,,Accidentes de tráfico,278,2004865,13.8663
2003,all,65-69,,Agresiones (homicidio),16,2004865,0.7981
2003,all,65-69,,Envenenamiento accidental por psicofármacos y drogas de abuso,3,2004865,0.1496
2003,all,65-69,,Eventos de intención no determinada,5,2004865,0.2494
2003,all,65-69,,Suicidio y lesiones autoinfligidas,231,2004865,11.522
2003,all,65-69,I-XXII,Todas las causas,26636,2004865,1328.5683
2003,all,65-69,,"Trastornos mentales debidos al uso de drogas (drogodependencia, toxicomanía)",1,2004865,0.0499
2003,all,70-74,,Accidentes de tráfico,275,1916273,14.3508
2003,all,70-74,,Agresiones (homicidio),16,1916273,0.835
2003,all,70-74,,Envenenamiento accidental por psicofármacos y drogas de abuso,5,1916273,0.2609
2003,all,70-74,,Eventos de intención no determinada,8,1916273,0.4175
2003,all,70-74,,Suicidio y lesiones autoinfligidas,265,1916273,13.8289
2003,all,70-74,I-XXII,Todas las causas,41879,1916273,2185.4402
2003,all,70-74,,"Trastornos mentales debidos al uso de drogas (drogodependencia, toxicomanía)",0,1916273,0.0
2003,all,75-79,,Accidentes de tráfico,260,1492549,17.4199
2003,all,75-79,,Agresiones (homicidio),9,1492549,0.603
2003,all,75-79,,Envenenamiento accidental por psicofármacos y drogas de abuso,2,1492549,0.134
2003,all,75-79,,Eventos de intención no determinada,10,1492549,0.67
2003,all,75-79,,Suicidio y lesiones autoinfligidas,275,1492549,18.4249
2003,all,75-79,I-XXII,Todas las causas,57377,1492549,3844.2289
2003,all,75-79,,"Trastornos mentales debidos al uso de drogas (drogodependencia, toxicomanía)",0,1492549,0.0
2003,all,80-84,,Accidentes de tráfico,197,974323,20.2192
2003,all,80-84,,Agresiones (homicidio),5,974323,0.5132
2003,all,80-84,,Envenenamiento accidental por psicofármacos y drogas de abuso,1,974323,0.1026
2003,all,80-84,,Eventos de intención no determinada,5,974323,0.5132
2003,all,80-84,,Suicidio y lesiones autoinfligidas,226,974323,23.1956
2003,all,80-84,I-XXII,Todas las causas,68007,974323,6979.9235
2003,all,80-84,,"Trastornos mentales debidos al uso de drogas (drogodependencia, toxicomanía)",0,974323,0.0
2003,all,85-89,,Accidentes de tráfico,86,488991,17.5872
2003,all,85-89,,Agresiones (homicidio),3,488991,0.6135
2003,all,85-89,,Envenenamiento accidental por psicofármacos y drogas de abuso,5,488991,1.0225
2003,all,85-89,,Eventos de intención no determinada,1,488991,0.2045
2003,all,85-89,,Suicidio y lesiones autoinfligidas,129,488991,26.3809
2003,all,85-89,I-XXII,Todas las causas,63748,488991,13036.6408
2003,all,85-89,,"Trastornos mentales debidos al uso de drogas (drogodependencia, toxicomanía)",0,488991,0.0
2003,all,90-94,,Accidentes de tráfico,27,195855,13.7857
2003,all,90-94,,Agresiones (homicidio),2,195855,1.0212
2003,all,90-94,,Envenenamiento accidental por psicofármacos y drogas de abuso,0,195855,0.0
2003,all,90-94,,Eventos de intención no determinada,1,195855,0.5106
2003,all,90-94,,Suicidio y lesiones autoinfligidas,39,195855,19.9127
2003,all,90-94,I-XXII,Todas las causas,44198,195855,22566.6947
2003,all,90-94,,"Trastornos mentales debidos al uso de drogas (drogodependencia, toxicomanía)",0,195855,0.0
2003,all,95+,,Accidentes de tráfico,8,46388,17.2458
2003,all,95+,,Agresiones (homicidio),1,46388,2.1557
2003,all,95+,,Envenenamiento accidental por psicofármacos y drogas de abuso,0,46388,0.0
2003,all,95+,,Eventos de intención no determinada,0,46388,0.0
2003,all,95+,,Suicidio y lesiones autoinfligidas,16,46388,34.4917
2003,all,95+,I-XXII,Todas las causas,17089,46388,36839.2688
2003,all,95+,,"Trastornos mentales debidos al uso de drogas (drogodependencia, toxicomanía)",0,46388,0.0
2003,all,<1,,Accidentes de tráfico,11,429164,2.5631
2003,all,<1,,Agresiones (homicidio),1,429164,0.233
2003,all,<1,,Envenenamiento accidental por psicofármacos y drogas de abuso,0,429164,0.0
2003,all,<1,,Eventos de intención no determinada,0,429164,0.0
2003,all,<1,,Suicidio y lesiones autoinfligidas,0,429164,0.0
2003,all,<1,I-XXII,Todas las causas,1733,429164,403.8083
2003,all,<1,,"Trastornos mentales debidos al uso de drogas (drogodependencia, toxicomanía)",0,429164,0.0
2003,all,all,,Accidentes de tráfico,5514,42196228,13.0675
2003,all,all,,Agresiones (homicidio),446,42196228,1.057
2003,all,all,,Envenenamiento accidental por psicofármacos y drogas de abuso,523,42196228,1.2394
2003,all,all,,Eventos de intención no determinada,100,42196228,0.237
2003,all,all,,Suicidio y lesiones autoinfligidas,3478,42196228,8.2424
2003,all,all,I-XXII,Todas las causas,384828,42196228,911.9962
2003,all,all,,"Trastornos mentales debidos al uso de drogas (drogodependencia, toxicomanía)",158,42196228,0.3744
2003,female,1-4,,Accidentes de tráfico,23,796001,2.8894
2003,female,1-4,,Agresiones (homicidio),1,796001,0.1256
2003,female,1-4,,Envenenamiento accidental por psicofármacos y drogas de abuso,0,796001,0.0
2003,female,1-4,,Eventos de intención no determinada,0,796001,0.0
2003,female,1-4,,Suicidio y lesiones autoinfligidas,0,796001,0.0
2003,female,1-4,I-XXII,Todas las causas,197,796001,24.7487
2003,female,1-4,,"Trastornos mentales debidos al uso de drogas (drogodependencia, toxicomanía)",0,796001,0.0
2003,female,10-14,,Accidentes de tráfico,23,1029162,2.2348
2003,female,10-14,,Agresiones (homicidio),0,1029162,0.0
2003,female,10-14,,Envenenamiento accidental por psicofármacos y drogas de abuso,0,1029162,0.0
2003,female,10-14,,Eventos de intención no determinada,1,1029162,0.0972
2003,female,10-14,,Suicidio y lesiones autoinfligidas,1,1029162,0.0972
2003,female,10-14,I-XXII,Todas las causas,140,1029162,13.6033
2003,female,10-14,,"Trastornos mentales debidos al uso de drogas (drogodependencia, toxicomanía)",0,1029162,0.0
2003,female,15-19,,Accidentes de tráfico,104,1160519,8.9615
2003,female,15-19,,Agresiones (homicidio),2,1160519,0.1723
2003,female,15-19,,Envenenamiento accidental por psicofármacos y drogas de abuso,0,1160519,0.0
2003,female,15-19,,Eventos de intención no determinada,0,1160519,0.0
2003,female,15-19,,Suicidio y lesiones autoinfligidas,16,1160519,1.3787
2003,female,15-19,I-XXII,Todas las causas,291,1160519,25.075
2003,female,15-19,,"Trastornos mentales debidos al uso de drogas (drogodependencia, toxicomanía)",1,1160519,0.0862
2003,female,20-24,,Accidentes de tráfico,133,1514786,8.7801
2003,female,20-24,,Agresiones (homicidio),5,1514786,0.3301
2003,female,20-24,,Envenenamiento accidental por psicofármacos y drogas de abuso,6,1514786,0.3961
2003,female,20-24,,Eventos de intención no determinada,0,1514786,0.0
2003,female,20-24,,Suicidio y lesiones autoinfligidas,40,1514786,2.6406
2003,female,20-24,I-XXII,Todas las causas,410,1514786,27.0665
2003,female,20-24,,"Trastornos mentales debidos al uso de drogas (drogodependencia, toxicomanía)",2,1514786,0.132
2003,female,25-29,,Accidentes de tráfico,113,1789865,6.3133
2003,female,25-29,,Agresiones (homicidio),17,1789865,0.9498
2003,female,25-29,,Envenenamiento accidental por psicofármacos y drogas de abuso,12,1789865,0.6704
2003,female,25-29,,Eventos de intención no determinada,3,1789865,0.1676
2003,female,25-29,,Suicidio y lesiones autoinfligidas,41,1789865,2.2907
2003,female,25-29,I-XXII,Todas las causas,532,1789865,29.7229
2003,female,25-29,,"Trastornos mentales debidos al uso de drogas (drogodependencia, toxicomanía)",1,1789865,0.0559
2003,female,30-34,,Accidentes de tráfico,82,1739067,4.7152
2003,female,30-34,,Agresiones (homicidio),23,1739067,1.3225
2003,female,30-34,,Envenenamiento accidental por psicofármacos y drogas de abuso,13,1739067,0.7475
2003,female,30-34,,Eventos de intención no determinada,1,1739067,0.0575
2003,female,30-34,,Suicidio y lesiones autoinfligidas,52,1739067,2.9901
2003,female,30-34,I-XXII,Todas las causas,724,1739067,41.6315
2003,female,30-34,,"Trastornos mentales debidos al uso de drogas (drogodependencia, toxicomanía)",6,1739067,0.345
2003,female,35-39,,Accidentes de tráfico,70,1714594,4.0826
2003,female,35-39,,Agresiones (homicidio),18,1714594,1.0498
2003,female,35-39,,Envenenamiento accidental por psicofármacos y drogas de abuso,14,1714594,0.8165
2003,female,35-39,,Eventos de intención no determinada,1,1714594,0.0583
2003,female,35-39,,Suicidio y lesiones autoinfligidas,57,1714594,3.3244
2003,female,35-39,I-XXII,Todas las causas,1176,1714594,68.5877
2003,female,35-39,,"Trastornos mentales debidos al uso de drogas (drogodependencia, toxicomanía)",2,1714594,0.1166
2003,female,40-44,,Accidentes de tráfico,66,1590283,4.1502
2003,female,40-44,,Agresiones (homicidio),7,1590283,0.4402
2003,female,40-44,,Envenenamiento accidental por psicofármacos y drogas de abuso,13,1590283,0.8175
2003,female,40-44,,Eventos de intención no determinada,2,1590283,0.1258
2003,female,40-44,,Suicidio y lesiones autoinfligidas,72,1590283,4.5275
2003,female,40-44,I-XXII,Todas las causas,1665,1590283,104.6983
2003,female,40-44,,"Trastornos mentales debidos al uso de drogas (drogodependencia, toxicomanía)",3,1590283,0.1886
2003,female,45-49,,Accidentes de tráfico,64,1400723,4.5691
2003,female,45-49,,Agresiones (homicidio),18,1400723,1.2851
2003,female,45-49,,Envenenamiento accidental por psicofármacos y drogas de abuso,8,1400723,0.5711
2003,female,45-49,,Eventos de intención no determinada,2,1400723,0.1428
2003,female,45-49,,Suicidio y lesiones autoinfligidas,67,1400723,4.7832
2003,female,45-49,I-XXII,Todas las causas,2299,1400723,164.1295
2003,female,45-49,,"Trastornos mentales debidos al uso de drogas (drogodependencia, toxicomanía)",0,1400723,0.0
2003,female,5-9,,Accidentes de tráfico,16,938705,1.7045
2003,female,5-9,,Agresiones (homicidio),1,938705,0.1065
2003,female,5-9,,Envenenamiento accidental por psicofármacos y drogas de abuso,0,938705,0.0
2003,female,5-9,,Eventos de intención no determinada,0,938705,0.0
2003,female,5-9,,Suicidio y lesiones autoinfligidas,0,938705,0.0
2003,female,5-9,I-XXII,Todas las causas,100,938705,10.653
2003,female,5-9,,"Trastornos mentales debidos al uso de drogas (drogodependencia, toxicomanía)",0,938705,0.0
2003,female,50-54,,Accidentes de tráfico,68,1265185,5.3747
2003,female,50-54,,Agresiones (homicidio),5,1265185,0.3952
2003,female,50-54,,Envenenamiento accidental por psicofármacos y drogas de abuso,3,1265185,0.2371
2003,female,50-54,,Eventos de intención no determinada,1,1265185,0.079
2003,female,50-54,,Suicidio y lesiones autoinfligidas,70,1265185,5.5328
2003,female,50-54,I-XXII,Todas las causas,2743,1265185,216.8062
2003,female,50-54,,"Trastornos mentales debidos al uso de drogas (drogodependencia, toxicomanía)",1,1265185,0.079
2003,female,55-59,,Accidentes de tráfico,53,1207907,4.3878
2003,female,55-59,,Agresiones (homicidio),8,1207907,0.6623
2003,female,55-59,,Envenenamiento accidental por psicofármacos y drogas de abuso,4,1207907,0.3312
2003,female,55-59,,Eventos de intención no determinada,0,1207907,0.0
2003,female,55-59,,Suicidio y lesiones autoinfligidas,64,1207907,5.2984
2003,female,55-59,I-XXII,Todas las causas,3746,1207907,310.1232
2003,female,55-59,,"Trastornos mentales debidos al uso de drogas (drogodependencia, toxicomanía)",1,1207907,0.0828
2003,female,60-64,,Accidentes de tráfico,67,985638,6.7976
2003,female,60-64,,Agresiones (homicidio),5,985638,0.5073
2003,female,60-64,,Envenenamiento accidental por psicofármacos y drogas de abuso,3,985638,0.3044
2003,female,60-64,,Eventos de intención no determinada,1,985638,0.1015
2003,female,60-64,,Suicidio y lesiones autoinfligidas,60,985638,6.0874
2003,female,60-64,I-XXII,Todas las causas,4585,985638,465.1809
2003,female,60-64,,"Trastornos mentales debidos al uso de drogas (drogodependencia, toxicomanía)",0,985638,0.0
2003,female,65-69,,Accidentes de tráfico,82,1069685,7.6658
2003,female,65-69,,Agresiones (homicidio),5,1069685,0.4674
2003,female,65-69,,Envenenamiento accidental por psicofármacos y drogas de abuso,1,1069685,0.0935
2003,female,65-69,,Eventos de intención no determinada,2,1069685,0.187
2003,female,65-69,,Suicidio y lesiones autoinfligidas,65,1069685,6.0766
2003,female,65-69,I-XXII,Todas las causas,8437,1069685,788.7369
2003,female,65-69,,"Trastornos mentales debidos al uso de drogas (drogodependencia, toxicomanía)",0,1069685,0.0
2003,female,70-74,,Accidentes de tráfico,93,1056335,8.804
2003,female,70-74,,Agresiones (homicidio),6,1056335,0.568
2003,female,70-74,,Envenenamiento accidental por psicofármacos y drogas de abuso,3,1056335,0.284
2003,female,70-74,,Eventos de intención no determinada,3,1056335,0.284
2003,female,70-74,,Suicidio y lesiones autoinfligidas,61,1056335,5.7747
2003,female,70-74,I-XXII,Todas las causas,14949,1056335,1415.1761
2003,female,70-74,,"Trastornos mentales debidos al uso de drogas (drogodependencia, toxicomanía)",0,1056335,0.0
2003,female,75-79,,Accidentes de tráfico,79,868787,9.0931
2003,female,75-79,,Agresiones (homicidio),4,868787,0.4604
2003,female,75-79,,Envenenamiento accidental por psicofármacos y drogas de abuso,1,868787,0.1151
2003,female,75-79,,Eventos de intención no determinada,3,868787,0.3453
2003,female,75-79,,Suicidio y lesiones autoinfligidas,61,868787,7.0213
2003,female,75-79,I-XXII,Todas las causas,24376,868787,2805.751
2003,female,75-79,,"Trastornos mentales debidos al uso de drogas (drogodependencia, toxicomanía)",0,868787,0.0
2003,female,80-84,,Accidentes de tráfico,79,611216,12.9251
2003,female,80-84,,Agresiones (homicidio),2,611216,0.3272
2003,female,80-84,,Envenenamiento accidental por psicofármacos y drogas de abuso,0,611216,0.0
2003,female,80-84,,Eventos de intención no determinada,1,611216,0.1636
2003,female,80-84,,Suicidio y lesiones autoinfligidas,47,611216,7.6896
2003,female,80-84,I-XXII,Todas las causas,34964,611216,5720.4
2003,female,80-84,,"Trastornos mentales debidos al uso de drogas (drogodependencia, toxicomanía)",0,611216,0.0
2003,female,85-89,,Accidentes de tráfico,34,335450,10.1356
2003,female,85-89,,Agresiones (homicidio),1,335450,0.2981
2003,female,85-89,,Envenenamiento accidental por psicofármacos y drogas de abuso,2,335450,0.5962
2003,female,85-89,,Eventos de intención no determinada,1,335450,0.2981
2003,female,85-89,,Suicidio y lesiones autoinfligidas,33,335450,9.8375
2003,female,85-89,I-XXII,Todas las causas,39702,335450,11835.4449
2003,female,85-89,,"Trastornos mentales debidos al uso de drogas (drogodependencia, toxicomanía)",0,335450,0.0
2003,female,90-94,,Accidentes de tráfico,16,141360,11.3186
2003,female,90-94,,Agresiones (homicidio),1,141360,0.7074
2003,female,90-94,,Envenenamiento accidental por psicofármacos y drogas de abuso,0,141360,0.0
2003,female,90-94,,Eventos de intención no determinada,0,141360,0.0
2003,female,90-94,,Suicidio y lesiones autoinfligidas,17,141360,12.026
2003,female,90-94,I-XXII,Todas las causas,30446,141360,21537.9174
2003,female,90-94,,"Trastornos mentales debidos al uso de drogas (drogodependencia, toxicomanía)",0,141360,0.0
2003,female,95+,,Accidentes de tráfico,4,35275,11.3395
2003,female,95+,,Agresiones (homicidio),1,35275,2.8349
2003,female,95+,,Envenenamiento accidental por psicofármacos y drogas de abuso,0,35275,0.0
2003,female,95+,,Eventos de intención no determinada,0,35275,0.0
2003,female,95+,,Suicidio y lesiones autoinfligidas,4,35275,11.3395
2003,female,95+,I-XXII,Todas las causas,12680,35275,35946.1375
2003,female,95+,,"Trastornos mentales debidos al uso de drogas (drogodependencia, toxicomanía)",0,35275,0.0
2003,female,<1,,Accidentes de tráfico,5,207687,2.4075
2003,female,<1,,Agresiones (homicidio),0,207687,0.0
2003,female,<1,,Envenenamiento accidental por psicofármacos y drogas de abuso,0,207687,0.0
2003,female,<1,,Eventos de intención no determinada,0,207687,0.0
2003,female,<1,,Suicidio y lesiones autoinfligidas,0,207687,0.0
2003,female,<1,I-XXII,Todas las causas,769,207687,370.2687
2003,female,<1,,"Trastornos mentales debidos al uso de drogas (drogodependencia, toxicomanía)",0,207687,0.0
2003,female,all,,Accidentes de tráfico,1274,21458230,5.9371
2003,female,all,,Agresiones (homicidio),130,21458230,0.6058
2003,female,all,,Envenenamiento accidental por psicofármacos y drogas de abuso,83,21458230,0.3868
2003,female,all,,Eventos de intención no determinada,22,21458230,0.1025
2003,female,all,,Suicidio y lesiones autoinfligidas,828,21458230,3.8587
2003,female,all,I-XXII,Todas las causas,184931,21458230,861.8185
2003,female,all,,"Trastornos mentales debidos al uso de drogas (drogodependencia, toxicomanía)",17,21458230,0.0792
2003,male,1-4,,Accidentes de tráfico,22,839141,2.6217
2003,male,1-4,,Agresiones (homicidio),1,839141,0.1192
2003,male,1-4,,Envenenamiento accidental por psicofármacos y drogas de abuso,0,839141,0.0
2003,male,1-4,,Eventos de intención no determinada,0,839141,0.0
2003,male,1-4,,Suicidio y lesiones autoinfligidas,0,839141,0.0
2003,male,1-4,I-XXII,Todas las causas,245,839141,29.1965
2003,male,1-4,,"Trastornos mentales debidos al uso de drogas (drogodependencia, toxicomanía)",0,839141,0.0
2003,male,10-14,,Accidentes de tráfico,41,1087620,3.7697
2003,male,10-14,,Agresiones (homicidio),1,1087620,0.0919
2003,male,10-14,,Envenenamiento accidental por psicofármacos y drogas de abuso,0,1087620,0.0
2003,male,10-14,,Eventos de intención no determinada,0,1087620,0.0
2003,male,10-14,,Suicidio y lesiones autoinfligidas,2,1087620,0.1839
2003,male,10-14,I-XXII,Todas las causas,201,1087620,18.4807
2003,male,10-14,,"Trastornos mentales debidos al uso de drogas (drogodependencia, toxicomanía)",0,1087620,0.0
2003,male,15-19,,Accidentes de tráfico,366,1223546,29.9131
2003,male,15-19,,Agresiones (homicidio),13,1223546,1.0625
2003,male,15-19,,Envenenamiento accidental por psicofármacos y drogas de abuso,3,1223546,0.2452
2003,male,15-19,,Eventos de intención no determinada,4,1223546,0.3269
2003,male,15-19,,Suicidio y lesiones autoinfligidas,47,1223546,3.8413
2003,male,15-19,I-XXII,Todas las causas,741,1223546,60.5617
2003,male,15-19,,"Trastornos mentales debidos al uso de drogas (drogodependencia, toxicomanía)",1,1223546,0.0817
2003,male,20-24,,Accidentes de tráfico,542,1589772,34.0929
2003,male,20-24,,Agresiones (homicidio),28,1589772,1.7613
2003,male,20-24,,Envenenamiento accidental por psicofármacos y drogas de abuso,29,1589772,1.8242
2003,male,20-24,,Eventos de intención no determinada,4,1589772,0.2516
2003,male,20-24,,Suicidio y lesiones autoinfligidas,144,1589772,9.0579
2003,male,20-24,I-XXII,Todas las causas,1336,1589772,84.0372
2003,male,20-24,,"Trastornos mentales debidos al uso de drogas (drogodependencia, toxicomanía)",13,1589772,0.8177
2003,male,25-29,,Accidentes de tráfico,546,1893398,28.837
2003,male,25-29,,Agresiones (homicidio),44,1893398,2.3239
2003,male,25-29,,Envenenamiento accidental por psicofármacos y drogas de abuso,61,1893398,3.2217
2003,male,25-29,,Eventos de intención no determinada,9,1893398,0.4753
2003,male,25-29,,Suicidio y lesiones autoinfligidas,177,1893398,9.3483
2003,male,25-29,I-XXII,Todas las causas,1604,1893398,84.7154
2003,male,25-29,,"Trastornos mentales debidos al uso de drogas (drogodependencia, toxicomanía)",19,1893398,1.0035
2003,male,30-34,,Accidentes de tráfico,442,1829017,24.166
2003,male,30-34,,Agresiones (homicidio),44,1829017,2.4057
2003,male,30-34,,Envenenamiento accidental por psicofármacos y drogas de abuso,110,1829017,6.0142
2003,male,30-34,,Eventos de intención no determinada,7,1829017,0.3827
2003,male,30-34,,Suicidio y lesiones autoinfligidas,282,1829017,15.4181
2003,male,30-34,I-XXII,Todas las causas,2148,1829017,117.4401
2003,male,30-34,,"Trastornos mentales debidos al uso de drogas (drogodependencia, toxicomanía)",38,1829017,2.0776
2003,male,35-39,,Accidentes de tráfico,338,1759239,19.2129
2003,male,35-39,,Agresiones (homicidio),43,1759239,2.4442
2003,male,35-39,,Envenenamiento accidental por psicofármacos y drogas de abuso,105,1759239,5.9685
2003,male,35-39,,Eventos de intención no determinada,7,1759239,0.3979
2003,male,35-39,,Suicidio y lesiones autoinfligidas,230,1759239,13.0738
2003,male,35-39,I-XXII,Todas las causas,2757,1759239,156.7155
2003,male,35-39,,"Trastornos mentales debidos al uso de drogas (drogodependencia, toxicomanía)",37,1759239,2.1032
2003,male,40-44,,Accidentes de tráfico,316,1600380,19.7453
2003,male,40-44,,Agresiones (homicidio),33,1600380,2.062
2003,male,40-44,,Envenenamiento accidental por psicofármacos y drogas de abuso,84,1600380,5.2488
2003,male,40-44,,Eventos de intención no determinada,7,1600380,0.4374
2003,male,40-44,,Suicidio y lesiones autoinfligidas,197,1600380,12.3096
2003,male,40-44,I-XXII,Todas las causas,3880,1600380,242.4424
2003,male,40-44,,"Trastornos mentales debidos al uso de drogas (drogodependencia, toxicomanía)",23,1600380,1.4372
2003,male,45-49,,Accidentes de tráfico,269,1390442,19.3464
2003,male,45-49,,Agresiones (homicidio),25,1390442,1.798
2003,male,45-49,,Envenenamiento accidental por psicofármacos y drogas de abuso,22,1390442,1.5822
2003,male,45-49,,Eventos de intención no determinada,5,1390442,0.3596
2003,male,45-49,,Suicidio y lesiones autoinfligidas,184,1390442,13.2332
2003,male,45-49,I-XXII,Todas las causas,4894,1390442,351.9744
2003,male,45-49,,"Trastornos mentales debidos al uso de drogas (drogodependencia, toxicomanía)",6,1390442,0.4315
2003,male,5-9,,Accidentes de tráfico,26,990538,2.6248
2003,male,5-9,,Agresiones (homicidio),0,990538,0.0
2003,male,5-9,,Envenenamiento accidental por psicofármacos y drogas de abuso,1,990538,0.101
2003,male,5-9,,Eventos de intención no determinada,0,990538,0.0
2003,male,5-9,,Suicidio y lesiones autoinfligidas,0,990538,0.0
2003,male,5-9,I-XXII,Todas las causas,154,990538,15.5471
2003,male,5-9,,"Trastornos mentales debidos al uso de drogas (drogodependencia, toxicomanía)",0,990538,0.0
2003,male,50-54,,Accidentes de tráfico,203,1242151,16.3426
2003,male,50-54,,Agresiones (homicidio),14,1242151,1.1271
2003,male,50-54,,Envenenamiento accidental por psicofármacos y drogas de abuso,11,1242151,0.8856
2003,male,50-54,,Eventos de intención no determinada,7,1242151,0.5635
2003,male,50-54,,Suicidio y lesiones autoinfligidas,188,1242151,15.135
2003,male,50-54,I-XXII,Todas las causas,6658,1242151,536.0057
2003,male,50-54,,"Trastornos mentales debidos al uso de drogas (drogodependencia, toxicomanía)",2,1242151,0.161
2003,male,55-59,,Accidentes de tráfico,216,1154488,18.7096
2003,male,55-59,,Agresiones (homicidio),25,1154488,2.1655
2003,male,55-59,,Envenenamiento accidental por psicofármacos y drogas de abuso,5,1154488,0.4331
2003,male,55-59,,Eventos de intención no determinada,6,1154488,0.5197
2003,male,55-59,,Suicidio y lesiones autoinfligidas,164,1154488,14.2054
2003,male,55-59,I-XXII,Todas las causas,9548,1154488,827.0333
2003,male,55-59,,"Trastornos mentales debidos al uso de drogas (drogodependencia, toxicomanía)",1,1154488,0.0866
2003,male,60-64,,Accidentes de tráfico,163,915656,17.8014
2003,male,60-64,,Agresiones (homicidio),12,915656,1.3105
2003,male,60-64,,Envenenamiento accidental por psicofármacos y drogas de abuso,0,915656,0.0
2003,male,60-64,,Eventos de intención no determinada,2,915656,0.2184
2003,male,60-64,,Suicidio y lesiones autoinfligidas,142,915656,15.508
2003,male,60-64,I-XXII,Todas las causas,11387,915656,1243.5893
2003,male,60-64,,"Trastornos mentales debidos al uso de drogas (drogodependencia, toxicomanía)",0,915656,0.0
2003,male,65-69,,Accidentes de tráfico,196,935178,20.9586
2003,male,65-69,,Agresiones (homicidio),11,935178,1.1762
2003,male,65-69,,Envenenamiento accidental por psicofármacos y drogas de abuso,2,935178,0.2139
2003,male,65-69,,Eventos de intención no determinada,3,935178,0.3208
2003,male,65-69,,Suicidio y lesiones autoinfligidas,166,935178,17.7506
2003,male,65-69,I-XXII,Todas las causas,18199,935178,1946.0466
2003,male,65-69,,"Trastornos mentales debidos al uso de drogas (drogodependencia, toxicomanía)",1,935178,0.1069
2003,male,70-74,,Accidentes de tráfico,182,859938,21.1643
2003,male,70-74,,Agresiones (homicidio),10,859938,1.1629
2003,male,70-74,,Envenenamiento accidental por psicofármacos y drogas de abuso,2,859938,0.2326
2003,male,70-74,,Eventos de intención no determinada,5,859938,0.5814
2003,male,70-74,,Suicidio y lesiones autoinfligidas,204,859938,23.7226
2003,male,70-74,I-XXII,Todas las causas,26930,859938,3131.6211
2003,male,70-74,,"Trastornos mentales debidos al uso de drogas (drogodependencia, toxicomanía)",0,859938,0.0
2003,male,75-79,,Accidentes de tráfico,181,623761,29.0175
2003,male,75-79,,Agresiones (homicidio),5,623761,0.8016
2003,male,75-79,,Envenenamiento accidental por psicofármacos y drogas de abuso,1,623761,0.1603
2003,male,75-79,,Eventos de intención no determinada,7,623761,1.1222
2003,male,75-79,,Suicidio y lesiones autoinfligidas,214,623761,34.308
2003,male,75-79,I-XXII,Todas las causas,33001,623761,5290.6482
2003,male,75-79,,"Trastornos mentales debidos al uso de drogas (drogodependencia, toxicomanía)",0,623761,0.0
2003,male,80-84,,Accidentes de tráfico,118,363109,32.4971
2003,male,80-84,,Agresiones (homicidio),3,363109,0.8262
2003,male,80-84,,Envenenamiento accidental por psicofármacos y drogas de abuso,1,363109,0.2754
2003,male,80-84,,Eventos de intención no determinada,4,363109,1.1016
2003,male,80-84,,Suicidio y lesiones autoinfligidas,179,363109,49.2965
2003,male,80-84,I-XXII,Todas las causas,33043,363109,9100.0223
2003,male,80-84,,"Trastornos mentales debidos al uso de drogas (drogodependencia, toxicomanía)",0,363109,0.0
2003,male,85-89,,Accidentes de tráfico,52,153542,33.867
2003,male,85-89,,Agresiones (homicidio),2,153542,1.3026
2003,male,85-89,,Envenenamiento accidental por psicofármacos y drogas de abuso,3,153542,1.9539
2003,male,85-89,,Eventos de intención no determinada,0,153542,0.0
2003,male,85-89,,Suicidio y lesiones autoinfligidas,96,153542,62.5236
2003,male,85-89,I-XXII,Todas las causas,24046,153542,15660.8615
2003,male,85-89,,"Trastornos mentales debidos al uso de drogas (drogodependencia, toxicomanía)",0,153542,0.0
2003,male,90-94,,Accidentes de tráfico,11,54497,20.1846
2003,male,90-94,,Agresiones (homicidio),1,54497,1.835
2003,male,90-94,,Envenenamiento accidental por psicofármacos y drogas de abuso,0,54497,0.0
2003,male,90-94,,Eventos de intención no determinada,1,54497,1.835
2003,male,90-94,,Suicidio y lesiones autoinfligidas,22,54497,40.3692
2003,male,90-94,I-XXII,Todas las causas,13752,54497,25234.4166
2003,male,90-94,,"Trastornos mentales debidos al uso de drogas (drogodependencia, toxicomanía)",0,54497,0.0
2003,male,95+,,Accidentes de tráfico,4,11113,35.9939
2003,male,95+,,Agresiones (homicidio),0,11113,0.0
2003,male,95+,,Envenenamiento accidental por psicofármacos y drogas de abuso,0,11113,0.0
2003,male,95+,,Eventos de intención no determinada,0,11113,0.0
2003,male,95+,,Suicidio y lesiones autoinfligidas,12,11113,107.9816
2003,male,95+,I-XXII,Todas las causas,4409,11113,39674.2554
2003,male,95+,,"Trastornos mentales debidos al uso de drogas (drogodependencia, toxicomanía)",0,11113,0.0
2003,male,<1,,Accidentes de tráfico,6,221477,2.7091
2003,male,<1,,Agresiones (homicidio),1,221477,0.4515
2003,male,<1,,Envenenamiento accidental por psicofármacos y drogas de abuso,0,221477,0.0
2003,male,<1,,Eventos de intención no determinada,0,221477,0.0
2003,male,<1,,Suicidio y lesiones autoinfligidas,0,221477,0.0
2003,male,<1,I-XXII,Todas las causas,964,221477,435.2596
2003,male,<1,,"Trastornos mentales debidos al uso de drogas (drogodependencia, toxicomanía)",0,221477,0.0
2003,male,all,,Accidentes de tráfico,4240,20738003,20.4456
2003,male,all,,Agresiones (homicidio),316,20738003,1.5238
2003,male,all,,Envenenamiento accidental por psicofármacos y drogas de abuso,440,20738003,2.1217
2003,male,all,,Eventos de intención no determinada,78,20738003,0.3761
2003,male,all,,Suicidio y lesiones autoinfligidas,2650,20738003,12.7785
2003,male,all,I-XXII,Todas las causas,199897,20738003,963.9163
2003,male,all,,"Trastornos mentales debidos al uso de drogas (drogodependencia, toxicomanía)",141,20738003,0.6799
2004,all,1-4,,Accidentes de tráfico,29,1696742,1.7092
2004,all,1-4,,Agresiones (homicidio),4,1696742,0.2357
2004,all,1-4,,Envenenamiento accidental por psicofármacos y drogas de abuso,0,1696742,0.0
2004,all,1-4,,Eventos de intención no determinada,0,1696742,0.0
2004,all,1-4,,Suicidio y lesiones autoinfligidas,0,1696742,0.0
2004,all,1-4,I-XXII,Todas las causas,379,1696742,22.3369
2004,all,1-4,,"Trastornos mentales debidos al uso de drogas (drogodependencia, toxicomanía)",0,1696742,0.0
2004,all,10-14,,Accidentes de tráfico,57,2105808,2.7068
2004,all,10-14,,Agresiones (homicidio),4,2105808,0.19
2004,all,10-14,,Envenenamiento accidental por psicofármacos y drogas de abuso,2,2105808,0.095
2004,all,10-14,,Eventos de intención no determinada,0,2105808,0.0
2004,all,10-14,,Suicidio y lesiones autoinfligidas,12,2105808,0.5699
2004,all,10-14,I-XXII,Todas las causas,308,2105808,14.6262
2004,all,10-14,,"Trastornos mentales debidos al uso de drogas (drogodependencia, toxicomanía)",0,2105808,0.0
2004,all,15-19,,Accidentes de tráfico,398,2344117,16.9787
2004,all,15-19,,Agresiones (homicidio),27,2344117,1.1518
2004,all,15-19,,Envenenamiento accidental por psicofármacos y drogas de abuso,7,2344117,0.2986
2004,all,15-19,,Eventos de intención no determinada,1,2344117,0.0427
2004,all,15-19,,Suicidio y lesiones autoinfligidas,54,2344117,2.3036
2004,all,15-19,I-XXII,Todas las causas,923,2344117,39.3752
2004,all,15-19,,"Trastornos mentales debidos al uso de drogas (drogodependencia, toxicomanía)",3,2344117,0.128
2004,all,20-24,,Accidentes de tráfico,546,3011536,18.1303
2004,all,20-24,,Agresiones (homicidio),56,3011536,1.8595
2004,all,20-24,,Envenenamiento accidental por psicofármacos y drogas de abuso,33,3011536,1.0958
2004,all,20-24,,Eventos de intención no determinada,6,3011536,0.1992
2004,all,20-24,,Suicidio y lesiones autoinfligidas,177,3011536,5.8774
2004,all,20-24,I-XXII,Todas las causas,1524,3011536,50.6054
2004,all,20-24,,"Trastornos mentales debidos al uso de drogas (drogodependencia, toxicomanía)",11,3011536,0.3653
2004,all,25-29,,Accidentes de tráfico,548,3729223,14.6948
2004,all,25-29,,Agresiones (homicidio),79,3729223,2.1184
2004,all,25-29,,Envenenamiento accidental por psicofármacos y drogas de abuso,76,3729223,2.038
2004,all,25-29,,Eventos de intención no determinada,6,3729223,0.1609
2004,all,25-29,,Suicidio y lesiones autoinfligidas,254,3729223,6.8111
2004,all,25-29,I-XXII,Todas las causas,2063,3729223,55.3198
2004,all,25-29,,"Trastornos mentales debidos al uso de drogas (drogodependencia, toxicomanía)",24,3729223,0.6436
2004,all,30-34,,Accidentes de tráfico,492,3674850,13.3883
2004,all,30-34,,Agresiones (homicidio),84,3674850,2.2858
2004,all,30-34,,Envenenamiento accidental por psicofármacos y drogas de abuso,106,3674850,2.8845
2004,all,30-34,,Eventos de intención no determinada,9,3674850,0.2449
2004,all,30-34,,Suicidio y lesiones autoinfligidas,256,3674850,6.9663
2004,all,30-34,I-XXII,Todas las causas,2596,3674850,70.6423
2004,all,30-34,,"Trastornos mentales debidos al uso de drogas (drogodependencia, toxicomanía)",34,3674850,0.9252
2004,all,35-39,,Accidentes de tráfico,384,3542587,10.8395
2004,all,35-39,,Agresiones (homicidio),87,3542587,2.4558
2004,all,35-39,,Envenenamiento accidental por psicofármacos y drogas de abuso,138,3542587,3.8955
2004,all,35-39,,Eventos de intención no determinada,11,3542587,0.3105
2004,all,35-39,,Suicidio y lesiones autoinfligidas,307,3542587,8.666
2004,all,35-39,I-XXII,Todas las causas,3894,3542587,109.9197
2004,all,35-39,,"Trastornos mentales debidos al uso de drogas (drogodependencia, toxicomanía)",43,3542587,1.2138
2004,all,40-44,,Accidentes de tráfico,312,3294390,9.4706
2004,all,40-44,,Agresiones (homicidio),45,3294390,1.366
2004,all,40-44,,Envenenamiento accidental por psicofármacos y drogas de abuso,94,3294390,2.8533
2004,all,40-44,,Eventos de intención no determinada,5,3294390,0.1518
2004,all,40-44,,Suicidio y lesiones autoinfligidas,296,3294390,8.985
2004,all,40-44,I-XXII,Todas las causas,5209,3294390,158.1173
2004,all,40-44,,"Trastornos mentales debidos al uso de drogas (drogodependencia, toxicomanía)",41,3294390,1.2445
2004,all,45-49,,Accidentes de tráfico,317,2911933,10.8862
2004,all,45-49,,Agresiones (homicidio),48,2911933,1.6484
2004,all,45-49,,Envenenamiento accidental por psicofármacos y drogas de abuso,45,2911933,1.5454
2004,all,45-49,,Eventos de intención no determinada,4,2911933,0.1374
2004,all,45-49,,Suicidio y lesiones autoinfligidas,291,2911933,9.9934
2004,all,45-49,I-XXII,Todas las causas,7371,2911933,253.1308
2004,all,45-49,,"Trastornos mentales debidos al uso de drogas (drogodependencia, toxicomanía)",13,2911933,0.4464
2004,all,5-9,,Accidentes de tráfico,39,1957876,1.992
2004,all,5-9,,Agresiones (homicidio),6,1957876,0.3065
2004,all,5-9,,Envenenamiento accidental por psicofármacos y drogas de abuso,0,1957876,0.0
2004,all,5-9,,Eventos de intención no determinada,1,1957876,0.0511
2004,all,5-9,,Suicidio y lesiones autoinfligidas,0,1957876,0.0
2004,all,5-9,I-XXII,Todas las causas,222,1957876,11.3388
2004,all,5-9,,"Trastornos mentales debidos al uso de drogas (drogodependencia, toxicomanía)",0,1957876,0.0
2004,all,50-54,,Accidentes de tráfico,253,2532156,9.9915
2004,all,50-54,,Agresiones (homicidio),37,2532156,1.4612
2004,all,50-54,,Envenenamiento accidental por psicofármacos y drogas de abuso,25,2532156,0.9873
2004,all,50-54,,Eventos de intención no determinada,6,2532156,0.237
2004,all,50-54,,Suicidio y lesiones autoinfligidas,259,2532156,10.2284
2004,all,50-54,I-XXII,Todas las causas,9442,2532156,372.8838
2004,all,50-54,,"Trastornos mentales debidos al uso de drogas (drogodependencia, toxicomanía)",5,2532156,0.1975
2004,all,55-59,,Accidentes de tráfico,260,2424519,10.7238
2004,all,55-59,,Agresiones (homicidio),26,2424519,1.0724
2004,all,55-59,,Envenenamiento accidental por psicofármacos y drogas de abuso,16,2424519,0.6599
2004,all,55-59,,Eventos de intención no determinada,5,2424519,0.2062
2004,all,55-59,,Suicidio y lesiones autoinfligidas,209,2424519,8.6203
2004,all,55-59,I-XXII,Todas las causas,13041,2424519,537.8799
2004,all,55-59,,"Trastornos mentales debidos al uso de drogas (drogodependencia, toxicomanía)",2,2424519,0.0825
2004,all,60-64,,Accidentes de tráfico,195,2036411,9.5757
2004,all,60-64,,Agresiones (homicidio),27,2036411,1.3259
2004,all,60-64,,Envenenamiento accidental por psicofármacos y drogas de abuso,6,2036411,0.2946
2004,all,60-64,,Eventos de intención no determinada,5,2036411,0.2455
2004,all,60-64,,Suicidio y lesiones autoinfligidas,207,2036411,10.1649
2004,all,60-64,I-XXII,Todas las causas,16184,2036411,794.7315
2004,all,60-64,,"Trastornos mentales debidos al uso de drogas (drogodependencia, toxicomanía)",2,2036411,0.0982
2004,all,65-69,,Accidentes de tráfico,222,1902233,11.6705
2004,all,65-69,,Agresiones (homicidio),10,1902233,0.5257
2004,all,65-69,,Envenenamiento accidental por psicofármacos y drogas de abuso,5,1902233,0.2628
2004,all,65-69,,Eventos de intención no determinada,4,1902233,0.2103
2004,all,65-69,,Suicidio y lesiones autoinfligidas,226,1902233,11.8808
2004,all,65-69,I-XXII,Todas las causas,24416,1902233,1283.5441
2004,all,65-69,,"Trastornos mentales debidos al uso de drogas (drogodependencia, toxicomanía)",1,1902233,0.0526
2004,all,70-74,,Accidentes de tráfico,287,1942392,14.7756
2004,all,70-74,,Agresiones (homicidio),9,1942392,0.4633
2004,all,70-74,,Envenenamiento accidental por psicofármacos y drogas de abuso,5,1942392,0.2574
2004,all,70-74,,Eventos de intención no determinada,16,1942392,0.8237
2004,all,70-74,,Suicidio y lesiones autoinfligidas,278,1942392,14.3123
2004,all,70-74,I-XXII,Todas las causas,40026,1942392,2060.6551
2004,all,70-74,,"Trastornos mentales debidos al uso de drogas (drogodependencia, toxicomanía)",0,1942392,0.0
2004,all,75-79,,Accidentes de tráfico,247,1531220,16.1309
2004,all,75-79,,Agresiones (homicidio),13,1531220,0.849
2004,all,75-79,,Envenenamiento accidental por psicofármacos y drogas de abuso,8,1531220,0.5225
2004,all,75-79,,Eventos de intención no determinada,11,1531220,0.7184
2004,all,75-79,,Suicidio y lesiones autoinfligidas,277,1531220,18.0902
2004,all,75-79,I-XXII,Todas las causas,55622,1531220,3632.5283
2004,all,75-79,,"Trastornos mentales debidos al uso de drogas (drogodependencia, toxicomanía)",1,1531220,0.0653
2004,all,80-84,,Accidentes de tráfico,173,1030457,16.7887
2004,all,80-84,,Agresiones (homicidio),7,1030457,0.6793
2004,all,80-84,,Envenenamiento accidental por psicofármacos y drogas de abuso,5,1030457,0.4852
2004,all,80-84,,Eventos de intención no determinada,7,1030457,0.6793
2004,all,80-84,,Suicidio y lesiones autoinfligidas,217,1030457,21.0586
2004,all,80-84,I-XXII,Todas las causas,68011,1030457,6600.0813
2004,all,80-84,,"Trastornos mentales debidos al uso de drogas (drogodependencia, toxicomanía)",1,1030457,0.097
2004,all,85-89,,Accidentes de tráfico,88,497732,17.6802
2004,all,85-89,,Agresiones (homicidio),10,497732,2.0091
2004,all,85-89,,Envenenamiento accidental por psicofármacos y drogas de abuso,2,497732,0.4018
2004,all,85-89,,Eventos de intención no determinada,5,497732,1.0046
2004,all,85-89,,Suicidio y lesiones autoinfligidas,128,497732,25.7167
2004,all,85-89,I-XXII,Todas las causas,60226,497732,12100.086
2004,all,85-89,,"Trastornos mentales debidos al uso de drogas (drogodependencia, toxicomanía)",0,497732,0.0
2004,all,90-94,,Accidentes de tráfico,30,202036,14.8488
2004,all,90-94,,Agresiones (homicidio),2,202036,0.9899
2004,all,90-94,,Envenenamiento accidental por psicofármacos y drogas de abuso,2,202036,0.9899
2004,all,90-94,,Eventos de intención no determinada,1,202036,0.495
2004,all,90-94,,Suicidio y lesiones autoinfligidas,48,202036,23.7581
2004,all,90-94,I-XXII,Todas las causas,42271,202036,20922.5089
2004,all,90-94,,"Trastornos mentales debidos al uso de drogas (drogodependencia, toxicomanía)",0,202036,0.0
2004,all,95+,,Accidentes de tráfico,6,48190,12.4507
2004,all,95+,,Agresiones (homicidio),0,48190,0.0
2004,all,95+,,Envenenamiento accidental por psicofármacos y drogas de abuso,0,48190,0.0
2004,all,95+,,Eventos de intención no determinada,1,48190,2.0751
2004,all,95+,,Suicidio y lesiones autoinfligidas,11,48190,22.8263
2004,all,95+,I-XXII,Todas las causas,16393,48190,34017.431
2004,all,95+,,"Trastornos mentales debidos al uso de drogas (drogodependencia, toxicomanía)",0,48190,0.0
2004,all,<1,,Accidentes de tráfico,5,442767,1.1293
2004,all,<1,,Agresiones (homicidio),4,442767,0.9034
2004,all,<1,,Envenenamiento accidental por psicofármacos y drogas de abuso,0,442767,0.0
2004,all,<1,,Eventos de intención no determinada,0,442767,0.0
2004,all,<1,,Suicidio y lesiones autoinfligidas,0,442767,0.0
2004,all,<1,I-XXII,Todas las causas,1813,442767,409.4704
2004,all,<1,,"Trastornos mentales debidos al uso de drogas (drogodependencia, toxicomanía)",0,442767,0.0
2004,all,all,,Accidentes de tráfico,4888,42859175,11.4048
2004,all,all,,Agresiones (homicidio),585,42859175,1.3649
2004,all,all,,Envenenamiento accidental por psicofármacos y drogas de abuso,575,42859175,1.3416
2004,all,all,,Eventos de intención no determinada,104,42859175,0.2427
2004,all,all,,Suicidio y lesiones autoinfligidas,3507,42859175,8.1826
2004,all,all,I-XXII,Todas las causas,371934,42859175,867.8049
2004,all,all,,"Trastornos mentales debidos al uso de drogas (drogodependencia, toxicomanía)",181,42859175,0.4223
2004,female,1-4,,Accidentes de tráfico,15,825564,1.8169
2004,female,1-4,,Agresiones (homicidio),2,825564,0.2423
2004,female,1-4,,Envenenamiento accidental por psicofármacos y drogas de abuso,0,825564,0.0
2004,female,1-4,,Eventos de intención no determinada,0,825564,0.0
2004,female,1-4,,Suicidio y lesiones autoinfligidas,0,825564,0.0
2004,female,1-4,I-XXII,Todas las causas,175,825564,21.1976
2004,female,1-4,,"Trastornos mentales debidos al uso de drogas (drogodependencia, toxicomanía)",0,825564,0.0
2004,female,10-14,,Accidentes de tráfico,23,1023357,2.2475
2004,female,10-14,,Agresiones (homicidio),2,1023357,0.1954
2004,female,10-14,,Envenenamiento accidental por psicofármacos y drogas de abuso,0,1023357,0.0
2004,female,10-14,,Eventos de intención no determinada,0,1023357,0.0
2004,female,10-14,,Suicidio y lesiones autoinfligidas,1,1023357,0.0977
2004,female,10-14,I-XXII,Todas las causas,112,1023357,10.9444
2004,female,10-14,,"Trastornos mentales debidos al uso de drogas (drogodependencia, toxicomanía)",0,1023357,0.0
2004,female,15-19,,Accidentes de tráfico,91,1140440,7.9794
2004,female,15-19,,Agresiones (homicidio),15,1140440,1.3153
2004,female,15-19,,Envenenamiento accidental por psicofármacos y drogas de abuso,3,1140440,0.2631
2004,female,15-19,,Eventos de intención no determinada,1,1140440,0.0877
2004,female,15-19,,Suicidio y lesiones autoinfligidas,19,1140440,1.666
2004,female,15-19,I-XXII,Todas las causas,262,1140440,22.9736
2004,female,15-19,,"Trastornos mentales debidos al uso de drogas (drogodependencia, toxicomanía)",2,1140440,0.1754
2004,female,20-24,,Accidentes de tráfico,103,1470272,7.0055
2004,female,20-24,,Agresiones (homicidio),14,1470272,0.9522
2004,female,20-24,,Envenenamiento accidental por psicofármacos y drogas de abuso,5,1470272,0.3401
2004,female,20-24,,Eventos de intención no determinada,1,1470272,0.068
2004,female,20-24,,Suicidio y lesiones autoinfligidas,37,1470272,2.5165
2004,female,20-24,I-XXII,Todas las causas,369,1470272,25.0974
2004,female,20-24,,"Trastornos mentales debidos al uso de drogas (drogodependencia, toxicomanía)",0,1470272,0.0
2004,female,25-29,,Accidentes de tráfico,98,1809467,5.416
2004,female,25-29,,Agresiones (homicidio),30,1809467,1.6579
2004,female,25-29,,Envenenamiento accidental por psicofármacos y drogas de abuso,15,1809467,0.829
2004,female,25-29,,Eventos de intención no determinada,0,1809467,0.0
2004,female,25-29,,Suicidio y lesiones autoinfligidas,35,1809467,1.9343
2004,female,25-29,I-XXII,Todas las causas,506,1809467,27.964
2004,female,25-29,,"Trastornos mentales debidos al uso de drogas (drogodependencia, toxicomanía)",3,1809467,0.1658
2004,female,30-34,,Accidentes de tráfico,86,1784171,4.8202
2004,female,30-34,,Agresiones (homicidio),31,1784171,1.7375
2004,female,30-34,,Envenenamiento accidental por psicofármacos y drogas de abuso,15,1784171,0.8407
2004,female,30-34,,Eventos de intención no determinada,2,1784171,0.1121
2004,female,30-34,,Suicidio y lesiones autoinfligidas,54,1784171,3.0266
2004,female,30-34,I-XXII,Todas las causas,710,1784171,39.7944
2004,female,30-34,,"Trastornos mentales debidos al uso de drogas (drogodependencia, toxicomanía)",2,1784171,0.1121
2004,female,35-39,,Accidentes de tráfico,47,1741221,2.6993
2004,female,35-39,,Agresiones (homicidio),26,1741221,1.4932
2004,female,35-39,,Envenenamiento accidental por psicofármacos y drogas de abuso,22,1741221,1.2635
2004,female,35-39,,Eventos de intención no determinada,1,1741221,0.0574
2004,female,35-39,,Suicidio y lesiones autoinfligidas,64,1741221,3.6756
2004,female,35-39,I-XXII,Todas las causas,1062,1741221,60.9917
2004,female,35-39,,"Trastornos mentales debidos al uso de drogas (drogodependencia, toxicomanía)",3,1741221,0.1723
2004,female,40-44,,Accidentes de tráfico,53,1637193,3.2372
2004,female,40-44,,Agresiones (homicidio),17,1637193,1.0384
2004,female,40-44,,Envenenamiento accidental por psicofármacos y drogas de abuso,17,1637193,1.0384
2004,female,40-44,,Eventos de intención no determinada,0,1637193,0.0
2004,female,40-44,,Suicidio y lesiones autoinfligidas,66,1637193,4.0313
2004,female,40-44,I-XXII,Todas las causas,1618,1637193,98.8277
2004,female,40-44,,"Trastornos mentales debidos al uso de drogas (drogodependencia, toxicomanía)",5,1637193,0.3054
2004,female,45-49,,Accidentes de tráfico,75,1459138,5.14
2004,female,45-49,,Agresiones (homicidio),16,1459138,1.0965
2004,female,45-49,,Envenenamiento accidental por psicofármacos y drogas de abuso,6,1459138,0.4112
2004,female,45-49,,Eventos de intención no determinada,1,1459138,0.0685
2004,female,45-49,,Suicidio y lesiones autoinfligidas,72,1459138,4.9344
2004,female,45-49,I-XXII,Todas las causas,2210,1459138,151.4593
2004,female,45-49,,"Trastornos mentales debidos al uso de drogas (drogodependencia, toxicomanía)",2,1459138,0.1371
2004,female,5-9,,Accidentes de tráfico,15,952718,1.5744
2004,female,5-9,,Agresiones (homicidio),3,952718,0.3149
2004,female,5-9,,Envenenamiento accidental por psicofármacos y drogas de abuso,0,952718,0.0
2004,female,5-9,,Eventos de intención no determinada,1,952718,0.105
2004,female,5-9,,Suicidio y lesiones autoinfligidas,0,952718,0.0
2004,female,5-9,I-XXII,Todas las causas,88,952718,9.2367
2004,female,5-9,,"Trastornos mentales debidos al uso de drogas (drogodependencia, toxicomanía)",0,952718,0.0
2004,female,50-54,,Accidentes de tráfico,55,1276389,4.309
2004,female,50-54,,Agresiones (homicidio),11,1276389,0.8618
2004,female,50-54,,Envenenamiento accidental por psicofármacos y drogas de abuso,6,1276389,0.4701
2004,female,50-54,,Eventos de intención no determinada,2,1276389,0.1567
2004,female,50-54,,Suicidio y lesiones autoinfligidas,64,1276389,5.0141
2004,female,50-54,I-XXII,Todas las causas,2726,1276389,213.5713
2004,female,50-54,,"Trastornos mentales debidos al uso de drogas (drogodependencia, toxicomanía)",1,1276389,0.0783
2004,female,55-59,,Accidentes de tráfico,75,1239239,6.0521
2004,female,55-59,,Agresiones (homicidio),5,1239239,0.4035
2004,female,55-59,,Envenenamiento accidental por psicofármacos y drogas de abuso,7,1239239,0.5649
2004,female,55-59,,Eventos de intención no determinada,2,1239239,0.1614
2004,female,55-59,,Suicidio y lesiones autoinfligidas,63,1239239,5.0838
2004,female,55-59,I-XXII,Todas las causas,3716,1239239,299.8614
2004,female,55-59,,"Trastornos mentales debidos al uso de drogas (drogodependencia, toxicomanía)",0,1239239,0.0
2004,female,60-64,,Accidentes de tráfico,44,1053493,4.1766
2004,female,60-64,,Agresiones (homicidio),13,1053493,1.234
2004,female,60-64,,Envenenamiento accidental por psicofármacos y drogas de abuso,2,1053493,0.1898
2004,female,60-64,,Eventos de intención no determinada,3,1053493,0.2848
2004,female,60-64,,Suicidio y lesiones autoinfligidas,65,1053493,6.17
2004,female,60-64,I-XXII,Todas las causas,4689,1053493,445.0908
2004,female,60-64,,"Trastornos mentales debidos al uso de drogas (drogodependencia, toxicomanía)",0,1053493,0.0
2004,female,65-69,,Accidentes de tráfico,63,1014667,6.2089
2004,female,65-69,,Agresiones (homicidio),4,1014667,0.3942
2004,female,65-69,,Envenenamiento accidental por psicofármacos y drogas de abuso,2,1014667,0.1971
2004,female,65-69,,Eventos de intención no determinada,1,1014667,0.0986
2004,female,65-69,,Suicidio y lesiones autoinfligidas,67,1014667,6.6032
2004,female,65-69,I-XXII,Todas las causas,7669,1014667,755.8145
2004,female,65-69,,"Trastornos mentales debidos al uso de drogas (drogodependencia, toxicomanía)",0,1014667,0.0
2004,female,70-74,,Accidentes de tráfico,94,1068292,8.7991
2004,female,70-74,,Agresiones (homicidio),4,1068292,0.3744
2004,female,70-74,,Envenenamiento accidental por psicofármacos y drogas de abuso,3,1068292,0.2808
2004,female,70-74,,Eventos de intención no determinada,4,1068292,0.3744
2004,female,70-74,,Suicidio y lesiones autoinfligidas,66,1068292,6.1781
2004,female,70-74,I-XXII,Todas las causas,14323,1068292,1340.7383
2004,female,70-74,,"Trastornos mentales debidos al uso de drogas (drogodependencia, toxicomanía)",0,1068292,0.0
2004,female,75-79,,Accidentes de tráfico,85,889484,9.5561
2004,female,75-79,,Agresiones (homicidio),7,889484,0.787
2004,female,75-79,,Envenenamiento accidental por psicofármacos y drogas de abuso,5,889484,0.5621
2004,female,75-79,,Eventos de intención no determinada,3,889484,0.3373
2004,female,75-79,,Suicidio y lesiones autoinfligidas,70,889484,7.8697
2004,female,75-79,I-XXII,Todas las causas,23283,889484,2617.585
2004,female,75-79,,"Trastornos mentales debidos al uso de drogas (drogodependencia, toxicomanía)",0,889484,0.0
2004,female,80-84,,Accidentes de tráfico,62,642285,9.653
2004,female,80-84,,Agresiones (homicidio),4,642285,0.6228
2004,female,80-84,,Envenenamiento accidental por psicofármacos y drogas de abuso,4,642285,0.6228
2004,female,80-84,,Eventos de intención no determinada,5,642285,0.7785
2004,female,80-84,,Suicidio y lesiones autoinfligidas,60,642285,9.3416
2004,female,80-84,I-XXII,Todas las causas,34403,642285,5356.3449
2004,female,80-84,,"Trastornos mentales debidos al uso de drogas (drogodependencia, toxicomanía)",1,642285,0.1557
2004,female,85-89,,Accidentes de tráfico,38,341338,11.1327
2004,female,85-89,,Agresiones (homicidio),4,341338,1.1719
2004,female,85-89,,Envenenamiento accidental por psicofármacos y drogas de abuso,1,341338,0.293
2004,female,85-89,,Eventos de intención no determinada,3,341338,0.8789
2004,female,85-89,,Suicidio y lesiones autoinfligidas,40,341338,11.7186
2004,female,85-89,I-XXII,Todas las causas,37253,341338,10913.8156
2004,female,85-89,,"Trastornos mentales debidos al uso de drogas (drogodependencia, toxicomanía)",0,341338,0.0
2004,female,90-94,,Accidentes de tráfico,15,146249,10.2565
2004,female,90-94,,Agresiones (homicidio),1,146249,0.6838
2004,female,90-94,,Envenenamiento accidental por psicofármacos y drogas de abuso,1,146249,0.6838
2004,female,90-94,,Eventos de intención no determinada,0,146249,0.0
2004,female,90-94,,Suicidio y lesiones autoinfligidas,13,146249,8.8889
2004,female,90-94,I-XXII,Todas las causas,28916,146249,19771.7591
2004,female,90-94,,"Trastornos mentales debidos al uso de drogas (drogodependencia, toxicomanía)",0,146249,0.0
2004,female,95+,,Accidentes de tráfico,2,36686,5.4517
2004,female,95+,,Agresiones (homicidio),0,36686,0.0
2004,female,95+,,Envenenamiento accidental por psicofármacos y drogas de abuso,0,36686,0.0
2004,female,95+,,Eventos de intención no determinada,1,36686,2.7258
2004,female,95+,,Suicidio y lesiones autoinfligidas,0,36686,0.0
2004,female,95+,I-XXII,Todas las causas,12137,36686,33083.4651
2004,female,95+,,"Trastornos mentales debidos al uso de drogas (drogodependencia, toxicomanía)",0,36686,0.0
2004,female,<1,,Accidentes de tráfico,2,214458,0.9326
2004,female,<1,,Agresiones (homicidio),2,214458,0.9326
2004,female,<1,,Envenenamiento accidental por psicofármacos y drogas de abuso,0,214458,0.0
2004,female,<1,,Eventos de intención no determinada,0,214458,0.0
2004,female,<1,,Suicidio y lesiones autoinfligidas,0,214458,0.0
2004,female,<1,I-XXII,Todas las causas,779,214458,363.2413
2004,female,<1,,"Trastornos mentales debidos al uso de drogas (drogodependencia, toxicomanía)",0,214458,0.0
2004,female,all,,Accidentes de tráfico,1141,21766121,5.2421
2004,female,all,,Agresiones (homicidio),211,21766121,0.9694
2004,female,all,,Envenenamiento accidental por psicofármacos y drogas de abuso,114,21766121,0.5237
2004,female,all,,Eventos de intención no determinada,31,21766121,0.1424
2004,female,all,,Suicidio y lesiones autoinfligidas,856,21766121,3.9327
2004,female,all,I-XXII,Todas las causas,177006,21766121,813.2179
2004,female,all,,"Trastornos mentales debidos al uso de drogas (drogodependencia, toxicomanía)",19,21766121,0.0873
2004,male,1-4,,Accidentes de tráfico,14,871178,1.607
2004,male,1-4,,Agresiones (homicidio),2,871178,0.2296
2004,male,1-4,,Envenenamiento accidental por psicofármacos y drogas de abuso,0,871178,0.0
2004,male,1-4,,Eventos de intención no determinada,0,871178,0.0
2004,male,1-4,,Suicidio y lesiones autoinfligidas,0,871178,0.0
2004,male,1-4,I-XXII,Todas las causas,204,871178,23.4166
2004,male,1-4,,"Trastornos mentales debidos al uso de drogas (drogodependencia, toxicomanía)",0,871178,0.0
2004,male,10-14,,Accidentes de tráfico,34,1082451,3.141
2004,male,10-14,,Agresiones (homicidio),2,1082451,0.1848
2004,male,10-14,,Envenenamiento accidental por psicofármacos y drogas de abuso,2,1082451,0.1848
2004,male,10-14,,Eventos de intención no determinada,0,1082451,0.0
2004,male,10-14,,Suicidio y lesiones autoinfligidas,11,1082451,1.0162
2004,male,10-14,I-XXII,Todas las causas,196,1082451,18.1071
2004,male,10-14,,"Trastornos mentales debidos al uso de drogas (drogodependencia, toxicomanía)",0,1082451,0.0
2004,male,15-19,,Accidentes de tráfico,307,1203677,25.5052
2004,male,15-19,,Agresiones (homicidio),12,1203677,0.9969
2004,male,15-19,,Envenenamiento accidental por psicofármacos y drogas de abuso,4,1203677,0.3323
2004,male,15-19,,Eventos de intención no determinada,0,1203677,0.0
2004,male,15-19,,Suicidio y lesiones autoinfligidas,35,1203677,2.9078
2004,male,15-19,I-XXII,Todas las causas,661,1203677,54.9151
2004,male,15-19,,"Trastornos mentales debidos al uso de drogas (drogodependencia, toxicomanía)",1,1203677,0.0831
2004,male,20-24,,Accidentes de tráfico,443,1541266,28.7426
2004,male,20-24,,Agresiones (homicidio),42,1541266,2.725
2004,male,20-24,,Envenenamiento accidental por psicofármacos y drogas de abuso,28,1541266,1.8167
2004,male,20-24,,Eventos de intención no determinada,5,1541266,0.3244
2004,male,20-24,,Suicidio y lesiones autoinfligidas,140,1541266,9.0834
2004,male,20-24,I-XXII,Todas las causas,1155,1541266,74.9384
2004,male,20-24,,"Trastornos mentales debidos al uso de drogas (drogodependencia, toxicomanía)",11,1541266,0.7137
2004,male,25-29,,Accidentes de tráfico,450,1919754,23.4405
2004,male,25-29,,Agresiones (homicidio),49,1919754,2.5524
2004,male,25-29,,Envenenamiento accidental por psicofármacos y drogas de abuso,61,1919754,3.1775
2004,male,25-29,,Eventos de intención no determinada,6,1919754,0.3125
2004,male,25-29,,Suicidio y lesiones autoinfligidas,219,1919754,11.4077
2004,male,25-29,I-XXII,Todas las causas,1557,1919754,81.1041
2004,male,25-29,,"Trastornos mentales debidos al uso de drogas (drogodependencia, toxicomanía)",21,1919754,1.0939
2004,male,30-34,,Accidentes de tráfico,406,1890679,21.4738
2004,male,30-34,,Agresiones (homicidio),53,1890679,2.8032
2004,male,30-34,,Envenenamiento accidental por psicofármacos y drogas de abuso,91,1890679,4.8131
2004,male,30-34,,Eventos de intención no determinada,7,1890679,0.3702
2004,male,30-34,,Suicidio y lesiones autoinfligidas,202,1890679,10.684
2004,male,30-34,I-XXII,Todas las causas,1886,1890679,99.7525
2004,male,30-34,,"Trastornos mentales debidos al uso de drogas (drogodependencia, toxicomanía)",32,1890679,1.6925
2004,male,35-39,,Accidentes de tráfico,337,1801366,18.708
2004,male,35-39,,Agresiones (homicidio),61,1801366,3.3863
2004,male,35-39,,Envenenamiento accidental por psicofármacos y drogas de abuso,116,1801366,6.4396
2004,male,35-39,,Eventos de intención no determinada,10,1801366,0.5551
2004,male,35-39,,Suicidio y lesiones autoinfligidas,243,1801366,13.4898
2004,male,35-39,I-XXII,Todas las causas,2832,1801366,157.214
2004,male,35-39,,"Trastornos mentales debidos al uso de drogas (drogodependencia, toxicomanía)",40,1801366,2.2205
2004,male,40-44,,Accidentes de tráfico,259,1657198,15.6288
2004,male,40-44,,Agresiones (homicidio),28,1657198,1.6896
2004,male,40-44,,Envenenamiento accidental por psicofármacos y drogas de abuso,77,1657198,4.6464
2004,male,40-44,,Eventos de intención no determinada,5,1657198,0.3017
2004,male,40-44,,Suicidio y lesiones autoinfligidas,230,1657198,13.8788
2004,male,40-44,I-XXII,Todas las causas,3591,1657198,216.6911
2004,male,40-44,,"Trastornos mentales debidos al uso de drogas (drogodependencia, toxicomanía)",36,1657198,2.1723
2004,male,45-49,,Accidentes de tráfico,242,1452793,16.6576
2004,male,45-49,,Agresiones (homicidio),32,1452793,2.2027
2004,male,45-49,,Envenenamiento accidental por psicofármacos y drogas de abuso,39,1452793,2.6845
2004,male,45-49,,Eventos de intención no determinada,3,1452793,0.2065
2004,male,45-49,,Suicidio y lesiones autoinfligidas,219,1452793,15.0744
2004,male,45-49,I-XXII,Todas las causas,5161,1452793,355.2468
2004,male,45-49,,"Trastornos mentales debidos al uso de drogas (drogodependencia, toxicomanía)",11,1452793,0.7572
2004,male,5-9,,Accidentes de tráfico,24,1005157,2.3877
2004,male,5-9,,Agresiones (homicidio),3,1005157,0.2985
2004,male,5-9,,Envenenamiento accidental por psicofármacos y drogas de abuso,0,1005157,0.0
2004,male,5-9,,Eventos de intención no determinada,0,1005157,0.0
2004,male,5-9,,Suicidio y lesiones autoinfligidas,0,1005157,0.0
2004,male,5-9,I-XXII,Todas las causas,134,1005157,13.3313
2004,male,5-9,,"Trastornos mentales debidos al uso de drogas (drogodependencia, toxicomanía)",0,1005157,0.0
2004,male,50-54,,Accidentes de tráfico,198,1255768,15.7672
2004,male,50-54,,Agresiones (homicidio),26,1255768,2.0704
2004,male,50-54,,Envenenamiento accidental por psicofármacos y drogas de abuso,19,1255768,1.513
2004,male,50-54,,Eventos de intención no determinada,4,1255768,0.3185
2004,male,50-54,,Suicidio y lesiones autoinfligidas,195,1255768,15.5283
2004,male,50-54,I-XXII,Todas las causas,6716,1255768,534.8122
2004,male,50-54,,"Trastornos mentales debidos al uso de drogas (drogodependencia, toxicomanía)",4,1255768,0.3185
2004,male,55-59,,Accidentes de tráfico,185,1185278,15.6082
2004,male,55-59,,Agresiones (homicidio),21,1185278,1.7717
2004,male,55-59,,Envenenamiento accidental por psicofármacos y drogas de abuso,9,1185278,0.7593
2004,male,55-59,,Eventos de intención no determinada,3,1185278,0.2531
2004,male,55-59,,Suicidio y lesiones autoinfligidas,146,1185278,12.3178
2004,male,55-59,I-XXII,Todas las causas,9325,1185278,786.7353
2004,male,55-59,,"Trastornos mentales debidos al uso de drogas (drogodependencia, toxicomanía)",2,1185278,0.1687
2004,male,60-64,,Accidentes de tráfico,151,982919,15.3624
2004,male,60-64,,Agresiones (homicidio),14,982919,1.4243
2004,male,60-64,,Envenenamiento accidental por psicofármacos y drogas de abuso,4,982919,0.407
2004,male,60-64,,Eventos de intención no determinada,2,982919,0.2035
2004,male,60-64,,Suicidio y lesiones autoinfligidas,142,982919,14.4468
2004,male,60-64,I-XXII,Todas las causas,11495,982919,1169.4758
2004,male,60-64,,"Trastornos mentales debidos al uso de drogas (drogodependencia, toxicomanía)",2,982919,0.2035
2004,male,65-69,,Accidentes de tráfico,159,887566,17.9142
2004,male,65-69,,Agresiones (homicidio),6,887566,0.676
2004,male,65-69,,Envenenamiento accidental por psicofármacos y drogas de abuso,3,887566,0.338
2004,male,65-69,,Eventos de intención no determinada,3,887566,0.338
2004,male,65-69,,Suicidio y lesiones autoinfligidas,159,887566,17.9142
2004,male,65-69,I-XXII,Todas las causas,16747,887566,1886.8456
2004,male,65-69,,"Trastornos mentales debidos al uso de drogas (drogodependencia, toxicomanía)",1,887566,0.1127
2004,male,70-74,,Accidentes de tráfico,193,874100,22.0799
2004,male,70-74,,Agresiones (homicidio),5,874100,0.572
2004,male,70-74,,Envenenamiento accidental por psicofármacos y drogas de abuso,2,874100,0.2288
2004,male,70-74,,Eventos de intención no determinada,12,874100,1.3728
2004,male,70-74,,Suicidio y lesiones autoinfligidas,212,874100,24.2535
2004,male,70-74,I-XXII,Todas las causas,25703,874100,2940.5102
2004,male,70-74,,"Trastornos mentales debidos al uso de drogas (drogodependencia, toxicomanía)",0,874100,0.0
2004,male,75-79,,Accidentes de tráfico,162,641737,25.244
2004,male,75-79,,Agresiones (homicidio),6,641737,0.935
2004,male,75-79,,Envenenamiento accidental por psicofármacos y drogas de abuso,3,641737,0.4675
2004,male,75-79,,Eventos de intención no determinada,8,641737,1.2466
2004,male,75-79,,Suicidio y lesiones autoinfligidas,207,641737,32.2562
2004,male,75-79,I-XXII,Todas las causas,32339,641737,5039.2918
2004,male,75-79,,"Trastornos mentales debidos al uso de drogas (drogodependencia, toxicomanía)",1,641737,0.1558
2004,male,80-84,,Accidentes de tráfico,111,388170,28.5957
2004,male,80-84,,Agresiones (homicidio),3,388170,0.7729
2004,male,80-84,,Envenenamiento accidental por psicofármacos y drogas de abuso,1,388170,0.2576
2004,male,80-84,,Eventos de intención no determinada,2,388170,0.5152
2004,male,80-84,,Suicidio y lesiones autoinfligidas,157,388170,40.4462
2004,male,80-84,I-XXII,Todas las causas,33608,388170,8658.0622
2004,male,80-84,,"Trastornos mentales debidos al uso de drogas (drogodependencia, toxicomanía)",0,388170,0.0
2004,male,85-89,,Accidentes de tráfico,50,156394,31.9705
2004,male,85-89,,Agresiones (homicidio),6,156394,3.8365
2004,male,85-89,,Envenenamiento accidental por psicofármacos y drogas de abuso,1,156394,0.6394
2004,male,85-89,,Eventos de intención no determinada,2,156394,1.2788
2004,male,85-89,,Suicidio y lesiones autoinfligidas,88,156394,56.2681
2004,male,85-89,I-XXII,Todas las causas,22973,156394,14689.1824
2004,male,85-89,,"Trastornos mentales debidos al uso de drogas (drogodependencia, toxicomanía)",0,156394,0.0
2004,male,90-94,,Accidentes de tráfico,15,55788,26.8875
2004,male,90-94,,Agresiones (homicidio),1,55788,1.7925
2004,male,90-94,,Envenenamiento accidental por psicofármacos y drogas de abuso,1,55788,1.7925
2004,male,90-94,,Eventos de intención no determinada,1,55788,1.7925
2004,male,90-94,,Suicidio y lesiones autoinfligidas,35,55788,62.7375
2004,male,90-94,I-XXII,Todas las causas,13355,55788,23938.8399
2004,male,90-94,,"Trastornos mentales debidos al uso de drogas (drogodependencia, toxicomanía)",0,55788,0.0
2004,male,95+,,Accidentes de tráfico,4,11504,34.7705
2004,male,95+,,Agresiones (homicidio),0,11504,0.0
2004,male,95+,,Envenenamiento accidental por psicofármacos y drogas de abuso,0,11504,0.0
2004,male,95+,,Eventos de intención no determinada,0,11504,0.0
2004,male,95+,,Suicidio y lesiones autoinfligidas,11,11504,95.6189
2004,male,95+,I-XXII,Todas las causas,4256,11504,36995.8275
2004,male,95+,,"Trastornos mentales debidos al uso de drogas (drogodependencia, toxicomanía)",0,11504,0.0
2004,male,<1,,Accidentes de tráfico,3,228309,1.314
2004,male,<1,,Agresiones (homicidio),2,228309,0.876
2004,male,<1,,Envenenamiento accidental por psicofármacos y drogas de abuso,0,228309,0.0
2004,male,<1,,Eventos de intención no determinada,0,228309,0.0
2004,male,<1,,Suicidio y lesiones autoinfligidas,0,228309,0.0
2004,male,<1,I-XXII,Todas las causas,1034,228309,452.895
2004,male,<1,,"Trastornos mentales debidos al uso de drogas (drogodependencia, toxicomanía)",0,228309,0.0
2004,male,all,,Accidentes de tráfico,3747,21093052,17.7641
2004,male,all,,Agresiones (homicidio),374,21093052,1.7731
2004,male,all,,Envenenamiento accidental por psicofármacos y drogas de abuso,461,21093052,2.1856
2004,male,all,,Eventos de intención no determinada,73,21093052,0.3461
2004,male,all,,Suicidio y lesiones autoinfligidas,2651,21093052,12.5681
2004,male,all,I-XXII,Todas las causas,194928,21093052,924.1337
2004,male,all,,"Trastornos mentales debidos al uso de drogas (drogodependencia, toxicomanía)",162,21093052,0.768
2005,all,1-4,,Accidentes de tráfico,22,1757026,1.2521
2005,all,1-4,,Agresiones (homicidio),4,1757026,0.2277
2005,all,1-4,,Envenenamiento accidental por psicofármacos y drogas de abuso,0,1757026,0.0
2005,all,1-4,,Eventos de intención no determinada,1,1757026,0.0569
2005,all,1-4,,Suicidio y lesiones autoinfligidas,0,1757026,0.0
2005,all,1-4,I-XXII,Todas las causas,380,1757026,21.6275
2005,all,1-4,,"Trastornos mentales debidos al uso de drogas (drogodependencia, toxicomanía)",0,1757026,0.0
2005,all,10-14,,Accidentes de tráfico,53,2090751,2.535
2005,all,10-14,,Agresiones (homicidio),2,2090751,0.0957
2005,all,10-14,,Envenenamiento accidental por psicofármacos y drogas de abuso,0,2090751,0.0
2005,all,10-14,,Eventos de intención no determinada,0,2090751,0.0
2005,all,10-14,,Suicidio y lesiones autoinfligidas,6,2090751,0.287
2005,all,10-14,I-XXII,Todas las causas,281,2090751,13.4401
2005,all,10-14,,"Trastornos mentales debidos al uso de drogas (drogodependencia, toxicomanía)",0,2090751,0.0
2005,all,15-19,,Accidentes de tráfico,368,2320738,15.857
2005,all,15-19,,Agresiones (homicidio),17,2320738,0.7325
2005,all,15-19,,Envenenamiento accidental por psicofármacos y drogas de abuso,7,2320738,0.3016
2005,all,15-19,,Eventos de intención no determinada,1,2320738,0.0431
2005,all,15-19,,Suicidio y lesiones autoinfligidas,66,2320738,2.8439
2005,all,15-19,I-XXII,Todas las causas,914,2320738,39.384
2005,all,15-19,,"Trastornos mentales debidos al uso de drogas (drogodependencia, toxicomanía)",1,2320738,0.0431
2005,all,20-24,,Accidentes de tráfico,521,2954737,17.6327
2005,all,20-24,,Agresiones (homicidio),43,2954737,1.4553
2005,all,20-24,,Envenenamiento accidental por psicofármacos y drogas de abuso,37,2954737,1.2522
2005,all,20-24,,Eventos de intención no determinada,2,2954737,0.0677
2005,all,20-24,,Suicidio y lesiones autoinfligidas,136,2954737,4.6028
2005,all,20-24,I-XXII,Todas las causas,1430,2954737,48.3969
2005,all,20-24,,"Trastornos mentales debidos al uso de drogas (drogodependencia, toxicomanía)",4,2954737,0.1354
2005,all,25-29,,Accidentes de tráfico,497,3768495,13.1883
2005,all,25-29,,Agresiones (homicidio),43,3768495,1.141
2005,all,25-29,,Envenenamiento accidental por psicofármacos y drogas de abuso,71,3768495,1.884
2005,all,25-29,,Eventos de intención no determinada,6,3768495,0.1592
2005,all,25-29,,Suicidio y lesiones autoinfligidas,234,3768495,6.2094
2005,all,25-29,I-XXII,Todas las causas,1846,3768495,48.9851
2005,all,25-29,,"Trastornos mentales debidos al uso de drogas (drogodependencia, toxicomanía)",16,3768495,0.4246
2005,all,30-34,,Accidentes de tráfico,430,3813956,11.2744
2005,all,30-34,,Agresiones (homicidio),50,3813956,1.311
2005,all,30-34,,Envenenamiento accidental por psicofármacos y drogas de abuso,116,3813956,3.0415
2005,all,30-34,,Eventos de intención no determinada,4,3813956,0.1049
2005,all,30-34,,Suicidio y lesiones autoinfligidas,285,3813956,7.4726
2005,all,30-34,I-XXII,Todas las causas,2568,3813956,67.3317
2005,all,30-34,,"Trastornos mentales debidos al uso de drogas (drogodependencia, toxicomanía)",24,3813956,0.6293
2005,all,35-39,,Accidentes de tráfico,363,3627062,10.0081
2005,all,35-39,,Agresiones (homicidio),39,3627062,1.0753
2005,all,35-39,,Envenenamiento accidental por psicofármacos y drogas de abuso,151,3627062,4.1631
2005,all,35-39,,Eventos de intención no determinada,9,3627062,0.2481
2005,all,35-39,,Suicidio y lesiones autoinfligidas,291,3627062,8.023
2005,all,35-39,I-XXII,Todas las causas,3763,3627062,103.7479
2005,all,35-39,,"Trastornos mentales debidos al uso de drogas (drogodependencia, toxicomanía)",29,3627062,0.7995
2005,all,40-44,,Accidentes de tráfico,292,3407368,8.5697
2005,all,40-44,,Agresiones (homicidio),37,3407368,1.0859
2005,all,40-44,,Envenenamiento accidental por psicofármacos y drogas de abuso,101,3407368,2.9642
2005,all,40-44,,Eventos de intención no determinada,9,3407368,0.2641
2005,all,40-44,,Suicidio y lesiones autoinfligidas,298,3407368,8.7458
2005,all,40-44,I-XXII,Todas las causas,5310,3407368,155.8388
2005,all,40-44,,"Trastornos mentales debidos al uso de drogas (drogodependencia, toxicomanía)",29,3407368,0.8511
2005,all,45-49,,Accidentes de tráfico,290,3046026,9.5206
2005,all,45-49,,Agresiones (homicidio),27,3046026,0.8864
2005,all,45-49,,Envenenamiento accidental por psicofármacos y drogas de abuso,48,3046026,1.5758
2005,all,45-49,,Eventos de intención no determinada,4,3046026,0.1313
2005,all,45-49,,Suicidio y lesiones autoinfligidas,242,3046026,7.9448
2005,all,45-49,I-XXII,Todas las causas,7307,3046026,239.8863
2005,all,45-49,,"Trastornos mentales debidos al uso de drogas (drogodependencia, toxicomanía)",12,3046026,0.394
2005,all,5-9,,Accidentes de tráfico,30,2007941,1.4941
2005,all,5-9,,Agresiones (homicidio),3,2007941,0.1494
2005,all,5-9,,Envenenamiento accidental por psicofármacos y drogas de abuso,0,2007941,0.0
2005,all,5-9,,Eventos de intención no determinada,1,2007941,0.0498
2005,all,5-9,,Suicidio y lesiones autoinfligidas,1,2007941,0.0498
2005,all,5-9,I-XXII,Todas las causas,229,2007941,11.4047
2005,all,5-9,,"Trastornos mentales debidos al uso de drogas (drogodependencia, toxicomanía)",0,2007941,0.0
2005,all,50-54,,Accidentes de tráfico,251,2594748,9.6734
2005,all,50-54,,Agresiones (homicidio),29,2594748,1.1176
2005,all,50-54,,Envenenamiento accidental por psicofármacos y drogas de abuso,21,2594748,0.8093
2005,all,50-54,,Eventos de intención no determinada,5,2594748,0.1927
2005,all,50-54,,Suicidio y lesiones autoinfligidas,226,2594748,8.7099
2005,all,50-54,I-XXII,Todas las causas,9505,2594748,366.3169
2005,all,50-54,,"Trastornos mentales debidos al uso de drogas (drogodependencia, toxicomanía)",4,2594748,0.1542
2005,all,55-59,,Accidentes de tráfico,235,2452758,9.5811
2005,all,55-59,,Agresiones (homicidio),19,2452758,0.7746
2005,all,55-59,,Envenenamiento accidental por psicofármacos y drogas de abuso,13,2452758,0.53
2005,all,55-59,,Eventos de intención no determinada,8,2452758,0.3262
2005,all,55-59,,Suicidio y lesiones autoinfligidas,223,2452758,9.0918
2005,all,55-59,I-XXII,Todas las causas,13238,2452758,539.719
2005,all,55-59,,"Trastornos mentales debidos al uso de drogas (drogodependencia, toxicomanía)",2,2452758,0.0815
2005,all,60-64,,Accidentes de tráfico,208,2134301,9.7456
2005,all,60-64,,Agresiones (homicidio),19,2134301,0.8902
2005,all,60-64,,Envenenamiento accidental por psicofármacos y drogas de abuso,10,2134301,0.4685
2005,all,60-64,,Eventos de intención no determinada,4,2134301,0.1874
2005,all,60-64,,Suicidio y lesiones autoinfligidas,209,2134301,9.7924
2005,all,60-64,I-XXII,Todas las causas,16905,2134301,792.0626
2005,all,60-64,,"Trastornos mentales debidos al uso de drogas (drogodependencia, toxicomanía)",2,2134301,0.0937
2005,all,65-69,,Accidentes de tráfico,231,1860275,12.4175
2005,all,65-69,,Agresiones (homicidio),16,1860275,0.8601
2005,all,65-69,,Envenenamiento accidental por psicofármacos y drogas de abuso,9,1860275,0.4838
2005,all,65-69,,Eventos de intención no determinada,3,1860275,0.1613
2005,all,65-69,,Suicidio y lesiones autoinfligidas,216,1860275,11.6112
2005,all,65-69,I-XXII,Todas las causas,23721,1860275,1275.1341
2005,all,65-69,,"Trastornos mentales debidos al uso de drogas (drogodependencia, toxicomanía)",0,1860275,0.0
2005,all,70-74,,Accidentes de tráfico,239,1950974,12.2503
2005,all,70-74,,Agresiones (homicidio),12,1950974,0.6151
2005,all,70-74,,Envenenamiento accidental por psicofármacos y drogas de abuso,11,1950974,0.5638
2005,all,70-74,,Eventos de intención no determinada,7,1950974,0.3588
2005,all,70-74,,Suicidio y lesiones autoinfligidas,292,1950974,14.9669
2005,all,70-74,I-XXII,Todas las causas,40546,1950974,2078.244
2005,all,70-74,,"Trastornos mentales debidos al uso de drogas (drogodependencia, toxicomanía)",0,1950974,0.0
2005,all,75-79,,Accidentes de tráfico,242,1571692,15.3974
2005,all,75-79,,Agresiones (homicidio),12,1571692,0.7635
2005,all,75-79,,Envenenamiento accidental por psicofármacos y drogas de abuso,10,1571692,0.6363
2005,all,75-79,,Eventos de intención no determinada,6,1571692,0.3818
2005,all,75-79,,Suicidio y lesiones autoinfligidas,268,1571692,17.0517
2005,all,75-79,I-XXII,Todas las causas,57516,1571692,3659.4956
2005,all,75-79,,"Trastornos mentales debidos al uso de drogas (drogodependencia, toxicomanía)",0,1571692,0.0
2005,all,80-84,,Accidentes de tráfico,156,1076607,14.49
2005,all,80-84,,Agresiones (homicidio),11,1076607,1.0217
2005,all,80-84,,Envenenamiento accidental por psicofármacos y drogas de abuso,9,1076607,0.836
2005,all,80-84,,Eventos de intención no determinada,10,1076607,0.9288
2005,all,80-84,,Suicidio y lesiones autoinfligidas,226,1076607,20.9919
2005,all,80-84,I-XXII,Todas las causas,73005,1076607,6781.0259
2005,all,80-84,,"Trastornos mentales debidos al uso de drogas (drogodependencia, toxicomanía)",0,1076607,0.0
2005,all,85-89,,Accidentes de tráfico,64,514681,12.4349
2005,all,85-89,,Agresiones (homicidio),4,514681,0.7772
2005,all,85-89,,Envenenamiento accidental por psicofármacos y drogas de abuso,4,514681,0.7772
2005,all,85-89,,Eventos de intención no determinada,2,514681,0.3886
2005,all,85-89,,Suicidio y lesiones autoinfligidas,115,514681,22.3439
2005,all,85-89,I-XXII,Todas las causas,64022,514681,12439.1613
2005,all,85-89,,"Trastornos mentales debidos al uso de drogas (drogodependencia, toxicomanía)",1,514681,0.1943
2005,all,90-94,,Accidentes de tráfico,17,206210,8.244
2005,all,90-94,,Agresiones (homicidio),1,206210,0.4849
2005,all,90-94,,Envenenamiento accidental por psicofármacos y drogas de abuso,0,206210,0.0
2005,all,90-94,,Eventos de intención no determinada,0,206210,0.0
2005,all,90-94,,Suicidio y lesiones autoinfligidas,57,206210,27.6417
2005,all,90-94,I-XXII,Todas las causas,44812,206210,21731.2448
2005,all,90-94,,"Trastornos mentales debidos al uso de drogas (drogodependencia, toxicomanía)",0,206210,0.0
2005,all,95+,,Accidentes de tráfico,4,49889,8.0178
2005,all,95+,,Agresiones (homicidio),0,49889,0.0
2005,all,95+,,Envenenamiento accidental por psicofármacos y drogas de abuso,1,49889,2.0044
2005,all,95+,,Eventos de intención no determinada,1,49889,2.0044
2005,all,95+,,Suicidio y lesiones autoinfligidas,8,49889,16.0356
2005,all,95+,I-XXII,Todas las causas,18292,49889,36665.3972
2005,all,95+,,"Trastornos mentales debidos al uso de drogas (drogodependencia, toxicomanía)",0,49889,0.0
2005,all,<1,,Accidentes de tráfico,9,456377,1.9721
2005,all,<1,,Agresiones (homicidio),1,456377,0.2191
2005,all,<1,,Envenenamiento accidental por psicofármacos y drogas de abuso,0,456377,0.0
2005,all,<1,,Eventos de intención no determinada,0,456377,0.0
2005,all,<1,,Suicidio y lesiones autoinfligidas,0,456377,0.0
2005,all,<1,I-XXII,Todas las causas,1765,456377,386.7417
2005,all,<1,,"Trastornos mentales debidos al uso de drogas (drogodependencia, toxicomanía)",0,456377,0.0
2005,all,all,,Accidentes de tráfico,4522,43662612,10.3567
2005,all,all,,Agresiones (homicidio),389,43662612,0.8909
2005,all,all,,Envenenamiento accidental por psicofármacos y drogas de abuso,619,43662612,1.4177
2005,all,all,,Eventos de intención no determinada,83,43662612,0.1901
2005,all,all,,Suicidio y lesiones autoinfligidas,3399,43662612,7.7847
2005,all,all,I-XXII,Todas las causas,387355,43662612,887.1549
2005,all,all,,"Trastornos mentales debidos al uso de drogas (drogodependencia, toxicomanía)",124,43662612,0.284
2005,female,1-4,,Accidentes de tráfico,13,854504,1.5214
2005,female,1-4,,Agresiones (homicidio),1,854504,0.117
2005,female,1-4,,Envenenamiento accidental por psicofármacos y drogas de abuso,0,854504,0.0
2005,female,1-4,,Eventos de intención no determinada,1,854504,0.117
2005,female,1-4,,Suicidio y lesiones autoinfligidas,0,854504,0.0
2005,female,1-4,I-XXII,Todas las causas,157,854504,18.3732
2005,female,1-4,,"Trastornos mentales debidos al uso de drogas (drogodependencia, toxicomanía)",0,854504,0.0
2005,female,10-14,,Accidentes de tráfico,14,1015764,1.3783
2005,female,10-14,,Agresiones (homicidio),1,1015764,0.0984
2005,female,10-14,,Envenenamiento accidental por psicofármacos y drogas de abuso,0,1015764,0.0
2005,female,10-14,,Eventos de intención no determinada,0,1015764,0.0
2005,female,10-14,,Suicidio y lesiones autoinfligidas,2,1015764,0.1969
2005,female,10-14,I-XXII,Todas las causas,105,1015764,10.337
2005,female,10-14,,"Trastornos mentales debidos al uso de drogas (drogodependencia, toxicomanía)",0,1015764,0.0
2005,female,15-19,,Accidentes de tráfico,73,1127851,6.4725
2005,female,15-19,,Agresiones (homicidio),2,1127851,0.1773
2005,female,15-19,,Envenenamiento accidental por psicofármacos y drogas de abuso,0,1127851,0.0
2005,female,15-19,,Eventos de intención no determinada,0,1127851,0.0
2005,female,15-19,,Suicidio y lesiones autoinfligidas,14,1127851,1.2413
2005,female,15-19,I-XXII,Todas las causas,234,1127851,20.7474
2005,female,15-19,,"Trastornos mentales debidos al uso de drogas (drogodependencia, toxicomanía)",0,1127851,0.0
2005,female,20-24,,Accidentes de tráfico,92,1438566,6.3953
2005,female,20-24,,Agresiones (homicidio),10,1438566,0.6951
2005,female,20-24,,Envenenamiento accidental por psicofármacos y drogas de abuso,6,1438566,0.4171
2005,female,20-24,,Eventos de intención no determinada,1,1438566,0.0695
2005,female,20-24,,Suicidio y lesiones autoinfligidas,24,1438566,1.6683
2005,female,20-24,I-XXII,Todas las causas,340,1438566,23.6346
2005,female,20-24,,"Trastornos mentales debidos al uso de drogas (drogodependencia, toxicomanía)",2,1438566,0.139
2005,female,25-29,,Accidentes de tráfico,78,1820406,4.2848
2005,female,25-29,,Agresiones (homicidio),9,1820406,0.4944
2005,female,25-29,,Envenenamiento accidental por psicofármacos y drogas de abuso,11,1820406,0.6043
2005,female,25-29,,Eventos de intención no determinada,0,1820406,0.0
2005,female,25-29,,Suicidio y lesiones autoinfligidas,55,1820406,3.0213
2005,female,25-29,I-XXII,Todas las causas,436,1820406,23.9507
2005,female,25-29,,"Trastornos mentales debidos al uso de drogas (drogodependencia, toxicomanía)",2,1820406,0.1099
2005,female,30-34,,Accidentes de tráfico,62,1840936,3.3679
2005,female,30-34,,Agresiones (homicidio),15,1840936,0.8148
2005,female,30-34,,Envenenamiento accidental por psicofármacos y drogas de abuso,14,1840936,0.7605
2005,female,30-34,,Eventos de intención no determinada,0,1840936,0.0
2005,female,30-34,,Suicidio y lesiones autoinfligidas,62,1840936,3.3679
2005,female,30-34,I-XXII,Todas las causas,704,1840936,38.2414
2005,female,30-34,,"Trastornos mentales debidos al uso de drogas (drogodependencia, toxicomanía)",1,1840936,0.0543
2005,female,35-39,,Accidentes de tráfico,43,1771487,2.4273
2005,female,35-39,,Agresiones (homicidio),7,1771487,0.3951
2005,female,35-39,,Envenenamiento accidental por psicofármacos y drogas de abuso,24,1771487,1.3548
2005,female,35-39,,Eventos de intención no determinada,1,1771487,0.0564
2005,female,35-39,,Suicidio y lesiones autoinfligidas,66,1771487,3.7257
2005,female,35-39,I-XXII,Todas las causas,1106,1771487,62.4334
2005,female,35-39,,"Trastornos mentales debidos al uso de drogas (drogodependencia, toxicomanía)",7,1771487,0.3951
2005,female,40-44,,Accidentes de tráfico,46,1687318,2.7262
2005,female,40-44,,Agresiones (homicidio),9,1687318,0.5334
2005,female,40-44,,Envenenamiento accidental por psicofármacos y drogas de abuso,19,1687318,1.126
2005,female,40-44,,Eventos de intención no determinada,2,1687318,0.1185
2005,female,40-44,,Suicidio y lesiones autoinfligidas,49,1687318,2.904
2005,female,40-44,I-XXII,Todas las causas,1597,1687318,94.6472
2005,female,40-44,,"Trastornos mentales debidos al uso de drogas (drogodependencia, toxicomanía)",5,1687318,0.2963
2005,female,45-49,,Accidentes de tráfico,56,1523036,3.6769
2005,female,45-49,,Agresiones (homicidio),7,1523036,0.4596
2005,female,45-49,,Envenenamiento accidental por psicofármacos y drogas de abuso,9,1523036,0.5909
2005,female,45-49,,Eventos de intención no determinada,2,1523036,0.1313
2005,female,45-49,,Suicidio y lesiones autoinfligidas,57,1523036,3.7425
2005,female,45-49,I-XXII,Todas las causas,2286,1523036,150.0949
2005,female,45-49,,"Trastornos mentales debidos al uso de drogas (drogodependencia, toxicomanía)",1,1523036,0.0657
2005,female,5-9,,Accidentes de tráfico,10,976973,1.0236
2005,female,5-9,,Agresiones (homicidio),2,976973,0.2047
2005,female,5-9,,Envenenamiento accidental por psicofármacos y drogas de abuso,0,976973,0.0
2005,female,5-9,,Eventos de intención no determinada,1,976973,0.1024
2005,female,5-9,,Suicidio y lesiones autoinfligidas,1,976973,0.1024
2005,female,5-9,I-XXII,Todas las causas,104,976973,10.6451
2005,female,5-9,,"Trastornos mentales debidos al uso de drogas (drogodependencia, toxicomanía)",0,976973,0.0
2005,female,50-54,,Accidentes de tráfico,57,1306997,4.3611
2005,female,50-54,,Agresiones (homicidio),4,1306997,0.306
2005,female,50-54,,Envenenamiento accidental por psicofármacos y drogas de abuso,7,1306997,0.5356
2005,female,50-54,,Eventos de intención no determinada,3,1306997,0.2295
2005,female,50-54,,Suicidio y lesiones autoinfligidas,56,1306997,4.2846
2005,female,50-54,I-XXII,Todas las causas,2699,1306997,206.5039
2005,female,50-54,,"Trastornos mentales debidos al uso de drogas (drogodependencia, toxicomanía)",1,1306997,0.0765
2005,female,55-59,,Accidentes de tráfico,53,1252240,4.2324
2005,female,55-59,,Agresiones (homicidio),4,1252240,0.3194
2005,female,55-59,,Envenenamiento accidental por psicofármacos y drogas de abuso,2,1252240,0.1597
2005,female,55-59,,Eventos de intención no determinada,2,1252240,0.1597
2005,female,55-59,,Suicidio y lesiones autoinfligidas,66,1252240,5.2706
2005,female,55-59,I-XXII,Todas las causas,3713,1252240,296.5087
2005,female,55-59,,"Trastornos mentales debidos al uso de drogas (drogodependencia, toxicomanía)",0,1252240,0.0
2005,female,60-64,,Accidentes de tráfico,51,1102948,4.624
2005,female,60-64,,Agresiones (homicidio),5,1102948,0.4533
2005,female,60-64,,Envenenamiento accidental por psicofármacos y drogas de abuso,2,1102948,0.1813
2005,female,60-64,,Eventos de intención no determinada,3,1102948,0.272
2005,female,60-64,,Suicidio y lesiones autoinfligidas,64,1102948,5.8026
2005,female,60-64,I-XXII,Todas las causas,4903,1102948,444.5359
2005,female,60-64,,"Trastornos mentales debidos al uso de drogas (drogodependencia, toxicomanía)",0,1102948,0.0
2005,female,65-69,,Accidentes de tráfico,67,990750,6.7626
2005,female,65-69,,Agresiones (homicidio),5,990750,0.5047
2005,female,65-69,,Envenenamiento accidental por psicofármacos y drogas de abuso,4,990750,0.4037
2005,female,65-69,,Eventos de intención no determinada,0,990750,0.0
2005,female,65-69,,Suicidio y lesiones autoinfligidas,60,990750,6.056
2005,female,65-69,I-XXII,Todas las causas,7364,990750,743.2753
2005,female,65-69,,"Trastornos mentales debidos al uso de drogas (drogodependencia, toxicomanía)",0,990750,0.0
2005,female,70-74,,Accidentes de tráfico,64,1070712,5.9773
2005,female,70-74,,Agresiones (homicidio),6,1070712,0.5604
2005,female,70-74,,Envenenamiento accidental por psicofármacos y drogas de abuso,7,1070712,0.6538
2005,female,70-74,,Eventos de intención no determinada,3,1070712,0.2802
2005,female,70-74,,Suicidio y lesiones autoinfligidas,87,1070712,8.1254
2005,female,70-74,I-XXII,Todas las causas,14387,1070712,1343.6853
2005,female,70-74,,"Trastornos mentales debidos al uso de drogas (drogodependencia, toxicomanía)",0,1070712,0.0
2005,female,75-79,,Accidentes de tráfico,76,910747,8.3448
2005,female,75-79,,Agresiones (homicidio),4,910747,0.4392
2005,female,75-79,,Envenenamiento accidental por psicofármacos y drogas de abuso,6,910747,0.6588
2005,female,75-79,,Eventos de intención no determinada,4,910747,0.4392
2005,female,75-79,,Suicidio y lesiones autoinfligidas,59,910747,6.4782
2005,female,75-79,I-XXII,Todas las causas,24042,910747,2639.8111
2005,female,75-79,,"Trastornos mentales debidos al uso de drogas (drogodependencia, toxicomanía)",0,910747,0.0
2005,female,80-84,,Accidentes de tráfico,70,668537,10.4706
2005,female,80-84,,Agresiones (homicidio),5,668537,0.7479
2005,female,80-84,,Envenenamiento accidental por psicofármacos y drogas de abuso,5,668537,0.7479
2005,female,80-84,,Eventos de intención no determinada,2,668537,0.2992
2005,female,80-84,,Suicidio y lesiones autoinfligidas,61,668537,9.1244
2005,female,80-84,I-XXII,Todas las causas,36848,668537,5511.7368
2005,female,80-84,,"Trastornos mentales debidos al uso de drogas (drogodependencia, toxicomanía)",0,668537,0.0
2005,female,85-89,,Accidentes de tráfico,31,352045,8.8057
2005,female,85-89,,Agresiones (homicidio),1,352045,0.2841
2005,female,85-89,,Envenenamiento accidental por psicofármacos y drogas de abuso,2,352045,0.5681
2005,female,85-89,,Eventos de intención no determinada,0,352045,0.0
2005,female,85-89,,Suicidio y lesiones autoinfligidas,30,352045,8.5216
2005,female,85-89,I-XXII,Todas las causas,39305,352045,11164.7659
2005,female,85-89,,"Trastornos mentales debidos al uso de drogas (drogodependencia, toxicomanía)",1,352045,0.2841
2005,female,90-94,,Accidentes de tráfico,8,149654,5.3457
2005,female,90-94,,Agresiones (homicidio),0,149654,0.0
2005,female,90-94,,Envenenamiento accidental por psicofármacos y drogas de abuso,0,149654,0.0
2005,female,90-94,,Eventos de intención no determinada,0,149654,0.0
2005,female,90-94,,Suicidio y lesiones autoinfligidas,14,149654,9.3549
2005,female,90-94,I-XXII,Todas las causas,30812,149654,20588.8249
2005,female,90-94,,"Trastornos mentales debidos al uso de drogas (drogodependencia, toxicomanía)",0,149654,0.0
2005,female,95+,,Accidentes de tráfico,3,38016,7.8914
2005,female,95+,,Agresiones (homicidio),0,38016,0.0
2005,female,95+,,Envenenamiento accidental por psicofármacos y drogas de abuso,1,38016,2.6305
2005,female,95+,,Eventos de intención no determinada,1,38016,2.6305
2005,female,95+,,Suicidio y lesiones autoinfligidas,2,38016,5.2609
2005,female,95+,I-XXII,Todas las causas,13696,38016,36026.936
2005,female,95+,,"Trastornos mentales debidos al uso de drogas (drogodependencia, toxicomanía)",0,38016,0.0
2005,female,<1,,Accidentes de tráfico,2,221161,0.9043
2005,female,<1,,Agresiones (homicidio),0,221161,0.0
2005,female,<1,,Envenenamiento accidental por psicofármacos y drogas de abuso,0,221161,0.0
2005,female,<1,,Eventos de intención no determinada,0,221161,0.0
2005,female,<1,,Suicidio y lesiones autoinfligidas,0,221161,0.0
2005,female,<1,I-XXII,Todas las causas,748,221161,338.2151
2005,female,<1,,"Trastornos mentales debidos al uso de drogas (drogodependencia, toxicomanía)",0,221161,0.0
2005,female,all,,Accidentes de tráfico,969,22120648,4.3805
2005,female,all,,Agresiones (homicidio),97,22120648,0.4385
2005,female,all,,Envenenamiento accidental por psicofármacos y drogas de abuso,119,22120648,0.538
2005,female,all,,Eventos de intención no determinada,26,22120648,0.1175
2005,female,all,,Suicidio y lesiones autoinfligidas,829,22120648,3.7476
2005,female,all,I-XXII,Todas las causas,185586,22120648,838.9718
2005,female,all,,"Trastornos mentales debidos al uso de drogas (drogodependencia, toxicomanía)",20,22120648,0.0904
2005,male,1-4,,Accidentes de tráfico,9,902522,0.9972
2005,male,1-4,,Agresiones (homicidio),3,902522,0.3324
2005,male,1-4,,Envenenamiento accidental por psicofármacos y drogas de abuso,0,902522,0.0
2005,male,1-4,,Eventos de intención no determinada,0,902522,0.0
2005,male,1-4,,Suicidio y lesiones autoinfligidas,0,902522,0.0
2005,male,1-4,I-XXII,Todas las causas,223,902522,24.7085
2005,male,1-4,,"Trastornos mentales debidos al uso de drogas (drogodependencia, toxicomanía)",0,902522,0.0
2005,male,10-14,,Accidentes de tráfico,39,1074988,3.6279
2005,male,10-14,,Agresiones (homicidio),1,1074988,0.093
2005,male,10-14,,Envenenamiento accidental por psicofármacos y drogas de abuso,0,1074988,0.0
2005,male,10-14,,Eventos de intención no determinada,0,1074988,0.0
2005,male,10-14,,Suicidio y lesiones autoinfligidas,4,1074988,0.3721
2005,male,10-14,I-XXII,Todas las causas,176,1074988,16.3723
2005,male,10-14,,"Trastornos mentales debidos al uso de drogas (drogodependencia, toxicomanía)",0,1074988,0.0
2005,male,15-19,,Accidentes de tráfico,295,1192887,24.7299
2005,male,15-19,,Agresiones (homicidio),15,1192887,1.2575
2005,male,15-19,,Envenenamiento accidental por psicofármacos y drogas de abuso,7,1192887,0.5868
2005,male,15-19,,Eventos de intención no determinada,1,1192887,0.0838
2005,male,15-19,,Suicidio y lesiones autoinfligidas,52,1192887,4.3592
2005,male,15-19,I-XXII,Todas las causas,680,1192887,57.0046
2005,male,15-19,,"Trastornos mentales debidos al uso de drogas (drogodependencia, toxicomanía)",1,1192887,0.0838
2005,male,20-24,,Accidentes de tráfico,429,1516172,28.2949
2005,male,20-24,,Agresiones (homicidio),33,1516172,2.1765
2005,male,20-24,,Envenenamiento accidental por psicofármacos y drogas de abuso,31,1516172,2.0446
2005,male,20-24,,Eventos de intención no determinada,1,1516172,0.066
2005,male,20-24,,Suicidio y lesiones autoinfligidas,112,1516172,7.387
2005,male,20-24,I-XXII,Todas las causas,1090,1516172,71.8916
2005,male,20-24,,"Trastornos mentales debidos al uso de drogas (drogodependencia, toxicomanía)",2,1516172,0.1319
2005,male,25-29,,Accidentes de tráfico,419,1948089,21.5083
2005,male,25-29,,Agresiones (homicidio),34,1948089,1.7453
2005,male,25-29,,Envenenamiento accidental por psicofármacos y drogas de abuso,60,1948089,3.0799
2005,male,25-29,,Eventos de intención no determinada,6,1948089,0.308
2005,male,25-29,,Suicidio y lesiones autoinfligidas,179,1948089,9.1885
2005,male,25-29,I-XXII,Todas las causas,1410,1948089,72.3786
2005,male,25-29,,"Trastornos mentales debidos al uso de drogas (drogodependencia, toxicomanía)",14,1948089,0.7187
2005,male,30-34,,Accidentes de tráfico,368,1973020,18.6516
2005,male,30-34,,Agresiones (homicidio),35,1973020,1.7739
2005,male,30-34,,Envenenamiento accidental por psicofármacos y drogas de abuso,102,1973020,5.1697
2005,male,30-34,,Eventos de intención no determinada,4,1973020,0.2027
2005,male,30-34,,Suicidio y lesiones autoinfligidas,223,1973020,11.3025
2005,male,30-34,I-XXII,Todas las causas,1864,1973020,94.4745
2005,male,30-34,,"Trastornos mentales debidos al uso de drogas (drogodependencia, toxicomanía)",23,1973020,1.1657
2005,male,35-39,,Accidentes de tráfico,320,1855573,17.2453
2005,male,35-39,,Agresiones (homicidio),32,1855573,1.7245
2005,male,35-39,,Envenenamiento accidental por psicofármacos y drogas de abuso,127,1855573,6.8442
2005,male,35-39,,Eventos de intención no determinada,8,1855573,0.4311
2005,male,35-39,,Suicidio y lesiones autoinfligidas,225,1855573,12.1256
2005,male,35-39,I-XXII,Todas las causas,2657,1855573,143.1903
2005,male,35-39,,"Trastornos mentales debidos al uso de drogas (drogodependencia, toxicomanía)",22,1855573,1.1856
2005,male,40-44,,Accidentes de tráfico,246,1720049,14.3019
2005,male,40-44,,Agresiones (homicidio),28,1720049,1.6279
2005,male,40-44,,Envenenamiento accidental por psicofármacos y drogas de abuso,82,1720049,4.7673
2005,male,40-44,,Eventos de intención no determinada,7,1720049,0.407
2005,male,40-44,,Suicidio y lesiones autoinfligidas,249,1720049,14.4763
2005,male,40-44,I-XXII,Todas las causas,3713,1720049,215.8659
2005,male,40-44,,"Trastornos mentales debidos al uso de drogas (drogodependencia, toxicomanía)",24,1720049,1.3953
2005,male,45-49,,Accidentes de tráfico,234,1522990,15.3645
2005,male,45-49,,Agresiones (homicidio),20,1522990,1.3132
2005,male,45-49,,Envenenamiento accidental por psicofármacos y drogas de abuso,39,1522990,2.5608
2005,male,45-49,,Eventos de intención no determinada,2,1522990,0.1313
2005,male,45-49,,Suicidio y lesiones autoinfligidas,185,1522990,12.1472
2005,male,45-49,I-XXII,Todas las causas,5021,1522990,329.6804
2005,male,45-49,,"Trastornos mentales debidos al uso de drogas (drogodependencia, toxicomanía)",11,1522990,0.7223
2005,male,5-9,,Accidentes de tráfico,20,1030971,1.9399
2005,male,5-9,,Agresiones (homicidio),1,1030971,0.097
2005,male,5-9,,Envenenamiento accidental por psicofármacos y drogas de abuso,0,1030971,0.0
2005,male,5-9,,Eventos de intención no determinada,0,1030971,0.0
2005,male,5-9,,Suicidio y lesiones autoinfligidas,0,1030971,0.0
2005,male,5-9,I-XXII,Todas las causas,125,1030971,12.1245
2005,male,5-9,,"Trastornos mentales debidos al uso de drogas (drogodependencia, toxicomanía)",0,1030971,0.0
2005,male,50-54,,Accidentes de tráfico,194,1287752,15.065
2005,male,50-54,,Agresiones (homicidio),25,1287752,1.9414
2005,male,50-54,,Envenenamiento accidental por psicofármacos y drogas de abuso,14,1287752,1.0872
2005,male,50-54,,Eventos de intención no determinada,2,1287752,0.1553
2005,male,50-54,,Suicidio y lesiones autoinfligidas,170,1287752,13.2013
2005,male,50-54,I-XXII,Todas las causas,6806,1287752,528.5179
2005,male,50-54,,"Trastornos mentales debidos al uso de drogas (drogodependencia, toxicomanía)",3,1287752,0.233
2005,male,55-59,,Accidentes de tráfico,182,1200521,15.1601
2005,male,55-59,,Agresiones (homicidio),15,1200521,1.2495
2005,male,55-59,,Envenenamiento accidental por psicofármacos y drogas de abuso,11,1200521,0.9163
2005,male,55-59,,Eventos de intención no determinada,6,1200521,0.4998
2005,male,55-59,,Suicidio y lesiones autoinfligidas,157,1200521,13.0777
2005,male,55-59,I-XXII,Todas las causas,9525,1200521,793.4055
2005,male,55-59,,"Trastornos mentales debidos al uso de drogas (drogodependencia, toxicomanía)",2,1200521,0.1666
2005,male,60-64,,Accidentes de tráfico,157,1031352,15.2227
2005,male,60-64,,Agresiones (homicidio),14,1031352,1.3574
2005,male,60-64,,Envenenamiento accidental por psicofármacos y drogas de abuso,8,1031352,0.7757
2005,male,60-64,,Eventos de intención no determinada,1,1031352,0.097
2005,male,60-64,,Suicidio y lesiones autoinfligidas,145,1031352,14.0592
2005,male,60-64,I-XXII,Todas las causas,12002,1031352,1163.7152
2005,male,60-64,,"Trastornos mentales debidos al uso de drogas (drogodependencia, toxicomanía)",2,1031352,0.1939
2005,male,65-69,,Accidentes de tráfico,164,869523,18.8609
2005,male,65-69,,Agresiones (homicidio),11,869523,1.2651
2005,male,65-69,,Envenenamiento accidental por psicofármacos y drogas de abuso,5,869523,0.575
2005,male,65-69,,Eventos de intención no determinada,3,869523,0.345
2005,male,65-69,,Suicidio y lesiones autoinfligidas,156,869523,17.9409
2005,male,65-69,I-XXII,Todas las causas,16357,869523,1881.1463
2005,male,65-69,,"Trastornos mentales debidos al uso de drogas (drogodependencia, toxicomanía)",0,869523,0.0
2005,male,70-74,,Accidentes de tráfico,175,880262,19.8804
2005,male,70-74,,Agresiones (homicidio),6,880262,0.6816
2005,male,70-74,,Envenenamiento accidental por psicofármacos y drogas de abuso,4,880262,0.4544
2005,male,70-74,,Eventos de intención no determinada,4,880262,0.4544
2005,male,70-74,,Suicidio y lesiones autoinfligidas,205,880262,23.2885
2005,male,70-74,I-XXII,Todas las causas,26159,880262,2971.7289
2005,male,70-74,,"Trastornos mentales debidos al uso de drogas (drogodependencia, toxicomanía)",0,880262,0.0
2005,male,75-79,,Accidentes de tráfico,166,660946,25.1155
2005,male,75-79,,Agresiones (homicidio),8,660946,1.2104
2005,male,75-79,,Envenenamiento accidental por psicofármacos y drogas de abuso,4,660946,0.6052
2005,male,75-79,,Eventos de intención no determinada,2,660946,0.3026
2005,male,75-79,,Suicidio y lesiones autoinfligidas,209,660946,31.6213
2005,male,75-79,I-XXII,Todas las causas,33474,660946,5064.559
2005,male,75-79,,"Trastornos mentales debidos al uso de drogas (drogodependencia, toxicomanía)",0,660946,0.0
2005,male,80-84,,Accidentes de tráfico,86,408070,21.0748
2005,male,80-84,,Agresiones (homicidio),6,408070,1.4703
2005,male,80-84,,Envenenamiento accidental por psicofármacos y drogas de abuso,4,408070,0.9802
2005,male,80-84,,Eventos de intención no determinada,8,408070,1.9604
2005,male,80-84,,Suicidio y lesiones autoinfligidas,165,408070,40.4342
2005,male,80-84,I-XXII,Todas las causas,36157,408070,8860.4896
2005,male,80-84,,"Trastornos mentales debidos al uso de drogas (drogodependencia, toxicomanía)",0,408070,0.0
2005,male,85-89,,Accidentes de tráfico,33,162636,20.2907
2005,male,85-89,,Agresiones (homicidio),3,162636,1.8446
2005,male,85-89,,Envenenamiento accidental por psicofármacos y drogas de abuso,2,162636,1.2297
2005,male,85-89,,Eventos de intención no determinada,2,162636,1.2297
2005,male,85-89,,Suicidio y lesiones autoinfligidas,85,162636,52.264
2005,male,85-89,I-XXII,Todas las causas,24717,162636,15197.7422
2005,male,85-89,,"Trastornos mentales debidos al uso de drogas (drogodependencia, toxicomanía)",0,162636,0.0
2005,male,90-94,,Accidentes de tráfico,9,56557,15.9131
2005,male,90-94,,Agresiones (homicidio),1,56557,1.7681
2005,male,90-94,,Envenenamiento accidental por psicofármacos y drogas de abuso,0,56557,0.0
2005,male,90-94,,Eventos de intención no determinada,0,56557,0.0
2005,male,90-94,,Suicidio y lesiones autoinfligidas,43,56557,76.0295
2005,male,90-94,I-XXII,Todas las causas,14000,56557,24753.7882
2005,male,90-94,,"Trastornos mentales debidos al uso de drogas (drogodependencia, toxicomanía)",0,56557,0.0
2005,male,95+,,Accidentes de tráfico,1,11873,8.4225
2005,male,95+,,Agresiones (homicidio),0,11873,0.0
2005,male,95+,,Envenenamiento accidental por psicofármacos y drogas de abuso,0,11873,0.0
2005,male,95+,,Eventos de intención no determinada,0,11873,0.0
2005,male,95+,,Suicidio y lesiones autoinfligidas,6,11873,50.5348
2005,male,95+,I-XXII,Todas las causas,4596,11873,38709.6774
2005,male,95+,,"Trastornos mentales debidos al uso de drogas (drogodependencia, toxicomanía)",0,11873,0.0
2005,male,<1,,Accidentes de tráfico,7,235216,2.976
2005,male,<1,,Agresiones (homicidio),1,235216,0.4251
2005,male,<1,,Envenenamiento accidental por psicofármacos y drogas de abuso,0,235216,0.0
2005,male,<1,,Eventos de intención no determinada,0,235216,0.0
2005,male,<1,,Suicidio y lesiones autoinfligidas,0,235216,0.0
2005,male,<1,I-XXII,Todas las causas,1017,235216,432.3685
2005,male,<1,,"Trastornos mentales debidos al uso de drogas (drogodependencia, toxicomanía)",0,235216,0.0
2005,male,all,,Accidentes de tráfico,3553,21541969,16.4934
2005,male,all,,Agresiones (homicidio),292,21541969,1.3555
2005,male,all,,Envenenamiento accidental por psicofármacos y drogas de abuso,500,21541969,2.3211
2005,male,all,,Eventos de intención no determinada,57,21541969,0.2646
2005,male,all,,Suicidio y lesiones autoinfligidas,2570,21541969,11.9302
2005,male,all,I-XXII,Todas las causas,201769,21541969,936.6321
2005,male,all,,"Trastornos mentales debidos al uso de drogas (drogodependencia, toxicomanía)",104,21541969,0.4828
2006,all,1-4,,Accidentes de tráfico,26,1815242,1.4323
2006,all,1-4,,Agresiones (homicidio),4,1815242,0.2204
2006,all,1-4,,Envenenamiento accidental por psicofármacos y drogas de abuso,0,1815242,0.0
2006,all,1-4,,Eventos de intención no determinada,0,1815242,0.0
2006,all,1-4,,Suicidio y lesiones autoinfligidas,0,1815242,0.0
2006,all,1-4,I-XXII,Todas las causas,357,1815242,19.6668
2006,all,1-4,,"Trastornos mentales debidos al uso de drogas (drogodependencia, toxicomanía)",0,1815242,0.0
2006,all,10-14,,Accidentes de tráfico,37,2083101,1.7762
2006,all,10-14,,Agresiones (homicidio),1,2083101,0.048
2006,all,10-14,,Envenenamiento accidental por psicofármacos y drogas de abuso,0,2083101,0.0
2006,all,10-14,,Eventos de intención no determinada,0,2083101,0.0
2006,all,10-14,,Suicidio y lesiones autoinfligidas,5,2083101,0.24
2006,all,10-14,I-XXII,Todas las causas,262,2083101,12.5774
2006,all,10-14,,"Trastornos mentales debidos al uso de drogas (drogodependencia, toxicomanía)",0,2083101,0.0
2006,all,15-19,,Accidentes de tráfico,306,2303988,13.2813
2006,all,15-19,,Agresiones (homicidio),15,2303988,0.651
2006,all,15-19,,Envenenamiento accidental por psicofármacos y drogas de abuso,6,2303988,0.2604
2006,all,15-19,,Eventos de intención no determinada,0,2303988,0.0
2006,all,15-19,,Suicidio y lesiones autoinfligidas,50,2303988,2.1702
2006,all,15-19,I-XXII,Todas las causas,786,2303988,34.1148
2006,all,15-19,,"Trastornos mentales debidos al uso de drogas (drogodependencia, toxicomanía)",0,2303988,0.0
2006,all,20-24,,Accidentes de tráfico,459,2869176,15.9976
2006,all,20-24,,Agresiones (homicidio),34,2869176,1.185
2006,all,20-24,,Envenenamiento accidental por psicofármacos y drogas de abuso,28,2869176,0.9759
2006,all,20-24,,Eventos de intención no determinada,5,2869176,0.1743
2006,all,20-24,,Suicidio y lesiones autoinfligidas,141,2869176,4.9143
2006,all,20-24,I-XXII,Todas las causas,1270,2869176,44.2636
2006,all,20-24,,"Trastornos mentales debidos al uso de drogas (drogodependencia, toxicomanía)",5,2869176,0.1743
2006,all,25-29,,Accidentes de tráfico,461,3732625,12.3506
2006,all,25-29,,Agresiones (homicidio),47,3732625,1.2592
2006,all,25-29,,Envenenamiento accidental por psicofármacos y drogas de abuso,60,3732625,1.6074
2006,all,25-29,,Eventos de intención no determinada,5,3732625,0.134
2006,all,25-29,,Suicidio y lesiones autoinfligidas,183,3732625,4.9027
2006,all,25-29,I-XXII,Todas las causas,1739,3732625,46.5892
2006,all,25-29,,"Trastornos mentales debidos al uso de drogas (drogodependencia, toxicomanía)",15,3732625,0.4019
2006,all,30-34,,Accidentes de tráfico,419,3921826,10.6838
2006,all,30-34,,Agresiones (homicidio),46,3921826,1.1729
2006,all,30-34,,Envenenamiento accidental por psicofármacos y drogas de abuso,91,3921826,2.3203
2006,all,30-34,,Eventos de intención no determinada,6,3921826,0.153
2006,all,30-34,,Suicidio y lesiones autoinfligidas,272,3921826,6.9355
2006,all,30-34,I-XXII,Todas las causas,2358,3921826,60.1251
2006,all,30-34,,"Trastornos mentales debidos al uso de drogas (drogodependencia, toxicomanía)",13,3921826,0.3315
2006,all,35-39,,Accidentes de tráfico,357,3707060,9.6303
2006,all,35-39,,Agresiones (homicidio),35,3707060,0.9441
2006,all,35-39,,Envenenamiento accidental por psicofármacos y drogas de abuso,117,3707060,3.1561
2006,all,35-39,,Eventos de intención no determinada,6,3707060,0.1619
2006,all,35-39,,Suicidio y lesiones autoinfligidas,286,3707060,7.715
2006,all,35-39,I-XXII,Todas las causas,3582,3707060,96.6264
2006,all,35-39,,"Trastornos mentales debidos al uso de drogas (drogodependencia, toxicomanía)",17,3707060,0.4586
2006,all,40-44,,Accidentes de tráfico,303,3501388,8.6537
2006,all,40-44,,Agresiones (homicidio),42,3501388,1.1995
2006,all,40-44,,Envenenamiento accidental por psicofármacos y drogas de abuso,88,3501388,2.5133
2006,all,40-44,,Eventos de intención no determinada,8,3501388,0.2285
2006,all,40-44,,Suicidio y lesiones autoinfligidas,275,3501388,7.854
2006,all,40-44,I-XXII,Todas las causas,5282,3501388,150.8545
2006,all,40-44,,"Trastornos mentales debidos al uso de drogas (drogodependencia, toxicomanía)",19,3501388,0.5426
2006,all,45-49,,Accidentes de tráfico,257,3160371,8.132
2006,all,45-49,,Agresiones (homicidio),27,3160371,0.8543
2006,all,45-49,,Envenenamiento accidental por psicofármacos y drogas de abuso,45,3160371,1.4239
2006,all,45-49,,Eventos de intención no determinada,8,3160371,0.2531
2006,all,45-49,,Suicidio y lesiones autoinfligidas,280,3160371,8.8597
2006,all,45-49,I-XXII,Todas las causas,7297,3160371,230.8906
2006,all,45-49,,"Trastornos mentales debidos al uso de drogas (drogodependencia, toxicomanía)",8,3160371,0.2531
2006,all,5-9,,Accidentes de tráfico,29,2074424,1.398
2006,all,5-9,,Agresiones (homicidio),1,2074424,0.0482
2006,all,5-9,,Envenenamiento accidental por psicofármacos y drogas de abuso,0,2074424,0.0
2006,all,5-9,,Eventos de intención no determinada,1,2074424,0.0482
2006,all,5-9,,Suicidio y lesiones autoinfligidas,0,2074424,0.0
2006,all,5-9,I-XXII,Todas las causas,240,2074424,11.5695
2006,all,5-9,,"Trastornos mentales debidos al uso de drogas (drogodependencia, toxicomanía)",0,2074424,0.0
2006,all,50-54,,Accidentes de tráfico,232,2680878,8.6539
2006,all,50-54,,Agresiones (homicidio),31,2680878,1.1563
2006,all,50-54,,Envenenamiento accidental por psicofármacos y drogas de abuso,22,2680878,0.8206
2006,all,50-54,,Eventos de intención no determinada,11,2680878,0.4103
2006,all,50-54,,Suicidio y lesiones autoinfligidas,226,2680878,8.4301
2006,all,50-54,I-XXII,Todas las causas,9715,2680878,362.3813
2006,all,50-54,,"Trastornos mentales debidos al uso de drogas (drogodependencia, toxicomanía)",4,2680878,0.1492
2006,all,55-59,,Accidentes de tráfico,214,2474804,8.6471
2006,all,55-59,,Agresiones (homicidio),25,2474804,1.0102
2006,all,55-59,,Envenenamiento accidental por psicofármacos y drogas de abuso,10,2474804,0.4041
2006,all,55-59,,Eventos de intención no determinada,3,2474804,0.1212
2006,all,55-59,,Suicidio y lesiones autoinfligidas,222,2474804,8.9704
2006,all,55-59,I-XXII,Todas las causas,13052,2474804,527.3953
2006,all,55-59,,"Trastornos mentales debidos al uso de drogas (drogodependencia, toxicomanía)",0,2474804,0.0
2006,all,60-64,,Accidentes de tráfico,187,2201306,8.495
2006,all,60-64,,Agresiones (homicidio),13,2201306,0.5906
2006,all,60-64,,Envenenamiento accidental por psicofármacos y drogas de abuso,7,2201306,0.318
2006,all,60-64,,Eventos de intención no determinada,6,2201306,0.2726
2006,all,60-64,,Suicidio y lesiones autoinfligidas,228,2201306,10.3575
2006,all,60-64,I-XXII,Todas las causas,17012,2201306,772.814
2006,all,60-64,,"Trastornos mentales debidos al uso de drogas (drogodependencia, toxicomanía)",1,2201306,0.0454
2006,all,65-69,,Accidentes de tráfico,182,1845320,9.8628
2006,all,65-69,,Agresiones (homicidio),7,1845320,0.3793
2006,all,65-69,,Envenenamiento accidental por psicofármacos y drogas de abuso,4,1845320,0.2168
2006,all,65-69,,Eventos de intención no determinada,4,1845320,0.2168
2006,all,65-69,,Suicidio y lesiones autoinfligidas,181,1845320,9.8086
2006,all,65-69,I-XXII,Todas las causas,22060,1845320,1195.4566
2006,all,65-69,,"Trastornos mentales debidos al uso de drogas (drogodependencia, toxicomanía)",0,1845320,0.0
2006,all,70-74,,Accidentes de tráfico,212,1960826,10.8118
2006,all,70-74,,Agresiones (homicidio),17,1960826,0.867
2006,all,70-74,,Envenenamiento accidental por psicofármacos y drogas de abuso,8,1960826,0.408
2006,all,70-74,,Eventos de intención no determinada,4,1960826,0.204
2006,all,70-74,,Suicidio y lesiones autoinfligidas,262,1960826,13.3617
2006,all,70-74,I-XXII,Todas las causas,37865,1960826,1931.0739
2006,all,70-74,,"Trastornos mentales debidos al uso de drogas (drogodependencia, toxicomanía)",0,1960826,0.0
2006,all,75-79,,Accidentes de tráfico,218,1614754,13.5005
2006,all,75-79,,Agresiones (homicidio),15,1614754,0.9289
2006,all,75-79,,Envenenamiento accidental por psicofármacos y drogas de abuso,9,1614754,0.5574
2006,all,75-79,,Eventos de intención no determinada,14,1614754,0.867
2006,all,75-79,,Suicidio y lesiones autoinfligidas,240,1614754,14.8629
2006,all,75-79,I-XXII,Todas las causas,54672,1614754,3385.7789
2006,all,75-79,,"Trastornos mentales debidos al uso de drogas (drogodependencia, toxicomanía)",0,1614754,0.0
2006,all,80-84,,Accidentes de tráfico,161,1120530,14.3682
2006,all,80-84,,Agresiones (homicidio),7,1120530,0.6247
2006,all,80-84,,Envenenamiento accidental por psicofármacos y drogas de abuso,9,1120530,0.8032
2006,all,80-84,,Eventos de intención no determinada,9,1120530,0.8032
2006,all,80-84,,Suicidio y lesiones autoinfligidas,232,1120530,20.7045
2006,all,80-84,I-XXII,Todas las causas,69294,1120530,6184.0379
2006,all,80-84,,"Trastornos mentales debidos al uso de drogas (drogodependencia, toxicomanía)",0,1120530,0.0
2006,all,85-89,,Accidentes de tráfico,55,552315,9.9581
2006,all,85-89,,Agresiones (homicidio),4,552315,0.7242
2006,all,85-89,,Envenenamiento accidental por psicofármacos y drogas de abuso,10,552315,1.8106
2006,all,85-89,,Eventos de intención no determinada,1,552315,0.1811
2006,all,85-89,,Suicidio y lesiones autoinfligidas,113,552315,20.4593
2006,all,85-89,I-XXII,Todas las causas,62222,552315,11265.6727
2006,all,85-89,,"Trastornos mentales debidos al uso de drogas (drogodependencia, toxicomanía)",0,552315,0.0
2006,all,90-94,,Accidentes de tráfico,19,214685,8.8502
2006,all,90-94,,Agresiones (homicidio),1,214685,0.4658
2006,all,90-94,,Envenenamiento accidental por psicofármacos y drogas de abuso,3,214685,1.3974
2006,all,90-94,,Eventos de intención no determinada,2,214685,0.9316
2006,all,90-94,,Suicidio y lesiones autoinfligidas,40,214685,18.6319
2006,all,90-94,I-XXII,Todas las causas,42694,214685,19886.8109
2006,all,90-94,,"Trastornos mentales debidos al uso de drogas (drogodependencia, toxicomanía)",0,214685,0.0
2006,all,95+,,Accidentes de tráfico,3,53891,5.5668
2006,all,95+,,Agresiones (homicidio),1,53891,1.8556
2006,all,95+,,Envenenamiento accidental por psicofármacos y drogas de abuso,1,53891,1.8556
2006,all,95+,,Eventos de intención no determinada,0,53891,0.0
2006,all,95+,,Suicidio y lesiones autoinfligidas,10,53891,18.556
2006,all,95+,I-XXII,Todas las causas,18015,53891,33428.5873
2006,all,95+,,"Trastornos mentales debidos al uso de drogas (drogodependencia, toxicomanía)",0,53891,0.0
2006,all,<1,,Accidentes de tráfico,7,472009,1.483
2006,all,<1,,Agresiones (homicidio),3,472009,0.6356
2006,all,<1,,Envenenamiento accidental por psicofármacos y drogas de abuso,0,472009,0.0
2006,all,<1,,Eventos de intención no determinada,0,472009,0.0
2006,all,<1,,Suicidio y lesiones autoinfligidas,0,472009,0.0
2006,all,<1,I-XXII,Todas las causas,1704,472009,361.0101
2006,all,<1,,"Trastornos mentales debidos al uso de drogas (drogodependencia, toxicomanía)",0,472009,0.0
2006,all,all,,Accidentes de tráfico,4144,44360519,9.3416
2006,all,all,,Agresiones (homicidio),376,44360519,0.8476
2006,all,all,,Envenenamiento accidental por psicofármacos y drogas de abuso,518,44360519,1.1677
2006,all,all,,Eventos de intención no determinada,93,44360519,0.2096
2006,all,all,,Suicidio y lesiones autoinfligidas,3246,44360519,7.3173
2006,all,all,I-XXII,Todas las causas,371478,44360519,837.4068
2006,all,all,,"Trastornos mentales debidos al uso de drogas (drogodependencia, toxicomanía)",82,44360519,0.1848
2006,female,1-4,,Accidentes de tráfico,9,882437,1.0199
2006,female,1-4,,Agresiones (homicidio),2,882437,0.2266
2006,female,1-4,,Envenenamiento accidental por psicofármacos y drogas de abuso,0,882437,0.0
2006,female,1-4,,Eventos de intención no determinada,0,882437,0.0
2006,female,1-4,,Suicidio y lesiones autoinfligidas,0,882437,0.0
2006,female,1-4,I-XXII,Todas las causas,160,882437,18.1316
2006,female,1-4,,"Trastornos mentales debidos al uso de drogas (drogodependencia, toxicomanía)",0,882437,0.0
2006,female,10-14,,Accidentes de tráfico,11,1012357,1.0866
2006,female,10-14,,Agresiones (homicidio),0,1012357,0.0
2006,female,10-14,,Envenenamiento accidental por psicofármacos y drogas de abuso,0,1012357,0.0
2006,female,10-14,,Eventos de intención no determinada,0,1012357,0.0
2006,female,10-14,,Suicidio y lesiones autoinfligidas,3,1012357,0.2963
2006,female,10-14,I-XXII,Todas las causas,109,1012357,10.767
2006,female,10-14,,"Trastornos mentales debidos al uso de drogas (drogodependencia, toxicomanía)",0,1012357,0.0
2006,female,15-19,,Accidentes de tráfico,64,1119174,5.7185
2006,female,15-19,,Agresiones (homicidio),5,1119174,0.4468
2006,female,15-19,,Envenenamiento accidental por psicofármacos y drogas de abuso,3,1119174,0.2681
2006,female,15-19,,Eventos de intención no determinada,0,1119174,0.0
2006,female,15-19,,Suicidio y lesiones autoinfligidas,13,1119174,1.1616
2006,female,15-19,I-XXII,Todas las causas,204,1119174,18.2277
2006,female,15-19,,"Trastornos mentales debidos al uso de drogas (drogodependencia, toxicomanía)",0,1119174,0.0
2006,female,20-24,,Accidentes de tráfico,89,1400592,6.3545
2006,female,20-24,,Agresiones (homicidio),6,1400592,0.4284
2006,female,20-24,,Envenenamiento accidental por psicofármacos y drogas de abuso,5,1400592,0.357
2006,female,20-24,,Eventos de intención no determinada,0,1400592,0.0
2006,female,20-24,,Suicidio y lesiones autoinfligidas,25,1400592,1.785
2006,female,20-24,I-XXII,Todas las causas,297,1400592,21.2053
2006,female,20-24,,"Trastornos mentales debidos al uso de drogas (drogodependencia, toxicomanía)",0,1400592,0.0
2006,female,25-29,,Accidentes de tráfico,69,1805874,3.8209
2006,female,25-29,,Agresiones (homicidio),13,1805874,0.7199
2006,female,25-29,,Envenenamiento accidental por psicofármacos y drogas de abuso,11,1805874,0.6091
2006,female,25-29,,Eventos de intención no determinada,0,1805874,0.0
2006,female,25-29,,Suicidio y lesiones autoinfligidas,33,1805874,1.8274
2006,female,25-29,I-XXII,Todas las causas,434,1805874,24.0327
2006,female,25-29,,"Trastornos mentales debidos al uso de drogas (drogodependencia, toxicomanía)",1,1805874,0.0554
2006,female,30-34,,Accidentes de tráfico,59,1890727,3.1205
2006,female,30-34,,Agresiones (homicidio),15,1890727,0.7933
2006,female,30-34,,Envenenamiento accidental por psicofármacos y drogas de abuso,17,1890727,0.8991
2006,female,30-34,,Eventos de intención no determinada,1,1890727,0.0529
2006,female,30-34,,Suicidio y lesiones autoinfligidas,54,1890727,2.856
2006,female,30-34,I-XXII,Todas las causas,647,1890727,34.2196
2006,female,30-34,,"Trastornos mentales debidos al uso de drogas (drogodependencia, toxicomanía)",2,1890727,0.1058
2006,female,35-39,,Accidentes de tráfico,54,1803890,2.9935
2006,female,35-39,,Agresiones (homicidio),14,1803890,0.7761
2006,female,35-39,,Envenenamiento accidental por psicofármacos y drogas de abuso,9,1803890,0.4989
2006,female,35-39,,Eventos de intención no determinada,1,1803890,0.0554
2006,female,35-39,,Suicidio y lesiones autoinfligidas,58,1803890,3.2153
2006,female,35-39,I-XXII,Todas las causas,1105,1803890,61.2565
2006,female,35-39,,"Trastornos mentales debidos al uso de drogas (drogodependencia, toxicomanía)",2,1803890,0.1109
2006,female,40-44,,Accidentes de tráfico,46,1729228,2.6601
2006,female,40-44,,Agresiones (homicidio),15,1729228,0.8674
2006,female,40-44,,Envenenamiento accidental por psicofármacos y drogas de abuso,15,1729228,0.8674
2006,female,40-44,,Eventos de intención no determinada,2,1729228,0.1157
2006,female,40-44,,Suicidio y lesiones autoinfligidas,56,1729228,3.2384
2006,female,40-44,I-XXII,Todas las causas,1677,1729228,96.9797
2006,female,40-44,,"Trastornos mentales debidos al uso de drogas (drogodependencia, toxicomanía)",2,1729228,0.1157
2006,female,45-49,,Accidentes de tráfico,51,1578313,3.2313
2006,female,45-49,,Agresiones (homicidio),7,1578313,0.4435
2006,female,45-49,,Envenenamiento accidental por psicofármacos y drogas de abuso,10,1578313,0.6336
2006,female,45-49,,Eventos de intención no determinada,2,1578313,0.1267
2006,female,45-49,,Suicidio y lesiones autoinfligidas,63,1578313,3.9916
2006,female,45-49,I-XXII,Todas las causas,2267,1578313,143.6344
2006,female,45-49,,"Trastornos mentales debidos al uso de drogas (drogodependencia, toxicomanía)",3,1578313,0.1901
2006,female,5-9,,Accidentes de tráfico,6,1009154,0.5946
2006,female,5-9,,Agresiones (homicidio),0,1009154,0.0
2006,female,5-9,,Envenenamiento accidental por psicofármacos y drogas de abuso,0,1009154,0.0
2006,female,5-9,,Eventos de intención no determinada,0,1009154,0.0
2006,female,5-9,,Suicidio y lesiones autoinfligidas,0,1009154,0.0
2006,female,5-9,I-XXII,Todas las causas,77,1009154,7.6302
2006,female,5-9,,"Trastornos mentales debidos al uso de drogas (drogodependencia, toxicomanía)",0,1009154,0.0
2006,female,50-54,,Accidentes de tráfico,48,1349876,3.5559
2006,female,50-54,,Agresiones (homicidio),7,1349876,0.5186
2006,female,50-54,,Envenenamiento accidental por psicofármacos y drogas de abuso,4,1349876,0.2963
2006,female,50-54,,Eventos de intención no determinada,3,1349876,0.2222
2006,female,50-54,,Suicidio y lesiones autoinfligidas,68,1349876,5.0375
2006,female,50-54,I-XXII,Todas las causas,2820,1349876,208.9081
2006,female,50-54,,"Trastornos mentales debidos al uso de drogas (drogodependencia, toxicomanía)",0,1349876,0.0
2006,female,55-59,,Accidentes de tráfico,40,1261514,3.1708
2006,female,55-59,,Agresiones (homicidio),9,1261514,0.7134
2006,female,55-59,,Envenenamiento accidental por psicofármacos y drogas de abuso,0,1261514,0.0
2006,female,55-59,,Eventos de intención no determinada,1,1261514,0.0793
2006,female,55-59,,Suicidio y lesiones autoinfligidas,51,1261514,4.0428
2006,female,55-59,I-XXII,Todas las causas,3622,1261514,287.1153
2006,female,55-59,,"Trastornos mentales debidos al uso de drogas (drogodependencia, toxicomanía)",0,1261514,0.0
2006,female,60-64,,Accidentes de tráfico,62,1137813,5.4491
2006,female,60-64,,Agresiones (homicidio),4,1137813,0.3516
2006,female,60-64,,Envenenamiento accidental por psicofármacos y drogas de abuso,1,1137813,0.0879
2006,female,60-64,,Eventos de intención no determinada,1,1137813,0.0879
2006,female,60-64,,Suicidio y lesiones autoinfligidas,57,1137813,5.0096
2006,female,60-64,I-XXII,Todas las causas,4856,1137813,426.7837
2006,female,60-64,,"Trastornos mentales debidos al uso de drogas (drogodependencia, toxicomanía)",0,1137813,0.0
2006,female,65-69,,Accidentes de tráfico,68,978101,6.9522
2006,female,65-69,,Agresiones (homicidio),3,978101,0.3067
2006,female,65-69,,Envenenamiento accidental por psicofármacos y drogas de abuso,1,978101,0.1022
2006,female,65-69,,Eventos de intención no determinada,3,978101,0.3067
2006,female,65-69,,Suicidio y lesiones autoinfligidas,42,978101,4.294
2006,female,65-69,I-XXII,Todas las causas,6852,978101,700.5412
2006,female,65-69,,"Trastornos mentales debidos al uso de drogas (drogodependencia, toxicomanía)",0,978101,0.0
2006,female,70-74,,Accidentes de tráfico,72,1074687,6.6996
2006,female,70-74,,Agresiones (homicidio),8,1074687,0.7444
2006,female,70-74,,Envenenamiento accidental por psicofármacos y drogas de abuso,5,1074687,0.4653
2006,female,70-74,,Eventos de intención no determinada,1,1074687,0.0931
2006,female,70-74,,Suicidio y lesiones autoinfligidas,67,1074687,6.2344
2006,female,70-74,I-XXII,Todas las causas,13406,1074687,1247.433
2006,female,70-74,,"Trastornos mentales debidos al uso de drogas (drogodependencia, toxicomanía)",0,1074687,0.0
2006,female,75-79,,Accidentes de tráfico,80,932054,8.5832
2006,female,75-79,,Agresiones (homicidio),6,932054,0.6437
2006,female,75-79,,Envenenamiento accidental por psicofármacos y drogas de abuso,3,932054,0.3219
2006,female,75-79,,Eventos de intención no determinada,3,932054,0.3219
2006,female,75-79,,Suicidio y lesiones autoinfligidas,53,932054,5.6864
2006,female,75-79,I-XXII,Todas las causas,22866,932054,2453.2913
2006,female,75-79,,"Trastornos mentales debidos al uso de drogas (drogodependencia, toxicomanía)",0,932054,0.0
2006,female,80-84,,Accidentes de tráfico,60,693408,8.6529
2006,female,80-84,,Agresiones (homicidio),6,693408,0.8653
2006,female,80-84,,Envenenamiento accidental por psicofármacos y drogas de abuso,5,693408,0.7211
2006,female,80-84,,Eventos de intención no determinada,2,693408,0.2884
2006,female,80-84,,Suicidio y lesiones autoinfligidas,52,693408,7.4992
2006,female,80-84,I-XXII,Todas las causas,34705,693408,5004.9898
2006,female,80-84,,"Trastornos mentales debidos al uso de drogas (drogodependencia, toxicomanía)",0,693408,0.0
2006,female,85-89,,Accidentes de tráfico,21,374760,5.6036
2006,female,85-89,,Agresiones (homicidio),3,374760,0.8005
2006,female,85-89,,Envenenamiento accidental por psicofármacos y drogas de abuso,6,374760,1.601
2006,female,85-89,,Eventos de intención no determinada,0,374760,0.0
2006,female,85-89,,Suicidio y lesiones autoinfligidas,30,374760,8.0051
2006,female,85-89,I-XXII,Todas las causas,37903,374760,10113.9396
2006,female,85-89,,"Trastornos mentales debidos al uso de drogas (drogodependencia, toxicomanía)",0,374760,0.0
2006,female,90-94,,Accidentes de tráfico,9,156070,5.7666
2006,female,90-94,,Agresiones (homicidio),0,156070,0.0
2006,female,90-94,,Envenenamiento accidental por psicofármacos y drogas de abuso,1,156070,0.6407
2006,female,90-94,,Eventos de intención no determinada,0,156070,0.0
2006,female,90-94,,Suicidio y lesiones autoinfligidas,8,156070,5.1259
2006,female,90-94,I-XXII,Todas las causas,29129,156070,18664.061
2006,female,90-94,,"Trastornos mentales debidos al uso de drogas (drogodependencia, toxicomanía)",0,156070,0.0
2006,female,95+,,Accidentes de tráfico,1,41085,2.434
2006,female,95+,,Agresiones (homicidio),1,41085,2.434
2006,female,95+,,Envenenamiento accidental por psicofármacos y drogas de abuso,1,41085,2.434
2006,female,95+,,Eventos de intención no determinada,0,41085,0.0
2006,female,95+,,Suicidio y lesiones autoinfligidas,1,41085,2.434
2006,female,95+,I-XXII,Todas las causas,13466,41085,32775.9523
2006,female,95+,,"Trastornos mentales debidos al uso de drogas (drogodependencia, toxicomanía)",0,41085,0.0
2006,female,<1,,Accidentes de tráfico,3,228704,1.3117
2006,female,<1,,Agresiones (homicidio),2,228704,0.8745
2006,female,<1,,Envenenamiento accidental por psicofármacos y drogas de abuso,0,228704,0.0
2006,female,<1,,Eventos de intención no determinada,0,228704,0.0
2006,female,<1,,Suicidio y lesiones autoinfligidas,0,228704,0.0
2006,female,<1,I-XXII,Todas las causas,722,228704,315.6919
2006,female,<1,,"Trastornos mentales debidos al uso de drogas (drogodependencia, toxicomanía)",0,228704,0.0
2006,female,all,,Accidentes de tráfico,922,22459818,4.1051
2006,female,all,,Agresiones (homicidio),126,22459818,0.561
2006,female,all,,Envenenamiento accidental por psicofármacos y drogas de abuso,97,22459818,0.4319
2006,female,all,,Eventos de intención no determinada,20,22459818,0.089
2006,female,all,,Suicidio y lesiones autoinfligidas,734,22459818,3.2681
2006,female,all,I-XXII,Todas las causas,177324,22459818,789.5166
2006,female,all,,"Trastornos mentales debidos al uso de drogas (drogodependencia, toxicomanía)",10,22459818,0.0445
2006,male,1-4,,Accidentes de tráfico,17,932807,1.8225
2006,male,1-4,,Agresiones (homicidio),2,932807,0.2144
2006,male,1-4,,Envenenamiento accidental por psicofármacos y drogas de abuso,0,932807,0.0
2006,male,1-4,,Eventos de intención no determinada,0,932807,0.0
2006,male,1-4,,Suicidio y lesiones autoinfligidas,0,932807,0.0
2006,male,1-4,I-XXII,Todas las causas,197,932807,21.1191
2006,male,1-4,,"Trastornos mentales debidos al uso de drogas (drogodependencia, toxicomanía)",0,932807,0.0
2006,male,10-14,,Accidentes de tráfico,26,1070743,2.4282
2006,male,10-14,,Agresiones (homicidio),1,1070743,0.0934
2006,male,10-14,,Envenenamiento accidental por psicofármacos y drogas de abuso,0,1070743,0.0
2006,male,10-14,,Eventos de intención no determinada,0,1070743,0.0
2006,male,10-14,,Suicidio y lesiones autoinfligidas,2,1070743,0.1868
2006,male,10-14,I-XXII,Todas las causas,153,1070743,14.2891
2006,male,10-14,,"Trastornos mentales debidos al uso de drogas (drogodependencia, toxicomanía)",0,1070743,0.0
2006,male,15-19,,Accidentes de tráfico,242,1184814,20.4251
2006,male,15-19,,Agresiones (homicidio),10,1184814,0.844
2006,male,15-19,,Envenenamiento accidental por psicofármacos y drogas de abuso,3,1184814,0.2532
2006,male,15-19,,Eventos de intención no determinada,0,1184814,0.0
2006,male,15-19,,Suicidio y lesiones autoinfligidas,37,1184814,3.1229
2006,male,15-19,I-XXII,Todas las causas,582,1184814,49.1216
2006,male,15-19,,"Trastornos mentales debidos al uso de drogas (drogodependencia, toxicomanía)",0,1184814,0.0
2006,male,20-24,,Accidentes de tráfico,370,1468584,25.1943
2006,male,20-24,,Agresiones (homicidio),28,1468584,1.9066
2006,male,20-24,,Envenenamiento accidental por psicofármacos y drogas de abuso,23,1468584,1.5661
2006,male,20-24,,Eventos de intención no determinada,5,1468584,0.3405
2006,male,20-24,,Suicidio y lesiones autoinfligidas,116,1468584,7.8988
2006,male,20-24,I-XXII,Todas las causas,973,1468584,66.2543
2006,male,20-24,,"Trastornos mentales debidos al uso de drogas (drogodependencia, toxicomanía)",5,1468584,0.3405
2006,male,25-29,,Accidentes de tráfico,392,1926750,20.3451
2006,male,25-29,,Agresiones (homicidio),34,1926750,1.7646
2006,male,25-29,,Envenenamiento accidental por psicofármacos y drogas de abuso,49,1926750,2.5431
2006,male,25-29,,Eventos de intención no determinada,5,1926750,0.2595
2006,male,25-29,,Suicidio y lesiones autoinfligidas,150,1926750,7.7851
2006,male,25-29,I-XXII,Todas las causas,1305,1926750,67.7306
2006,male,25-29,,"Trastornos mentales debidos al uso de drogas (drogodependencia, toxicomanía)",14,1926750,0.7266
2006,male,30-34,,Accidentes de tráfico,360,2031099,17.7244
2006,male,30-34,,Agresiones (homicidio),31,2031099,1.5263
2006,male,30-34,,Envenenamiento accidental por psicofármacos y drogas de abuso,74,2031099,3.6433
2006,male,30-34,,Eventos de intención no determinada,5,2031099,0.2462
2006,male,30-34,,Suicidio y lesiones autoinfligidas,218,2031099,10.7331
2006,male,30-34,I-XXII,Todas las causas,1711,2031099,84.2401
2006,male,30-34,,"Trastornos mentales debidos al uso de drogas (drogodependencia, toxicomanía)",11,2031099,0.5416
2006,male,35-39,,Accidentes de tráfico,303,1903171,15.9208
2006,male,35-39,,Agresiones (homicidio),21,1903171,1.1034
2006,male,35-39,,Envenenamiento accidental por psicofármacos y drogas de abuso,108,1903171,5.6747
2006,male,35-39,,Eventos de intención no determinada,5,1903171,0.2627
2006,male,35-39,,Suicidio y lesiones autoinfligidas,228,1903171,11.98
2006,male,35-39,I-XXII,Todas las causas,2477,1903171,130.1512
2006,male,35-39,,"Trastornos mentales debidos al uso de drogas (drogodependencia, toxicomanía)",15,1903171,0.7882
2006,male,40-44,,Accidentes de tráfico,257,1772159,14.5021
2006,male,40-44,,Agresiones (homicidio),27,1772159,1.5236
2006,male,40-44,,Envenenamiento accidental por psicofármacos y drogas de abuso,73,1772159,4.1193
2006,male,40-44,,Eventos de intención no determinada,6,1772159,0.3386
2006,male,40-44,,Suicidio y lesiones autoinfligidas,219,1772159,12.3578
2006,male,40-44,I-XXII,Todas las causas,3605,1772159,203.4242
2006,male,40-44,,"Trastornos mentales debidos al uso de drogas (drogodependencia, toxicomanía)",17,1772159,0.9593
2006,male,45-49,,Accidentes de tráfico,206,1582061,13.021
2006,male,45-49,,Agresiones (homicidio),20,1582061,1.2642
2006,male,45-49,,Envenenamiento accidental por psicofármacos y drogas de abuso,35,1582061,2.2123
2006,male,45-49,,Eventos de intención no determinada,6,1582061,0.3793
2006,male,45-49,,Suicidio y lesiones autoinfligidas,217,1582061,13.7163
2006,male,45-49,I-XXII,Todas las causas,5030,1582061,317.9397
2006,male,45-49,,"Trastornos mentales debidos al uso de drogas (drogodependencia, toxicomanía)",5,1582061,0.316
2006,male,5-9,,Accidentes de tráfico,23,1065270,2.1591
2006,male,5-9,,Agresiones (homicidio),1,1065270,0.0939
2006,male,5-9,,Envenenamiento accidental por psicofármacos y drogas de abuso,0,1065270,0.0
2006,male,5-9,,Eventos de intención no determinada,1,1065270,0.0939
2006,male,5-9,,Suicidio y lesiones autoinfligidas,0,1065270,0.0
2006,male,5-9,I-XXII,Todas las causas,163,1065270,15.3013
2006,male,5-9,,"Trastornos mentales debidos al uso de drogas (drogodependencia, toxicomanía)",0,1065270,0.0
2006,male,50-54,,Accidentes de tráfico,184,1331003,13.8242
2006,male,50-54,,Agresiones (homicidio),24,1331003,1.8032
2006,male,50-54,,Envenenamiento accidental por psicofármacos y drogas de abuso,18,1331003,1.3524
2006,male,50-54,,Eventos de intención no determinada,8,1331003,0.6011
2006,male,50-54,,Suicidio y lesiones autoinfligidas,158,1331003,11.8707
2006,male,50-54,I-XXII,Todas las causas,6895,1331003,518.0304
2006,male,50-54,,"Trastornos mentales debidos al uso de drogas (drogodependencia, toxicomanía)",4,1331003,0.3005
2006,male,55-59,,Accidentes de tráfico,174,1213293,14.3411
2006,male,55-59,,Agresiones (homicidio),16,1213293,1.3187
2006,male,55-59,,Envenenamiento accidental por psicofármacos y drogas de abuso,10,1213293,0.8242
2006,male,55-59,,Eventos de intención no determinada,2,1213293,0.1648
2006,male,55-59,,Suicidio y lesiones autoinfligidas,171,1213293,14.0939
2006,male,55-59,I-XXII,Todas las causas,9430,1213293,777.2236
2006,male,55-59,,"Trastornos mentales debidos al uso de drogas (drogodependencia, toxicomanía)",0,1213293,0.0
2006,male,60-64,,Accidentes de tráfico,125,1063493,11.7537
2006,male,60-64,,Agresiones (homicidio),9,1063493,0.8463
2006,male,60-64,,Envenenamiento accidental por psicofármacos y drogas de abuso,6,1063493,0.5642
2006,male,60-64,,Eventos de intención no determinada,5,1063493,0.4701
2006,male,60-64,,Suicidio y lesiones autoinfligidas,171,1063493,16.0791
2006,male,60-64,I-XXII,Todas las causas,12156,1063493,1143.0259
2006,male,60-64,,"Trastornos mentales debidos al uso de drogas (drogodependencia, toxicomanía)",1,1063493,0.094
2006,male,65-69,,Accidentes de tráfico,114,867220,13.1455
2006,male,65-69,,Agresiones (homicidio),4,867220,0.4612
2006,male,65-69,,Envenenamiento accidental por psicofármacos y drogas de abuso,3,867220,0.3459
2006,male,65-69,,Eventos de intención no determinada,1,867220,0.1153
2006,male,65-69,,Suicidio y lesiones autoinfligidas,139,867220,16.0282
2006,male,65-69,I-XXII,Todas las causas,15208,867220,1753.6496
2006,male,65-69,,"Trastornos mentales debidos al uso de drogas (drogodependencia, toxicomanía)",0,867220,0.0
2006,male,70-74,,Accidentes de tráfico,140,886138,15.7989
2006,male,70-74,,Agresiones (homicidio),9,886138,1.0156
2006,male,70-74,,Envenenamiento accidental por psicofármacos y drogas de abuso,3,886138,0.3385
2006,male,70-74,,Eventos de intención no determinada,3,886138,0.3385
2006,male,70-74,,Suicidio y lesiones autoinfligidas,195,886138,22.0056
2006,male,70-74,I-XXII,Todas las causas,24459,886138,2760.1796
2006,male,70-74,,"Trastornos mentales debidos al uso de drogas (drogodependencia, toxicomanía)",0,886138,0.0
2006,male,75-79,,Accidentes de tráfico,138,682698,20.2139
2006,male,75-79,,Agresiones (homicidio),9,682698,1.3183
2006,male,75-79,,Envenenamiento accidental por psicofármacos y drogas de abuso,6,682698,0.8789
2006,male,75-79,,Eventos de intención no determinada,11,682698,1.6113
2006,male,75-79,,Suicidio y lesiones autoinfligidas,187,682698,27.3913
2006,male,75-79,I-XXII,Todas las causas,31806,682698,4658.8682
2006,male,75-79,,"Trastornos mentales debidos al uso de drogas (drogodependencia, toxicomanía)",0,682698,0.0
2006,male,80-84,,Accidentes de tráfico,101,427124,23.6465
2006,male,80-84,,Agresiones (homicidio),1,427124,0.2341
2006,male,80-84,,Envenenamiento accidental por psicofármacos y drogas de abuso,4,427124,0.9365
2006,male,80-84,,Eventos de intención no determinada,7,427124,1.6389
2006,male,80-84,,Suicidio y lesiones autoinfligidas,180,427124,42.1423
2006,male,80-84,I-XXII,Todas las causas,34589,427124,8098.1167
2006,male,80-84,,"Trastornos mentales debidos al uso de drogas (drogodependencia, toxicomanía)",0,427124,0.0
2006,male,85-89,,Accidentes de tráfico,34,177555,19.149
2006,male,85-89,,Agresiones (homicidio),1,177555,0.5632
2006,male,85-89,,Envenenamiento accidental por psicofármacos y drogas de abuso,4,177555,2.2528
2006,male,85-89,,Eventos de intención no determinada,1,177555,0.5632
2006,male,85-89,,Suicidio y lesiones autoinfligidas,83,177555,46.7461
2006,male,85-89,I-XXII,Todas las causas,24319,177555,13696.6011
2006,male,85-89,,"Trastornos mentales debidos al uso de drogas (drogodependencia, toxicomanía)",0,177555,0.0
2006,male,90-94,,Accidentes de tráfico,10,58615,17.0605
2006,male,90-94,,Agresiones (homicidio),1,58615,1.706
2006,male,90-94,,Envenenamiento accidental por psicofármacos y drogas de abuso,2,58615,3.4121
2006,male,90-94,,Eventos de intención no determinada,2,58615,3.4121
2006,male,90-94,,Suicidio y lesiones autoinfligidas,32,58615,54.5935
2006,male,90-94,I-XXII,Todas las causas,13565,58615,23142.5403
2006,male,90-94,,"Trastornos mentales debidos al uso de drogas (drogodependencia, toxicomanía)",0,58615,0.0
2006,male,95+,,Accidentes de tráfico,2,12805,15.6189
2006,male,95+,,Agresiones (homicidio),0,12805,0.0
2006,male,95+,,Envenenamiento accidental por psicofármacos y drogas de abuso,0,12805,0.0
2006,male,95+,,Eventos de intención no determinada,0,12805,0.0
2006,male,95+,,Suicidio y lesiones autoinfligidas,9,12805,70.285
2006,male,95+,I-XXII,Todas las causas,4549,12805,35525.1855
2006,male,95+,,"Trastornos mentales debidos al uso de drogas (drogodependencia, toxicomanía)",0,12805,0.0
2006,male,<1,,Accidentes de tráfico,4,243305,1.644
2006,male,<1,,Agresiones (homicidio),1,243305,0.411
2006,male,<1,,Envenenamiento accidental por psicofármacos y drogas de abuso,0,243305,0.0
2006,male,<1,,Eventos de intención no determinada,0,243305,0.0
2006,male,<1,,Suicidio y lesiones autoinfligidas,0,243305,0.0
2006,male,<1,I-XXII,Todas las causas,982,243305,403.6086
2006,male,<1,,"Trastornos mentales debidos al uso de drogas (drogodependencia, toxicomanía)",0,243305,0.0
2006,male,all,,Accidentes de tráfico,3222,21900707,14.7119
2006,male,all,,Agresiones (homicidio),250,21900707,1.1415
2006,male,all,,Envenenamiento accidental por psicofármacos y drogas de abuso,421,21900707,1.9223
2006,male,all,,Eventos de intención no determinada,73,21900707,0.3333
2006,male,all,,Suicidio y lesiones autoinfligidas,2512,21900707,11.4699
2006,male,all,I-XXII,Todas las causas,194154,21900707,886.5193
2006,male,all,,"Trastornos mentales debidos al uso de drogas (drogodependencia, toxicomanía)",72,21900707,0.3288
2007,all,1-4,,Accidentes de tráfico,35,1880030,1.8617
2007,all,1-4,,Agresiones (homicidio),4,1880030,0.2128
2007,all,1-4,,Envenenamiento accidental por psicofármacos y drogas de abuso,0,1880030,0.0
2007,all,1-4,,Eventos de intención no determinada,0,1880030,0.0
2007,all,1-4,,Suicidio y lesiones autoinfligidas,0,1880030,0.0
2007,all,1-4,I-XXII,Todas las causas,385,1880030,20.4784
2007,all,1-4,,"Trastornos mentales debidos al uso de drogas (drogodependencia, toxicomanía)",0,1880030,0.0
2007,all,10-14,,Accidentes de tráfico,34,2086603,1.6294
2007,all,10-14,,Agresiones (homicidio),0,2086603,0.0
2007,all,10-14,,Envenenamiento accidental por psicofármacos y drogas de abuso,0,2086603,0.0
2007,all,10-14,,Eventos de intención no determinada,2,2086603,0.0958
2007,all,10-14,,Suicidio y lesiones autoinfligidas,12,2086603,0.5751
2007,all,10-14,I-XXII,Todas las causas,273,2086603,13.0835
2007,all,10-14,,"Trastornos mentales debidos al uso de drogas (drogodependencia, toxicomanía)",0,2086603,0.0
2007,all,15-19,,Accidentes de tráfico,286,2313112,12.3643
2007,all,15-19,,Agresiones (homicidio),12,2313112,0.5188
2007,all,15-19,,Envenenamiento accidental por psicofármacos y drogas de abuso,9,2313112,0.3891
2007,all,15-19,,Eventos de intención no determinada,1,2313112,0.0432
2007,all,15-19,,Suicidio y lesiones autoinfligidas,31,2313112,1.3402
2007,all,15-19,I-XXII,Todas las causas,789,2313112,34.1099
2007,all,15-19,,"Trastornos mentales debidos al uso de drogas (drogodependencia, toxicomanía)",1,2313112,0.0432
2007,all,20-24,,Accidentes de tráfico,377,2833198,13.3065
2007,all,20-24,,Agresiones (homicidio),17,2833198,0.6
2007,all,20-24,,Envenenamiento accidental por psicofármacos y drogas de abuso,32,2833198,1.1295
2007,all,20-24,,Eventos de intención no determinada,6,2833198,0.2118
2007,all,20-24,,Suicidio y lesiones autoinfligidas,113,2833198,3.9884
2007,all,20-24,I-XXII,Todas las causas,1178,2833198,41.5785
2007,all,20-24,,"Trastornos mentales debidos al uso de drogas (drogodependencia, toxicomanía)",2,2833198,0.0706
2007,all,25-29,,Accidentes de tráfico,416,3707705,11.2199
2007,all,25-29,,Agresiones (homicidio),39,3707705,1.0519
2007,all,25-29,,Envenenamiento accidental por psicofármacos y drogas de abuso,53,3707705,1.4295
2007,all,25-29,,Eventos de intención no determinada,6,3707705,0.1618
2007,all,25-29,,Suicidio y lesiones autoinfligidas,187,3707705,5.0436
2007,all,25-29,I-XXII,Todas las causas,1688,3707705,45.5268
2007,all,25-29,,"Trastornos mentales debidos al uso de drogas (drogodependencia, toxicomanía)",3,3707705,0.0809
2007,all,30-34,,Accidentes de tráfico,379,4043693,9.3726
2007,all,30-34,,Agresiones (homicidio),41,4043693,1.0139
2007,all,30-34,,Envenenamiento accidental por psicofármacos y drogas de abuso,98,4043693,2.4235
2007,all,30-34,,Eventos de intención no determinada,3,4043693,0.0742
2007,all,30-34,,Suicidio y lesiones autoinfligidas,242,4043693,5.9846
2007,all,30-34,I-XXII,Todas las causas,2268,4043693,56.0873
2007,all,30-34,,"Trastornos mentales debidos al uso de drogas (drogodependencia, toxicomanía)",7,4043693,0.1731
2007,all,35-39,,Accidentes de tráfico,330,3811570,8.6578
2007,all,35-39,,Agresiones (homicidio),40,3811570,1.0494
2007,all,35-39,,Envenenamiento accidental por psicofármacos y drogas de abuso,139,3811570,3.6468
2007,all,35-39,,Eventos de intención no determinada,5,3811570,0.1312
2007,all,35-39,,Suicidio y lesiones autoinfligidas,296,3811570,7.7658
2007,all,35-39,I-XXII,Todas las causas,3422,3811570,89.7793
2007,all,35-39,,"Trastornos mentales debidos al uso de drogas (drogodependencia, toxicomanía)",13,3811570,0.3411
2007,all,40-44,,Accidentes de tráfico,287,3616718,7.9354
2007,all,40-44,,Agresiones (homicidio),39,3616718,1.0783
2007,all,40-44,,Envenenamiento accidental por psicofármacos y drogas de abuso,120,3616718,3.3179
2007,all,40-44,,Eventos de intención no determinada,8,3616718,0.2212
2007,all,40-44,,Suicidio y lesiones autoinfligidas,309,3616718,8.5437
2007,all,40-44,I-XXII,Todas las causas,5416,3616718,149.749
2007,all,40-44,,"Trastornos mentales debidos al uso de drogas (drogodependencia, toxicomanía)",9,3616718,0.2488
2007,all,45-49,,Accidentes de tráfico,273,3262773,8.3671
2007,all,45-49,,Agresiones (homicidio),33,3262773,1.0114
2007,all,45-49,,Envenenamiento accidental por psicofármacos y drogas de abuso,50,3262773,1.5324
2007,all,45-49,,Eventos de intención no determinada,8,3262773,0.2452
2007,all,45-49,,Suicidio y lesiones autoinfligidas,283,3262773,8.6736
2007,all,45-49,I-XXII,Todas las causas,7475,3262773,229.0996
2007,all,45-49,,"Trastornos mentales debidos al uso de drogas (drogodependencia, toxicomanía)",4,3262773,0.1226
2007,all,5-9,,Accidentes de tráfico,27,2147004,1.2576
2007,all,5-9,,Agresiones (homicidio),2,2147004,0.0932
2007,all,5-9,,Envenenamiento accidental por psicofármacos y drogas de abuso,0,2147004,0.0
2007,all,5-9,,Eventos de intención no determinada,0,2147004,0.0
2007,all,5-9,,Suicidio y lesiones autoinfligidas,0,2147004,0.0
2007,all,5-9,I-XXII,Todas las causas,226,2147004,10.5263
2007,all,5-9,,"Trastornos mentales debidos al uso de drogas (drogodependencia, toxicomanía)",0,2147004,0.0
2007,all,50-54,,Accidentes de tráfico,202,2780415,7.2651
2007,all,50-54,,Agresiones (homicidio),22,2780415,0.7912
2007,all,50-54,,Envenenamiento accidental por psicofármacos y drogas de abuso,16,2780415,0.5755
2007,all,50-54,,Eventos de intención no determinada,5,2780415,0.1798
2007,all,50-54,,Suicidio y lesiones autoinfligidas,228,2780415,8.2002
2007,all,50-54,I-XXII,Todas las causas,9916,2780415,356.6374
2007,all,50-54,,"Trastornos mentales debidos al uso de drogas (drogodependencia, toxicomanía)",3,2780415,0.1079
2007,all,55-59,,Accidentes de tráfico,200,2523418,7.9258
2007,all,55-59,,Agresiones (homicidio),17,2523418,0.6737
2007,all,55-59,,Envenenamiento accidental por psicofármacos y drogas de abuso,17,2523418,0.6737
2007,all,55-59,,Eventos de intención no determinada,8,2523418,0.317
2007,all,55-59,,Suicidio y lesiones autoinfligidas,232,2523418,9.1939
2007,all,55-59,I-XXII,Todas las causas,13165,2523418,521.713
2007,all,55-59,,"Trastornos mentales debidos al uso de drogas (drogodependencia, toxicomanía)",2,2523418,0.0793
2007,all,60-64,,Accidentes de tráfico,187,2295836,8.1452
2007,all,60-64,,Agresiones (homicidio),17,2295836,0.7405
2007,all,60-64,,Envenenamiento accidental por psicofármacos y drogas de abuso,2,2295836,0.0871
2007,all,60-64,,Eventos de intención no determinada,6,2295836,0.2613
2007,all,60-64,,Suicidio y lesiones autoinfligidas,225,2295836,9.8004
2007,all,60-64,I-XXII,Todas las causas,17866,2295836,778.1915
2007,all,60-64,,"Trastornos mentales debidos al uso de drogas (drogodependencia, toxicomanía)",1,2295836,0.0436
2007,all,65-69,,Accidentes de tráfico,139,1817448,7.6481
2007,all,65-69,,Agresiones (homicidio),14,1817448,0.7703
2007,all,65-69,,Envenenamiento accidental por psicofármacos y drogas de abuso,10,1817448,0.5502
2007,all,65-69,,Eventos de intención no determinada,7,1817448,0.3852
2007,all,65-69,,Suicidio y lesiones autoinfligidas,184,1817448,10.1241
2007,all,65-69,I-XXII,Todas las causas,21501,1817448,1183.0325
2007,all,65-69,,"Trastornos mentales debidos al uso de drogas (drogodependencia, toxicomanía)",0,1817448,0.0
2007,all,70-74,,Accidentes de tráfico,204,1950081,10.4611
2007,all,70-74,,Agresiones (homicidio),14,1950081,0.7179
2007,all,70-74,,Envenenamiento accidental por psicofármacos y drogas de abuso,9,1950081,0.4615
2007,all,70-74,,Eventos de intención no determinada,8,1950081,0.4102
2007,all,70-74,,Suicidio y lesiones autoinfligidas,239,1950081,12.2559
2007,all,70-74,I-XXII,Todas las causas,37942,1950081,1945.6628
2007,all,70-74,,"Trastornos mentales debidos al uso de drogas (drogodependencia, toxicomanía)",0,1950081,0.0
2007,all,75-79,,Accidentes de tráfico,201,1656543,12.1337
2007,all,75-79,,Agresiones (homicidio),12,1656543,0.7244
2007,all,75-79,,Envenenamiento accidental por psicofármacos y drogas de abuso,4,1656543,0.2415
2007,all,75-79,,Eventos de intención no determinada,8,1656543,0.4829
2007,all,75-79,,Suicidio y lesiones autoinfligidas,251,1656543,15.152
2007,all,75-79,I-XXII,Todas las causas,55859,1656543,3372.0223
2007,all,75-79,,"Trastornos mentales debidos al uso de drogas (drogodependencia, toxicomanía)",0,1656543,0.0
2007,all,80-84,,Accidentes de tráfico,146,1153307,12.6592
2007,all,80-84,,Agresiones (homicidio),11,1153307,0.9538
2007,all,80-84,,Envenenamiento accidental por psicofármacos y drogas de abuso,11,1153307,0.9538
2007,all,80-84,,Eventos de intención no determinada,11,1153307,0.9538
2007,all,80-84,,Suicidio y lesiones autoinfligidas,238,1153307,20.6363
2007,all,80-84,I-XXII,Todas las causas,72445,1153307,6281.5018
2007,all,80-84,,"Trastornos mentales debidos al uso de drogas (drogodependencia, toxicomanía)",0,1153307,0.0
2007,all,85-89,,Accidentes de tráfico,51,595160,8.5691
2007,all,85-89,,Agresiones (homicidio),5,595160,0.8401
2007,all,85-89,,Envenenamiento accidental por psicofármacos y drogas de abuso,5,595160,0.8401
2007,all,85-89,,Eventos de intención no determinada,1,595160,0.168
2007,all,85-89,,Suicidio y lesiones autoinfligidas,148,595160,24.8673
2007,all,85-89,I-XXII,Todas las causas,67818,595160,11394.919
2007,all,85-89,,"Trastornos mentales debidos al uso de drogas (drogodependencia, toxicomanía)",0,595160,0.0
2007,all,90-94,,Accidentes de tráfico,22,221058,9.9521
2007,all,90-94,,Agresiones (homicidio),3,221058,1.3571
2007,all,90-94,,Envenenamiento accidental por psicofármacos y drogas de abuso,3,221058,1.3571
2007,all,90-94,,Eventos de intención no determinada,2,221058,0.9047
2007,all,90-94,,Suicidio y lesiones autoinfligidas,37,221058,16.7377
2007,all,90-94,I-XXII,Todas las causas,44610,221058,20180.2242
2007,all,90-94,,"Trastornos mentales debidos al uso de drogas (drogodependencia, toxicomanía)",0,221058,0.0
2007,all,95+,,Accidentes de tráfico,6,57838,10.3738
2007,all,95+,,Agresiones (homicidio),1,57838,1.729
2007,all,95+,,Envenenamiento accidental por psicofármacos y drogas de abuso,0,57838,0.0
2007,all,95+,,Eventos de intención no determinada,0,57838,0.0
2007,all,95+,,Suicidio y lesiones autoinfligidas,8,57838,13.8317
2007,all,95+,I-XXII,Todas las causas,19415,57838,33567.8965
2007,all,95+,,"Trastornos mentales debidos al uso de drogas (drogodependencia, toxicomanía)",0,57838,0.0
2007,all,<1,,Accidentes de tráfico,9,482498,1.8653
2007,all,<1,,Agresiones (homicidio),5,482498,1.0363
2007,all,<1,,Envenenamiento accidental por psicofármacos y drogas de abuso,0,482498,0.0
2007,all,<1,,Eventos de intención no determinada,1,482498,0.2073
2007,all,<1,,Suicidio y lesiones autoinfligidas,0,482498,0.0
2007,all,<1,I-XXII,Todas las causas,1704,482498,353.1621
2007,all,<1,,"Trastornos mentales debidos al uso de drogas (drogodependencia, toxicomanía)",0,482498,0.0
2007,all,all,,Accidentes de tráfico,3811,45236008,8.4247
2007,all,all,,Agresiones (homicidio),348,45236008,0.7693
2007,all,all,,Envenenamiento accidental por psicofármacos y drogas de abuso,578,45236008,1.2777
2007,all,all,,Eventos de intención no determinada,96,45236008,0.2122
2007,all,all,,Suicidio y lesiones autoinfligidas,3263,45236008,7.2133
2007,all,all,I-XXII,Todas las causas,385361,45236008,851.8899
2007,all,all,,"Trastornos mentales debidos al uso de drogas (drogodependencia, toxicomanía)",45,45236008,0.0995
2007,female,1-4,,Accidentes de tráfico,20,913363,2.1897
2007,female,1-4,,Agresiones (homicidio),3,913363,0.3285
2007,female,1-4,,Envenenamiento accidental por psicofármacos y drogas de abuso,0,913363,0.0
2007,female,1-4,,Eventos de intención no determinada,0,913363,0.0
2007,female,1-4,,Suicidio y lesiones autoinfligidas,0,913363,0.0
2007,female,1-4,I-XXII,Todas las causas,181,913363,19.8169
2007,female,1-4,,"Trastornos mentales debidos al uso de drogas (drogodependencia, toxicomanía)",0,913363,0.0
2007,female,10-14,,Accidentes de tráfico,10,1014718,0.9855
2007,female,10-14,,Agresiones (homicidio),0,1014718,0.0
2007,female,10-14,,Envenenamiento accidental por psicofármacos y drogas de abuso,0,1014718,0.0
2007,female,10-14,,Eventos de intención no determinada,0,1014718,0.0
2007,female,10-14,,Suicidio y lesiones autoinfligidas,5,1014718,0.4927
2007,female,10-14,I-XXII,Todas las causas,103,1014718,10.1506
2007,female,10-14,,"Trastornos mentales debidos al uso de drogas (drogodependencia, toxicomanía)",0,1014718,0.0
2007,female,15-19,,Accidentes de tráfico,61,1122749,5.4331
2007,female,15-19,,Agresiones (homicidio),2,1122749,0.1781
2007,female,15-19,,Envenenamiento accidental por psicofármacos y drogas de abuso,0,1122749,0.0
2007,female,15-19,,Eventos de intención no determinada,0,1122749,0.0
2007,female,15-19,,Suicidio y lesiones autoinfligidas,9,1122749,0.8016
2007,female,15-19,I-XXII,Todas las causas,199,1122749,17.7244
2007,female,15-19,,"Trastornos mentales debidos al uso de drogas (drogodependencia, toxicomanía)",0,1122749,0.0
2007,female,20-24,,Accidentes de tráfico,68,1384133,4.9128
2007,female,20-24,,Agresiones (homicidio),5,1384133,0.3612
2007,female,20-24,,Envenenamiento accidental por psicofármacos y drogas de abuso,4,1384133,0.289
2007,female,20-24,,Eventos de intención no determinada,2,1384133,0.1445
2007,female,20-24,,Suicidio y lesiones autoinfligidas,21,1384133,1.5172
2007,female,20-24,I-XXII,Todas las causas,278,1384133,20.0848
2007,female,20-24,,"Trastornos mentales debidos al uso de drogas (drogodependencia, toxicomanía)",1,1384133,0.0722
2007,female,25-29,,Accidentes de tráfico,72,1794167,4.013
2007,female,25-29,,Agresiones (homicidio),14,1794167,0.7803
2007,female,25-29,,Envenenamiento accidental por psicofármacos y drogas de abuso,7,1794167,0.3902
2007,female,25-29,,Eventos de intención no determinada,2,1794167,0.1115
2007,female,25-29,,Suicidio y lesiones autoinfligidas,31,1794167,1.7278
2007,female,25-29,I-XXII,Todas las causas,393,1794167,21.9043
2007,female,25-29,,"Trastornos mentales debidos al uso de drogas (drogodependencia, toxicomanía)",0,1794167,0.0
2007,female,30-34,,Accidentes de tráfico,36,1945073,1.8508
2007,female,30-34,,Agresiones (homicidio),14,1945073,0.7198
2007,female,30-34,,Envenenamiento accidental por psicofármacos y drogas de abuso,10,1945073,0.5141
2007,female,30-34,,Eventos de intención no determinada,1,1945073,0.0514
2007,female,30-34,,Suicidio y lesiones autoinfligidas,66,1945073,3.3932
2007,female,30-34,I-XXII,Todas las causas,645,1945073,33.1607
2007,female,30-34,,"Trastornos mentales debidos al uso de drogas (drogodependencia, toxicomanía)",1,1945073,0.0514
2007,female,35-39,,Accidentes de tráfico,52,1847316,2.8149
2007,female,35-39,,Agresiones (homicidio),13,1847316,0.7037
2007,female,35-39,,Envenenamiento accidental por psicofármacos y drogas de abuso,24,1847316,1.2992
2007,female,35-39,,Eventos de intención no determinada,0,1847316,0.0
2007,female,35-39,,Suicidio y lesiones autoinfligidas,72,1847316,3.8975
2007,female,35-39,I-XXII,Todas las causas,1035,1847316,56.0272
2007,female,35-39,,"Trastornos mentales debidos al uso de drogas (drogodependencia, toxicomanía)",1,1847316,0.0541
2007,female,40-44,,Accidentes de tráfico,42,1780690,2.3586
2007,female,40-44,,Agresiones (homicidio),11,1780690,0.6177
2007,female,40-44,,Envenenamiento accidental por psicofármacos y drogas de abuso,9,1780690,0.5054
2007,female,40-44,,Eventos de intención no determinada,0,1780690,0.0
2007,female,40-44,,Suicidio y lesiones autoinfligidas,67,1780690,3.7626
2007,female,40-44,I-XXII,Todas las causas,1621,1780690,91.0321
2007,female,40-44,,"Trastornos mentales debidos al uso de drogas (drogodependencia, toxicomanía)",1,1780690,0.0562
2007,female,45-49,,Accidentes de tráfico,44,1626364,2.7054
2007,female,45-49,,Agresiones (homicidio),14,1626364,0.8608
2007,female,45-49,,Envenenamiento accidental por psicofármacos y drogas de abuso,7,1626364,0.4304
2007,female,45-49,,Eventos de intención no determinada,3,1626364,0.1845
2007,female,45-49,,Suicidio y lesiones autoinfligidas,75,1626364,4.6115
2007,female,45-49,I-XXII,Todas las causas,2384,1626364,146.5847
2007,female,45-49,,"Trastornos mentales debidos al uso de drogas (drogodependencia, toxicomanía)",0,1626364,0.0
2007,female,5-9,,Accidentes de tráfico,15,1044265,1.4364
2007,female,5-9,,Agresiones (homicidio),1,1044265,0.0958
2007,female,5-9,,Envenenamiento accidental por psicofármacos y drogas de abuso,0,1044265,0.0
2007,female,5-9,,Eventos de intención no determinada,0,1044265,0.0
2007,female,5-9,,Suicidio y lesiones autoinfligidas,0,1044265,0.0
2007,female,5-9,I-XXII,Todas las causas,99,1044265,9.4804
2007,female,5-9,,"Trastornos mentales debidos al uso de drogas (drogodependencia, toxicomanía)",0,1044265,0.0
2007,female,50-54,,Accidentes de tráfico,37,1399398,2.644
2007,female,50-54,,Agresiones (homicidio),7,1399398,0.5002
2007,female,50-54,,Envenenamiento accidental por psicofármacos y drogas de abuso,3,1399398,0.2144
2007,female,50-54,,Eventos de intención no determinada,0,1399398,0.0
2007,female,50-54,,Suicidio y lesiones autoinfligidas,61,1399398,4.359
2007,female,50-54,I-XXII,Todas las causas,2999,1399398,214.3064
2007,female,50-54,,"Trastornos mentales debidos al uso de drogas (drogodependencia, toxicomanía)",1,1399398,0.0715
2007,female,55-59,,Accidentes de tráfico,38,1284209,2.959
2007,female,55-59,,Agresiones (homicidio),7,1284209,0.5451
2007,female,55-59,,Envenenamiento accidental por psicofármacos y drogas de abuso,5,1284209,0.3893
2007,female,55-59,,Eventos de intención no determinada,2,1284209,0.1557
2007,female,55-59,,Suicidio y lesiones autoinfligidas,67,1284209,5.2172
2007,female,55-59,I-XXII,Todas las causas,3737,1284209,290.9962
2007,female,55-59,,"Trastornos mentales debidos al uso de drogas (drogodependencia, toxicomanía)",0,1284209,0.0
2007,female,60-64,,Accidentes de tráfico,45,1187171,3.7905
2007,female,60-64,,Agresiones (homicidio),6,1187171,0.5054
2007,female,60-64,,Envenenamiento accidental por psicofármacos y drogas de abuso,0,1187171,0.0
2007,female,60-64,,Eventos de intención no determinada,2,1187171,0.1685
2007,female,60-64,,Suicidio y lesiones autoinfligidas,72,1187171,6.0648
2007,female,60-64,I-XXII,Todas las causas,5195,1187171,437.5949
2007,female,60-64,,"Trastornos mentales debidos al uso de drogas (drogodependencia, toxicomanía)",0,1187171,0.0
2007,female,65-69,,Accidentes de tráfico,38,958945,3.9627
2007,female,65-69,,Agresiones (homicidio),7,958945,0.73
2007,female,65-69,,Envenenamiento accidental por psicofármacos y drogas de abuso,3,958945,0.3128
2007,female,65-69,,Eventos de intención no determinada,4,958945,0.4171
2007,female,65-69,,Suicidio y lesiones autoinfligidas,39,958945,4.067
2007,female,65-69,I-XXII,Todas las causas,6646,958945,693.0533
2007,female,65-69,,"Trastornos mentales debidos al uso de drogas (drogodependencia, toxicomanía)",0,958945,0.0
2007,female,70-74,,Accidentes de tráfico,67,1068524,6.2703
2007,female,70-74,,Agresiones (homicidio),6,1068524,0.5615
2007,female,70-74,,Envenenamiento accidental por psicofármacos y drogas de abuso,5,1068524,0.4679
2007,female,70-74,,Eventos de intención no determinada,2,1068524,0.1872
2007,female,70-74,,Suicidio y lesiones autoinfligidas,69,1068524,6.4575
2007,female,70-74,I-XXII,Todas las causas,13248,1068524,1239.8411
2007,female,70-74,,"Trastornos mentales debidos al uso de drogas (drogodependencia, toxicomanía)",0,1068524,0.0
2007,female,75-79,,Accidentes de tráfico,69,952494,7.2441
2007,female,75-79,,Agresiones (homicidio),1,952494,0.105
2007,female,75-79,,Envenenamiento accidental por psicofármacos y drogas de abuso,3,952494,0.315
2007,female,75-79,,Eventos de intención no determinada,2,952494,0.21
2007,female,75-79,,Suicidio y lesiones autoinfligidas,51,952494,5.3544
2007,female,75-79,I-XXII,Todas las causas,22992,952494,2413.8735
2007,female,75-79,,"Trastornos mentales debidos al uso de drogas (drogodependencia, toxicomanía)",0,952494,0.0
2007,female,80-84,,Accidentes de tráfico,56,711635,7.8692
2007,female,80-84,,Agresiones (homicidio),3,711635,0.4216
2007,female,80-84,,Envenenamiento accidental por psicofármacos y drogas de abuso,5,711635,0.7026
2007,female,80-84,,Eventos de intención no determinada,4,711635,0.5621
2007,female,80-84,,Suicidio y lesiones autoinfligidas,59,711635,8.2908
2007,female,80-84,I-XXII,Todas las causas,35896,711635,5044.1589
2007,female,80-84,,"Trastornos mentales debidos al uso de drogas (drogodependencia, toxicomanía)",0,711635,0.0
2007,female,85-89,,Accidentes de tráfico,24,400324,5.9951
2007,female,85-89,,Agresiones (homicidio),3,400324,0.7494
2007,female,85-89,,Envenenamiento accidental por psicofármacos y drogas de abuso,3,400324,0.7494
2007,female,85-89,,Eventos de intención no determinada,1,400324,0.2498
2007,female,85-89,,Suicidio y lesiones autoinfligidas,26,400324,6.4947
2007,female,85-89,I-XXII,Todas las causas,40705,400324,10168.0139
2007,female,85-89,,"Trastornos mentales debidos al uso de drogas (drogodependencia, toxicomanía)",0,400324,0.0
2007,female,90-94,,Accidentes de tráfico,11,160887,6.8371
2007,female,90-94,,Agresiones (homicidio),2,160887,1.2431
2007,female,90-94,,Envenenamiento accidental por psicofármacos y drogas de abuso,1,160887,0.6216
2007,female,90-94,,Eventos de intención no determinada,1,160887,0.6216
2007,female,90-94,,Suicidio y lesiones autoinfligidas,9,160887,5.594
2007,female,90-94,I-XXII,Todas las causas,30611,160887,19026.3974
2007,female,90-94,,"Trastornos mentales debidos al uso de drogas (drogodependencia, toxicomanía)",0,160887,0.0
2007,female,95+,,Accidentes de tráfico,1,44256,2.2596
2007,female,95+,,Agresiones (homicidio),1,44256,2.2596
2007,female,95+,,Envenenamiento accidental por psicofármacos y drogas de abuso,0,44256,0.0
2007,female,95+,,Eventos de intención no determinada,0,44256,0.0
2007,female,95+,,Suicidio y lesiones autoinfligidas,1,44256,2.2596
2007,female,95+,I-XXII,Todas las causas,14487,44256,32734.5445
2007,female,95+,,"Trastornos mentales debidos al uso de drogas (drogodependencia, toxicomanía)",0,44256,0.0
2007,female,<1,,Accidentes de tráfico,0,233246,0.0
2007,female,<1,,Agresiones (homicidio),1,233246,0.4287
2007,female,<1,,Envenenamiento accidental por psicofármacos y drogas de abuso,0,233246,0.0
2007,female,<1,,Eventos de intención no determinada,1,233246,0.4287
2007,female,<1,,Suicidio y lesiones autoinfligidas,0,233246,0.0
2007,female,<1,I-XXII,Todas las causas,771,233246,330.5523
2007,female,<1,,"Trastornos mentales debidos al uso de drogas (drogodependencia, toxicomanía)",0,233246,0.0
2007,female,all,,Accidentes de tráfico,806,22873927,3.5237
2007,female,all,,Agresiones (homicidio),121,22873927,0.529
2007,female,all,,Envenenamiento accidental por psicofármacos y drogas de abuso,89,22873927,0.3891
2007,female,all,,Eventos de intención no determinada,27,22873927,0.118
2007,female,all,,Suicidio y lesiones autoinfligidas,800,22873927,3.4974
2007,female,all,I-XXII,Todas las causas,184225,22873927,805.393
2007,female,all,,"Trastornos mentales debidos al uso de drogas (drogodependencia, toxicomanía)",5,22873927,0.0219
2007,male,1-4,,Accidentes de tráfico,15,966666,1.5517
2007,male,1-4,,Agresiones (homicidio),1,966666,0.1034
2007,male,1-4,,Envenenamiento accidental por psicofármacos y drogas de abuso,0,966666,0.0
2007,male,1-4,,Eventos de intención no determinada,0,966666,0.0
2007,male,1-4,,Suicidio y lesiones autoinfligidas,0,966666,0.0
2007,male,1-4,I-XXII,Todas las causas,204,966666,21.1035
2007,male,1-4,,"Trastornos mentales debidos al uso de drogas (drogodependencia, toxicomanía)",0,966666,0.0
2007,male,10-14,,Accidentes de tráfico,24,1071885,2.239
2007,male,10-14,,Agresiones (homicidio),0,1071885,0.0
2007,male,10-14,,Envenenamiento accidental por psicofármacos y drogas de abuso,0,1071885,0.0
2007,male,10-14,,Eventos de intención no determinada,2,1071885,0.1866
2007,male,10-14,,Suicidio y lesiones autoinfligidas,7,1071885,0.6531
2007,male,10-14,I-XXII,Todas las causas,170,1071885,15.8599
2007,male,10-14,,"Trastornos mentales debidos al uso de drogas (drogodependencia, toxicomanía)",0,1071885,0.0
2007,male,15-19,,Accidentes de tráfico,225,1190363,18.9018
2007,male,15-19,,Agresiones (homicidio),10,1190363,0.8401
2007,male,15-19,,Envenenamiento accidental por psicofármacos y drogas de abuso,9,1190363,0.7561
2007,male,15-19,,Eventos de intención no determinada,1,1190363,0.084
2007,male,15-19,,Suicidio y lesiones autoinfligidas,22,1190363,1.8482
2007,male,15-19,I-XXII,Todas las causas,590,1190363,49.5647
2007,male,15-19,,"Trastornos mentales debidos al uso de drogas (drogodependencia, toxicomanía)",1,1190363,0.084
2007,male,20-24,,Accidentes de tráfico,309,1449066,21.3241
2007,male,20-24,,Agresiones (homicidio),12,1449066,0.8281
2007,male,20-24,,Envenenamiento accidental por psicofármacos y drogas de abuso,28,1449066,1.9323
2007,male,20-24,,Eventos de intención no determinada,4,1449066,0.276
2007,male,20-24,,Suicidio y lesiones autoinfligidas,92,1449066,6.3489
2007,male,20-24,I-XXII,Todas las causas,900,1449066,62.109
2007,male,20-24,,"Trastornos mentales debidos al uso de drogas (drogodependencia, toxicomanía)",1,1449066,0.069
2007,male,25-29,,Accidentes de tráfico,344,1913538,17.9772
2007,male,25-29,,Agresiones (homicidio),25,1913538,1.3065
2007,male,25-29,,Envenenamiento accidental por psicofármacos y drogas de abuso,46,1913538,2.4039
2007,male,25-29,,Eventos de intención no determinada,4,1913538,0.209
2007,male,25-29,,Suicidio y lesiones autoinfligidas,156,1913538,8.1524
2007,male,25-29,I-XXII,Todas las causas,1295,1913538,67.6757
2007,male,25-29,,"Trastornos mentales debidos al uso de drogas (drogodependencia, toxicomanía)",3,1913538,0.1568
2007,male,30-34,,Accidentes de tráfico,343,2098621,16.3441
2007,male,30-34,,Agresiones (homicidio),27,2098621,1.2866
2007,male,30-34,,Envenenamiento accidental por psicofármacos y drogas de abuso,88,2098621,4.1932
2007,male,30-34,,Eventos de intención no determinada,2,2098621,0.0953
2007,male,30-34,,Suicidio y lesiones autoinfligidas,176,2098621,8.3865
2007,male,30-34,I-XXII,Todas las causas,1623,2098621,77.3365
2007,male,30-34,,"Trastornos mentales debidos al uso de drogas (drogodependencia, toxicomanía)",6,2098621,0.2859
2007,male,35-39,,Accidentes de tráfico,278,1964254,14.153
2007,male,35-39,,Agresiones (homicidio),27,1964254,1.3746
2007,male,35-39,,Envenenamiento accidental por psicofármacos y drogas de abuso,115,1964254,5.8546
2007,male,35-39,,Eventos de intención no determinada,5,1964254,0.2545
2007,male,35-39,,Suicidio y lesiones autoinfligidas,224,1964254,11.4038
2007,male,35-39,I-XXII,Todas las causas,2387,1964254,121.522
2007,male,35-39,,"Trastornos mentales debidos al uso de drogas (drogodependencia, toxicomanía)",12,1964254,0.6109
2007,male,40-44,,Accidentes de tráfico,245,1836027,13.344
2007,male,40-44,,Agresiones (homicidio),28,1836027,1.525
2007,male,40-44,,Envenenamiento accidental por psicofármacos y drogas de abuso,111,1836027,6.0457
2007,male,40-44,,Eventos de intención no determinada,8,1836027,0.4357
2007,male,40-44,,Suicidio y lesiones autoinfligidas,242,1836027,13.1806
2007,male,40-44,I-XXII,Todas las causas,3795,1836027,206.6963
2007,male,40-44,,"Trastornos mentales debidos al uso de drogas (drogodependencia, toxicomanía)",8,1836027,0.4357
2007,male,45-49,,Accidentes de tráfico,229,1636409,13.9941
2007,male,45-49,,Agresiones (homicidio),19,1636409,1.1611
2007,male,45-49,,Envenenamiento accidental por psicofármacos y drogas de abuso,43,1636409,2.6277
2007,male,45-49,,Eventos de intención no determinada,5,1636409,0.3055
2007,male,45-49,,Suicidio y lesiones autoinfligidas,208,1636409,12.7108
2007,male,45-49,I-XXII,Todas las causas,5091,1636409,311.108
2007,male,45-49,,"Trastornos mentales debidos al uso de drogas (drogodependencia, toxicomanía)",4,1636409,0.2444
2007,male,5-9,,Accidentes de tráfico,12,1102741,1.0882
2007,male,5-9,,Agresiones (homicidio),1,1102741,0.0907
2007,male,5-9,,Envenenamiento accidental por psicofármacos y drogas de abuso,0,1102741,0.0
2007,male,5-9,,Eventos de intención no determinada,0,1102741,0.0
2007,male,5-9,,Suicidio y lesiones autoinfligidas,0,1102741,0.0
2007,male,5-9,I-XXII,Todas las causas,127,1102741,11.5168
2007,male,5-9,,"Trastornos mentales debidos al uso de drogas (drogodependencia, toxicomanía)",0,1102741,0.0
2007,male,50-54,,Accidentes de tráfico,165,1381016,11.9477
2007,male,50-54,,Agresiones (homicidio),15,1381016,1.0862
2007,male,50-54,,Envenenamiento accidental por psicofármacos y drogas de abuso,13,1381016,0.9413
2007,male,50-54,,Eventos de intención no determinada,5,1381016,0.3621
2007,male,50-54,,Suicidio y lesiones autoinfligidas,167,1381016,12.0925
2007,male,50-54,I-XXII,Todas las causas,6917,1381016,500.8631
2007,male,50-54,,"Trastornos mentales debidos al uso de drogas (drogodependencia, toxicomanía)",2,1381016,0.1448
2007,male,55-59,,Accidentes de tráfico,162,1239209,13.0729
2007,male,55-59,,Agresiones (homicidio),10,1239209,0.807
2007,male,55-59,,Envenenamiento accidental por psicofármacos y drogas de abuso,12,1239209,0.9684
2007,male,55-59,,Eventos de intención no determinada,6,1239209,0.4842
2007,male,55-59,,Suicidio y lesiones autoinfligidas,165,1239209,13.3149
2007,male,55-59,I-XXII,Todas las causas,9428,1239209,760.8079
2007,male,55-59,,"Trastornos mentales debidos al uso de drogas (drogodependencia, toxicomanía)",2,1239209,0.1614
2007,male,60-64,,Accidentes de tráfico,142,1108664,12.8082
2007,male,60-64,,Agresiones (homicidio),11,1108664,0.9922
2007,male,60-64,,Envenenamiento accidental por psicofármacos y drogas de abuso,2,1108664,0.1804
2007,male,60-64,,Eventos de intención no determinada,4,1108664,0.3608
2007,male,60-64,,Suicidio y lesiones autoinfligidas,153,1108664,13.8004
2007,male,60-64,I-XXII,Todas las causas,12671,1108664,1142.9071
2007,male,60-64,,"Trastornos mentales debidos al uso de drogas (drogodependencia, toxicomanía)",1,1108664,0.0902
2007,male,65-69,,Accidentes de tráfico,101,858502,11.7647
2007,male,65-69,,Agresiones (homicidio),7,858502,0.8154
2007,male,65-69,,Envenenamiento accidental por psicofármacos y drogas de abuso,7,858502,0.8154
2007,male,65-69,,Eventos de intención no determinada,3,858502,0.3494
2007,male,65-69,,Suicidio y lesiones autoinfligidas,145,858502,16.8899
2007,male,65-69,I-XXII,Todas las causas,14855,858502,1730.3396
2007,male,65-69,,"Trastornos mentales debidos al uso de drogas (drogodependencia, toxicomanía)",0,858502,0.0
2007,male,70-74,,Accidentes de tráfico,137,881558,15.5407
2007,male,70-74,,Agresiones (homicidio),8,881558,0.9075
2007,male,70-74,,Envenenamiento accidental por psicofármacos y drogas de abuso,4,881558,0.4537
2007,male,70-74,,Eventos de intención no determinada,6,881558,0.6806
2007,male,70-74,,Suicidio y lesiones autoinfligidas,170,881558,19.284
2007,male,70-74,I-XXII,Todas las causas,24694,881558,2801.177
2007,male,70-74,,"Trastornos mentales debidos al uso de drogas (drogodependencia, toxicomanía)",0,881558,0.0
2007,male,75-79,,Accidentes de tráfico,132,704048,18.7487
2007,male,75-79,,Agresiones (homicidio),11,704048,1.5624
2007,male,75-79,,Envenenamiento accidental por psicofármacos y drogas de abuso,1,704048,0.142
2007,male,75-79,,Eventos de intención no determinada,6,704048,0.8522
2007,male,75-79,,Suicidio y lesiones autoinfligidas,200,704048,28.4072
2007,male,75-79,I-XXII,Todas las causas,32867,704048,4668.2897
2007,male,75-79,,"Trastornos mentales debidos al uso de drogas (drogodependencia, toxicomanía)",0,704048,0.0
2007,male,80-84,,Accidentes de tráfico,90,441673,20.3771
2007,male,80-84,,Agresiones (homicidio),8,441673,1.8113
2007,male,80-84,,Envenenamiento accidental por psicofármacos y drogas de abuso,6,441673,1.3585
2007,male,80-84,,Eventos de intención no determinada,7,441673,1.5849
2007,male,80-84,,Suicidio y lesiones autoinfligidas,179,441673,40.5277
2007,male,80-84,I-XXII,Todas las causas,36549,441673,8275.1266
2007,male,80-84,,"Trastornos mentales debidos al uso de drogas (drogodependencia, toxicomanía)",0,441673,0.0
2007,male,85-89,,Accidentes de tráfico,27,194834,13.858
2007,male,85-89,,Agresiones (homicidio),2,194834,1.0265
2007,male,85-89,,Envenenamiento accidental por psicofármacos y drogas de abuso,2,194834,1.0265
2007,male,85-89,,Eventos de intención no determinada,0,194834,0.0
2007,male,85-89,,Suicidio y lesiones autoinfligidas,122,194834,62.6174
2007,male,85-89,I-XXII,Todas las causas,27113,194834,13915.949
2007,male,85-89,,"Trastornos mentales debidos al uso de drogas (drogodependencia, toxicomanía)",0,194834,0.0
2007,male,90-94,,Accidentes de tráfico,11,60169,18.2818
2007,male,90-94,,Agresiones (homicidio),1,60169,1.662
2007,male,90-94,,Envenenamiento accidental por psicofármacos y drogas de abuso,2,60169,3.324
2007,male,90-94,,Eventos de intención no determinada,1,60169,1.662
2007,male,90-94,,Suicidio y lesiones autoinfligidas,28,60169,46.5356
2007,male,90-94,I-XXII,Todas las causas,13999,60169,23266.1337
2007,male,90-94,,"Trastornos mentales debidos al uso de drogas (drogodependencia, toxicomanía)",0,60169,0.0
2007,male,95+,,Accidentes de tráfico,5,13581,36.8161
2007,male,95+,,Agresiones (homicidio),0,13581,0.0
2007,male,95+,,Envenenamiento accidental por psicofármacos y drogas de abuso,0,13581,0.0
2007,male,95+,,Eventos de intención no determinada,0,13581,0.0
2007,male,95+,,Suicidio y lesiones autoinfligidas,7,13581,51.5426
2007,male,95+,I-XXII,Todas las causas,4928,13581,36285.9878
2007,male,95+,,"Trastornos mentales debidos al uso de drogas (drogodependencia, toxicomanía)",0,13581,0.0
2007,male,<1,,Accidentes de tráfico,9,249251,3.6108
2007,male,<1,,Agresiones (homicidio),4,249251,1.6048
2007,male,<1,,Envenenamiento accidental por psicofármacos y drogas de abuso,0,249251,0.0
2007,male,<1,,Eventos de intención no determinada,0,249251,0.0
2007,male,<1,,Suicidio y lesiones autoinfligidas,0,249251,0.0
2007,male,<1,I-XXII,Todas las causas,933,249251,374.3215
2007,male,<1,,"Trastornos mentales debidos al uso de drogas (drogodependencia, toxicomanía)",0,249251,0.0
2007,male,all,,Accidentes de tráfico,3005,22362075,13.4379
2007,male,all,,Agresiones (homicidio),227,22362075,1.0151
2007,male,all,,Envenenamiento accidental por psicofármacos y drogas de abuso,489,22362075,2.1867
2007,male,all,,Eventos de intención no determinada,69,22362075,0.3086
2007,male,all,,Suicidio y lesiones autoinfligidas,2463,22362075,11.0142
2007,male,all,I-XXII,Todas las causas,201136,22362075,899.4514
2007,male,all,,"Trastornos mentales debidos al uso de drogas (drogodependencia, toxicomanía)",40,22362075,0.1789
2008,all,1-4,,Accidentes de tráfico,22,1935748,1.1365
2008,all,1-4,,Agresiones (homicidio),2,1935748,0.1033
2008,all,1-4,,Envenenamiento accidental por psicofármacos y drogas de abuso,0,1935748,0.0
2008,all,1-4,,Eventos de intención no determinada,0,1935748,0.0
2008,all,1-4,,Suicidio y lesiones autoinfligidas,0,1935748,0.0
2008,all,1-4,I-XXII,Todas las causas,345,1935748,17.8226
2008,all,1-4,,"Trastornos mentales debidos al uso de drogas (drogodependencia, toxicomanía)",0,1935748,0.0
2008,all,10-14,,Accidentes de tráfico,26,2099083,1.2386
2008,all,10-14,,Agresiones (homicidio),2,2099083,0.0953
2008,all,10-14,,Envenenamiento accidental por psicofármacos y drogas de abuso,0,2099083,0.0
2008,all,10-14,,Eventos de intención no determinada,0,2099083,0.0
2008,all,10-14,,Suicidio y lesiones autoinfligidas,4,2099083,0.1906
2008,all,10-14,I-XXII,Todas las causas,248,2099083,11.8147
2008,all,10-14,,"Trastornos mentales debidos al uso de drogas (drogodependencia, toxicomanía)",0,2099083,0.0
2008,all,15-19,,Accidentes de tráfico,232,2314302,10.0246
2008,all,15-19,,Agresiones (homicidio),14,2314302,0.6049
2008,all,15-19,,Envenenamiento accidental por psicofármacos y drogas de abuso,9,2314302,0.3889
2008,all,15-19,,Eventos de intención no determinada,1,2314302,0.0432
2008,all,15-19,,Suicidio y lesiones autoinfligidas,41,2314302,1.7716
2008,all,15-19,I-XXII,Todas las causas,751,2314302,32.4504
2008,all,15-19,,"Trastornos mentales debidos al uso de drogas (drogodependencia, toxicomanía)",0,2314302,0.0
2008,all,20-24,,Accidentes de tráfico,295,2789064,10.577
2008,all,20-24,,Agresiones (homicidio),32,2789064,1.1473
2008,all,20-24,,Envenenamiento accidental por psicofármacos y drogas de abuso,29,2789064,1.0398
2008,all,20-24,,Eventos de intención no determinada,8,2789064,0.2868
2008,all,20-24,,Suicidio y lesiones autoinfligidas,127,2789064,4.5535
2008,all,20-24,I-XXII,Todas las causas,1090,2789064,39.0812
2008,all,20-24,,"Trastornos mentales debidos al uso de drogas (drogodependencia, toxicomanía)",6,2789064,0.2151
2008,all,25-29,,Accidentes de tráfico,300,3634024,8.2553
2008,all,25-29,,Agresiones (homicidio),45,3634024,1.2383
2008,all,25-29,,Envenenamiento accidental por psicofármacos y drogas de abuso,63,3634024,1.7336
2008,all,25-29,,Eventos de intención no determinada,9,3634024,0.2477
2008,all,25-29,,Suicidio y lesiones autoinfligidas,212,3634024,5.8338
2008,all,25-29,I-XXII,Todas las causas,1543,3634024,42.4598
2008,all,25-29,,"Trastornos mentales debidos al uso de drogas (drogodependencia, toxicomanía)",2,3634024,0.055
2008,all,30-34,,Accidentes de tráfico,274,4127944,6.6377
2008,all,30-34,,Agresiones (homicidio),42,4127944,1.0175
2008,all,30-34,,Envenenamiento accidental por psicofármacos y drogas de abuso,73,4127944,1.7684
2008,all,30-34,,Eventos de intención no determinada,10,4127944,0.2423
2008,all,30-34,,Suicidio y lesiones autoinfligidas,254,4127944,6.1532
2008,all,30-34,I-XXII,Todas las causas,2141,4127944,51.866
2008,all,30-34,,"Trastornos mentales debidos al uso de drogas (drogodependencia, toxicomanía)",16,4127944,0.3876
2008,all,35-39,,Accidentes de tráfico,243,3903827,6.2247
2008,all,35-39,,Agresiones (homicidio),43,3903827,1.1015
2008,all,35-39,,Envenenamiento accidental por psicofármacos y drogas de abuso,107,3903827,2.7409
2008,all,35-39,,Eventos de intención no determinada,14,3903827,0.3586
2008,all,35-39,,Suicidio y lesiones autoinfligidas,309,3903827,7.9153
2008,all,35-39,I-XXII,Todas las causas,3259,3903827,83.4822
2008,all,35-39,,"Trastornos mentales debidos al uso de drogas (drogodependencia, toxicomanía)",18,3903827,0.4611
2008,all,40-44,,Accidentes de tráfico,260,3714873,6.9989
2008,all,40-44,,Agresiones (homicidio),43,3714873,1.1575
2008,all,40-44,,Envenenamiento accidental por psicofármacos y drogas de abuso,115,3714873,3.0957
2008,all,40-44,,Eventos de intención no determinada,13,3714873,0.3499
2008,all,40-44,,Suicidio y lesiones autoinfligidas,341,3714873,9.1793
2008,all,40-44,I-XXII,Todas las causas,5205,3714873,140.1125
2008,all,40-44,,"Trastornos mentales debidos al uso de drogas (drogodependencia, toxicomanía)",21,3714873,0.5653
2008,all,45-49,,Accidentes de tráfico,219,3350227,6.5369
2008,all,45-49,,Agresiones (homicidio),36,3350227,1.0746
2008,all,45-49,,Envenenamiento accidental por psicofármacos y drogas de abuso,70,3350227,2.0894
2008,all,45-49,,Eventos de intención no determinada,6,3350227,0.1791
2008,all,45-49,,Suicidio y lesiones autoinfligidas,299,3350227,8.9248
2008,all,45-49,I-XXII,Todas las causas,7703,3350227,229.9247
2008,all,45-49,,"Trastornos mentales debidos al uso de drogas (drogodependencia, toxicomanía)",9,3350227,0.2686
2008,all,5-9,,Accidentes de tráfico,19,2219847,0.8559
2008,all,5-9,,Agresiones (homicidio),3,2219847,0.1351
2008,all,5-9,,Envenenamiento accidental por psicofármacos y drogas de abuso,0,2219847,0.0
2008,all,5-9,,Eventos de intención no determinada,0,2219847,0.0
2008,all,5-9,,Suicidio y lesiones autoinfligidas,0,2219847,0.0
2008,all,5-9,I-XXII,Todas las causas,252,2219847,11.3521
2008,all,5-9,,"Trastornos mentales debidos al uso de drogas (drogodependencia, toxicomanía)",0,2219847,0.0
2008,all,50-54,,Accidentes de tráfico,160,2885614,5.5447
2008,all,50-54,,Agresiones (homicidio),29,2885614,1.005
2008,all,50-54,,Envenenamiento accidental por psicofármacos y drogas de abuso,41,2885614,1.4208
2008,all,50-54,,Eventos de intención no determinada,5,2885614,0.1733
2008,all,50-54,,Suicidio y lesiones autoinfligidas,284,2885614,9.8419
2008,all,50-54,I-XXII,Todas las causas,10168,2885614,352.3687
2008,all,50-54,,"Trastornos mentales debidos al uso de drogas (drogodependencia, toxicomanía)",4,2885614,0.1386
2008,all,55-59,,Accidentes de tráfico,154,2553208,6.0316
2008,all,55-59,,Agresiones (homicidio),22,2553208,0.8617
2008,all,55-59,,Envenenamiento accidental por psicofármacos y drogas de abuso,18,2553208,0.705
2008,all,55-59,,Eventos de intención no determinada,6,2553208,0.235
2008,all,55-59,,Suicidio y lesiones autoinfligidas,266,2553208,10.4183
2008,all,55-59,I-XXII,Todas las causas,13026,2553208,510.1817
2008,all,55-59,,"Trastornos mentales debidos al uso de drogas (drogodependencia, toxicomanía)",0,2553208,0.0
2008,all,60-64,,Accidentes de tráfico,145,2374876,6.1056
2008,all,60-64,,Agresiones (homicidio),11,2374876,0.4632
2008,all,60-64,,Envenenamiento accidental por psicofármacos y drogas de abuso,6,2374876,0.2526
2008,all,60-64,,Eventos de intención no determinada,5,2374876,0.2105
2008,all,60-64,,Suicidio y lesiones autoinfligidas,225,2374876,9.4742
2008,all,60-64,I-XXII,Todas las causas,17866,2374876,752.2919
2008,all,60-64,,"Trastornos mentales debidos al uso de drogas (drogodependencia, toxicomanía)",0,2374876,0.0
2008,all,65-69,,Accidentes de tráfico,136,1873252,7.2601
2008,all,65-69,,Agresiones (homicidio),11,1873252,0.5872
2008,all,65-69,,Envenenamiento accidental por psicofármacos y drogas de abuso,6,1873252,0.3203
2008,all,65-69,,Eventos de intención no determinada,10,1873252,0.5338
2008,all,65-69,,Suicidio y lesiones autoinfligidas,226,1873252,12.0646
2008,all,65-69,I-XXII,Todas las causas,20982,1873252,1120.0842
2008,all,65-69,,"Trastornos mentales debidos al uso de drogas (drogodependencia, toxicomanía)",0,1873252,0.0
2008,all,70-74,,Accidentes de tráfico,142,1889314,7.516
2008,all,70-74,,Agresiones (homicidio),13,1889314,0.6881
2008,all,70-74,,Envenenamiento accidental por psicofármacos y drogas de abuso,8,1889314,0.4234
2008,all,70-74,,Eventos de intención no determinada,9,1889314,0.4764
2008,all,70-74,,Suicidio y lesiones autoinfligidas,231,1889314,12.2267
2008,all,70-74,I-XXII,Todas las causas,35487,1889314,1878.3008
2008,all,70-74,,"Trastornos mentales debidos al uso de drogas (drogodependencia, toxicomanía)",0,1889314,0.0
2008,all,75-79,,Accidentes de tráfico,182,1698651,10.7144
2008,all,75-79,,Agresiones (homicidio),6,1698651,0.3532
2008,all,75-79,,Envenenamiento accidental por psicofármacos y drogas de abuso,16,1698651,0.9419
2008,all,75-79,,Eventos de intención no determinada,6,1698651,0.3532
2008,all,75-79,,Suicidio y lesiones autoinfligidas,255,1698651,15.0119
2008,all,75-79,I-XXII,Todas las causas,55521,1698651,3268.5349
2008,all,75-79,,"Trastornos mentales debidos al uso de drogas (drogodependencia, toxicomanía)",0,1698651,0.0
2008,all,80-84,,Accidentes de tráfico,133,1186329,11.2111
2008,all,80-84,,Agresiones (homicidio),14,1186329,1.1801
2008,all,80-84,,Envenenamiento accidental por psicofármacos y drogas de abuso,17,1186329,1.433
2008,all,80-84,,Eventos de intención no determinada,13,1186329,1.0958
2008,all,80-84,,Suicidio y lesiones autoinfligidas,215,1186329,18.1231
2008,all,80-84,I-XXII,Todas las causas,72103,1186329,6077.825
2008,all,80-84,,"Trastornos mentales debidos al uso de drogas (drogodependencia, toxicomanía)",0,1186329,0.0
2008,all,85-89,,Accidentes de tráfico,67,639014,10.4849
2008,all,85-89,,Agresiones (homicidio),4,639014,0.626
2008,all,85-89,,Envenenamiento accidental por psicofármacos y drogas de abuso,12,639014,1.8779
2008,all,85-89,,Eventos de intención no determinada,0,639014,0.0
2008,all,85-89,,Suicidio y lesiones autoinfligidas,120,639014,18.7789
2008,all,85-89,I-XXII,Todas las causas,70717,639014,11066.5807
2008,all,85-89,,"Trastornos mentales debidos al uso de drogas (drogodependencia, toxicomanía)",0,639014,0.0
2008,all,90-94,,Accidentes de tráfico,7,228409,3.0647
2008,all,90-94,,Agresiones (homicidio),2,228409,0.8756
2008,all,90-94,,Envenenamiento accidental por psicofármacos y drogas de abuso,7,228409,3.0647
2008,all,90-94,,Eventos de intención no determinada,2,228409,0.8756
2008,all,90-94,,Suicidio y lesiones autoinfligidas,39,228409,17.0746
2008,all,90-94,I-XXII,Todas las causas,45369,228409,19863.0527
2008,all,90-94,,"Trastornos mentales debidos al uso de drogas (drogodependencia, toxicomanía)",0,228409,0.0
2008,all,95+,,Accidentes de tráfico,5,62426,8.0095
2008,all,95+,,Agresiones (homicidio),2,62426,3.2038
2008,all,95+,,Envenenamiento accidental por psicofármacos y drogas de abuso,2,62426,3.2038
2008,all,95+,,Eventos de intención no determinada,1,62426,1.6019
2008,all,95+,,Suicidio y lesiones autoinfligidas,9,62426,14.4171
2008,all,95+,I-XXII,Todas las causas,20807,62426,33330.6635
2008,all,95+,,"Trastornos mentales debidos al uso de drogas (drogodependencia, toxicomanía)",0,62426,0.0
2008,all,<1,,Accidentes de tráfico,9,503135,1.7888
2008,all,<1,,Agresiones (homicidio),2,503135,0.3975
2008,all,<1,,Envenenamiento accidental por psicofármacos y drogas de abuso,0,503135,0.0
2008,all,<1,,Eventos de intención no determinada,0,503135,0.0
2008,all,<1,,Suicidio y lesiones autoinfligidas,0,503135,0.0
2008,all,<1,I-XXII,Todas las causas,1741,503135,346.0304
2008,all,<1,,"Trastornos mentales debidos al uso de drogas (drogodependencia, toxicomanía)",0,503135,0.0
2008,all,all,,Accidentes de tráfico,3030,45983167,6.5894
2008,all,all,,Agresiones (homicidio),378,45983167,0.822
2008,all,all,,Envenenamiento accidental por psicofármacos y drogas de abuso,599,45983167,1.3027
2008,all,all,,Eventos de intención no determinada,118,45983167,0.2566
2008,all,all,,Suicidio y lesiones autoinfligidas,3457,45983167,7.518
2008,all,all,I-XXII,Todas las causas,386324,45983167,840.1422
2008,all,all,,"Trastornos mentales debidos al uso de drogas (drogodependencia, toxicomanía)",76,45983167,0.1653
2008,female,1-4,,Accidentes de tráfico,13,939552,1.3836
2008,female,1-4,,Agresiones (homicidio),0,939552,0.0
2008,female,1-4,,Envenenamiento accidental por psicofármacos y drogas de abuso,0,939552,0.0
2008,female,1-4,,Eventos de intención no determinada,0,939552,0.0
2008,female,1-4,,Suicidio y lesiones autoinfligidas,0,939552,0.0
2008,female,1-4,I-XXII,Todas las causas,163,939552,17.3487
2008,female,1-4,,"Trastornos mentales debidos al uso de drogas (drogodependencia, toxicomanía)",0,939552,0.0
2008,female,10-14,,Accidentes de tráfico,10,1020454,0.98
2008,female,10-14,,Agresiones (homicidio),1,1020454,0.098
2008,female,10-14,,Envenenamiento accidental por psicofármacos y drogas de abuso,0,1020454,0.0
2008,female,10-14,,Eventos de intención no determinada,0,1020454,0.0
2008,female,10-14,,Suicidio y lesiones autoinfligidas,2,1020454,0.196
2008,female,10-14,I-XXII,Todas las causas,104,1020454,10.1915
2008,female,10-14,,"Trastornos mentales debidos al uso de drogas (drogodependencia, toxicomanía)",0,1020454,0.0
2008,female,15-19,,Accidentes de tráfico,45,1122321,4.0095
2008,female,15-19,,Agresiones (homicidio),3,1122321,0.2673
2008,female,15-19,,Envenenamiento accidental por psicofármacos y drogas de abuso,3,1122321,0.2673
2008,female,15-19,,Eventos de intención no determinada,0,1122321,0.0
2008,female,15-19,,Suicidio y lesiones autoinfligidas,11,1122321,0.9801
2008,female,15-19,I-XXII,Todas las causas,223,1122321,19.8695
2008,female,15-19,,"Trastornos mentales debidos al uso de drogas (drogodependencia, toxicomanía)",0,1122321,0.0
2008,female,20-24,,Accidentes de tráfico,51,1362380,3.7434
2008,female,20-24,,Agresiones (homicidio),8,1362380,0.5872
2008,female,20-24,,Envenenamiento accidental por psicofármacos y drogas de abuso,0,1362380,0.0
2008,female,20-24,,Eventos de intención no determinada,0,1362380,0.0
2008,female,20-24,,Suicidio y lesiones autoinfligidas,19,1362380,1.3946
2008,female,20-24,I-XXII,Todas las causas,261,1362380,19.1577
2008,female,20-24,,"Trastornos mentales debidos al uso de drogas (drogodependencia, toxicomanía)",0,1362380,0.0
2008,female,25-29,,Accidentes de tráfico,37,1760849,2.1013
2008,female,25-29,,Agresiones (homicidio),13,1760849,0.7383
2008,female,25-29,,Envenenamiento accidental por psicofármacos y drogas de abuso,14,1760849,0.7951
2008,female,25-29,,Eventos de intención no determinada,4,1760849,0.2272
2008,female,25-29,,Suicidio y lesiones autoinfligidas,42,1760849,2.3852
2008,female,25-29,I-XXII,Todas las causas,379,1760849,21.5237
2008,female,25-29,,"Trastornos mentales debidos al uso de drogas (drogodependencia, toxicomanía)",0,1760849,0.0
2008,female,30-34,,Accidentes de tráfico,32,1982954,1.6138
2008,female,30-34,,Agresiones (homicidio),10,1982954,0.5043
2008,female,30-34,,Envenenamiento accidental por psicofármacos y drogas de abuso,13,1982954,0.6556
2008,female,30-34,,Eventos de intención no determinada,1,1982954,0.0504
2008,female,30-34,,Suicidio y lesiones autoinfligidas,45,1982954,2.2693
2008,female,30-34,I-XXII,Todas las causas,601,1982954,30.3083
2008,female,30-34,,"Trastornos mentales debidos al uso de drogas (drogodependencia, toxicomanía)",3,1982954,0.1513
2008,female,35-39,,Accidentes de tráfico,41,1885964,2.174
2008,female,35-39,,Agresiones (homicidio),13,1885964,0.6893
2008,female,35-39,,Envenenamiento accidental por psicofármacos y drogas de abuso,16,1885964,0.8484
2008,female,35-39,,Eventos de intención no determinada,3,1885964,0.1591
2008,female,35-39,,Suicidio y lesiones autoinfligidas,63,1885964,3.3405
2008,female,35-39,I-XXII,Todas las causas,1029,1885964,54.561
2008,female,35-39,,"Trastornos mentales debidos al uso de drogas (drogodependencia, toxicomanía)",1,1885964,0.053
2008,female,40-44,,Accidentes de tráfico,43,1823308,2.3584
2008,female,40-44,,Agresiones (homicidio),13,1823308,0.713
2008,female,40-44,,Envenenamiento accidental por psicofármacos y drogas de abuso,15,1823308,0.8227
2008,female,40-44,,Eventos de intención no determinada,5,1823308,0.2742
2008,female,40-44,,Suicidio y lesiones autoinfligidas,79,1823308,4.3328
2008,female,40-44,I-XXII,Todas las causas,1673,1823308,91.7563
2008,female,40-44,,"Trastornos mentales debidos al uso de drogas (drogodependencia, toxicomanía)",0,1823308,0.0
2008,female,45-49,,Accidentes de tráfico,31,1666262,1.8605
2008,female,45-49,,Agresiones (homicidio),12,1666262,0.7202
2008,female,45-49,,Envenenamiento accidental por psicofármacos y drogas de abuso,10,1666262,0.6001
2008,female,45-49,,Eventos de intención no determinada,0,1666262,0.0
2008,female,45-49,,Suicidio y lesiones autoinfligidas,60,1666262,3.6009
2008,female,45-49,I-XXII,Todas las causas,2431,1666262,145.8954
2008,female,45-49,,"Trastornos mentales debidos al uso de drogas (drogodependencia, toxicomanía)",1,1666262,0.06
2008,female,5-9,,Accidentes de tráfico,7,1079479,0.6485
2008,female,5-9,,Agresiones (homicidio),2,1079479,0.1853
2008,female,5-9,,Envenenamiento accidental por psicofármacos y drogas de abuso,0,1079479,0.0
2008,female,5-9,,Eventos de intención no determinada,0,1079479,0.0
2008,female,5-9,,Suicidio y lesiones autoinfligidas,0,1079479,0.0
2008,female,5-9,I-XXII,Todas las causas,92,1079479,8.5226
2008,female,5-9,,"Trastornos mentales debidos al uso de drogas (drogodependencia, toxicomanía)",0,1079479,0.0
2008,female,50-54,,Accidentes de tráfico,38,1451569,2.6179
2008,female,50-54,,Agresiones (homicidio),9,1451569,0.62
2008,female,50-54,,Envenenamiento accidental por psicofármacos y drogas de abuso,9,1451569,0.62
2008,female,50-54,,Eventos de intención no determinada,1,1451569,0.0689
2008,female,50-54,,Suicidio y lesiones autoinfligidas,59,1451569,4.0646
2008,female,50-54,I-XXII,Todas las causas,3129,1451569,215.5599
2008,female,50-54,,"Trastornos mentales debidos al uso de drogas (drogodependencia, toxicomanía)",0,1451569,0.0
2008,female,55-59,,Accidentes de tráfico,44,1297218,3.3919
2008,female,55-59,,Agresiones (homicidio),6,1297218,0.4625
2008,female,55-59,,Envenenamiento accidental por psicofármacos y drogas de abuso,5,1297218,0.3854
2008,female,55-59,,Eventos de intención no determinada,2,1297218,0.1542
2008,female,55-59,,Suicidio y lesiones autoinfligidas,67,1297218,5.1649
2008,female,55-59,I-XXII,Todas las causas,3896,1297218,300.335
2008,female,55-59,,"Trastornos mentales debidos al uso de drogas (drogodependencia, toxicomanía)",0,1297218,0.0
2008,female,60-64,,Accidentes de tráfico,39,1227362,3.1775
2008,female,60-64,,Agresiones (homicidio),4,1227362,0.3259
2008,female,60-64,,Envenenamiento accidental por psicofármacos y drogas de abuso,1,1227362,0.0815
2008,female,60-64,,Eventos de intención no determinada,3,1227362,0.2444
2008,female,60-64,,Suicidio y lesiones autoinfligidas,62,1227362,5.0515
2008,female,60-64,I-XXII,Todas las causas,5106,1227362,416.0142
2008,female,60-64,,"Trastornos mentales debidos al uso de drogas (drogodependencia, toxicomanía)",0,1227362,0.0
2008,female,65-69,,Accidentes de tráfico,38,985664,3.8553
2008,female,65-69,,Agresiones (homicidio),3,985664,0.3044
2008,female,65-69,,Envenenamiento accidental por psicofármacos y drogas de abuso,2,985664,0.2029
2008,female,65-69,,Eventos de intención no determinada,3,985664,0.3044
2008,female,65-69,,Suicidio y lesiones autoinfligidas,59,985664,5.9858
2008,female,65-69,I-XXII,Todas las causas,6451,985664,654.4827
2008,female,65-69,,"Trastornos mentales debidos al uso de drogas (drogodependencia, toxicomanía)",0,985664,0.0
2008,female,70-74,,Accidentes de tráfico,39,1033805,3.7725
2008,female,70-74,,Agresiones (homicidio),4,1033805,0.3869
2008,female,70-74,,Envenenamiento accidental por psicofármacos y drogas de abuso,4,1033805,0.3869
2008,female,70-74,,Eventos de intención no determinada,3,1033805,0.2902
2008,female,70-74,,Suicidio y lesiones autoinfligidas,59,1033805,5.7071
2008,female,70-74,I-XXII,Todas las causas,12563,1033805,1215.2195
2008,female,70-74,,"Trastornos mentales debidos al uso de drogas (drogodependencia, toxicomanía)",0,1033805,0.0
2008,female,75-79,,Accidentes de tráfico,72,973503,7.396
2008,female,75-79,,Agresiones (homicidio),2,973503,0.2054
2008,female,75-79,,Envenenamiento accidental por psicofármacos y drogas de abuso,6,973503,0.6163
2008,female,75-79,,Eventos de intención no determinada,3,973503,0.3082
2008,female,75-79,,Suicidio y lesiones autoinfligidas,64,973503,6.5742
2008,female,75-79,I-XXII,Todas las causas,22880,973503,2350.2752
2008,female,75-79,,"Trastornos mentales debidos al uso de drogas (drogodependencia, toxicomanía)",0,973503,0.0
2008,female,80-84,,Accidentes de tráfico,40,729355,5.4843
2008,female,80-84,,Agresiones (homicidio),6,729355,0.8226
2008,female,80-84,,Envenenamiento accidental por psicofármacos y drogas de abuso,11,729355,1.5082
2008,female,80-84,,Eventos de intención no determinada,5,729355,0.6855
2008,female,80-84,,Suicidio y lesiones autoinfligidas,45,729355,6.1698
2008,female,80-84,I-XXII,Todas las causas,35893,729355,4921.1975
2008,female,80-84,,"Trastornos mentales debidos al uso de drogas (drogodependencia, toxicomanía)",0,729355,0.0
2008,female,85-89,,Accidentes de tráfico,25,426592,5.8604
2008,female,85-89,,Agresiones (homicidio),4,426592,0.9377
2008,female,85-89,,Envenenamiento accidental por psicofármacos y drogas de abuso,8,426592,1.8753
2008,female,85-89,,Eventos de intención no determinada,0,426592,0.0
2008,female,85-89,,Suicidio y lesiones autoinfligidas,36,426592,8.439
2008,female,85-89,I-XXII,Todas las causas,42255,426592,9905.249
2008,female,85-89,,"Trastornos mentales debidos al uso de drogas (drogodependencia, toxicomanía)",0,426592,0.0
2008,female,90-94,,Accidentes de tráfico,6,166502,3.6036
2008,female,90-94,,Agresiones (homicidio),2,166502,1.2012
2008,female,90-94,,Envenenamiento accidental por psicofármacos y drogas de abuso,3,166502,1.8018
2008,female,90-94,,Eventos de intención no determinada,0,166502,0.0
2008,female,90-94,,Suicidio y lesiones autoinfligidas,8,166502,4.8047
2008,female,90-94,I-XXII,Todas las causas,31169,166502,18719.8953
2008,female,90-94,,"Trastornos mentales debidos al uso de drogas (drogodependencia, toxicomanía)",0,166502,0.0
2008,female,95+,,Accidentes de tráfico,4,47897,8.3513
2008,female,95+,,Agresiones (homicidio),2,47897,4.1756
2008,female,95+,,Envenenamiento accidental por psicofármacos y drogas de abuso,1,47897,2.0878
2008,female,95+,,Eventos de intención no determinada,1,47897,2.0878
2008,female,95+,,Suicidio y lesiones autoinfligidas,1,47897,2.0878
2008,female,95+,I-XXII,Todas las causas,15627,47897,32626.2605
2008,female,95+,,"Trastornos mentales debidos al uso de drogas (drogodependencia, toxicomanía)",0,47897,0.0
2008,female,<1,,Accidentes de tráfico,4,243316,1.644
2008,female,<1,,Agresiones (homicidio),1,243316,0.411
2008,female,<1,,Envenenamiento accidental por psicofármacos y drogas de abuso,0,243316,0.0
2008,female,<1,,Eventos de intención no determinada,0,243316,0.0
2008,female,<1,,Suicidio y lesiones autoinfligidas,0,243316,0.0
2008,female,<1,I-XXII,Todas las causas,752,243316,309.0631
2008,female,<1,,"Trastornos mentales debidos al uso de drogas (drogodependencia, toxicomanía)",0,243316,0.0
2008,female,all,,Accidentes de tráfico,659,23226306,2.8373
2008,female,all,,Agresiones (homicidio),118,23226306,0.508
2008,female,all,,Envenenamiento accidental por psicofármacos y drogas de abuso,121,23226306,0.521
2008,female,all,,Eventos de intención no determinada,34,23226306,0.1464
2008,female,all,,Suicidio y lesiones autoinfligidas,781,23226306,3.3626
2008,female,all,I-XXII,Todas las causas,186677,23226306,803.7309
2008,female,all,,"Trastornos mentales debidos al uso de drogas (drogodependencia, toxicomanía)",5,23226306,0.0215
2008,male,1-4,,Accidentes de tráfico,9,996196,0.9034
2008,male,1-4,,Agresiones (homicidio),2,996196,0.2008
2008,male,1-4,,Envenenamiento accidental por psicofármacos y drogas de abuso,0,996196,0.0
2008,male,1-4,,Eventos de intención no determinada,0,996196,0.0
2008,male,1-4,,Suicidio y lesiones autoinfligidas,0,996196,0.0
2008,male,1-4,I-XXII,Todas las causas,182,996196,18.2695
2008,male,1-4,,"Trastornos mentales debidos al uso de drogas (drogodependencia, toxicomanía)",0,996196,0.0
2008,male,10-14,,Accidentes de tráfico,16,1078630,1.4834
2008,male,10-14,,Agresiones (homicidio),1,1078630,0.0927
2008,male,10-14,,Envenenamiento accidental por psicofármacos y drogas de abuso,0,1078630,0.0
2008,male,10-14,,Eventos de intención no determinada,0,1078630,0.0
2008,male,10-14,,Suicidio y lesiones autoinfligidas,2,1078630,0.1854
2008,male,10-14,I-XXII,Todas las causas,144,1078630,13.3503
2008,male,10-14,,"Trastornos mentales debidos al uso de drogas (drogodependencia, toxicomanía)",0,1078630,0.0
2008,male,15-19,,Accidentes de tráfico,187,1191982,15.6882
2008,male,15-19,,Agresiones (homicidio),11,1191982,0.9228
2008,male,15-19,,Envenenamiento accidental por psicofármacos y drogas de abuso,6,1191982,0.5034
2008,male,15-19,,Eventos de intención no determinada,1,1191982,0.0839
2008,male,15-19,,Suicidio y lesiones autoinfligidas,30,1191982,2.5168
2008,male,15-19,I-XXII,Todas las causas,528,1191982,44.296
2008,male,15-19,,"Trastornos mentales debidos al uso de drogas (drogodependencia, toxicomanía)",0,1191982,0.0
2008,male,20-24,,Accidentes de tráfico,244,1426684,17.1026
2008,male,20-24,,Agresiones (homicidio),24,1426684,1.6822
2008,male,20-24,,Envenenamiento accidental por psicofármacos y drogas de abuso,29,1426684,2.0327
2008,male,20-24,,Eventos de intención no determinada,8,1426684,0.5607
2008,male,20-24,,Suicidio y lesiones autoinfligidas,108,1426684,7.57
2008,male,20-24,I-XXII,Todas las causas,829,1426684,58.1068
2008,male,20-24,,"Trastornos mentales debidos al uso de drogas (drogodependencia, toxicomanía)",6,1426684,0.4206
2008,male,25-29,,Accidentes de tráfico,263,1873175,14.0403
2008,male,25-29,,Agresiones (homicidio),32,1873175,1.7083
2008,male,25-29,,Envenenamiento accidental por psicofármacos y drogas de abuso,49,1873175,2.6159
2008,male,25-29,,Eventos de intención no determinada,5,1873175,0.2669
2008,male,25-29,,Suicidio y lesiones autoinfligidas,170,1873175,9.0755
2008,male,25-29,I-XXII,Todas las causas,1164,1873175,62.1405
2008,male,25-29,,"Trastornos mentales debidos al uso de drogas (drogodependencia, toxicomanía)",2,1873175,0.1068
2008,male,30-34,,Accidentes de tráfico,242,2144990,11.2821
2008,male,30-34,,Agresiones (homicidio),32,2144990,1.4918
2008,male,30-34,,Envenenamiento accidental por psicofármacos y drogas de abuso,60,2144990,2.7972
2008,male,30-34,,Eventos de intención no determinada,9,2144990,0.4196
2008,male,30-34,,Suicidio y lesiones autoinfligidas,209,2144990,9.7436
2008,male,30-34,I-XXII,Todas las causas,1540,2144990,71.7952
2008,male,30-34,,"Trastornos mentales debidos al uso de drogas (drogodependencia, toxicomanía)",13,2144990,0.6061
2008,male,35-39,,Accidentes de tráfico,202,2017862,10.0106
2008,male,35-39,,Agresiones (homicidio),30,2017862,1.4867
2008,male,35-39,,Envenenamiento accidental por psicofármacos y drogas de abuso,91,2017862,4.5097
2008,male,35-39,,Eventos de intención no determinada,11,2017862,0.5451
2008,male,35-39,,Suicidio y lesiones autoinfligidas,246,2017862,12.1911
2008,male,35-39,I-XXII,Todas las causas,2230,2017862,110.513
2008,male,35-39,,"Trastornos mentales debidos al uso de drogas (drogodependencia, toxicomanía)",17,2017862,0.8425
2008,male,40-44,,Accidentes de tráfico,217,1891564,11.472
2008,male,40-44,,Agresiones (homicidio),30,1891564,1.586
2008,male,40-44,,Envenenamiento accidental por psicofármacos y drogas de abuso,100,1891564,5.2866
2008,male,40-44,,Eventos de intención no determinada,8,1891564,0.4229
2008,male,40-44,,Suicidio y lesiones autoinfligidas,262,1891564,13.851
2008,male,40-44,I-XXII,Todas las causas,3532,1891564,186.7238
2008,male,40-44,,"Trastornos mentales debidos al uso de drogas (drogodependencia, toxicomanía)",21,1891564,1.1102
2008,male,45-49,,Accidentes de tráfico,188,1683966,11.1641
2008,male,45-49,,Agresiones (homicidio),24,1683966,1.4252
2008,male,45-49,,Envenenamiento accidental por psicofármacos y drogas de abuso,60,1683966,3.563
2008,male,45-49,,Eventos de intención no determinada,6,1683966,0.3563
2008,male,45-49,,Suicidio y lesiones autoinfligidas,239,1683966,14.1927
2008,male,45-49,I-XXII,Todas las causas,5272,1683966,313.0705
2008,male,45-49,,"Trastornos mentales debidos al uso de drogas (drogodependencia, toxicomanía)",8,1683966,0.4751
2008,male,5-9,,Accidentes de tráfico,12,1140369,1.0523
2008,male,5-9,,Agresiones (homicidio),1,1140369,0.0877
2008,male,5-9,,Envenenamiento accidental por psicofármacos y drogas de abuso,0,1140369,0.0
2008,male,5-9,,Eventos de intención no determinada,0,1140369,0.0
2008,male,5-9,,Suicidio y lesiones autoinfligidas,0,1140369,0.0
2008,male,5-9,I-XXII,Todas las causas,160,1140369,14.0305
2008,male,5-9,,"Trastornos mentales debidos al uso de drogas (drogodependencia, toxicomanía)",0,1140369,0.0
2008,male,50-54,,Accidentes de tráfico,122,1434047,8.5074
2008,male,50-54,,Agresiones (homicidio),20,1434047,1.3947
2008,male,50-54,,Envenenamiento accidental por psicofármacos y drogas de abuso,32,1434047,2.2314
2008,male,50-54,,Eventos de intención no determinada,4,1434047,0.2789
2008,male,50-54,,Suicidio y lesiones autoinfligidas,225,1434047,15.6899
2008,male,50-54,I-XXII,Todas las causas,7039,1434047,490.8486
2008,male,50-54,,"Trastornos mentales debidos al uso de drogas (drogodependencia, toxicomanía)",4,1434047,0.2789
2008,male,55-59,,Accidentes de tráfico,110,1255990,8.758
2008,male,55-59,,Agresiones (homicidio),16,1255990,1.2739
2008,male,55-59,,Envenenamiento accidental por psicofármacos y drogas de abuso,13,1255990,1.035
2008,male,55-59,,Eventos de intención no determinada,4,1255990,0.3185
2008,male,55-59,,Suicidio y lesiones autoinfligidas,199,1255990,15.8441
2008,male,55-59,I-XXII,Todas las causas,9130,1255990,726.9166
2008,male,55-59,,"Trastornos mentales debidos al uso de drogas (drogodependencia, toxicomanía)",0,1255990,0.0
2008,male,60-64,,Accidentes de tráfico,106,1147514,9.2374
2008,male,60-64,,Agresiones (homicidio),7,1147514,0.61
2008,male,60-64,,Envenenamiento accidental por psicofármacos y drogas de abuso,5,1147514,0.4357
2008,male,60-64,,Eventos de intención no determinada,2,1147514,0.1743
2008,male,60-64,,Suicidio y lesiones autoinfligidas,163,1147514,14.2046
2008,male,60-64,I-XXII,Todas las causas,12760,1147514,1111.969
2008,male,60-64,,"Trastornos mentales debidos al uso de drogas (drogodependencia, toxicomanía)",0,1147514,0.0
2008,male,65-69,,Accidentes de tráfico,98,887588,11.0412
2008,male,65-69,,Agresiones (homicidio),8,887588,0.9013
2008,male,65-69,,Envenenamiento accidental por psicofármacos y drogas de abuso,4,887588,0.4507
2008,male,65-69,,Eventos de intención no determinada,7,887588,0.7887
2008,male,65-69,,Suicidio y lesiones autoinfligidas,167,887588,18.815
2008,male,65-69,I-XXII,Todas las causas,14531,887588,1637.1334
2008,male,65-69,,"Trastornos mentales debidos al uso de drogas (drogodependencia, toxicomanía)",0,887588,0.0
2008,male,70-74,,Accidentes de tráfico,103,855508,12.0396
2008,male,70-74,,Agresiones (homicidio),9,855508,1.052
2008,male,70-74,,Envenenamiento accidental por psicofármacos y drogas de abuso,4,855508,0.4676
2008,male,70-74,,Eventos de intención no determinada,6,855508,0.7013
2008,male,70-74,,Suicidio y lesiones autoinfligidas,172,855508,20.105
2008,male,70-74,I-XXII,Todas las causas,22924,855508,2679.5775
2008,male,70-74,,"Trastornos mentales debidos al uso de drogas (drogodependencia, toxicomanía)",0,855508,0.0
2008,male,75-79,,Accidentes de tráfico,110,725147,15.1693
2008,male,75-79,,Agresiones (homicidio),4,725147,0.5516
2008,male,75-79,,Envenenamiento accidental por psicofármacos y drogas de abuso,10,725147,1.379
2008,male,75-79,,Eventos de intención no determinada,3,725147,0.4137
2008,male,75-79,,Suicidio y lesiones autoinfligidas,191,725147,26.3395
2008,male,75-79,I-XXII,Todas las causas,32641,725147,4501.2942
2008,male,75-79,,"Trastornos mentales debidos al uso de drogas (drogodependencia, toxicomanía)",0,725147,0.0
2008,male,80-84,,Accidentes de tráfico,93,456972,20.3514
2008,male,80-84,,Agresiones (homicidio),8,456972,1.7507
2008,male,80-84,,Envenenamiento accidental por psicofármacos y drogas de abuso,6,456972,1.313
2008,male,80-84,,Eventos de intención no determinada,8,456972,1.7507
2008,male,80-84,,Suicidio y lesiones autoinfligidas,170,456972,37.2014
2008,male,80-84,I-XXII,Todas las causas,36210,456972,7923.8991
2008,male,80-84,,"Trastornos mentales debidos al uso de drogas (drogodependencia, toxicomanía)",0,456972,0.0
2008,male,85-89,,Accidentes de tráfico,42,212421,19.7721
2008,male,85-89,,Agresiones (homicidio),0,212421,0.0
2008,male,85-89,,Envenenamiento accidental por psicofármacos y drogas de abuso,4,212421,1.8831
2008,male,85-89,,Eventos de intención no determinada,0,212421,0.0
2008,male,85-89,,Suicidio y lesiones autoinfligidas,84,212421,39.5441
2008,male,85-89,I-XXII,Todas las causas,28462,212421,13398.8636
2008,male,85-89,,"Trastornos mentales debidos al uso de drogas (drogodependencia, toxicomanía)",0,212421,0.0
2008,male,90-94,,Accidentes de tráfico,1,61908,1.6153
2008,male,90-94,,Agresiones (homicidio),0,61908,0.0
2008,male,90-94,,Envenenamiento accidental por psicofármacos y drogas de abuso,4,61908,6.4612
2008,male,90-94,,Eventos de intención no determinada,2,61908,3.2306
2008,male,90-94,,Suicidio y lesiones autoinfligidas,31,61908,50.0743
2008,male,90-94,I-XXII,Todas las causas,14200,61908,22937.2617
2008,male,90-94,,"Trastornos mentales debidos al uso de drogas (drogodependencia, toxicomanía)",0,61908,0.0
2008,male,95+,,Accidentes de tráfico,1,14529,6.8828
2008,male,95+,,Agresiones (homicidio),0,14529,0.0
2008,male,95+,,Envenenamiento accidental por psicofármacos y drogas de abuso,1,14529,6.8828
2008,male,95+,,Eventos de intención no determinada,0,14529,0.0
2008,male,95+,,Suicidio y lesiones autoinfligidas,8,14529,55.0623
2008,male,95+,I-XXII,Todas las causas,5180,14529,35652.8323
2008,male,95+,,"Trastornos mentales debidos al uso de drogas (drogodependencia, toxicomanía)",0,14529,0.0
2008,male,<1,,Accidentes de tráfico,5,259819,1.9244
2008,male,<1,,Agresiones (homicidio),1,259819,0.3849
2008,male,<1,,Envenenamiento accidental por psicofármacos y drogas de abuso,0,259819,0.0
2008,male,<1,,Eventos de intención no determinada,0,259819,0.0
2008,male,<1,,Suicidio y lesiones autoinfligidas,0,259819,0.0
2008,male,<1,I-XXII,Todas las causas,989,259819,380.6496
2008,male,<1,,"Trastornos mentales debidos al uso de drogas (drogodependencia, toxicomanía)",0,259819,0.0
2008,male,all,,Accidentes de tráfico,2371,22756861,10.4188
2008,male,all,,Agresiones (homicidio),260,22756861,1.1425
2008,male,all,,Envenenamiento accidental por psicofármacos y drogas de abuso,478,22756861,2.1005
2008,male,all,,Eventos de intención no determinada,84,22756861,0.3691
2008,male,all,,Suicidio y lesiones autoinfligidas,2676,22756861,11.7591
2008,male,all,I-XXII,Todas las causas,199647,22756861,877.3047
2008,male,all,,"Trastornos mentales debidos al uso de drogas (drogodependencia, toxicomanía)",71,22756861,0.312
2009,all,1-4,,Accidentes de tráfico,22,1980242,1.111
2009,all,1-4,,Agresiones (homicidio),2,1980242,0.101
2009,all,1-4,,Envenenamiento accidental por psicofármacos y drogas de abuso,0,1980242,0.0
2009,all,1-4,,Eventos de intención no determinada,0,1980242,0.0
2009,all,1-4,,Suicidio y lesiones autoinfligidas,0,1980242,0.0
2009,all,1-4,I-XXII,Todas las causas,396,1980242,19.9976
2009,all,1-4,,"Trastornos mentales debidos al uso de drogas (drogodependencia, toxicomanía)",0,1980242,0.0
2009,all,10-14,,Accidentes de tráfico,16,2118188,0.7554
2009,all,10-14,,Agresiones (homicidio),1,2118188,0.0472
2009,all,10-14,,Envenenamiento accidental por psicofármacos y drogas de abuso,0,2118188,0.0
2009,all,10-14,,Eventos de intención no determinada,0,2118188,0.0
2009,all,10-14,,Suicidio y lesiones autoinfligidas,8,2118188,0.3777
2009,all,10-14,I-XXII,Todas las causas,228,2118188,10.7639
2009,all,10-14,,"Trastornos mentales debidos al uso de drogas (drogodependencia, toxicomanía)",0,2118188,0.0
2009,all,15-19,,Accidentes de tráfico,178,2285110,7.7896
2009,all,15-19,,Agresiones (homicidio),13,2285110,0.5689
2009,all,15-19,,Envenenamiento accidental por psicofármacos y drogas de abuso,4,2285110,0.175
2009,all,15-19,,Eventos de intención no determinada,0,2285110,0.0
2009,all,15-19,,Suicidio y lesiones autoinfligidas,47,2285110,2.0568
2009,all,15-19,I-XXII,Todas las causas,616,2285110,26.9571
2009,all,15-19,,"Trastornos mentales debidos al uso de drogas (drogodependencia, toxicomanía)",0,2285110,0.0
2009,all,20-24,,Accidentes de tráfico,215,2703764,7.9519
2009,all,20-24,,Agresiones (homicidio),24,2703764,0.8877
2009,all,20-24,,Envenenamiento accidental por psicofármacos y drogas de abuso,29,2703764,1.0726
2009,all,20-24,,Eventos de intención no determinada,1,2703764,0.037
2009,all,20-24,,Suicidio y lesiones autoinfligidas,124,2703764,4.5862
2009,all,20-24,I-XXII,Todas las causas,921,2703764,34.0636
2009,all,20-24,,"Trastornos mentales debidos al uso de drogas (drogodependencia, toxicomanía)",2,2703764,0.074
2009,all,25-29,,Accidentes de tráfico,239,3486983,6.8541
2009,all,25-29,,Agresiones (homicidio),29,3486983,0.8317
2009,all,25-29,,Envenenamiento accidental por psicofármacos y drogas de abuso,42,3486983,1.2045
2009,all,25-29,,Eventos de intención no determinada,4,3486983,0.1147
2009,all,25-29,,Suicidio y lesiones autoinfligidas,199,3486983,5.7069
2009,all,25-29,I-XXII,Todas las causas,1426,3486983,40.895
2009,all,25-29,,"Trastornos mentales debidos al uso de drogas (drogodependencia, toxicomanía)",6,3486983,0.1721
2009,all,30-34,,Accidentes de tráfico,248,4126959,6.0093
2009,all,30-34,,Agresiones (homicidio),50,4126959,1.2115
2009,all,30-34,,Envenenamiento accidental por psicofármacos y drogas de abuso,80,4126959,1.9385
2009,all,30-34,,Eventos de intención no determinada,7,4126959,0.1696
2009,all,30-34,,Suicidio y lesiones autoinfligidas,225,4126959,5.452
2009,all,30-34,I-XXII,Todas las causas,2013,4126959,48.7768
2009,all,30-34,,"Trastornos mentales debidos al uso de drogas (drogodependencia, toxicomanía)",7,4126959,0.1696
2009,all,35-39,,Accidentes de tráfico,205,3970032,5.1637
2009,all,35-39,,Agresiones (homicidio),34,3970032,0.8564
2009,all,35-39,,Envenenamiento accidental por psicofármacos y drogas de abuso,92,3970032,2.3174
2009,all,35-39,,Eventos de intención no determinada,5,3970032,0.1259
2009,all,35-39,,Suicidio y lesiones autoinfligidas,294,3970032,7.4055
2009,all,35-39,I-XXII,Todas las causas,2966,3970032,74.7097
2009,all,35-39,,"Trastornos mentales debidos al uso de drogas (drogodependencia, toxicomanía)",7,3970032,0.1763
2009,all,40-44,,Accidentes de tráfico,213,3761129,5.6632
2009,all,40-44,,Agresiones (homicidio),42,3761129,1.1167
2009,all,40-44,,Envenenamiento accidental por psicofármacos y drogas de abuso,94,3761129,2.4992
2009,all,40-44,,Eventos de intención no determinada,10,3761129,0.2659
2009,all,40-44,,Suicidio y lesiones autoinfligidas,320,3761129,8.5081
2009,all,40-44,I-XXII,Todas las causas,4830,3761129,128.4189
2009,all,40-44,,"Trastornos mentales debidos al uso de drogas (drogodependencia, toxicomanía)",17,3761129,0.452
2009,all,45-49,,Accidentes de tráfico,191,3435248,5.56
2009,all,45-49,,Agresiones (homicidio),32,3435248,0.9315
2009,all,45-49,,Envenenamiento accidental por psicofármacos y drogas de abuso,69,3435248,2.0086
2009,all,45-49,,Eventos de intención no determinada,10,3435248,0.2911
2009,all,45-49,,Suicidio y lesiones autoinfligidas,340,3435248,9.8974
2009,all,45-49,I-XXII,Todas las causas,7467,3435248,217.3642
2009,all,45-49,,"Trastornos mentales debidos al uso de drogas (drogodependencia, toxicomanía)",8,3435248,0.2329
2009,all,5-9,,Accidentes de tráfico,19,2281640,0.8327
2009,all,5-9,,Agresiones (homicidio),0,2281640,0.0
2009,all,5-9,,Envenenamiento accidental por psicofármacos y drogas de abuso,0,2281640,0.0
2009,all,5-9,,Eventos de intención no determinada,0,2281640,0.0
2009,all,5-9,,Suicidio y lesiones autoinfligidas,0,2281640,0.0
2009,all,5-9,I-XXII,Todas las causas,206,2281640,9.0286
2009,all,5-9,,"Trastornos mentales debidos al uso de drogas (drogodependencia, toxicomanía)",0,2281640,0.0
2009,all,50-54,,Accidentes de tráfico,158,2993841,5.2775
2009,all,50-54,,Agresiones (homicidio),24,2993841,0.8016
2009,all,50-54,,Envenenamiento accidental por psicofármacos y drogas de abuso,23,2993841,0.7682
2009,all,50-54,,Eventos de intención no determinada,7,2993841,0.2338
2009,all,50-54,,Suicidio y lesiones autoinfligidas,265,2993841,8.8515
2009,all,50-54,I-XXII,Todas las causas,10114,2993841,337.8269
2009,all,50-54,,"Trastornos mentales debidos al uso de drogas (drogodependencia, toxicomanía)",3,2993841,0.1002
2009,all,55-59,,Accidentes de tráfico,132,2566693,5.1428
2009,all,55-59,,Agresiones (homicidio),21,2566693,0.8182
2009,all,55-59,,Envenenamiento accidental por psicofármacos y drogas de abuso,16,2566693,0.6234
2009,all,55-59,,Eventos de intención no determinada,4,2566693,0.1558
2009,all,55-59,,Suicidio y lesiones autoinfligidas,253,2566693,9.857
2009,all,55-59,I-XXII,Todas las causas,12887,2566693,502.0858
2009,all,55-59,,"Trastornos mentales debidos al uso de drogas (drogodependencia, toxicomanía)",0,2566693,0.0
2009,all,60-64,,Accidentes de tráfico,141,2427143,5.8093
2009,all,60-64,,Agresiones (homicidio),13,2427143,0.5356
2009,all,60-64,,Envenenamiento accidental por psicofármacos y drogas de abuso,9,2427143,0.3708
2009,all,60-64,,Eventos de intención no determinada,7,2427143,0.2884
2009,all,60-64,,Suicidio y lesiones autoinfligidas,253,2427143,10.4238
2009,all,60-64,I-XXII,Todas las causas,17743,2427143,731.0241
2009,all,60-64,,"Trastornos mentales debidos al uso de drogas (drogodependencia, toxicomanía)",0,2427143,0.0
2009,all,65-69,,Accidentes de tráfico,131,2000078,6.5497
2009,all,65-69,,Agresiones (homicidio),22,2000078,1.1
2009,all,65-69,,Envenenamiento accidental por psicofármacos y drogas de abuso,9,2000078,0.45
2009,all,65-69,,Eventos de intención no determinada,6,2000078,0.3
2009,all,65-69,,Suicidio y lesiones autoinfligidas,209,2000078,10.4496
2009,all,65-69,I-XXII,Todas las causas,22262,2000078,1113.0566
2009,all,65-69,,"Trastornos mentales debidos al uso de drogas (drogodependencia, toxicomanía)",0,2000078,0.0
2009,all,70-74,,Accidentes de tráfico,124,1792724,6.9168
2009,all,70-74,,Agresiones (homicidio),7,1792724,0.3905
2009,all,70-74,,Envenenamiento accidental por psicofármacos y drogas de abuso,7,1792724,0.3905
2009,all,70-74,,Eventos de intención no determinada,5,1792724,0.2789
2009,all,70-74,,Suicidio y lesiones autoinfligidas,226,1792724,12.6065
2009,all,70-74,I-XXII,Todas las causas,32883,1792724,1834.2478
2009,all,70-74,,"Trastornos mentales debidos al uso de drogas (drogodependencia, toxicomanía)",0,1792724,0.0
2009,all,75-79,,Accidentes de tráfico,150,1725815,8.6915
2009,all,75-79,,Agresiones (homicidio),10,1725815,0.5794
2009,all,75-79,,Envenenamiento accidental por psicofármacos y drogas de abuso,9,1725815,0.5215
2009,all,75-79,,Eventos de intención no determinada,12,1725815,0.6953
2009,all,75-79,,Suicidio y lesiones autoinfligidas,281,1725815,16.2822
2009,all,75-79,I-XXII,Todas las causas,54576,1725815,3162.332
2009,all,75-79,,"Trastornos mentales debidos al uso de drogas (drogodependencia, toxicomanía)",0,1725815,0.0
2009,all,80-84,,Accidentes de tráfico,104,1223520,8.5001
2009,all,80-84,,Agresiones (homicidio),6,1223520,0.4904
2009,all,80-84,,Envenenamiento accidental por psicofármacos y drogas de abuso,13,1223520,1.0625
2009,all,80-84,,Eventos de intención no determinada,6,1223520,0.4904
2009,all,80-84,,Suicidio y lesiones autoinfligidas,201,1223520,16.428
2009,all,80-84,I-XXII,Todas las causas,71705,1223520,5860.5499
2009,all,80-84,,"Trastornos mentales debidos al uso de drogas (drogodependencia, toxicomanía)",0,1223520,0.0
2009,all,85-89,,Accidentes de tráfico,64,681343,9.3932
2009,all,85-89,,Agresiones (homicidio),5,681343,0.7338
2009,all,85-89,,Envenenamiento accidental por psicofármacos y drogas de abuso,22,681343,3.2289
2009,all,85-89,,Eventos de intención no determinada,5,681343,0.7338
2009,all,85-89,,Suicidio y lesiones autoinfligidas,138,681343,20.2541
2009,all,85-89,I-XXII,Todas las causas,73552,681343,10795.1502
2009,all,85-89,,"Trastornos mentales debidos al uso de drogas (drogodependencia, toxicomanía)",0,681343,0.0
2009,all,90-94,,Accidentes de tráfico,22,236517,9.3017
2009,all,90-94,,Agresiones (homicidio),1,236517,0.4228
2009,all,90-94,,Envenenamiento accidental por psicofármacos y drogas de abuso,4,236517,1.6912
2009,all,90-94,,Eventos de intención no determinada,1,236517,0.4228
2009,all,90-94,,Suicidio y lesiones autoinfligidas,40,236517,16.9121
2009,all,90-94,I-XXII,Todas las causas,45201,236517,19111.0998
2009,all,90-94,,"Trastornos mentales debidos al uso de drogas (drogodependencia, toxicomanía)",0,236517,0.0
2009,all,95+,,Accidentes de tráfico,5,67117,7.4497
2009,all,95+,,Agresiones (homicidio),0,67117,0.0
2009,all,95+,,Envenenamiento accidental por psicofármacos y drogas de abuso,0,67117,0.0
2009,all,95+,,Eventos de intención no determinada,1,67117,1.4899
2009,all,95+,,Suicidio y lesiones autoinfligidas,6,67117,8.9396
2009,all,95+,I-XXII,Todas las causas,21332,67117,31783.3038
2009,all,95+,,"Trastornos mentales debidos al uso de drogas (drogodependencia, toxicomanía)",0,67117,0.0
2009,all,<1,,Accidentes de tráfico,11,503462,2.1849
2009,all,<1,,Agresiones (homicidio),1,503462,0.1986
2009,all,<1,,Envenenamiento accidental por psicofármacos y drogas de abuso,0,503462,0.0
2009,all,<1,,Eventos de intención no determinada,0,503462,0.0
2009,all,<1,,Suicidio y lesiones autoinfligidas,0,503462,0.0
2009,all,<1,I-XXII,Todas las causas,1609,503462,319.5872
2009,all,<1,,"Trastornos mentales debidos al uso de drogas (drogodependencia, toxicomanía)",0,503462,0.0
2009,all,all,,Accidentes de tráfico,2588,46367548,5.5815
2009,all,all,,Agresiones (homicidio),337,46367548,0.7268
2009,all,all,,Envenenamiento accidental por psicofármacos y drogas de abuso,522,46367548,1.1258
2009,all,all,,Eventos de intención no determinada,91,46367548,0.1963
2009,all,all,,Suicidio y lesiones autoinfligidas,3429,46367548,7.3953
2009,all,all,I-XXII,Todas las causas,384933,46367548,830.1776
2009,all,all,,"Trastornos mentales debidos al uso de drogas (drogodependencia, toxicomanía)",50,46367548,0.1078
2009,female,1-4,,Accidentes de tráfico,6,960175,0.6249
2009,female,1-4,,Agresiones (homicidio),0,960175,0.0
2009,female,1-4,,Envenenamiento accidental por psicofármacos y drogas de abuso,0,960175,0.0
2009,female,1-4,,Eventos de intención no determinada,0,960175,0.0
2009,female,1-4,,Suicidio y lesiones autoinfligidas,0,960175,0.0
2009,female,1-4,I-XXII,Todas las causas,173,960175,18.0175
2009,female,1-4,,"Trastornos mentales debidos al uso de drogas (drogodependencia, toxicomanía)",0,960175,0.0
2009,female,10-14,,Accidentes de tráfico,6,1029663,0.5827
2009,female,10-14,,Agresiones (homicidio),1,1029663,0.0971
2009,female,10-14,,Envenenamiento accidental por psicofármacos y drogas de abuso,0,1029663,0.0
2009,female,10-14,,Eventos de intención no determinada,0,1029663,0.0
2009,female,10-14,,Suicidio y lesiones autoinfligidas,1,1029663,0.0971
2009,female,10-14,I-XXII,Todas las causas,82,1029663,7.9638
2009,female,10-14,,"Trastornos mentales debidos al uso de drogas (drogodependencia, toxicomanía)",0,1029663,0.0
2009,female,15-19,,Accidentes de tráfico,41,1107758,3.7012
2009,female,15-19,,Agresiones (homicidio),3,1107758,0.2708
2009,female,15-19,,Envenenamiento accidental por psicofármacos y drogas de abuso,0,1107758,0.0
2009,female,15-19,,Eventos de intención no determinada,0,1107758,0.0
2009,female,15-19,,Suicidio y lesiones autoinfligidas,6,1107758,0.5416
2009,female,15-19,I-XXII,Todas las causas,191,1107758,17.242
2009,female,15-19,,"Trastornos mentales debidos al uso de drogas (drogodependencia, toxicomanía)",0,1107758,0.0
2009,female,20-24,,Accidentes de tráfico,40,1324953,3.019
2009,female,20-24,,Agresiones (homicidio),8,1324953,0.6038
2009,female,20-24,,Envenenamiento accidental por psicofármacos y drogas de abuso,11,1324953,0.8302
2009,female,20-24,,Eventos de intención no determinada,1,1324953,0.0755
2009,female,20-24,,Suicidio y lesiones autoinfligidas,26,1324953,1.9623
2009,female,20-24,I-XXII,Todas las causas,282,1324953,21.2838
2009,female,20-24,,"Trastornos mentales debidos al uso de drogas (drogodependencia, toxicomanía)",0,1324953,0.0
2009,female,25-29,,Accidentes de tráfico,45,1698817,2.6489
2009,female,25-29,,Agresiones (homicidio),8,1698817,0.4709
2009,female,25-29,,Envenenamiento accidental por psicofármacos y drogas de abuso,6,1698817,0.3532
2009,female,25-29,,Eventos de intención no determinada,1,1698817,0.0589
2009,female,25-29,,Suicidio y lesiones autoinfligidas,34,1698817,2.0014
2009,female,25-29,I-XXII,Todas las causas,388,1698817,22.8394
2009,female,25-29,,"Trastornos mentales debidos al uso de drogas (drogodependencia, toxicomanía)",0,1698817,0.0
2009,female,30-34,,Accidentes de tráfico,43,1988258,2.1627
2009,female,30-34,,Agresiones (homicidio),13,1988258,0.6538
2009,female,30-34,,Envenenamiento accidental por psicofármacos y drogas de abuso,12,1988258,0.6035
2009,female,30-34,,Eventos de intención no determinada,2,1988258,0.1006
2009,female,30-34,,Suicidio y lesiones autoinfligidas,46,1988258,2.3136
2009,female,30-34,I-XXII,Todas las causas,586,1988258,29.473
2009,female,30-34,,"Trastornos mentales debidos al uso de drogas (drogodependencia, toxicomanía)",1,1988258,0.0503
2009,female,35-39,,Accidentes de tráfico,34,1917996,1.7727
2009,female,35-39,,Agresiones (homicidio),9,1917996,0.4692
2009,female,35-39,,Envenenamiento accidental por psicofármacos y drogas de abuso,15,1917996,0.7821
2009,female,35-39,,Eventos de intención no determinada,2,1917996,0.1043
2009,female,35-39,,Suicidio y lesiones autoinfligidas,73,1917996,3.8061
2009,female,35-39,I-XXII,Todas las causas,947,1917996,49.3745
2009,female,35-39,,"Trastornos mentales debidos al uso de drogas (drogodependencia, toxicomanía)",1,1917996,0.0521
2009,female,40-44,,Accidentes de tráfico,35,1843672,1.8984
2009,female,40-44,,Agresiones (homicidio),11,1843672,0.5966
2009,female,40-44,,Envenenamiento accidental por psicofármacos y drogas de abuso,12,1843672,0.6509
2009,female,40-44,,Eventos de intención no determinada,1,1843672,0.0542
2009,female,40-44,,Suicidio y lesiones autoinfligidas,76,1843672,4.1222
2009,female,40-44,I-XXII,Todas las causas,1591,1843672,86.2952
2009,female,40-44,,"Trastornos mentales debidos al uso de drogas (drogodependencia, toxicomanía)",2,1843672,0.1085
2009,female,45-49,,Accidentes de tráfico,35,1706747,2.0507
2009,female,45-49,,Agresiones (homicidio),8,1706747,0.4687
2009,female,45-49,,Envenenamiento accidental por psicofármacos y drogas de abuso,18,1706747,1.0546
2009,female,45-49,,Eventos de intención no determinada,4,1706747,0.2344
2009,female,45-49,,Suicidio y lesiones autoinfligidas,76,1706747,4.4529
2009,female,45-49,I-XXII,Todas las causas,2447,1706747,143.3722
2009,female,45-49,,"Trastornos mentales debidos al uso de drogas (drogodependencia, toxicomanía)",3,1706747,0.1758
2009,female,5-9,,Accidentes de tráfico,6,1109150,0.541
2009,female,5-9,,Agresiones (homicidio),0,1109150,0.0
2009,female,5-9,,Envenenamiento accidental por psicofármacos y drogas de abuso,0,1109150,0.0
2009,female,5-9,,Eventos de intención no determinada,0,1109150,0.0
2009,female,5-9,,Suicidio y lesiones autoinfligidas,0,1109150,0.0
2009,female,5-9,I-XXII,Todas las causas,94,1109150,8.475
2009,female,5-9,,"Trastornos mentales debidos al uso de drogas (drogodependencia, toxicomanía)",0,1109150,0.0
2009,female,50-54,,Accidentes de tráfico,29,1504790,1.9272
2009,female,50-54,,Agresiones (homicidio),6,1504790,0.3987
2009,female,50-54,,Envenenamiento accidental por psicofármacos y drogas de abuso,5,1504790,0.3323
2009,female,50-54,,Eventos de intención no determinada,1,1504790,0.0665
2009,female,50-54,,Suicidio y lesiones autoinfligidas,49,1504790,3.2563
2009,female,50-54,I-XXII,Todas las causas,3194,1504790,212.2555
2009,female,50-54,,"Trastornos mentales debidos al uso de drogas (drogodependencia, toxicomanía)",0,1504790,0.0
2009,female,55-59,,Accidentes de tráfico,36,1302868,2.7631
2009,female,55-59,,Agresiones (homicidio),4,1302868,0.307
2009,female,55-59,,Envenenamiento accidental por psicofármacos y drogas de abuso,5,1302868,0.3838
2009,female,55-59,,Eventos de intención no determinada,1,1302868,0.0768
2009,female,55-59,,Suicidio y lesiones autoinfligidas,57,1302868,4.375
2009,female,55-59,I-XXII,Todas las causas,3735,1302868,286.6752
2009,female,55-59,,"Trastornos mentales debidos al uso de drogas (drogodependencia, toxicomanía)",0,1302868,0.0
2009,female,60-64,,Accidentes de tráfico,33,1253709,2.6322
2009,female,60-64,,Agresiones (homicidio),3,1253709,0.2393
2009,female,60-64,,Envenenamiento accidental por psicofármacos y drogas de abuso,1,1253709,0.0798
2009,female,60-64,,Eventos de intención no determinada,3,1253709,0.2393
2009,female,60-64,,Suicidio y lesiones autoinfligidas,61,1253709,4.8656
2009,female,60-64,I-XXII,Todas las causas,5127,1253709,408.9466
2009,female,60-64,,"Trastornos mentales debidos al uso de drogas (drogodependencia, toxicomanía)",0,1253709,0.0
2009,female,65-69,,Accidentes de tráfico,34,1050252,3.2373
2009,female,65-69,,Agresiones (homicidio),7,1050252,0.6665
2009,female,65-69,,Envenenamiento accidental por psicofármacos y drogas de abuso,3,1050252,0.2856
2009,female,65-69,,Eventos de intención no determinada,2,1050252,0.1904
2009,female,65-69,,Suicidio y lesiones autoinfligidas,62,1050252,5.9033
2009,female,65-69,I-XXII,Todas las causas,6717,1050252,639.5608
2009,female,65-69,,"Trastornos mentales debidos al uso de drogas (drogodependencia, toxicomanía)",0,1050252,0.0
2009,female,70-74,,Accidentes de tráfico,41,979992,4.1837
2009,female,70-74,,Agresiones (homicidio),1,979992,0.102
2009,female,70-74,,Envenenamiento accidental por psicofármacos y drogas de abuso,6,979992,0.6122
2009,female,70-74,,Eventos de intención no determinada,4,979992,0.4082
2009,female,70-74,,Suicidio y lesiones autoinfligidas,47,979992,4.796
2009,female,70-74,I-XXII,Todas las causas,11605,979992,1184.1933
2009,female,70-74,,"Trastornos mentales debidos al uso de drogas (drogodependencia, toxicomanía)",0,979992,0.0
2009,female,75-79,,Accidentes de tráfico,44,986078,4.4621
2009,female,75-79,,Agresiones (homicidio),2,986078,0.2028
2009,female,75-79,,Envenenamiento accidental por psicofármacos y drogas de abuso,7,986078,0.7099
2009,female,75-79,,Eventos de intención no determinada,5,986078,0.5071
2009,female,75-79,,Suicidio y lesiones autoinfligidas,60,986078,6.0847
2009,female,75-79,I-XXII,Todas las causas,22132,986078,2244.4472
2009,female,75-79,,"Trastornos mentales debidos al uso de drogas (drogodependencia, toxicomanía)",0,986078,0.0
2009,female,80-84,,Accidentes de tráfico,33,749374,4.4037
2009,female,80-84,,Agresiones (homicidio),5,749374,0.6672
2009,female,80-84,,Envenenamiento accidental por psicofármacos y drogas de abuso,7,749374,0.9341
2009,female,80-84,,Eventos de intención no determinada,3,749374,0.4003
2009,female,80-84,,Suicidio y lesiones autoinfligidas,54,749374,7.206
2009,female,80-84,I-XXII,Todas las causas,35504,749374,4737.8212
2009,female,80-84,,"Trastornos mentales debidos al uso de drogas (drogodependencia, toxicomanía)",0,749374,0.0
2009,female,85-89,,Accidentes de tráfico,24,452006,5.3097
2009,female,85-89,,Agresiones (homicidio),1,452006,0.2212
2009,female,85-89,,Envenenamiento accidental por psicofármacos y drogas de abuso,10,452006,2.2124
2009,female,85-89,,Eventos de intención no determinada,2,452006,0.4425
2009,female,85-89,,Suicidio y lesiones autoinfligidas,27,452006,5.9734
2009,female,85-89,I-XXII,Todas las causas,43192,452006,9555.6254
2009,female,85-89,,"Trastornos mentales debidos al uso de drogas (drogodependencia, toxicomanía)",0,452006,0.0
2009,female,90-94,,Accidentes de tráfico,5,172344,2.9012
2009,female,90-94,,Agresiones (homicidio),1,172344,0.5802
2009,female,90-94,,Envenenamiento accidental por psicofármacos y drogas de abuso,3,172344,1.7407
2009,female,90-94,,Eventos de intención no determinada,0,172344,0.0
2009,female,90-94,,Suicidio y lesiones autoinfligidas,6,172344,3.4814
2009,female,90-94,I-XXII,Todas las causas,31000,172344,17987.2813
2009,female,90-94,,"Trastornos mentales debidos al uso de drogas (drogodependencia, toxicomanía)",0,172344,0.0
2009,female,95+,,Accidentes de tráfico,3,51596,5.8144
2009,female,95+,,Agresiones (homicidio),0,51596,0.0
2009,female,95+,,Envenenamiento accidental por psicofármacos y drogas de abuso,0,51596,0.0
2009,female,95+,,Eventos de intención no determinada,1,51596,1.9381
2009,female,95+,,Suicidio y lesiones autoinfligidas,2,51596,3.8763
2009,female,95+,I-XXII,Todas las causas,16134,51596,31269.8659
2009,female,95+,,"Trastornos mentales debidos al uso de drogas (drogodependencia, toxicomanía)",0,51596,0.0
2009,female,<1,,Accidentes de tráfico,5,242850,2.0589
2009,female,<1,,Agresiones (homicidio),0,242850,0.0
2009,female,<1,,Envenenamiento accidental por psicofármacos y drogas de abuso,0,242850,0.0
2009,female,<1,,Eventos de intención no determinada,0,242850,0.0
2009,female,<1,,Suicidio y lesiones autoinfligidas,0,242850,0.0
2009,female,<1,I-XXII,Todas las causas,717,242850,295.244
2009,female,<1,,"Trastornos mentales debidos al uso de drogas (drogodependencia, toxicomanía)",0,242850,0.0
2009,female,all,,Accidentes de tráfico,578,23433048,2.4666
2009,female,all,,Agresiones (homicidio),91,23433048,0.3883
2009,female,all,,Envenenamiento accidental por psicofármacos y drogas de abuso,121,23433048,0.5164
2009,female,all,,Eventos de intención no determinada,33,23433048,0.1408
2009,female,all,,Suicidio y lesiones autoinfligidas,763,23433048,3.2561
2009,female,all,I-XXII,Todas las causas,185838,23433048,793.0594
2009,female,all,,"Trastornos mentales debidos al uso de drogas (drogodependencia, toxicomanía)",7,23433048,0.0299
2009,male,1-4,,Accidentes de tráfico,16,1020067,1.5685
2009,male,1-4,,Agresiones (homicidio),2,1020067,0.1961
2009,male,1-4,,Envenenamiento accidental por psicofármacos y drogas de abuso,0,1020067,0.0
2009,male,1-4,,Eventos de intención no determinada,0,1020067,0.0
2009,male,1-4,,Suicidio y lesiones autoinfligidas,0,1020067,0.0
2009,male,1-4,I-XXII,Todas las causas,223,1020067,21.8613
2009,male,1-4,,"Trastornos mentales debidos al uso de drogas (drogodependencia, toxicomanía)",0,1020067,0.0
2009,male,10-14,,Accidentes de tráfico,10,1088524,0.9187
2009,male,10-14,,Agresiones (homicidio),0,1088524,0.0
2009,male,10-14,,Envenenamiento accidental por psicofármacos y drogas de abuso,0,1088524,0.0
2009,male,10-14,,Eventos de intención no determinada,0,1088524,0.0
2009,male,10-14,,Suicidio y lesiones autoinfligidas,7,1088524,0.6431
2009,male,10-14,I-XXII,Todas las causas,146,1088524,13.4127
2009,male,10-14,,"Trastornos mentales debidos al uso de drogas (drogodependencia, toxicomanía)",0,1088524,0.0
2009,male,15-19,,Accidentes de tráfico,137,1177352,11.6363
2009,male,15-19,,Agresiones (homicidio),10,1177352,0.8494
2009,male,15-19,,Envenenamiento accidental por psicofármacos y drogas de abuso,4,1177352,0.3397
2009,male,15-19,,Eventos de intención no determinada,0,1177352,0.0
2009,male,15-19,,Suicidio y lesiones autoinfligidas,41,1177352,3.4824
2009,male,15-19,I-XXII,Todas las causas,425,1177352,36.098
2009,male,15-19,,"Trastornos mentales debidos al uso de drogas (drogodependencia, toxicomanía)",0,1177352,0.0
2009,male,20-24,,Accidentes de tráfico,175,1378811,12.6921
2009,male,20-24,,Agresiones (homicidio),16,1378811,1.1604
2009,male,20-24,,Envenenamiento accidental por psicofármacos y drogas de abuso,18,1378811,1.3055
2009,male,20-24,,Eventos de intención no determinada,0,1378811,0.0
2009,male,20-24,,Suicidio y lesiones autoinfligidas,98,1378811,7.1076
2009,male,20-24,I-XXII,Todas las causas,639,1378811,46.3443
2009,male,20-24,,"Trastornos mentales debidos al uso de drogas (drogodependencia, toxicomanía)",2,1378811,0.1451
2009,male,25-29,,Accidentes de tráfico,194,1788166,10.8491
2009,male,25-29,,Agresiones (homicidio),21,1788166,1.1744
2009,male,25-29,,Envenenamiento accidental por psicofármacos y drogas de abuso,36,1788166,2.0132
2009,male,25-29,,Eventos de intención no determinada,3,1788166,0.1678
2009,male,25-29,,Suicidio y lesiones autoinfligidas,165,1788166,9.2273
2009,male,25-29,I-XXII,Todas las causas,1038,1788166,58.0483
2009,male,25-29,,"Trastornos mentales debidos al uso de drogas (drogodependencia, toxicomanía)",6,1788166,0.3355
2009,male,30-34,,Accidentes de tráfico,205,2138702,9.5853
2009,male,30-34,,Agresiones (homicidio),37,2138702,1.73
2009,male,30-34,,Envenenamiento accidental por psicofármacos y drogas de abuso,68,2138702,3.1795
2009,male,30-34,,Eventos de intención no determinada,5,2138702,0.2338
2009,male,30-34,,Suicidio y lesiones autoinfligidas,179,2138702,8.3696
2009,male,30-34,I-XXII,Todas las causas,1427,2138702,66.7227
2009,male,30-34,,"Trastornos mentales debidos al uso de drogas (drogodependencia, toxicomanía)",6,2138702,0.2805
2009,male,35-39,,Accidentes de tráfico,171,2052034,8.3332
2009,male,35-39,,Agresiones (homicidio),25,2052034,1.2183
2009,male,35-39,,Envenenamiento accidental por psicofármacos y drogas de abuso,77,2052034,3.7524
2009,male,35-39,,Eventos de intención no determinada,3,2052034,0.1462
2009,male,35-39,,Suicidio y lesiones autoinfligidas,221,2052034,10.7698
2009,male,35-39,I-XXII,Todas las causas,2019,2052034,98.3902
2009,male,35-39,,"Trastornos mentales debidos al uso de drogas (drogodependencia, toxicomanía)",6,2052034,0.2924
2009,male,40-44,,Accidentes de tráfico,178,1917456,9.2831
2009,male,40-44,,Agresiones (homicidio),31,1917456,1.6167
2009,male,40-44,,Envenenamiento accidental por psicofármacos y drogas de abuso,82,1917456,4.2765
2009,male,40-44,,Eventos de intención no determinada,9,1917456,0.4694
2009,male,40-44,,Suicidio y lesiones autoinfligidas,244,1917456,12.7252
2009,male,40-44,I-XXII,Todas las causas,3239,1917456,168.9217
2009,male,40-44,,"Trastornos mentales debidos al uso de drogas (drogodependencia, toxicomanía)",15,1917456,0.7823
2009,male,45-49,,Accidentes de tráfico,156,1728501,9.0252
2009,male,45-49,,Agresiones (homicidio),24,1728501,1.3885
2009,male,45-49,,Envenenamiento accidental por psicofármacos y drogas de abuso,51,1728501,2.9505
2009,male,45-49,,Eventos de intención no determinada,6,1728501,0.3471
2009,male,45-49,,Suicidio y lesiones autoinfligidas,264,1728501,15.2733
2009,male,45-49,I-XXII,Todas las causas,5020,1728501,290.4251
2009,male,45-49,,"Trastornos mentales debidos al uso de drogas (drogodependencia, toxicomanía)",5,1728501,0.2893
2009,male,5-9,,Accidentes de tráfico,13,1172489,1.1088
2009,male,5-9,,Agresiones (homicidio),0,1172489,0.0
2009,male,5-9,,Envenenamiento accidental por psicofármacos y drogas de abuso,0,1172489,0.0
2009,male,5-9,,Eventos de intención no determinada,0,1172489,0.0
2009,male,5-9,,Suicidio y lesiones autoinfligidas,0,1172489,0.0
2009,male,5-9,I-XXII,Todas las causas,112,1172489,9.5523
2009,male,5-9,,"Trastornos mentales debidos al uso de drogas (drogodependencia, toxicomanía)",0,1172489,0.0
2009,male,50-54,,Accidentes de tráfico,129,1489051,8.6632
2009,male,50-54,,Agresiones (homicidio),18,1489051,1.2088
2009,male,50-54,,Envenenamiento accidental por psicofármacos y drogas de abuso,18,1489051,1.2088
2009,male,50-54,,Eventos de intención no determinada,6,1489051,0.4029
2009,male,50-54,,Suicidio y lesiones autoinfligidas,216,1489051,14.5059
2009,male,50-54,I-XXII,Todas las causas,6920,1489051,464.7255
2009,male,50-54,,"Trastornos mentales debidos al uso de drogas (drogodependencia, toxicomanía)",3,1489051,0.2015
2009,male,55-59,,Accidentes de tráfico,96,1263824,7.596
2009,male,55-59,,Agresiones (homicidio),17,1263824,1.3451
2009,male,55-59,,Envenenamiento accidental por psicofármacos y drogas de abuso,11,1263824,0.8704
2009,male,55-59,,Eventos de intención no determinada,3,1263824,0.2374
2009,male,55-59,,Suicidio y lesiones autoinfligidas,196,1263824,15.5085
2009,male,55-59,I-XXII,Todas las causas,9152,1263824,724.1515
2009,male,55-59,,"Trastornos mentales debidos al uso de drogas (drogodependencia, toxicomanía)",0,1263824,0.0
2009,male,60-64,,Accidentes de tráfico,108,1173433,9.2038
2009,male,60-64,,Agresiones (homicidio),10,1173433,0.8522
2009,male,60-64,,Envenenamiento accidental por psicofármacos y drogas de abuso,8,1173433,0.6818
2009,male,60-64,,Eventos de intención no determinada,4,1173433,0.3409
2009,male,60-64,,Suicidio y lesiones autoinfligidas,192,1173433,16.3622
2009,male,60-64,I-XXII,Todas las causas,12616,1173433,1075.1359
2009,male,60-64,,"Trastornos mentales debidos al uso de drogas (drogodependencia, toxicomanía)",0,1173433,0.0
2009,male,65-69,,Accidentes de tráfico,97,949827,10.2124
2009,male,65-69,,Agresiones (homicidio),15,949827,1.5792
2009,male,65-69,,Envenenamiento accidental por psicofármacos y drogas de abuso,6,949827,0.6317
2009,male,65-69,,Eventos de intención no determinada,4,949827,0.4211
2009,male,65-69,,Suicidio y lesiones autoinfligidas,147,949827,15.4765
2009,male,65-69,I-XXII,Todas las causas,15545,949827,1636.6138
2009,male,65-69,,"Trastornos mentales debidos al uso de drogas (drogodependencia, toxicomanía)",0,949827,0.0
2009,male,70-74,,Accidentes de tráfico,83,812732,10.2125
2009,male,70-74,,Agresiones (homicidio),6,812732,0.7383
2009,male,70-74,,Envenenamiento accidental por psicofármacos y drogas de abuso,1,812732,0.123
2009,male,70-74,,Eventos de intención no determinada,1,812732,0.123
2009,male,70-74,,Suicidio y lesiones autoinfligidas,179,812732,22.0245
2009,male,70-74,I-XXII,Todas las causas,21278,812732,2618.0832
2009,male,70-74,,"Trastornos mentales debidos al uso de drogas (drogodependencia, toxicomanía)",0,812732,0.0
2009,male,75-79,,Accidentes de tráfico,106,739737,14.3294
2009,male,75-79,,Agresiones (homicidio),8,739737,1.0815
2009,male,75-79,,Envenenamiento accidental por psicofármacos y drogas de abuso,2,739737,0.2704
2009,male,75-79,,Eventos de intención no determinada,7,739737,0.9463
2009,male,75-79,,Suicidio y lesiones autoinfligidas,221,739737,29.8755
2009,male,75-79,I-XXII,Todas las causas,32444,739737,4385.8831
2009,male,75-79,,"Trastornos mentales debidos al uso de drogas (drogodependencia, toxicomanía)",0,739737,0.0
2009,male,80-84,,Accidentes de tráfico,71,474146,14.9743
2009,male,80-84,,Agresiones (homicidio),1,474146,0.2109
2009,male,80-84,,Envenenamiento accidental por psicofármacos y drogas de abuso,6,474146,1.2654
2009,male,80-84,,Eventos de intención no determinada,3,474146,0.6327
2009,male,80-84,,Suicidio y lesiones autoinfligidas,147,474146,31.0031
2009,male,80-84,I-XXII,Todas las causas,36201,474146,7634.9901
2009,male,80-84,,"Trastornos mentales debidos al uso de drogas (drogodependencia, toxicomanía)",0,474146,0.0
2009,male,85-89,,Accidentes de tráfico,40,229339,17.4414
2009,male,85-89,,Agresiones (homicidio),4,229339,1.7441
2009,male,85-89,,Envenenamiento accidental por psicofármacos y drogas de abuso,12,229339,5.2324
2009,male,85-89,,Eventos de intención no determinada,3,229339,1.3081
2009,male,85-89,,Suicidio y lesiones autoinfligidas,111,229339,48.4
2009,male,85-89,I-XXII,Todas las causas,30360,229339,13238.045
2009,male,85-89,,"Trastornos mentales debidos al uso de drogas (drogodependencia, toxicomanía)",0,229339,0.0
2009,male,90-94,,Accidentes de tráfico,17,64173,26.4909
2009,male,90-94,,Agresiones (homicidio),0,64173,0.0
2009,male,90-94,,Envenenamiento accidental por psicofármacos y drogas de abuso,1,64173,1.5583
2009,male,90-94,,Eventos de intención no determinada,1,64173,1.5583
2009,male,90-94,,Suicidio y lesiones autoinfligidas,34,64173,52.9818
2009,male,90-94,I-XXII,Todas las causas,14201,64173,22129.2444
2009,male,90-94,,"Trastornos mentales debidos al uso de drogas (drogodependencia, toxicomanía)",0,64173,0.0
2009,male,95+,,Accidentes de tráfico,2,15521,12.8858
2009,male,95+,,Agresiones (homicidio),0,15521,0.0
2009,male,95+,,Envenenamiento accidental por psicofármacos y drogas de abuso,0,15521,0.0
2009,male,95+,,Eventos de intención no determinada,0,15521,0.0
2009,male,95+,,Suicidio y lesiones autoinfligidas,4,15521,25.7715
2009,male,95+,I-XXII,Todas las causas,5198,15521,33490.1102
2009,male,95+,,"Trastornos mentales debidos al uso de drogas (drogodependencia, toxicomanía)",0,15521,0.0
2009,male,<1,,Accidentes de tráfico,6,260612,2.3023
2009,male,<1,,Agresiones (homicidio),1,260612,0.3837
2009,male,<1,,Envenenamiento accidental por psicofármacos y drogas de abuso,0,260612,0.0
2009,male,<1,,Eventos de intención no determinada,0,260612,0.0
2009,male,<1,,Suicidio y lesiones autoinfligidas,0,260612,0.0
2009,male,<1,I-XXII,Todas las causas,892,260612,342.2713
2009,male,<1,,"Trastornos mentales debidos al uso de drogas (drogodependencia, toxicomanía)",0,260612,0.0
2009,male,all,,Accidentes de tráfico,2010,22934497,8.7641
2009,male,all,,Agresiones (homicidio),246,22934497,1.0726
2009,male,all,,Envenenamiento accidental por psicofármacos y drogas de abuso,401,22934497,1.7485
2009,male,all,,Eventos de intención no determinada,58,22934497,0.2529
2009,male,all,,Suicidio y lesiones autoinfligidas,2666,22934497,11.6244
2009,male,all,I-XXII,Todas las causas,199095,22934497,868.1028
2009,male,all,,"Trastornos mentales debidos al uso de drogas (drogodependencia, toxicomanía)",43,22934497,0.1875
2010,all,1-4,,Accidentes de tráfico,30,2008790,1.4934
2010,all,1-4,,Agresiones (homicidio),5,2008790,0.2489
2010,all,1-4,,Envenenamiento accidental por psicofármacos y drogas de abuso,0,2008790,0.0
2010,all,1-4,,Eventos de intención no determinada,0,2008790,0.0
2010,all,1-4,,Suicidio y lesiones autoinfligidas,0,2008790,0.0
2010,all,1-4,I-XXII,Todas las causas,357,2008790,17.7719
2010,all,1-4,,"Trastornos mentales debidos al uso de drogas (drogodependencia, toxicomanía)",0,2008790,0.0
2010,all,10-14,,Accidentes de tráfico,26,2148480,1.2102
2010,all,10-14,,Agresiones (homicidio),2,2148480,0.0931
2010,all,10-14,,Envenenamiento accidental por psicofármacos y drogas de abuso,1,2148480,0.0465
2010,all,10-14,,Eventos de intención no determinada,0,2148480,0.0
2010,all,10-14,,Suicidio y lesiones autoinfligidas,3,2148480,0.1396
2010,all,10-14,I-XXII,Todas las causas,227,2148480,10.5656
2010,all,10-14,,"Trastornos mentales debidos al uso de drogas (drogodependencia, toxicomanía)",0,2148480,0.0
2010,all,15-19,,Accidentes de tráfico,134,2245882,5.9665
2010,all,15-19,,Agresiones (homicidio),4,2245882,0.1781
2010,all,15-19,,Envenenamiento accidental por psicofármacos y drogas de abuso,3,2245882,0.1336
2010,all,15-19,,Eventos de intención no determinada,1,2245882,0.0445
2010,all,15-19,,Suicidio y lesiones autoinfligidas,28,2245882,1.2467
2010,all,15-19,I-XXII,Todas las causas,505,2245882,22.4856
2010,all,15-19,,"Trastornos mentales debidos al uso de drogas (drogodependencia, toxicomanía)",1,2245882,0.0445
2010,all,20-24,,Accidentes de tráfico,178,2608865,6.8229
2010,all,20-24,,Agresiones (homicidio),22,2608865,0.8433
2010,all,20-24,,Envenenamiento accidental por psicofármacos y drogas de abuso,16,2608865,0.6133
2010,all,20-24,,Eventos de intención no determinada,5,2608865,0.1917
2010,all,20-24,,Suicidio y lesiones autoinfligidas,94,2608865,3.6031
2010,all,20-24,I-XXII,Todas las causas,814,2608865,31.2013
2010,all,20-24,,"Trastornos mentales debidos al uso de drogas (drogodependencia, toxicomanía)",1,2608865,0.0383
2010,all,25-29,,Accidentes de tráfico,200,3313317,6.0362
2010,all,25-29,,Agresiones (homicidio),26,3313317,0.7847
2010,all,25-29,,Envenenamiento accidental por psicofármacos y drogas de abuso,28,3313317,0.8451
2010,all,25-29,,Eventos de intención no determinada,2,3313317,0.0604
2010,all,25-29,,Suicidio y lesiones autoinfligidas,117,3313317,3.5312
2010,all,25-29,I-XXII,Todas las causas,1136,3313317,34.2859
2010,all,25-29,,"Trastornos mentales debidos al uso de drogas (drogodependencia, toxicomanía)",4,3313317,0.1207
2010,all,30-34,,Accidentes de tráfico,211,4054885,5.2036
2010,all,30-34,,Agresiones (homicidio),34,4054885,0.8385
2010,all,30-34,,Envenenamiento accidental por psicofármacos y drogas de abuso,52,4054885,1.2824
2010,all,30-34,,Eventos de intención no determinada,3,4054885,0.074
2010,all,30-34,,Suicidio y lesiones autoinfligidas,214,4054885,5.2776
2010,all,30-34,I-XXII,Todas las causas,1824,4054885,44.9828
2010,all,30-34,,"Trastornos mentales debidos al uso de drogas (drogodependencia, toxicomanía)",7,4054885,0.1726
2010,all,35-39,,Accidentes de tráfico,194,4024785,4.8201
2010,all,35-39,,Agresiones (homicidio),40,4024785,0.9938
2010,all,35-39,,Envenenamiento accidental por psicofármacos y drogas de abuso,93,4024785,2.3107
2010,all,35-39,,Eventos de intención no determinada,3,4024785,0.0745
2010,all,35-39,,Suicidio y lesiones autoinfligidas,286,4024785,7.106
2010,all,35-39,I-XXII,Todas las causas,2772,4024785,68.8732
2010,all,35-39,,"Trastornos mentales debidos al uso de drogas (drogodependencia, toxicomanía)",8,4024785,0.1988
2010,all,40-44,,Accidentes de tráfico,195,3790153,5.1449
2010,all,40-44,,Agresiones (homicidio),37,3790153,0.9762
2010,all,40-44,,Envenenamiento accidental por psicofármacos y drogas de abuso,95,3790153,2.5065
2010,all,40-44,,Eventos de intención no determinada,7,3790153,0.1847
2010,all,40-44,,Suicidio y lesiones autoinfligidas,345,3790153,9.1025
2010,all,40-44,I-XXII,Todas las causas,4658,3790153,122.8974
2010,all,40-44,,"Trastornos mentales debidos al uso de drogas (drogodependencia, toxicomanía)",12,3790153,0.3166
2010,all,45-49,,Accidentes de tráfico,164,3510742,4.6714
2010,all,45-49,,Agresiones (homicidio),28,3510742,0.7976
2010,all,45-49,,Envenenamiento accidental por psicofármacos y drogas de abuso,65,3510742,1.8515
2010,all,45-49,,Eventos de intención no determinada,6,3510742,0.1709
2010,all,45-49,,Suicidio y lesiones autoinfligidas,310,3510742,8.83
2010,all,45-49,I-XXII,Todas las causas,7266,3510742,206.9648
2010,all,45-49,,"Trastornos mentales debidos al uso de drogas (drogodependencia, toxicomanía)",7,3510742,0.1994
2010,all,5-9,,Accidentes de tráfico,14,2327162,0.6016
2010,all,5-9,,Agresiones (homicidio),3,2327162,0.1289
2010,all,5-9,,Envenenamiento accidental por psicofármacos y drogas de abuso,0,2327162,0.0
2010,all,5-9,,Eventos de intención no determinada,0,2327162,0.0
2010,all,5-9,,Suicidio y lesiones autoinfligidas,0,2327162,0.0
2010,all,5-9,I-XXII,Todas las causas,199,2327162,8.5512
2010,all,5-9,,"Trastornos mentales debidos al uso de drogas (drogodependencia, toxicomanía)",0,2327162,0.0
2010,all,50-54,,Accidentes de tráfico,152,3102219,4.8997
2010,all,50-54,,Agresiones (homicidio),28,3102219,0.9026
2010,all,50-54,,Envenenamiento accidental por psicofármacos y drogas de abuso,30,3102219,0.967
2010,all,50-54,,Eventos de intención no determinada,2,3102219,0.0645
2010,all,50-54,,Suicidio y lesiones autoinfligidas,311,3102219,10.0251
2010,all,50-54,I-XXII,Todas las causas,10289,3102219,331.6658
2010,all,50-54,,"Trastornos mentales debidos al uso de drogas (drogodependencia, toxicomanía)",3,3102219,0.0967
2010,all,55-59,,Accidentes de tráfico,123,2612065,4.7089
2010,all,55-59,,Agresiones (homicidio),27,2612065,1.0337
2010,all,55-59,,Envenenamiento accidental por psicofármacos y drogas de abuso,12,2612065,0.4594
2010,all,55-59,,Eventos de intención no determinada,4,2612065,0.1531
2010,all,55-59,,Suicidio y lesiones autoinfligidas,235,2612065,8.9967
2010,all,55-59,I-XXII,Todas las causas,13080,2612065,500.7532
2010,all,55-59,,"Trastornos mentales debidos al uso de drogas (drogodependencia, toxicomanía)",4,2612065,0.1531
2010,all,60-64,,Accidentes de tráfico,120,2442526,4.9129
2010,all,60-64,,Agresiones (homicidio),20,2442526,0.8188
2010,all,60-64,,Envenenamiento accidental por psicofármacos y drogas de abuso,6,2442526,0.2456
2010,all,60-64,,Eventos de intención no determinada,5,2442526,0.2047
2010,all,60-64,,Suicidio y lesiones autoinfligidas,221,2442526,9.048
2010,all,60-64,I-XXII,Todas las causas,17399,2442526,712.3363
2010,all,60-64,,"Trastornos mentales debidos al uso de drogas (drogodependencia, toxicomanía)",1,2442526,0.0409
2010,all,65-69,,Accidentes de tráfico,125,2088787,5.9843
2010,all,65-69,,Agresiones (homicidio),13,2088787,0.6224
2010,all,65-69,,Envenenamiento accidental por psicofármacos y drogas de abuso,10,2088787,0.4787
2010,all,65-69,,Eventos de intención no determinada,0,2088787,0.0
2010,all,65-69,,Suicidio y lesiones autoinfligidas,199,2088787,9.5271
2010,all,65-69,I-XXII,Todas las causas,22090,2088787,1057.5516
2010,all,65-69,,"Trastornos mentales debidos al uso de drogas (drogodependencia, toxicomanía)",0,2088787,0.0
2010,all,70-74,,Accidentes de tráfico,127,1752947,7.2449
2010,all,70-74,,Agresiones (homicidio),10,1752947,0.5705
2010,all,70-74,,Envenenamiento accidental por psicofármacos y drogas de abuso,11,1752947,0.6275
2010,all,70-74,,Eventos de intención no determinada,5,1752947,0.2852
2010,all,70-74,,Suicidio y lesiones autoinfligidas,187,1752947,10.6677
2010,all,70-74,I-XXII,Todas las causas,31039,1752947,1770.6753
2010,all,70-74,,"Trastornos mentales debidos al uso de drogas (drogodependencia, toxicomanía)",0,1752947,0.0
2010,all,75-79,,Accidentes de tráfico,136,1739132,7.82
2010,all,75-79,,Agresiones (homicidio),11,1739132,0.6325
2010,all,75-79,,Envenenamiento accidental por psicofármacos y drogas de abuso,16,1739132,0.92
2010,all,75-79,,Eventos de intención no determinada,2,1739132,0.115
2010,all,75-79,,Suicidio y lesiones autoinfligidas,229,1739132,13.1675
2010,all,75-79,I-XXII,Todas las causas,52778,1739132,3034.7323
2010,all,75-79,,"Trastornos mentales debidos al uso de drogas (drogodependencia, toxicomanía)",0,1739132,0.0
2010,all,80-84,,Accidentes de tráfico,113,1265883,8.9266
2010,all,80-84,,Agresiones (homicidio),5,1265883,0.395
2010,all,80-84,,Envenenamiento accidental por psicofármacos y drogas de abuso,18,1265883,1.4219
2010,all,80-84,,Eventos de intención no determinada,1,1265883,0.079
2010,all,80-84,,Suicidio y lesiones autoinfligidas,187,1265883,14.7723
2010,all,80-84,I-XXII,Todas las causas,70874,1265883,5598.7797
2010,all,80-84,,"Trastornos mentales debidos al uso de drogas (drogodependencia, toxicomanía)",0,1265883,0.0
2010,all,85-89,,Accidentes de tráfico,64,721121,8.8751
2010,all,85-89,,Agresiones (homicidio),7,721121,0.9707
2010,all,85-89,,Envenenamiento accidental por psicofármacos y drogas de abuso,29,721121,4.0215
2010,all,85-89,,Eventos de intención no determinada,5,721121,0.6934
2010,all,85-89,,Suicidio y lesiones autoinfligidas,136,721121,18.8595
2010,all,85-89,I-XXII,Todas las causas,74620,721121,10347.778
2010,all,85-89,,"Trastornos mentales debidos al uso de drogas (drogodependencia, toxicomanía)",0,721121,0.0
2010,all,90-94,,Accidentes de tráfico,19,251835,7.5446
2010,all,90-94,,Agresiones (homicidio),3,251835,1.1913
2010,all,90-94,,Envenenamiento accidental por psicofármacos y drogas de abuso,11,251835,4.3679
2010,all,90-94,,Eventos de intención no determinada,1,251835,0.3971
2010,all,90-94,,Suicidio y lesiones autoinfligidas,47,251835,18.663
2010,all,90-94,I-XXII,Todas las causas,46498,251835,18463.6766
2010,all,90-94,,"Trastornos mentales debidos al uso de drogas (drogodependencia, toxicomanía)",0,251835,0.0
2010,all,95+,,Accidentes de tráfico,3,73085,4.1048
2010,all,95+,,Agresiones (homicidio),0,73085,0.0
2010,all,95+,,Envenenamiento accidental por psicofármacos y drogas de abuso,1,73085,1.3683
2010,all,95+,,Eventos de intención no determinada,0,73085,0.0
2010,all,95+,,Suicidio y lesiones autoinfligidas,9,73085,12.3144
2010,all,95+,I-XXII,Todas las causas,22069,73085,30196.3467
2010,all,95+,,"Trastornos mentales debidos al uso de drogas (drogodependencia, toxicomanía)",0,73085,0.0
2010,all,<1,,Accidentes de tráfico,8,479828,1.6673
2010,all,<1,,Agresiones (homicidio),4,479828,0.8336
2010,all,<1,,Envenenamiento accidental por psicofármacos y drogas de abuso,0,479828,0.0
2010,all,<1,,Eventos de intención no determinada,0,479828,0.0
2010,all,<1,,Suicidio y lesiones autoinfligidas,0,479828,0.0
2010,all,<1,I-XXII,Todas las causas,1553,479828,323.6576
2010,all,<1,,"Trastornos mentales debidos al uso de drogas (drogodependencia, toxicomanía)",0,479828,0.0
2010,all,all,,Accidentes de tráfico,2336,46562489,5.0169
2010,all,all,,Agresiones (homicidio),329,46562489,0.7066
2010,all,all,,Envenenamiento accidental por psicofármacos y drogas de abuso,497,46562489,1.0674
2010,all,all,,Eventos de intención no determinada,52,46562489,0.1117
2010,all,all,,Suicidio y lesiones autoinfligidas,3158,46562489,6.7823
2010,all,all,I-XXII,Todas las causas,382047,46562489,820.5038
2010,all,all,,"Trastornos mentales debidos al uso de drogas (drogodependencia, toxicomanía)",48,46562489,0.1031
2010,female,1-4,,Accidentes de tráfico,12,972802,1.2336
2010,female,1-4,,Agresiones (homicidio),2,972802,0.2056
2010,female,1-4,,Envenenamiento accidental por psicofármacos y drogas de abuso,0,972802,0.0
2010,female,1-4,,Eventos de intención no determinada,0,972802,0.0
2010,female,1-4,,Suicidio y lesiones autoinfligidas,0,972802,0.0
2010,female,1-4,I-XXII,Todas las causas,166,972802,17.0641
2010,female,1-4,,"Trastornos mentales debidos al uso de drogas (drogodependencia, toxicomanía)",0,972802,0.0
2010,female,10-14,,Accidentes de tráfico,9,1044203,0.8619
2010,female,10-14,,Agresiones (homicidio),2,1044203,0.1915
2010,female,10-14,,Envenenamiento accidental por psicofármacos y drogas de abuso,0,1044203,0.0
2010,female,10-14,,Eventos de intención no determinada,0,1044203,0.0
2010,female,10-14,,Suicidio y lesiones autoinfligidas,0,1044203,0.0
2010,female,10-14,I-XXII,Todas las causas,86,1044203,8.2359
2010,female,10-14,,"Trastornos mentales debidos al uso de drogas (drogodependencia, toxicomanía)",0,1044203,0.0
2010,female,15-19,,Accidentes de tráfico,32,1088342,2.9403
2010,female,15-19,,Agresiones (homicidio),0,1088342,0.0
2010,female,15-19,,Envenenamiento accidental por psicofármacos y drogas de abuso,2,1088342,0.1838
2010,female,15-19,,Eventos de intención no determinada,0,1088342,0.0
2010,female,15-19,,Suicidio y lesiones autoinfligidas,6,1088342,0.5513
2010,female,15-19,I-XXII,Todas las causas,152,1088342,13.9662
2010,female,15-19,,"Trastornos mentales debidos al uso de drogas (drogodependencia, toxicomanía)",1,1088342,0.0919
2010,female,20-24,,Accidentes de tráfico,35,1281686,2.7308
2010,female,20-24,,Agresiones (homicidio),8,1281686,0.6242
2010,female,20-24,,Envenenamiento accidental por psicofármacos y drogas de abuso,3,1281686,0.2341
2010,female,20-24,,Eventos de intención no determinada,2,1281686,0.156
2010,female,20-24,,Suicidio y lesiones autoinfligidas,17,1281686,1.3264
2010,female,20-24,I-XXII,Todas las causas,221,1281686,17.2429
2010,female,20-24,,"Trastornos mentales debidos al uso de drogas (drogodependencia, toxicomanía)",0,1281686,0.0
2010,female,25-29,,Accidentes de tráfico,26,1624472,1.6005
2010,female,25-29,,Agresiones (homicidio),11,1624472,0.6771
2010,female,25-29,,Envenenamiento accidental por psicofármacos y drogas de abuso,4,1624472,0.2462
2010,female,25-29,,Eventos de intención no determinada,0,1624472,0.0
2010,female,25-29,,Suicidio y lesiones autoinfligidas,20,1624472,1.2312
2010,female,25-29,I-XXII,Todas las causas,316,1624472,19.4525
2010,female,25-29,,"Trastornos mentales debidos al uso de drogas (drogodependencia, toxicomanía)",1,1624472,0.0616
2010,female,30-34,,Accidentes de tráfico,31,1962480,1.5796
2010,female,30-34,,Agresiones (homicidio),13,1962480,0.6624
2010,female,30-34,,Envenenamiento accidental por psicofármacos y drogas de abuso,10,1962480,0.5096
2010,female,30-34,,Eventos de intención no determinada,0,1962480,0.0
2010,female,30-34,,Suicidio y lesiones autoinfligidas,39,1962480,1.9873
2010,female,30-34,I-XXII,Todas las causas,552,1962480,28.1277
2010,female,30-34,,"Trastornos mentales debidos al uso de drogas (drogodependencia, toxicomanía)",1,1962480,0.051
2010,female,35-39,,Accidentes de tráfico,27,1946133,1.3874
2010,female,35-39,,Agresiones (homicidio),10,1946133,0.5138
2010,female,35-39,,Envenenamiento accidental por psicofármacos y drogas de abuso,14,1946133,0.7194
2010,female,35-39,,Eventos de intención no determinada,1,1946133,0.0514
2010,female,35-39,,Suicidio y lesiones autoinfligidas,58,1946133,2.9803
2010,female,35-39,I-XXII,Todas las causas,899,1946133,46.1942
2010,female,35-39,,"Trastornos mentales debidos al uso de drogas (drogodependencia, toxicomanía)",1,1946133,0.0514
2010,female,40-44,,Accidentes de tráfico,27,1855381,1.4552
2010,female,40-44,,Agresiones (homicidio),11,1855381,0.5929
2010,female,40-44,,Envenenamiento accidental por psicofármacos y drogas de abuso,7,1855381,0.3773
2010,female,40-44,,Eventos de intención no determinada,3,1855381,0.1617
2010,female,40-44,,Suicidio y lesiones autoinfligidas,83,1855381,4.4735
2010,female,40-44,I-XXII,Todas las causas,1541,1855381,83.0557
2010,female,40-44,,"Trastornos mentales debidos al uso de drogas (drogodependencia, toxicomanía)",3,1855381,0.1617
2010,female,45-49,,Accidentes de tráfico,27,1743226,1.5489
2010,female,45-49,,Agresiones (homicidio),13,1743226,0.7457
2010,female,45-49,,Envenenamiento accidental por psicofármacos y drogas de abuso,13,1743226,0.7457
2010,female,45-49,,Eventos de intención no determinada,3,1743226,0.1721
2010,female,45-49,,Suicidio y lesiones autoinfligidas,72,1743226,4.1303
2010,female,45-49,I-XXII,Todas las causas,2330,1743226,133.6602
2010,female,45-49,,"Trastornos mentales debidos al uso de drogas (drogodependencia, toxicomanía)",2,1743226,0.1147
2010,female,5-9,,Accidentes de tráfico,9,1131024,0.7957
2010,female,5-9,,Agresiones (homicidio),0,1131024,0.0
2010,female,5-9,,Envenenamiento accidental por psicofármacos y drogas de abuso,0,1131024,0.0
2010,female,5-9,,Eventos de intención no determinada,0,1131024,0.0
2010,female,5-9,,Suicidio y lesiones autoinfligidas,0,1131024,0.0
2010,female,5-9,I-XXII,Todas las causas,80,1131024,7.0732
2010,female,5-9,,"Trastornos mentales debidos al uso de drogas (drogodependencia, toxicomanía)",0,1131024,0.0
2010,female,50-54,,Accidentes de tráfico,21,1557702,1.3481
2010,female,50-54,,Agresiones (homicidio),9,1557702,0.5778
2010,female,50-54,,Envenenamiento accidental por psicofármacos y drogas de abuso,11,1557702,0.7062
2010,female,50-54,,Eventos de intención no determinada,1,1557702,0.0642
2010,female,50-54,,Suicidio y lesiones autoinfligidas,68,1557702,4.3654
2010,female,50-54,I-XXII,Todas las causas,3161,1557702,202.9271
2010,female,50-54,,"Trastornos mentales debidos al uso de drogas (drogodependencia, toxicomanía)",0,1557702,0.0
2010,female,55-59,,Accidentes de tráfico,27,1325407,2.0371
2010,female,55-59,,Agresiones (homicidio),11,1325407,0.8299
2010,female,55-59,,Envenenamiento accidental por psicofármacos y drogas de abuso,4,1325407,0.3018
2010,female,55-59,,Eventos de intención no determinada,0,1325407,0.0
2010,female,55-59,,Suicidio y lesiones autoinfligidas,56,1325407,4.2251
2010,female,55-59,I-XXII,Todas las causas,3950,1325407,298.0217
2010,female,55-59,,"Trastornos mentales debidos al uso de drogas (drogodependencia, toxicomanía)",1,1325407,0.0754
2010,female,60-64,,Accidentes de tráfico,29,1260361,2.3009
2010,female,60-64,,Agresiones (homicidio),6,1260361,0.4761
2010,female,60-64,,Envenenamiento accidental por psicofármacos y drogas de abuso,1,1260361,0.0793
2010,female,60-64,,Eventos de intención no determinada,2,1260361,0.1587
2010,female,60-64,,Suicidio y lesiones autoinfligidas,53,1260361,4.2051
2010,female,60-64,I-XXII,Todas las causas,5017,1260361,398.0606
2010,female,60-64,,"Trastornos mentales debidos al uso de drogas (drogodependencia, toxicomanía)",0,1260361,0.0
2010,female,65-69,,Accidentes de tráfico,32,1095520,2.921
2010,female,65-69,,Agresiones (homicidio),5,1095520,0.4564
2010,female,65-69,,Envenenamiento accidental por psicofármacos y drogas de abuso,4,1095520,0.3651
2010,female,65-69,,Eventos de intención no determinada,0,1095520,0.0
2010,female,65-69,,Suicidio y lesiones autoinfligidas,52,1095520,4.7466
2010,female,65-69,I-XXII,Todas las causas,6692,1095520,610.8515
2010,female,65-69,,"Trastornos mentales debidos al uso de drogas (drogodependencia, toxicomanía)",0,1095520,0.0
2010,female,70-74,,Accidentes de tráfico,45,955801,4.7081
2010,female,70-74,,Agresiones (homicidio),5,955801,0.5231
2010,female,70-74,,Envenenamiento accidental por psicofármacos y drogas de abuso,6,955801,0.6277
2010,female,70-74,,Eventos de intención no determinada,1,955801,0.1046
2010,female,70-74,,Suicidio y lesiones autoinfligidas,46,955801,4.8127
2010,female,70-74,I-XXII,Todas las causas,10802,955801,1130.1516
2010,female,70-74,,"Trastornos mentales debidos al uso de drogas (drogodependencia, toxicomanía)",0,955801,0.0
2010,female,75-79,,Accidentes de tráfico,42,990445,4.2405
2010,female,75-79,,Agresiones (homicidio),5,990445,0.5048
2010,female,75-79,,Envenenamiento accidental por psicofármacos y drogas de abuso,11,990445,1.1106
2010,female,75-79,,Eventos de intención no determinada,0,990445,0.0
2010,female,75-79,,Suicidio y lesiones autoinfligidas,52,990445,5.2502
2010,female,75-79,I-XXII,Todas las causas,21520,990445,2172.7607
2010,female,75-79,,"Trastornos mentales debidos al uso de drogas (drogodependencia, toxicomanía)",0,990445,0.0
2010,female,80-84,,Accidentes de tráfico,39,771683,5.0539
2010,female,80-84,,Agresiones (homicidio),3,771683,0.3888
2010,female,80-84,,Envenenamiento accidental por psicofármacos y drogas de abuso,9,771683,1.1663
2010,female,80-84,,Eventos de intención no determinada,1,771683,0.1296
2010,female,80-84,,Suicidio y lesiones autoinfligidas,29,771683,3.758
2010,female,80-84,I-XXII,Todas las causas,34286,771683,4443.0161
2010,female,80-84,,"Trastornos mentales debidos al uso de drogas (drogodependencia, toxicomanía)",0,771683,0.0
2010,female,85-89,,Accidentes de tráfico,32,475998,6.7227
2010,female,85-89,,Agresiones (homicidio),3,475998,0.6303
2010,female,85-89,,Envenenamiento accidental por psicofármacos y drogas de abuso,21,475998,4.4118
2010,female,85-89,,Eventos de intención no determinada,3,475998,0.6303
2010,female,85-89,,Suicidio y lesiones autoinfligidas,27,475998,5.6723
2010,female,85-89,I-XXII,Todas las causas,43303,475998,9097.3071
2010,female,85-89,,"Trastornos mentales debidos al uso de drogas (drogodependencia, toxicomanía)",0,475998,0.0
2010,female,90-94,,Accidentes de tráfico,4,182886,2.1872
2010,female,90-94,,Agresiones (homicidio),2,182886,1.0936
2010,female,90-94,,Envenenamiento accidental por psicofármacos y drogas de abuso,6,182886,3.2807
2010,female,90-94,,Eventos de intención no determinada,0,182886,0.0
2010,female,90-94,,Suicidio y lesiones autoinfligidas,9,182886,4.9211
2010,female,90-94,I-XXII,Todas las causas,31561,182886,17257.1985
2010,female,90-94,,"Trastornos mentales debidos al uso de drogas (drogodependencia, toxicomanía)",0,182886,0.0
2010,female,95+,,Accidentes de tráfico,1,56346,1.7747
2010,female,95+,,Agresiones (homicidio),0,56346,0.0
2010,female,95+,,Envenenamiento accidental por psicofármacos y drogas de abuso,1,56346,1.7747
2010,female,95+,,Eventos de intención no determinada,0,56346,0.0
2010,female,95+,,Suicidio y lesiones autoinfligidas,3,56346,5.3242
2010,female,95+,I-XXII,Todas las causas,16569,56346,29405.8141
2010,female,95+,,"Trastornos mentales debidos al uso de drogas (drogodependencia, toxicomanía)",0,56346,0.0
2010,female,<1,,Accidentes de tráfico,3,232001,1.2931
2010,female,<1,,Agresiones (homicidio),3,232001,1.2931
2010,female,<1,,Envenenamiento accidental por psicofármacos y drogas de abuso,0,232001,0.0
2010,female,<1,,Eventos de intención no determinada,0,232001,0.0
2010,female,<1,,Suicidio y lesiones autoinfligidas,0,232001,0.0
2010,female,<1,I-XXII,Todas las causas,722,232001,311.2056
2010,female,<1,,"Trastornos mentales debidos al uso de drogas (drogodependencia, toxicomanía)",0,232001,0.0
2010,female,all,,Accidentes de tráfico,510,23553899,2.1652
2010,female,all,,Agresiones (homicidio),122,23553899,0.518
2010,female,all,,Envenenamiento accidental por psicofármacos y drogas de abuso,127,23553899,0.5392
2010,female,all,,Eventos de intención no determinada,17,23553899,0.0722
2010,female,all,,Suicidio y lesiones autoinfligidas,690,23553899,2.9295
2010,female,all,I-XXII,Todas las causas,183926,23553899,780.8728
2010,female,all,,"Trastornos mentales debidos al uso de drogas (drogodependencia, toxicomanía)",10,23553899,0.0425
2010,male,1-4,,Accidentes de tráfico,18,1035988,1.7375
2010,male,1-4,,Agresiones (homicidio),3,1035988,0.2896
2010,male,1-4,,Envenenamiento accidental por psicofármacos y drogas de abuso,0,1035988,0.0
2010,male,1-4,,Eventos de intención no determinada,0,1035988,0.0
2010,male,1-4,,Suicidio y lesiones autoinfligidas,0,1035988,0.0
2010,male,1-4,I-XXII,Todas las causas,191,1035988,18.4365
2010,male,1-4,,"Trastornos mentales debidos al uso de drogas (drogodependencia, toxicomanía)",0,1035988,0.0
2010,male,10-14,,Accidentes de tráfico,17,1104277,1.5395
2010,male,10-14,,Agresiones (homicidio),0,1104277,0.0
2010,male,10-14,,Envenenamiento accidental por psicofármacos y drogas de abuso,1,1104277,0.0906
2010,male,10-14,,Eventos de intención no determinada,0,1104277,0.0
2010,male,10-14,,Suicidio y lesiones autoinfligidas,3,1104277,0.2717
2010,male,10-14,I-XXII,Todas las causas,141,1104277,12.7685
2010,male,10-14,,"Trastornos mentales debidos al uso de drogas (drogodependencia, toxicomanía)",0,1104277,0.0
2010,male,15-19,,Accidentes de tráfico,102,1157539,8.8118
2010,male,15-19,,Agresiones (homicidio),4,1157539,0.3456
2010,male,15-19,,Envenenamiento accidental por psicofármacos y drogas de abuso,1,1157539,0.0864
2010,male,15-19,,Eventos de intención no determinada,1,1157539,0.0864
2010,male,15-19,,Suicidio y lesiones autoinfligidas,22,1157539,1.9006
2010,male,15-19,I-XXII,Todas las causas,353,1157539,30.4957
2010,male,15-19,,"Trastornos mentales debidos al uso de drogas (drogodependencia, toxicomanía)",0,1157539,0.0
2010,male,20-24,,Accidentes de tráfico,143,1327179,10.7747
2010,male,20-24,,Agresiones (homicidio),14,1327179,1.0549
2010,male,20-24,,Envenenamiento accidental por psicofármacos y drogas de abuso,13,1327179,0.9795
2010,male,20-24,,Eventos de intención no determinada,3,1327179,0.226
2010,male,20-24,,Suicidio y lesiones autoinfligidas,77,1327179,5.8018
2010,male,20-24,I-XXII,Todas las causas,593,1327179,44.6812
2010,male,20-24,,"Trastornos mentales debidos al uso de drogas (drogodependencia, toxicomanía)",1,1327179,0.0753
2010,male,25-29,,Accidentes de tráfico,174,1688844,10.3029
2010,male,25-29,,Agresiones (homicidio),15,1688844,0.8882
2010,male,25-29,,Envenenamiento accidental por psicofármacos y drogas de abuso,24,1688844,1.4211
2010,male,25-29,,Eventos de intención no determinada,2,1688844,0.1184
2010,male,25-29,,Suicidio y lesiones autoinfligidas,97,1688844,5.7436
2010,male,25-29,I-XXII,Todas las causas,820,1688844,48.5539
2010,male,25-29,,"Trastornos mentales debidos al uso de drogas (drogodependencia, toxicomanía)",3,1688844,0.1776
2010,male,30-34,,Accidentes de tráfico,180,2092405,8.6025
2010,male,30-34,,Agresiones (homicidio),21,2092405,1.0036
2010,male,30-34,,Envenenamiento accidental por psicofármacos y drogas de abuso,42,2092405,2.0073
2010,male,30-34,,Eventos de intención no determinada,3,2092405,0.1434
2010,male,30-34,,Suicidio y lesiones autoinfligidas,175,2092405,8.3636
2010,male,30-34,I-XXII,Todas las causas,1272,2092405,60.7913
2010,male,30-34,,"Trastornos mentales debidos al uso de drogas (drogodependencia, toxicomanía)",6,2092405,0.2868
2010,male,35-39,,Accidentes de tráfico,167,2078651,8.0341
2010,male,35-39,,Agresiones (homicidio),30,2078651,1.4432
2010,male,35-39,,Envenenamiento accidental por psicofármacos y drogas de abuso,79,2078651,3.8005
2010,male,35-39,,Eventos de intención no determinada,2,2078651,0.0962
2010,male,35-39,,Suicidio y lesiones autoinfligidas,228,2078651,10.9687
2010,male,35-39,I-XXII,Todas las causas,1873,2078651,90.1065
2010,male,35-39,,"Trastornos mentales debidos al uso de drogas (drogodependencia, toxicomanía)",7,2078651,0.3368
2010,male,40-44,,Accidentes de tráfico,168,1934773,8.6832
2010,male,40-44,,Agresiones (homicidio),26,1934773,1.3438
2010,male,40-44,,Envenenamiento accidental por psicofármacos y drogas de abuso,88,1934773,4.5483
2010,male,40-44,,Eventos de intención no determinada,4,1934773,0.2067
2010,male,40-44,,Suicidio y lesiones autoinfligidas,262,1934773,13.5416
2010,male,40-44,I-XXII,Todas las causas,3117,1934773,161.1042
2010,male,40-44,,"Trastornos mentales debidos al uso de drogas (drogodependencia, toxicomanía)",9,1934773,0.4652
2010,male,45-49,,Accidentes de tráfico,137,1767514,7.751
2010,male,45-49,,Agresiones (homicidio),15,1767514,0.8486
2010,male,45-49,,Envenenamiento accidental por psicofármacos y drogas de abuso,52,1767514,2.942
2010,male,45-49,,Eventos de intención no determinada,3,1767514,0.1697
2010,male,45-49,,Suicidio y lesiones autoinfligidas,238,1767514,13.4652
2010,male,45-49,I-XXII,Todas las causas,4936,1767514,279.2623
2010,male,45-49,,"Trastornos mentales debidos al uso de drogas (drogodependencia, toxicomanía)",5,1767514,0.2829
2010,male,5-9,,Accidentes de tráfico,5,1196139,0.418
2010,male,5-9,,Agresiones (homicidio),3,1196139,0.2508
2010,male,5-9,,Envenenamiento accidental por psicofármacos y drogas de abuso,0,1196139,0.0
2010,male,5-9,,Eventos de intención no determinada,0,1196139,0.0
2010,male,5-9,,Suicidio y lesiones autoinfligidas,0,1196139,0.0
2010,male,5-9,I-XXII,Todas las causas,119,1196139,9.9487
2010,male,5-9,,"Trastornos mentales debidos al uso de drogas (drogodependencia, toxicomanía)",0,1196139,0.0
2010,male,50-54,,Accidentes de tráfico,131,1544518,8.4816
2010,male,50-54,,Agresiones (homicidio),19,1544518,1.2302
2010,male,50-54,,Envenenamiento accidental por psicofármacos y drogas de abuso,19,1544518,1.2302
2010,male,50-54,,Eventos de intención no determinada,1,1544518,0.0647
2010,male,50-54,,Suicidio y lesiones autoinfligidas,243,1544518,15.7331
2010,male,50-54,I-XXII,Todas las causas,7128,1544518,461.5032
2010,male,50-54,,"Trastornos mentales debidos al uso de drogas (drogodependencia, toxicomanía)",3,1544518,0.1942
2010,male,55-59,,Accidentes de tráfico,96,1286656,7.4612
2010,male,55-59,,Agresiones (homicidio),16,1286656,1.2435
2010,male,55-59,,Envenenamiento accidental por psicofármacos y drogas de abuso,8,1286656,0.6218
2010,male,55-59,,Eventos de intención no determinada,4,1286656,0.3109
2010,male,55-59,,Suicidio y lesiones autoinfligidas,179,1286656,13.912
2010,male,55-59,I-XXII,Todas las causas,9130,1286656,709.5914
2010,male,55-59,,"Trastornos mentales debidos al uso de drogas (drogodependencia, toxicomanía)",3,1286656,0.2332
2010,male,60-64,,Accidentes de tráfico,91,1182165,7.6977
2010,male,60-64,,Agresiones (homicidio),14,1182165,1.1843
2010,male,60-64,,Envenenamiento accidental por psicofármacos y drogas de abuso,5,1182165,0.423
2010,male,60-64,,Eventos de intención no determinada,3,1182165,0.2538
2010,male,60-64,,Suicidio y lesiones autoinfligidas,168,1182165,14.2112
2010,male,60-64,I-XXII,Todas las causas,12382,1182165,1047.4003
2010,male,60-64,,"Trastornos mentales debidos al uso de drogas (drogodependencia, toxicomanía)",1,1182165,0.0846
2010,male,65-69,,Accidentes de tráfico,93,993267,9.363
2010,male,65-69,,Agresiones (homicidio),8,993267,0.8054
2010,male,65-69,,Envenenamiento accidental por psicofármacos y drogas de abuso,6,993267,0.6041
2010,male,65-69,,Eventos de intención no determinada,0,993267,0.0
2010,male,65-69,,Suicidio y lesiones autoinfligidas,147,993267,14.7996
2010,male,65-69,I-XXII,Todas las causas,15398,993267,1550.2378
2010,male,65-69,,"Trastornos mentales debidos al uso de drogas (drogodependencia, toxicomanía)",0,993267,0.0
2010,male,70-74,,Accidentes de tráfico,82,797147,10.2867
2010,male,70-74,,Agresiones (homicidio),5,797147,0.6272
2010,male,70-74,,Envenenamiento accidental por psicofármacos y drogas de abuso,5,797147,0.6272
2010,male,70-74,,Eventos de intención no determinada,4,797147,0.5018
2010,male,70-74,,Suicidio y lesiones autoinfligidas,141,797147,17.6881
2010,male,70-74,I-XXII,Todas las causas,20237,797147,2538.6786
2010,male,70-74,,"Trastornos mentales debidos al uso de drogas (drogodependencia, toxicomanía)",0,797147,0.0
2010,male,75-79,,Accidentes de tráfico,94,748688,12.5553
2010,male,75-79,,Agresiones (homicidio),6,748688,0.8014
2010,male,75-79,,Envenenamiento accidental por psicofármacos y drogas de abuso,5,748688,0.6678
2010,male,75-79,,Eventos de intención no determinada,2,748688,0.2671
2010,male,75-79,,Suicidio y lesiones autoinfligidas,177,748688,23.6414
2010,male,75-79,I-XXII,Todas las causas,31258,748688,4175.0369
2010,male,75-79,,"Trastornos mentales debidos al uso de drogas (drogodependencia, toxicomanía)",0,748688,0.0
2010,male,80-84,,Accidentes de tráfico,74,494200,14.9737
2010,male,80-84,,Agresiones (homicidio),2,494200,0.4047
2010,male,80-84,,Envenenamiento accidental por psicofármacos y drogas de abuso,9,494200,1.8211
2010,male,80-84,,Eventos de intención no determinada,0,494200,0.0
2010,male,80-84,,Suicidio y lesiones autoinfligidas,158,494200,31.9709
2010,male,80-84,I-XXII,Todas las causas,36588,494200,7403.4804
2010,male,80-84,,"Trastornos mentales debidos al uso de drogas (drogodependencia, toxicomanía)",0,494200,0.0
2010,male,85-89,,Accidentes de tráfico,32,245123,13.0547
2010,male,85-89,,Agresiones (homicidio),4,245123,1.6318
2010,male,85-89,,Envenenamiento accidental por psicofármacos y drogas de abuso,8,245123,3.2637
2010,male,85-89,,Eventos de intención no determinada,2,245123,0.8159
2010,male,85-89,,Suicidio y lesiones autoinfligidas,109,245123,44.4675
2010,male,85-89,I-XXII,Todas las causas,31317,245123,12776.0349
2010,male,85-89,,"Trastornos mentales debidos al uso de drogas (drogodependencia, toxicomanía)",0,245123,0.0
2010,male,90-94,,Accidentes de tráfico,15,68949,21.7552
2010,male,90-94,,Agresiones (homicidio),1,68949,1.4503
2010,male,90-94,,Envenenamiento accidental por psicofármacos y drogas de abuso,5,68949,7.2517
2010,male,90-94,,Eventos de intención no determinada,1,68949,1.4503
2010,male,90-94,,Suicidio y lesiones autoinfligidas,38,68949,55.1132
2010,male,90-94,I-XXII,Todas las causas,14937,68949,21663.8385
2010,male,90-94,,"Trastornos mentales debidos al uso de drogas (drogodependencia, toxicomanía)",0,68949,0.0
2010,male,95+,,Accidentes de tráfico,2,16738,11.9489
2010,male,95+,,Agresiones (homicidio),0,16738,0.0
2010,male,95+,,Envenenamiento accidental por psicofármacos y drogas de abuso,0,16738,0.0
2010,male,95+,,Eventos de intención no determinada,0,16738,0.0
2010,male,95+,,Suicidio y lesiones autoinfligidas,6,16738,35.8466
2010,male,95+,I-XXII,Todas las causas,5500,16738,32859.3619
2010,male,95+,,"Trastornos mentales debidos al uso de drogas (drogodependencia, toxicomanía)",0,16738,0.0
2010,male,<1,,Accidentes de tráfico,5,247827,2.0175
2010,male,<1,,Agresiones (homicidio),1,247827,0.4035
2010,male,<1,,Envenenamiento accidental por psicofármacos y drogas de abuso,0,247827,0.0
2010,male,<1,,Eventos de intención no determinada,0,247827,0.0
2010,male,<1,,Suicidio y lesiones autoinfligidas,0,247827,0.0
2010,male,<1,I-XXII,Todas las causas,831,247827,335.3146
2010,male,<1,,"Trastornos mentales debidos al uso de drogas (drogodependencia, toxicomanía)",0,247827,0.0
2010,male,all,,Accidentes de tráfico,1826,23008587,7.9362
2010,male,all,,Agresiones (homicidio),207,23008587,0.8997
2010,male,all,,Envenenamiento accidental por psicofármacos y drogas de abuso,370,23008587,1.6081
2010,male,all,,Eventos de intención no determinada,35,23008587,0.1521
2010,male,all,,Suicidio y lesiones autoinfligidas,2468,23008587,10.7264
2010,male,all,I-XXII,Todas las causas,198121,23008587,861.0742
2010,male,all,,"Trastornos mentales debidos al uso de drogas (drogodependencia, toxicomanía)",38,23008587,0.1652
2011,all,1-4,,Accidentes de tráfico,12,2008178,0.5976
2011,all,1-4,,Agresiones (homicidio),5,2008178,0.249
2011,all,1-4,,Envenenamiento accidental por psicofármacos y drogas de abuso,0,2008178,0.0
2011,all,1-4,,Eventos de intención no determinada,0,2008178,0.0
2011,all,1-4,,Suicidio y lesiones autoinfligidas,0,2008178,0.0
2011,all,1-4,I-XXII,Todas las causas,329,2008178,16.383
2011,all,1-4,,"Trastornos mentales debidos al uso de drogas (drogodependencia, toxicomanía)",0,2008178,0.0
2011,all,10-14,,Accidentes de tráfico,12,2184748,0.5493
2011,all,10-14,,Agresiones (homicidio),8,2184748,0.3662
2011,all,10-14,,Envenenamiento accidental por psicofármacos y drogas de abuso,1,2184748,0.0458
2011,all,10-14,,Eventos de intención no determinada,1,2184748,0.0458
2011,all,10-14,,Suicidio y lesiones autoinfligidas,2,2184748,0.0915
2011,all,10-14,I-XXII,Todas las causas,237,2184748,10.8479
2011,all,10-14,,"Trastornos mentales debidos al uso de drogas (drogodependencia, toxicomanía)",0,2184748,0.0
2011,all,15-19,,Accidentes de tráfico,97,2213054,4.3831
2011,all,15-19,,Agresiones (homicidio),14,2213054,0.6326
2011,all,15-19,,Envenenamiento accidental por psicofármacos y drogas de abuso,6,2213054,0.2711
2011,all,15-19,,Eventos de intención no determinada,2,2213054,0.0904
2011,all,15-19,,Suicidio y lesiones autoinfligidas,45,2213054,2.0334
2011,all,15-19,I-XXII,Todas las causas,500,2213054,22.5932
2011,all,15-19,,"Trastornos mentales debidos al uso de drogas (drogodependencia, toxicomanía)",0,2213054,0.0
2011,all,20-24,,Accidentes de tráfico,169,2533994,6.6693
2011,all,20-24,,Agresiones (homicidio),19,2533994,0.7498
2011,all,20-24,,Envenenamiento accidental por psicofármacos y drogas de abuso,16,2533994,0.6314
2011,all,20-24,,Eventos de intención no determinada,1,2533994,0.0395
2011,all,20-24,,Suicidio y lesiones autoinfligidas,69,2533994,2.723
2011,all,20-24,I-XXII,Todas las causas,779,2533994,30.742
2011,all,20-24,,"Trastornos mentales debidos al uso de drogas (drogodependencia, toxicomanía)",1,2533994,0.0395
2011,all,25-29,,Accidentes de tráfico,154,3144902,4.8968
2011,all,25-29,,Agresiones (homicidio),36,3144902,1.1447
2011,all,25-29,,Envenenamiento accidental por psicofármacos y drogas de abuso,37,3144902,1.1765
2011,all,25-29,,Eventos de intención no determinada,3,3144902,0.0954
2011,all,25-29,,Suicidio y lesiones autoinfligidas,130,3144902,4.1337
2011,all,25-29,I-XXII,Todas las causas,1048,3144902,33.3238
2011,all,25-29,,"Trastornos mentales debidos al uso de drogas (drogodependencia, toxicomanía)",1,3144902,0.0318
2011,all,30-34,,Accidentes de tráfico,167,3940638,4.2379
2011,all,30-34,,Agresiones (homicidio),35,3940638,0.8882
2011,all,30-34,,Envenenamiento accidental por psicofármacos y drogas de abuso,45,3940638,1.1419
2011,all,30-34,,Eventos de intención no determinada,10,3940638,0.2538
2011,all,30-34,,Suicidio y lesiones autoinfligidas,222,3940638,5.6336
2011,all,30-34,I-XXII,Todas las causas,1738,3940638,44.1045
2011,all,30-34,,"Trastornos mentales debidos al uso de drogas (drogodependencia, toxicomanía)",6,3940638,0.1523
2011,all,35-39,,Accidentes de tráfico,180,4072274,4.4201
2011,all,35-39,,Agresiones (homicidio),36,4072274,0.884
2011,all,35-39,,Envenenamiento accidental por psicofármacos y drogas de abuso,77,4072274,1.8908
2011,all,35-39,,Eventos de intención no determinada,7,4072274,0.1719
2011,all,35-39,,Suicidio y lesiones autoinfligidas,274,4072274,6.7284
2011,all,35-39,I-XXII,Todas las causas,2687,4072274,65.9828
2011,all,35-39,,"Trastornos mentales debidos al uso de drogas (drogodependencia, toxicomanía)",6,4072274,0.1473
2011,all,40-44,,Accidentes de tráfico,198,3828440,5.1718
2011,all,40-44,,Agresiones (homicidio),36,3828440,0.9403
2011,all,40-44,,Envenenamiento accidental por psicofármacos y drogas de abuso,77,3828440,2.0113
2011,all,40-44,,Eventos de intención no determinada,10,3828440,0.2612
2011,all,40-44,,Suicidio y lesiones autoinfligidas,343,3828440,8.9593
2011,all,40-44,I-XXII,Todas las causas,4459,3828440,116.4704
2011,all,40-44,,"Trastornos mentales debidos al uso de drogas (drogodependencia, toxicomanía)",6,3828440,0.1567
2011,all,45-49,,Accidentes de tráfico,174,3577063,4.8643
2011,all,45-49,,Agresiones (homicidio),33,3577063,0.9225
2011,all,45-49,,Envenenamiento accidental por psicofármacos y drogas de abuso,70,3577063,1.9569
2011,all,45-49,,Eventos de intención no determinada,14,3577063,0.3914
2011,all,45-49,,Suicidio y lesiones autoinfligidas,300,3577063,8.3868
2011,all,45-49,I-XXII,Todas las causas,7100,3577063,198.4869
2011,all,45-49,,"Trastornos mentales debidos al uso de drogas (drogodependencia, toxicomanía)",4,3577063,0.1118
2011,all,5-9,,Accidentes de tráfico,11,2372351,0.4637
2011,all,5-9,,Agresiones (homicidio),5,2372351,0.2108
2011,all,5-9,,Envenenamiento accidental por psicofármacos y drogas de abuso,0,2372351,0.0
2011,all,5-9,,Eventos de intención no determinada,0,2372351,0.0
2011,all,5-9,,Suicidio y lesiones autoinfligidas,0,2372351,0.0
2011,all,5-9,I-XXII,Todas las causas,206,2372351,8.6834
2011,all,5-9,,"Trastornos mentales debidos al uso de drogas (drogodependencia, toxicomanía)",0,2372351,0.0
2011,all,50-54,,Accidentes de tráfico,135,3196785,4.223
2011,all,50-54,,Agresiones (homicidio),22,3196785,0.6882
2011,all,50-54,,Envenenamiento accidental por psicofármacos y drogas de abuso,38,3196785,1.1887
2011,all,50-54,,Eventos de intención no determinada,10,3196785,0.3128
2011,all,50-54,,Suicidio y lesiones autoinfligidas,315,3196785,9.8536
2011,all,50-54,I-XXII,Todas las causas,10522,3196785,329.1432
2011,all,50-54,,"Trastornos mentales debidos al uso de drogas (drogodependencia, toxicomanía)",4,3196785,0.1251
2011,all,55-59,,Accidentes de tráfico,114,2683494,4.2482
2011,all,55-59,,Agresiones (homicidio),16,2683494,0.5962
2011,all,55-59,,Envenenamiento accidental por psicofármacos y drogas de abuso,21,2683494,0.7826
2011,all,55-59,,Eventos de intención no determinada,9,2683494,0.3354
2011,all,55-59,,Suicidio y lesiones autoinfligidas,237,2683494,8.8318
2011,all,55-59,I-XXII,Todas las causas,13153,2683494,490.1446
2011,all,55-59,,"Trastornos mentales debidos al uso de drogas (drogodependencia, toxicomanía)",1,2683494,0.0373
2011,all,60-64,,Accidentes de tráfico,114,2453413,4.6466
2011,all,60-64,,Agresiones (homicidio),14,2453413,0.5706
2011,all,60-64,,Envenenamiento accidental por psicofármacos y drogas de abuso,9,2453413,0.3668
2011,all,60-64,,Eventos de intención no determinada,2,2453413,0.0815
2011,all,60-64,,Suicidio y lesiones autoinfligidas,194,2453413,7.9074
2011,all,60-64,I-XXII,Todas las causas,17493,2453413,713.0067
2011,all,60-64,,"Trastornos mentales debidos al uso de drogas (drogodependencia, toxicomanía)",0,2453413,0.0
2011,all,65-69,,Accidentes de tráfico,117,2147718,5.4476
2011,all,65-69,,Agresiones (homicidio),12,2147718,0.5587
2011,all,65-69,,Envenenamiento accidental por psicofármacos y drogas de abuso,9,2147718,0.419
2011,all,65-69,,Eventos de intención no determinada,3,2147718,0.1397
2011,all,65-69,,Suicidio y lesiones autoinfligidas,198,2147718,9.2191
2011,all,65-69,I-XXII,Todas las causas,22532,2147718,1049.1135
2011,all,65-69,,"Trastornos mentales debidos al uso de drogas (drogodependencia, toxicomanía)",0,2147718,0.0
2011,all,70-74,,Accidentes de tráfico,100,1738530,5.752
2011,all,70-74,,Agresiones (homicidio),9,1738530,0.5177
2011,all,70-74,,Envenenamiento accidental por psicofármacos y drogas de abuso,11,1738530,0.6327
2011,all,70-74,,Eventos de intención no determinada,1,1738530,0.0575
2011,all,70-74,,Suicidio y lesiones autoinfligidas,204,1738530,11.7341
2011,all,70-74,I-XXII,Todas las causas,29946,1738530,1722.4897
2011,all,70-74,,"Trastornos mentales debidos al uso de drogas (drogodependencia, toxicomanía)",0,1738530,0.0
2011,all,75-79,,Accidentes de tráfico,152,1750868,8.6814
2011,all,75-79,,Agresiones (homicidio),17,1750868,0.9709
2011,all,75-79,,Envenenamiento accidental por psicofármacos y drogas de abuso,18,1750868,1.0281
2011,all,75-79,,Eventos de intención no determinada,7,1750868,0.3998
2011,all,75-79,,Suicidio y lesiones autoinfligidas,258,1750868,14.7355
2011,all,75-79,I-XXII,Todas las causas,51939,1750868,2966.4715
2011,all,75-79,,"Trastornos mentales debidos al uso de drogas (drogodependencia, toxicomanía)",0,1750868,0.0
2011,all,80-84,,Accidentes de tráfico,110,1306510,8.4194
2011,all,80-84,,Agresiones (homicidio),11,1306510,0.8419
2011,all,80-84,,Envenenamiento accidental por psicofármacos y drogas de abuso,49,1306510,3.7504
2011,all,80-84,,Eventos de intención no determinada,3,1306510,0.2296
2011,all,80-84,,Suicidio y lesiones autoinfligidas,216,1306510,16.5326
2011,all,80-84,I-XXII,Todas las causas,72313,1306510,5534.8218
2011,all,80-84,,"Trastornos mentales debidos al uso de drogas (drogodependencia, toxicomanía)",1,1306510,0.0765
2011,all,85-89,,Accidentes de tráfico,76,755297,10.0623
2011,all,85-89,,Agresiones (homicidio),1,755297,0.1324
2011,all,85-89,,Envenenamiento accidental por psicofármacos y drogas de abuso,47,755297,6.2227
2011,all,85-89,,Eventos de intención no determinada,1,755297,0.1324
2011,all,85-89,,Suicidio y lesiones autoinfligidas,123,755297,16.285
2011,all,85-89,I-XXII,Todas las causas,77293,755297,10233.4578
2011,all,85-89,,"Trastornos mentales debidos al uso de drogas (drogodependencia, toxicomanía)",0,755297,0.0
2011,all,90-94,,Accidentes de tráfico,20,274289,7.2916
2011,all,90-94,,Agresiones (homicidio),3,274289,1.0937
2011,all,90-94,,Envenenamiento accidental por psicofármacos y drogas de abuso,19,274289,6.927
2011,all,90-94,,Eventos de intención no determinada,1,274289,0.3646
2011,all,90-94,,Suicidio y lesiones autoinfligidas,40,274289,14.5832
2011,all,90-94,I-XXII,Todas las causas,48781,274289,17784.5265
2011,all,90-94,,"Trastornos mentales debidos al uso de drogas (drogodependencia, toxicomanía)",0,274289,0.0
2011,all,95+,,Accidentes de tráfico,2,78992,2.5319
2011,all,95+,,Agresiones (homicidio),0,78992,0.0
2011,all,95+,,Envenenamiento accidental por psicofármacos y drogas de abuso,10,78992,12.6595
2011,all,95+,,Eventos de intención no determinada,1,78992,1.266
2011,all,95+,,Suicidio y lesiones autoinfligidas,10,78992,12.6595
2011,all,95+,I-XXII,Todas las causas,23351,78992,29561.2214
2011,all,95+,,"Trastornos mentales debidos al uso de drogas (drogodependencia, toxicomanía)",0,78992,0.0
2011,all,<1,,Accidentes de tráfico,2,474723,0.4213
2011,all,<1,,Agresiones (homicidio),2,474723,0.4213
2011,all,<1,,Envenenamiento accidental por psicofármacos y drogas de abuso,0,474723,0.0
2011,all,<1,,Eventos de intención no determinada,1,474723,0.2106
2011,all,<1,,Suicidio y lesiones autoinfligidas,0,474723,0.0
2011,all,<1,I-XXII,Todas las causas,1505,474723,317.027
2011,all,<1,,"Trastornos mentales debidos al uso de drogas (drogodependencia, toxicomanía)",0,474723,0.0
2011,all,all,,Accidentes de tráfico,2116,46736261,4.5275
2011,all,all,,Agresiones (homicidio),334,46736261,0.7146
2011,all,all,,Envenenamiento accidental por psicofármacos y drogas de abuso,560,46736261,1.1982
2011,all,all,,Eventos de intención no determinada,87,46736261,0.1862
2011,all,all,,Suicidio y lesiones autoinfligidas,3180,46736261,6.8041
2011,all,all,I-XXII,Todas las causas,387911,46736261,830.0001
2011,all,all,,"Trastornos mentales debidos al uso de drogas (drogodependencia, toxicomanía)",30,46736261,0.0642
2011,female,1-4,,Accidentes de tráfico,6,971365,0.6177
2011,female,1-4,,Agresiones (homicidio),2,971365,0.2059
2011,female,1-4,,Envenenamiento accidental por psicofármacos y drogas de abuso,0,971365,0.0
2011,female,1-4,,Eventos de intención no determinada,0,971365,0.0
2011,female,1-4,,Suicidio y lesiones autoinfligidas,0,971365,0.0
2011,female,1-4,I-XXII,Todas las causas,146,971365,15.0304
2011,female,1-4,,"Trastornos mentales debidos al uso de drogas (drogodependencia, toxicomanía)",0,971365,0.0
2011,female,10-14,,Accidentes de tráfico,5,1061044,0.4712
2011,female,10-14,,Agresiones (homicidio),2,1061044,0.1885
2011,female,10-14,,Envenenamiento accidental por psicofármacos y drogas de abuso,0,1061044,0.0
2011,female,10-14,,Eventos de intención no determinada,0,1061044,0.0
2011,female,10-14,,Suicidio y lesiones autoinfligidas,1,1061044,0.0942
2011,female,10-14,I-XXII,Todas las causas,105,1061044,9.8959
2011,female,10-14,,"Trastornos mentales debidos al uso de drogas (drogodependencia, toxicomanía)",0,1061044,0.0
2011,female,15-19,,Accidentes de tráfico,21,1073036,1.9571
2011,female,15-19,,Agresiones (homicidio),4,1073036,0.3728
2011,female,15-19,,Envenenamiento accidental por psicofármacos y drogas de abuso,3,1073036,0.2796
2011,female,15-19,,Eventos de intención no determinada,1,1073036,0.0932
2011,female,15-19,,Suicidio y lesiones autoinfligidas,12,1073036,1.1183
2011,female,15-19,I-XXII,Todas las causas,185,1073036,17.2408
2011,female,15-19,,"Trastornos mentales debidos al uso de drogas (drogodependencia, toxicomanía)",0,1073036,0.0
2011,female,20-24,,Accidentes de tráfico,35,1245685,2.8097
2011,female,20-24,,Agresiones (homicidio),5,1245685,0.4014
2011,female,20-24,,Envenenamiento accidental por psicofármacos y drogas de abuso,2,1245685,0.1606
2011,female,20-24,,Eventos de intención no determinada,1,1245685,0.0803
2011,female,20-24,,Suicidio y lesiones autoinfligidas,9,1245685,0.7225
2011,female,20-24,I-XXII,Todas las causas,196,1245685,15.7343
2011,female,20-24,,"Trastornos mentales debidos al uso de drogas (drogodependencia, toxicomanía)",0,1245685,0.0
2011,female,25-29,,Accidentes de tráfico,30,1551663,1.9334
2011,female,25-29,,Agresiones (homicidio),14,1551663,0.9023
2011,female,25-29,,Envenenamiento accidental por psicofármacos y drogas de abuso,8,1551663,0.5156
2011,female,25-29,,Eventos de intención no determinada,0,1551663,0.0
2011,female,25-29,,Suicidio y lesiones autoinfligidas,20,1551663,1.2889
2011,female,25-29,I-XXII,Todas las causas,309,1551663,19.9141
2011,female,25-29,,"Trastornos mentales debidos al uso de drogas (drogodependencia, toxicomanía)",0,1551663,0.0
2011,female,30-34,,Accidentes de tráfico,17,1916808,0.8869
2011,female,30-34,,Agresiones (homicidio),12,1916808,0.626
2011,female,30-34,,Envenenamiento accidental por psicofármacos y drogas de abuso,6,1916808,0.313
2011,female,30-34,,Eventos de intención no determinada,3,1916808,0.1565
2011,female,30-34,,Suicidio y lesiones autoinfligidas,50,1916808,2.6085
2011,female,30-34,I-XXII,Todas las causas,552,1916808,28.7979
2011,female,30-34,,"Trastornos mentales debidos al uso de drogas (drogodependencia, toxicomanía)",2,1916808,0.1043
2011,female,35-39,,Accidentes de tráfico,16,1972082,0.8113
2011,female,35-39,,Agresiones (homicidio),10,1972082,0.5071
2011,female,35-39,,Envenenamiento accidental por psicofármacos y drogas de abuso,15,1972082,0.7606
2011,female,35-39,,Eventos de intención no determinada,2,1972082,0.1014
2011,female,35-39,,Suicidio y lesiones autoinfligidas,63,1972082,3.1946
2011,female,35-39,I-XXII,Todas las causas,910,1972082,46.1441
2011,female,35-39,,"Trastornos mentales debidos al uso de drogas (drogodependencia, toxicomanía)",2,1972082,0.1014
2011,female,40-44,,Accidentes de tráfico,33,1872063,1.7628
2011,female,40-44,,Agresiones (homicidio),11,1872063,0.5876
2011,female,40-44,,Envenenamiento accidental por psicofármacos y drogas de abuso,12,1872063,0.641
2011,female,40-44,,Eventos de intención no determinada,2,1872063,0.1068
2011,female,40-44,,Suicidio y lesiones autoinfligidas,75,1872063,4.0063
2011,female,40-44,I-XXII,Todas las causas,1533,1872063,81.8883
2011,female,40-44,,"Trastornos mentales debidos al uso de drogas (drogodependencia, toxicomanía)",3,1872063,0.1603
2011,female,45-49,,Accidentes de tráfico,26,1774286,1.4654
2011,female,45-49,,Agresiones (homicidio),9,1774286,0.5072
2011,female,45-49,,Envenenamiento accidental por psicofármacos y drogas de abuso,12,1774286,0.6763
2011,female,45-49,,Eventos de intención no determinada,4,1774286,0.2254
2011,female,45-49,,Suicidio y lesiones autoinfligidas,71,1774286,4.0016
2011,female,45-49,I-XXII,Todas las causas,2359,1774286,132.9549
2011,female,45-49,,"Trastornos mentales debidos al uso de drogas (drogodependencia, toxicomanía)",0,1774286,0.0
2011,female,5-9,,Accidentes de tráfico,2,1152605,0.1735
2011,female,5-9,,Agresiones (homicidio),1,1152605,0.0868
2011,female,5-9,,Envenenamiento accidental por psicofármacos y drogas de abuso,0,1152605,0.0
2011,female,5-9,,Eventos de intención no determinada,0,1152605,0.0
2011,female,5-9,,Suicidio y lesiones autoinfligidas,0,1152605,0.0
2011,female,5-9,I-XXII,Todas las causas,83,1152605,7.2011
2011,female,5-9,,"Trastornos mentales debidos al uso de drogas (drogodependencia, toxicomanía)",0,1152605,0.0
2011,female,50-54,,Accidentes de tráfico,23,1604585,1.4334
2011,female,50-54,,Agresiones (homicidio),5,1604585,0.3116
2011,female,50-54,,Envenenamiento accidental por psicofármacos y drogas de abuso,12,1604585,0.7479
2011,female,50-54,,Eventos de intención no determinada,0,1604585,0.0
2011,female,50-54,,Suicidio y lesiones autoinfligidas,81,1604585,5.048
2011,female,50-54,I-XXII,Todas las causas,3370,1604585,210.0232
2011,female,50-54,,"Trastornos mentales debidos al uso de drogas (drogodependencia, toxicomanía)",0,1604585,0.0
2011,female,55-59,,Accidentes de tráfico,24,1361180,1.7632
2011,female,55-59,,Agresiones (homicidio),3,1361180,0.2204
2011,female,55-59,,Envenenamiento accidental por psicofármacos y drogas de abuso,7,1361180,0.5143
2011,female,55-59,,Eventos de intención no determinada,2,1361180,0.1469
2011,female,55-59,,Suicidio y lesiones autoinfligidas,57,1361180,4.1875
2011,female,55-59,I-XXII,Todas las causas,4001,1361180,293.9361
2011,female,55-59,,"Trastornos mentales debidos al uso de drogas (drogodependencia, toxicomanía)",0,1361180,0.0
2011,female,60-64,,Accidentes de tráfico,33,1263906,2.611
2011,female,60-64,,Agresiones (homicidio),4,1263906,0.3165
2011,female,60-64,,Envenenamiento accidental por psicofármacos y drogas de abuso,5,1263906,0.3956
2011,female,60-64,,Eventos de intención no determinada,0,1263906,0.0
2011,female,60-64,,Suicidio y lesiones autoinfligidas,48,1263906,3.7978
2011,female,60-64,I-XXII,Todas las causas,5129,1263906,405.8055
2011,female,60-64,,"Trastornos mentales debidos al uso de drogas (drogodependencia, toxicomanía)",0,1263906,0.0
2011,female,65-69,,Accidentes de tráfico,29,1126382,2.5746
2011,female,65-69,,Agresiones (homicidio),2,1126382,0.1776
2011,female,65-69,,Envenenamiento accidental por psicofármacos y drogas de abuso,2,1126382,0.1776
2011,female,65-69,,Eventos de intención no determinada,2,1126382,0.1776
2011,female,65-69,,Suicidio y lesiones autoinfligidas,59,1126382,5.238
2011,female,65-69,I-XXII,Todas las causas,6899,1126382,612.492
2011,female,65-69,,"Trastornos mentales debidos al uso de drogas (drogodependencia, toxicomanía)",0,1126382,0.0
2011,female,70-74,,Accidentes de tráfico,36,943295,3.8164
2011,female,70-74,,Agresiones (homicidio),7,943295,0.7421
2011,female,70-74,,Envenenamiento accidental por psicofármacos y drogas de abuso,4,943295,0.424
2011,female,70-74,,Eventos de intención no determinada,1,943295,0.106
2011,female,70-74,,Suicidio y lesiones autoinfligidas,66,943295,6.9968
2011,female,70-74,I-XXII,Todas las causas,10229,943295,1084.3904
2011,female,70-74,,"Trastornos mentales debidos al uso de drogas (drogodependencia, toxicomanía)",0,943295,0.0
2011,female,75-79,,Accidentes de tráfico,54,995099,5.4266
2011,female,75-79,,Agresiones (homicidio),5,995099,0.5025
2011,female,75-79,,Envenenamiento accidental por psicofármacos y drogas de abuso,10,995099,1.0049
2011,female,75-79,,Eventos de intención no determinada,1,995099,0.1005
2011,female,75-79,,Suicidio y lesiones autoinfligidas,42,995099,4.2207
2011,female,75-79,I-XXII,Todas las causas,21126,995099,2123.0048
2011,female,75-79,,"Trastornos mentales debidos al uso de drogas (drogodependencia, toxicomanía)",0,995099,0.0
2011,female,80-84,,Accidentes de tráfico,42,792870,5.2972
2011,female,80-84,,Agresiones (homicidio),5,792870,0.6306
2011,female,80-84,,Envenenamiento accidental por psicofármacos y drogas de abuso,28,792870,3.5315
2011,female,80-84,,Eventos de intención no determinada,2,792870,0.2522
2011,female,80-84,,Suicidio y lesiones autoinfligidas,44,792870,5.5495
2011,female,80-84,I-XXII,Todas las causas,35060,792870,4421.9103
2011,female,80-84,,"Trastornos mentales debidos al uso de drogas (drogodependencia, toxicomanía)",1,792870,0.1261
2011,female,85-89,,Accidentes de tráfico,40,496811,8.0514
2011,female,85-89,,Agresiones (homicidio),1,496811,0.2013
2011,female,85-89,,Envenenamiento accidental por psicofármacos y drogas de abuso,32,496811,6.4411
2011,female,85-89,,Eventos de intención no determinada,1,496811,0.2013
2011,female,85-89,,Suicidio y lesiones autoinfligidas,31,496811,6.2398
2011,female,85-89,I-XXII,Todas las causas,44639,496811,8985.107
2011,female,85-89,,"Trastornos mentales debidos al uso de drogas (drogodependencia, toxicomanía)",0,496811,0.0
2011,female,90-94,,Accidentes de tráfico,10,197512,5.063
2011,female,90-94,,Agresiones (homicidio),1,197512,0.5063
2011,female,90-94,,Envenenamiento accidental por psicofármacos y drogas de abuso,15,197512,7.5945
2011,female,90-94,,Eventos de intención no determinada,1,197512,0.5063
2011,female,90-94,,Suicidio y lesiones autoinfligidas,9,197512,4.5567
2011,female,90-94,I-XXII,Todas las causas,32886,197512,16650.1276
2011,female,90-94,,"Trastornos mentales debidos al uso de drogas (drogodependencia, toxicomanía)",0,197512,0.0
2011,female,95+,,Accidentes de tráfico,0,60966,0.0
2011,female,95+,,Agresiones (homicidio),0,60966,0.0
2011,female,95+,,Envenenamiento accidental por psicofármacos y drogas de abuso,9,60966,14.7623
2011,female,95+,,Eventos de intención no determinada,0,60966,0.0
2011,female,95+,,Suicidio y lesiones autoinfligidas,7,60966,11.4818
2011,female,95+,I-XXII,Todas las causas,17653,60966,28955.4834
2011,female,95+,,"Trastornos mentales debidos al uso de drogas (drogodependencia, toxicomanía)",0,60966,0.0
2011,female,<1,,Accidentes de tráfico,2,229738,0.8706
2011,female,<1,,Agresiones (homicidio),1,229738,0.4353
2011,female,<1,,Envenenamiento accidental por psicofármacos y drogas de abuso,0,229738,0.0
2011,female,<1,,Eventos de intención no determinada,0,229738,0.0
2011,female,<1,,Suicidio y lesiones autoinfligidas,0,229738,0.0
2011,female,<1,I-XXII,Todas las causas,687,229738,299.0363
2011,female,<1,,"Trastornos mentales debidos al uso de drogas (drogodependencia, toxicomanía)",0,229738,0.0
2011,female,all,,Accidentes de tráfico,484,23662981,2.0454
2011,female,all,,Agresiones (homicidio),104,23662981,0.4395
2011,female,all,,Envenenamiento accidental por psicofármacos y drogas de abuso,182,23662981,0.7691
2011,female,all,,Eventos de intención no determinada,23,23662981,0.0972
2011,female,all,,Suicidio y lesiones autoinfligidas,745,23662981,3.1484
2011,female,all,I-XXII,Todas las causas,188057,23662981,794.7308
2011,female,all,,"Trastornos mentales debidos al uso de drogas (drogodependencia, toxicomanía)",8,23662981,0.0338
2011,male,1-4,,Accidentes de tráfico,6,1036811,0.5787
2011,male,1-4,,Agresiones (homicidio),3,1036811,0.2893
2011,male,1-4,,Envenenamiento accidental por psicofármacos y drogas de abuso,0,1036811,0.0
2011,male,1-4,,Eventos de intención no determinada,0,1036811,0.0
2011,male,1-4,,Suicidio y lesiones autoinfligidas,0,1036811,0.0
2011,male,1-4,I-XXII,Todas las causas,183,1036811,17.6503
2011,male,1-4,,"Trastornos mentales debidos al uso de drogas (drogodependencia, toxicomanía)",0,1036811,0.0
2011,male,10-14,,Accidentes de tráfico,7,1123704,0.6229
2011,male,10-14,,Agresiones (homicidio),6,1123704,0.5339
2011,male,10-14,,Envenenamiento accidental por psicofármacos y drogas de abuso,1,1123704,0.089
2011,male,10-14,,Eventos de intención no determinada,1,1123704,0.089
2011,male,10-14,,Suicidio y lesiones autoinfligidas,1,1123704,0.089
2011,male,10-14,I-XXII,Todas las causas,132,1123704,11.7469
2011,male,10-14,,"Trastornos mentales debidos al uso de drogas (drogodependencia, toxicomanía)",0,1123704,0.0
2011,male,15-19,,Accidentes de tráfico,76,1140017,6.6666
2011,male,15-19,,Agresiones (homicidio),10,1140017,0.8772
2011,male,15-19,,Envenenamiento accidental por psicofármacos y drogas de abuso,3,1140017,0.2632
2011,male,15-19,,Eventos de intención no determinada,1,1140017,0.0877
2011,male,15-19,,Suicidio y lesiones autoinfligidas,33,1140017,2.8947
2011,male,15-19,I-XXII,Todas las causas,315,1140017,27.6312
2011,male,15-19,,"Trastornos mentales debidos al uso de drogas (drogodependencia, toxicomanía)",0,1140017,0.0
2011,male,20-24,,Accidentes de tráfico,134,1288309,10.4012
2011,male,20-24,,Agresiones (homicidio),14,1288309,1.0867
2011,male,20-24,,Envenenamiento accidental por psicofármacos y drogas de abuso,14,1288309,1.0867
2011,male,20-24,,Eventos de intención no determinada,0,1288309,0.0
2011,male,20-24,,Suicidio y lesiones autoinfligidas,60,1288309,4.6573
2011,male,20-24,I-XXII,Todas las causas,583,1288309,45.2531
2011,male,20-24,,"Trastornos mentales debidos al uso de drogas (drogodependencia, toxicomanía)",1,1288309,0.0776
2011,male,25-29,,Accidentes de tráfico,124,1593240,7.7829
2011,male,25-29,,Agresiones (homicidio),22,1593240,1.3808
2011,male,25-29,,Envenenamiento accidental por psicofármacos y drogas de abuso,29,1593240,1.8202
2011,male,25-29,,Eventos de intención no determinada,3,1593240,0.1883
2011,male,25-29,,Suicidio y lesiones autoinfligidas,110,1593240,6.9042
2011,male,25-29,I-XXII,Todas las causas,739,1593240,46.3835
2011,male,25-29,,"Trastornos mentales debidos al uso de drogas (drogodependencia, toxicomanía)",1,1593240,0.0628
2011,male,30-34,,Accidentes de tráfico,150,2023828,7.4117
2011,male,30-34,,Agresiones (homicidio),23,2023828,1.1365
2011,male,30-34,,Envenenamiento accidental por psicofármacos y drogas de abuso,39,2023828,1.927
2011,male,30-34,,Eventos de intención no determinada,7,2023828,0.3459
2011,male,30-34,,Suicidio y lesiones autoinfligidas,172,2023828,8.4987
2011,male,30-34,I-XXII,Todas las causas,1186,2023828,58.6018
2011,male,30-34,,"Trastornos mentales debidos al uso de drogas (drogodependencia, toxicomanía)",4,2023828,0.1976
2011,male,35-39,,Accidentes de tráfico,164,2100191,7.8088
2011,male,35-39,,Agresiones (homicidio),26,2100191,1.238
2011,male,35-39,,Envenenamiento accidental por psicofármacos y drogas de abuso,62,2100191,2.9521
2011,male,35-39,,Eventos de intención no determinada,5,2100191,0.2381
2011,male,35-39,,Suicidio y lesiones autoinfligidas,211,2100191,10.0467
2011,male,35-39,I-XXII,Todas las causas,1777,2100191,84.6114
2011,male,35-39,,"Trastornos mentales debidos al uso de drogas (drogodependencia, toxicomanía)",4,2100191,0.1905
2011,male,40-44,,Accidentes de tráfico,165,1956378,8.434
2011,male,40-44,,Agresiones (homicidio),25,1956378,1.2779
2011,male,40-44,,Envenenamiento accidental por psicofármacos y drogas de abuso,65,1956378,3.3225
2011,male,40-44,,Eventos de intención no determinada,8,1956378,0.4089
2011,male,40-44,,Suicidio y lesiones autoinfligidas,268,1956378,13.6988
2011,male,40-44,I-XXII,Todas las causas,2926,1956378,149.5621
2011,male,40-44,,"Trastornos mentales debidos al uso de drogas (drogodependencia, toxicomanía)",3,1956378,0.1533
2011,male,45-49,,Accidentes de tráfico,148,1802777,8.2096
2011,male,45-49,,Agresiones (homicidio),24,1802777,1.3313
2011,male,45-49,,Envenenamiento accidental por psicofármacos y drogas de abuso,58,1802777,3.2173
2011,male,45-49,,Eventos de intención no determinada,10,1802777,0.5547
2011,male,45-49,,Suicidio y lesiones autoinfligidas,229,1802777,12.7026
2011,male,45-49,I-XXII,Todas las causas,4741,1802777,262.9832
2011,male,45-49,,"Trastornos mentales debidos al uso de drogas (drogodependencia, toxicomanía)",4,1802777,0.2219
2011,male,5-9,,Accidentes de tráfico,9,1219746,0.7379
2011,male,5-9,,Agresiones (homicidio),4,1219746,0.3279
2011,male,5-9,,Envenenamiento accidental por psicofármacos y drogas de abuso,0,1219746,0.0
2011,male,5-9,,Eventos de intención no determinada,0,1219746,0.0
2011,male,5-9,,Suicidio y lesiones autoinfligidas,0,1219746,0.0
2011,male,5-9,I-XXII,Todas las causas,123,1219746,10.0841
2011,male,5-9,,"Trastornos mentales debidos al uso de drogas (drogodependencia, toxicomanía)",0,1219746,0.0
2011,male,50-54,,Accidentes de tráfico,112,1592201,7.0343
2011,male,50-54,,Agresiones (homicidio),17,1592201,1.0677
2011,male,50-54,,Envenenamiento accidental por psicofármacos y drogas de abuso,26,1592201,1.633
2011,male,50-54,,Eventos de intención no determinada,10,1592201,0.6281
2011,male,50-54,,Suicidio y lesiones autoinfligidas,234,1592201,14.6966
2011,male,50-54,I-XXII,Todas las causas,7152,1592201,449.1895
2011,male,50-54,,"Trastornos mentales debidos al uso de drogas (drogodependencia, toxicomanía)",4,1592201,0.2512
2011,male,55-59,,Accidentes de tráfico,90,1322314,6.8063
2011,male,55-59,,Agresiones (homicidio),13,1322314,0.9831
2011,male,55-59,,Envenenamiento accidental por psicofármacos y drogas de abuso,14,1322314,1.0588
2011,male,55-59,,Eventos de intención no determinada,7,1322314,0.5294
2011,male,55-59,,Suicidio y lesiones autoinfligidas,180,1322314,13.6125
2011,male,55-59,I-XXII,Todas las causas,9152,1322314,692.12
2011,male,55-59,,"Trastornos mentales debidos al uso de drogas (drogodependencia, toxicomanía)",1,1322314,0.0756
2011,male,60-64,,Accidentes de tráfico,81,1189507,6.8095
2011,male,60-64,,Agresiones (homicidio),10,1189507,0.8407
2011,male,60-64,,Envenenamiento accidental por psicofármacos y drogas de abuso,4,1189507,0.3363
2011,male,60-64,,Eventos de intención no determinada,2,1189507,0.1681
2011,male,60-64,,Suicidio y lesiones autoinfligidas,146,1189507,12.274
2011,male,60-64,I-XXII,Todas las causas,12364,1189507,1039.4222
2011,male,60-64,,"Trastornos mentales debidos al uso de drogas (drogodependencia, toxicomanía)",0,1189507,0.0
2011,male,65-69,,Accidentes de tráfico,88,1021335,8.6162
2011,male,65-69,,Agresiones (homicidio),10,1021335,0.9791
2011,male,65-69,,Envenenamiento accidental por psicofármacos y drogas de abuso,7,1021335,0.6854
2011,male,65-69,,Eventos de intención no determinada,1,1021335,0.0979
2011,male,65-69,,Suicidio y lesiones autoinfligidas,139,1021335,13.6096
2011,male,65-69,I-XXII,Todas las causas,15633,1021335,1530.6437
2011,male,65-69,,"Trastornos mentales debidos al uso de drogas (drogodependencia, toxicomanía)",0,1021335,0.0
2011,male,70-74,,Accidentes de tráfico,64,795233,8.048
2011,male,70-74,,Agresiones (homicidio),2,795233,0.2515
2011,male,70-74,,Envenenamiento accidental por psicofármacos y drogas de abuso,7,795233,0.8802
2011,male,70-74,,Eventos de intención no determinada,0,795233,0.0
2011,male,70-74,,Suicidio y lesiones autoinfligidas,138,795233,17.3534
2011,male,70-74,I-XXII,Todas las causas,19717,795233,2479.3991
2011,male,70-74,,"Trastornos mentales debidos al uso de drogas (drogodependencia, toxicomanía)",0,795233,0.0
2011,male,75-79,,Accidentes de tráfico,98,755768,12.9669
2011,male,75-79,,Agresiones (homicidio),12,755768,1.5878
2011,male,75-79,,Envenenamiento accidental por psicofármacos y drogas de abuso,8,755768,1.0585
2011,male,75-79,,Eventos de intención no determinada,6,755768,0.7939
2011,male,75-79,,Suicidio y lesiones autoinfligidas,216,755768,28.5802
2011,male,75-79,I-XXII,Todas las causas,30813,755768,4077.0448
2011,male,75-79,,"Trastornos mentales debidos al uso de drogas (drogodependencia, toxicomanía)",0,755768,0.0
2011,male,80-84,,Accidentes de tráfico,68,513638,13.2389
2011,male,80-84,,Agresiones (homicidio),6,513638,1.1681
2011,male,80-84,,Envenenamiento accidental por psicofármacos y drogas de abuso,21,513638,4.0885
2011,male,80-84,,Eventos de intención no determinada,1,513638,0.1947
2011,male,80-84,,Suicidio y lesiones autoinfligidas,172,513638,33.4866
2011,male,80-84,I-XXII,Todas las causas,37253,513638,7252.7734
2011,male,80-84,,"Trastornos mentales debidos al uso de drogas (drogodependencia, toxicomanía)",0,513638,0.0
2011,male,85-89,,Accidentes de tráfico,36,258488,13.9271
2011,male,85-89,,Agresiones (homicidio),0,258488,0.0
2011,male,85-89,,Envenenamiento accidental por psicofármacos y drogas de abuso,15,258488,5.803
2011,male,85-89,,Eventos de intención no determinada,0,258488,0.0
2011,male,85-89,,Suicidio y lesiones autoinfligidas,92,258488,35.5916
2011,male,85-89,I-XXII,Todas las causas,32654,258488,12632.6947
2011,male,85-89,,"Trastornos mentales debidos al uso de drogas (drogodependencia, toxicomanía)",0,258488,0.0
2011,male,90-94,,Accidentes de tráfico,10,76777,13.0247
2011,male,90-94,,Agresiones (homicidio),2,76777,2.6049
2011,male,90-94,,Envenenamiento accidental por psicofármacos y drogas de abuso,4,76777,5.2099
2011,male,90-94,,Eventos de intención no determinada,0,76777,0.0
2011,male,90-94,,Suicidio y lesiones autoinfligidas,31,76777,40.3767
2011,male,90-94,I-XXII,Todas las causas,15895,76777,20702.8146
2011,male,90-94,,"Trastornos mentales debidos al uso de drogas (drogodependencia, toxicomanía)",0,76777,0.0
2011,male,95+,,Accidentes de tráfico,2,18026,11.0951
2011,male,95+,,Agresiones (homicidio),0,18026,0.0
2011,male,95+,,Envenenamiento accidental por psicofármacos y drogas de abuso,1,18026,5.5475
2011,male,95+,,Eventos de intención no determinada,1,18026,5.5475
2011,male,95+,,Suicidio y lesiones autoinfligidas,3,18026,16.6426
2011,male,95+,I-XXII,Todas las causas,5698,18026,31609.8968
2011,male,95+,,"Trastornos mentales debidos al uso de drogas (drogodependencia, toxicomanía)",0,18026,0.0
2011,male,<1,,Accidentes de tráfico,0,244986,0.0
2011,male,<1,,Agresiones (homicidio),1,244986,0.4082
2011,male,<1,,Envenenamiento accidental por psicofármacos y drogas de abuso,0,244986,0.0
2011,male,<1,,Eventos de intención no determinada,1,244986,0.4082
2011,male,<1,,Suicidio y lesiones autoinfligidas,0,244986,0.0
2011,male,<1,I-XXII,Todas las causas,818,244986,333.8966
2011,male,<1,,"Trastornos mentales debidos al uso de drogas (drogodependencia, toxicomanía)",0,244986,0.0
2011,male,all,,Accidentes de tráfico,1632,23073274,7.0731
2011,male,all,,Agresiones (homicidio),230,23073274,0.9968
2011,male,all,,Envenenamiento accidental por psicofármacos y drogas de abuso,378,23073274,1.6383
2011,male,all,,Eventos de intención no determinada,64,23073274,0.2774
2011,male,all,,Suicidio y lesiones autoinfligidas,2435,23073274,10.5533
2011,male,all,I-XXII,Todas las causas,199854,23073274,866.171
2011,male,all,,"Trastornos mentales debidos al uso de drogas (drogodependencia, toxicomanía)",22,23073274,0.0953
2012,all,1-4,,Accidentes de tráfico,14,1983816,0.7057
2012,all,1-4,,Agresiones (homicidio),1,1983816,0.0504
2012,all,1-4,,Envenenamiento accidental por psicofármacos y drogas de abuso,0,1983816,0.0
2012,all,1-4,,Eventos de intención no determinada,0,1983816,0.0
2012,all,1-4,,Suicidio y lesiones autoinfligidas,0,1983816,0.0
2012,all,1-4,I-XXII,Todas las causas,308,1983816,15.5256
2012,all,1-4,,"Trastornos mentales debidos al uso de drogas (drogodependencia, toxicomanía)",0,1983816,0.0
2012,all,10-14,,Accidentes de tráfico,22,2212927,0.9942
2012,all,10-14,,Agresiones (homicidio),1,2212927,0.0452
2012,all,10-14,,Envenenamiento accidental por psicofármacos y drogas de abuso,0,2212927,0.0
2012,all,10-14,,Eventos de intención no determinada,0,2212927,0.0
2012,all,10-14,,Suicidio y lesiones autoinfligidas,5,2212927,0.2259
2012,all,10-14,I-XXII,Todas las causas,213,2212927,9.6253
2012,all,10-14,,"Trastornos mentales debidos al uso de drogas (drogodependencia, toxicomanía)",0,2212927,0.0
2012,all,15-19,,Accidentes de tráfico,70,2182173,3.2078
2012,all,15-19,,Agresiones (homicidio),7,2182173,0.3208
2012,all,15-19,,Envenenamiento accidental por psicofármacos y drogas de abuso,4,2182173,0.1833
2012,all,15-19,,Eventos de intención no determinada,4,2182173,0.1833
2012,all,15-19,,Suicidio y lesiones autoinfligidas,52,2182173,2.3829
2012,all,15-19,I-XXII,Todas las causas,429,2182173,19.6593
2012,all,15-19,,"Trastornos mentales debidos al uso de drogas (drogodependencia, toxicomanía)",0,2182173,0.0
2012,all,20-24,,Accidentes de tráfico,128,2473556,5.1747
2012,all,20-24,,Agresiones (homicidio),22,2473556,0.8894
2012,all,20-24,,Envenenamiento accidental por psicofármacos y drogas de abuso,19,2473556,0.7681
2012,all,20-24,,Eventos de intención no determinada,0,2473556,0.0
2012,all,20-24,,Suicidio y lesiones autoinfligidas,102,2473556,4.1236
2012,all,20-24,I-XXII,Todas las causas,700,2473556,28.2993
2012,all,20-24,,"Trastornos mentales debidos al uso de drogas (drogodependencia, toxicomanía)",1,2473556,0.0404
2012,all,25-29,,Accidentes de tráfico,136,2984940,4.5562
2012,all,25-29,,Agresiones (homicidio),37,2984940,1.2396
2012,all,25-29,,Envenenamiento accidental por psicofármacos y drogas de abuso,31,2984940,1.0385
2012,all,25-29,,Eventos de intención no determinada,7,2984940,0.2345
2012,all,25-29,,Suicidio y lesiones autoinfligidas,151,2984940,5.0587
2012,all,25-29,I-XXII,Todas las causas,978,2984940,32.7645
2012,all,25-29,,"Trastornos mentales debidos al uso de drogas (drogodependencia, toxicomanía)",1,2984940,0.0335
2012,all,30-34,,Accidentes de tráfico,148,3781045,3.9143
2012,all,30-34,,Agresiones (homicidio),23,3781045,0.6083
2012,all,30-34,,Envenenamiento accidental por psicofármacos y drogas de abuso,55,3781045,1.4546
2012,all,30-34,,Eventos de intención no determinada,7,3781045,0.1851
2012,all,30-34,,Suicidio y lesiones autoinfligidas,241,3781045,6.3739
2012,all,30-34,I-XXII,Todas las causas,1637,3781045,43.2949
2012,all,30-34,,"Trastornos mentales debidos al uso de drogas (drogodependencia, toxicomanía)",1,3781045,0.0264
2012,all,35-39,,Accidentes de tráfico,173,4086589,4.2334
2012,all,35-39,,Agresiones (homicidio),24,4086589,0.5873
2012,all,35-39,,Envenenamiento accidental por psicofármacos y drogas de abuso,96,4086589,2.3491
2012,all,35-39,,Eventos de intención no determinada,11,4086589,0.2692
2012,all,35-39,,Suicidio y lesiones autoinfligidas,307,4086589,7.5124
2012,all,35-39,I-XXII,Todas las causas,2589,4086589,63.3536
2012,all,35-39,,"Trastornos mentales debidos al uso de drogas (drogodependencia, toxicomanía)",8,4086589,0.1958
2012,all,40-44,,Accidentes de tráfico,162,3850868,4.2068
2012,all,40-44,,Agresiones (homicidio),32,3850868,0.831
2012,all,40-44,,Envenenamiento accidental por psicofármacos y drogas de abuso,77,3850868,1.9995
2012,all,40-44,,Eventos de intención no determinada,10,3850868,0.2597
2012,all,40-44,,Suicidio y lesiones autoinfligidas,364,3850868,9.4524
2012,all,40-44,I-XXII,Todas las causas,4237,3850868,110.0271
2012,all,40-44,,"Trastornos mentales debidos al uso de drogas (drogodependencia, toxicomanía)",5,3850868,0.1298
2012,all,45-49,,Accidentes de tráfico,138,3639212,3.792
2012,all,45-49,,Agresiones (homicidio),29,3639212,0.7969
2012,all,45-49,,Envenenamiento accidental por psicofármacos y drogas de abuso,77,3639212,2.1158
2012,all,45-49,,Eventos de intención no determinada,6,3639212,0.1649
2012,all,45-49,,Suicidio y lesiones autoinfligidas,340,3639212,9.3427
2012,all,45-49,I-XXII,Todas las causas,7095,3639212,194.9598
2012,all,45-49,,"Trastornos mentales debidos al uso de drogas (drogodependencia, toxicomanía)",10,3639212,0.2748
2012,all,5-9,,Accidentes de tráfico,16,2417308,0.6619
2012,all,5-9,,Agresiones (homicidio),2,2417308,0.0827
2012,all,5-9,,Envenenamiento accidental por psicofármacos y drogas de abuso,0,2417308,0.0
2012,all,5-9,,Eventos de intención no determinada,1,2417308,0.0414
2012,all,5-9,,Suicidio y lesiones autoinfligidas,0,2417308,0.0
2012,all,5-9,I-XXII,Todas las causas,226,2417308,9.3492
2012,all,5-9,,"Trastornos mentales debidos al uso de drogas (drogodependencia, toxicomanía)",0,2417308,0.0
2012,all,50-54,,Accidentes de tráfico,129,3260690,3.9562
2012,all,50-54,,Agresiones (homicidio),32,3260690,0.9814
2012,all,50-54,,Envenenamiento accidental por psicofármacos y drogas de abuso,41,3260690,1.2574
2012,all,50-54,,Eventos de intención no determinada,9,3260690,0.276
2012,all,50-54,,Suicidio y lesiones autoinfligidas,338,3260690,10.3659
2012,all,50-54,I-XXII,Todas las causas,10204,3260690,312.9399
2012,all,50-54,,"Trastornos mentales debidos al uso de drogas (drogodependencia, toxicomanía)",4,3260690,0.1227
2012,all,55-59,,Accidentes de tráfico,115,2756882,4.1714
2012,all,55-59,,Agresiones (homicidio),16,2756882,0.5804
2012,all,55-59,,Envenenamiento accidental por psicofármacos y drogas de abuso,20,2756882,0.7255
2012,all,55-59,,Eventos de intención no determinada,7,2756882,0.2539
2012,all,55-59,,Suicidio y lesiones autoinfligidas,288,2756882,10.4466
2012,all,55-59,I-XXII,Todas las causas,13167,2756882,477.6048
2012,all,55-59,,"Trastornos mentales debidos al uso de drogas (drogodependencia, toxicomanía)",2,2756882,0.0725
2012,all,60-64,,Accidentes de tráfico,101,2483163,4.0674
2012,all,60-64,,Agresiones (homicidio),13,2483163,0.5235
2012,all,60-64,,Envenenamiento accidental por psicofármacos y drogas de abuso,12,2483163,0.4833
2012,all,60-64,,Eventos de intención no determinada,5,2483163,0.2014
2012,all,60-64,,Suicidio y lesiones autoinfligidas,230,2483163,9.2624
2012,all,60-64,I-XXII,Todas las causas,17863,2483163,719.3648
2012,all,60-64,,"Trastornos mentales debidos al uso de drogas (drogodependencia, toxicomanía)",1,2483163,0.0403
2012,all,65-69,,Accidentes de tráfico,91,2228633,4.0832
2012,all,65-69,,Agresiones (homicidio),18,2228633,0.8077
2012,all,65-69,,Envenenamiento accidental por psicofármacos y drogas de abuso,10,2228633,0.4487
2012,all,65-69,,Eventos de intención no determinada,5,2228633,0.2244
2012,all,65-69,,Suicidio y lesiones autoinfligidas,193,2228633,8.66
2012,all,65-69,I-XXII,Todas las causas,23445,2228633,1051.9902
2012,all,65-69,,"Trastornos mentales debidos al uso de drogas (drogodependencia, toxicomanía)",0,2228633,0.0
2012,all,70-74,,Accidentes de tráfico,109,1709706,6.3754
2012,all,70-74,,Agresiones (homicidio),6,1709706,0.3509
2012,all,70-74,,Envenenamiento accidental por psicofármacos y drogas de abuso,11,1709706,0.6434
2012,all,70-74,,Eventos de intención no determinada,4,1709706,0.234
2012,all,70-74,,Suicidio y lesiones autoinfligidas,214,1709706,12.5168
2012,all,70-74,I-XXII,Todas las causas,28775,1709706,1683.0379
2012,all,70-74,,"Trastornos mentales debidos al uso de drogas (drogodependencia, toxicomanía)",0,1709706,0.0
2012,all,75-79,,Accidentes de tráfico,146,1739628,8.3926
2012,all,75-79,,Agresiones (homicidio),16,1739628,0.9197
2012,all,75-79,,Envenenamiento accidental por psicofármacos y drogas de abuso,25,1739628,1.4371
2012,all,75-79,,Eventos de intención no determinada,5,1739628,0.2874
2012,all,75-79,,Suicidio y lesiones autoinfligidas,268,1739628,15.4056
2012,all,75-79,I-XXII,Todas las causas,52020,1739628,2990.2945
2012,all,75-79,,"Trastornos mentales debidos al uso de drogas (drogodependencia, toxicomanía)",0,1739628,0.0
2012,all,80-84,,Accidentes de tráfico,109,1342751,8.1177
2012,all,80-84,,Agresiones (homicidio),9,1342751,0.6703
2012,all,80-84,,Envenenamiento accidental por psicofármacos y drogas de abuso,47,1342751,3.5003
2012,all,80-84,,Eventos de intención no determinada,3,1342751,0.2234
2012,all,80-84,,Suicidio y lesiones autoinfligidas,248,1342751,18.4695
2012,all,80-84,I-XXII,Todas las causas,74869,1342751,5575.7918
2012,all,80-84,,"Trastornos mentales debidos al uso de drogas (drogodependencia, toxicomanía)",1,1342751,0.0745
2012,all,85-89,,Accidentes de tráfico,75,777720,9.6436
2012,all,85-89,,Agresiones (homicidio),4,777720,0.5143
2012,all,85-89,,Envenenamiento accidental por psicofármacos y drogas de abuso,60,777720,7.7149
2012,all,85-89,,Eventos de intención no determinada,3,777720,0.3857
2012,all,85-89,,Suicidio y lesiones autoinfligidas,138,777720,17.7442
2012,all,85-89,I-XXII,Todas las causas,82739,777720,10638.6617
2012,all,85-89,,"Trastornos mentales debidos al uso de drogas (drogodependencia, toxicomanía)",0,777720,0.0
2012,all,90-94,,Accidentes de tráfico,24,295221,8.1295
2012,all,90-94,,Agresiones (homicidio),5,295221,1.6936
2012,all,90-94,,Envenenamiento accidental por psicofármacos y drogas de abuso,34,295221,11.5168
2012,all,90-94,,Eventos de intención no determinada,3,295221,1.0162
2012,all,90-94,,Suicidio y lesiones autoinfligidas,48,295221,16.259
2012,all,90-94,I-XXII,Todas las causas,55156,295221,18682.9528
2012,all,90-94,,"Trastornos mentales debidos al uso de drogas (drogodependencia, toxicomanía)",0,295221,0.0
2012,all,95+,,Accidentes de tráfico,3,80732,3.716
2012,all,95+,,Agresiones (homicidio),0,80732,0.0
2012,all,95+,,Envenenamiento accidental por psicofármacos y drogas de abuso,7,80732,8.6707
2012,all,95+,,Eventos de intención no determinada,0,80732,0.0
2012,all,95+,,Suicidio y lesiones autoinfligidas,12,80732,14.864
2012,all,95+,I-XXII,Todas las causas,24896,80732,30837.8338
2012,all,95+,,"Trastornos mentales debidos al uso de drogas (drogodependencia, toxicomanía)",0,80732,0.0
2012,all,<1,,Accidentes de tráfico,5,461743,1.0829
2012,all,<1,,Agresiones (homicidio),6,461743,1.2994
2012,all,<1,,Envenenamiento accidental por psicofármacos y drogas de abuso,0,461743,0.0
2012,all,<1,,Eventos de intención no determinada,0,461743,0.0
2012,all,<1,,Suicidio y lesiones autoinfligidas,0,461743,0.0
2012,all,<1,I-XXII,Todas las causas,1404,461743,304.0652
2012,all,<1,,"Trastornos mentales debidos al uso de drogas (drogodependencia, toxicomanía)",0,461743,0.0
2012,all,all,,Accidentes de tráfico,1914,46749303,4.0942
2012,all,all,,Agresiones (homicidio),303,46749303,0.6481
2012,all,all,,Envenenamiento accidental por psicofármacos y drogas de abuso,626,46749303,1.3391
2012,all,all,,Eventos de intención no determinada,90,46749303,0.1925
2012,all,all,,Suicidio y lesiones autoinfligidas,3539,46749303,7.5702
2012,all,all,I-XXII,Todas las causas,402950,46749303,861.938
2012,all,all,,"Trastornos mentales debidos al uso de drogas (drogodependencia, toxicomanía)",34,46749303,0.0727
2012,female,1-4,,Accidentes de tráfico,5,959737,0.521
2012,female,1-4,,Agresiones (homicidio),1,959737,0.1042
2012,female,1-4,,Envenenamiento accidental por psicofármacos y drogas de abuso,0,959737,0.0
2012,female,1-4,,Eventos de intención no determinada,0,959737,0.0
2012,female,1-4,,Suicidio y lesiones autoinfligidas,0,959737,0.0
2012,female,1-4,I-XXII,Todas las causas,143,959737,14.8999
2012,female,1-4,,"Trastornos mentales debidos al uso de drogas (drogodependencia, toxicomanía)",0,959737,0.0
2012,female,10-14,,Accidentes de tráfico,5,1074430,0.4654
2012,female,10-14,,Agresiones (homicidio),1,1074430,0.0931
2012,female,10-14,,Envenenamiento accidental por psicofármacos y drogas de abuso,0,1074430,0.0
2012,female,10-14,,Eventos de intención no determinada,0,1074430,0.0
2012,female,10-14,,Suicidio y lesiones autoinfligidas,1,1074430,0.0931
2012,female,10-14,I-XXII,Todas las causas,85,1074430,7.9112
2012,female,10-14,,"Trastornos mentales debidos al uso de drogas (drogodependencia, toxicomanía)",0,1074430,0.0
2012,female,15-19,,Accidentes de tráfico,21,1059069,1.9829
2012,female,15-19,,Agresiones (homicidio),1,1059069,0.0944
2012,female,15-19,,Envenenamiento accidental por psicofármacos y drogas de abuso,2,1059069,0.1888
2012,female,15-19,,Eventos de intención no determinada,0,1059069,0.0
2012,female,15-19,,Suicidio y lesiones autoinfligidas,16,1059069,1.5108
2012,female,15-19,I-XXII,Todas las causas,150,1059069,14.1634
2012,female,15-19,,"Trastornos mentales debidos al uso de drogas (drogodependencia, toxicomanía)",0,1059069,0.0
2012,female,20-24,,Accidentes de tráfico,23,1216247,1.8911
2012,female,20-24,,Agresiones (homicidio),4,1216247,0.3289
2012,female,20-24,,Envenenamiento accidental por psicofármacos y drogas de abuso,6,1216247,0.4933
2012,female,20-24,,Eventos de intención no determinada,0,1216247,0.0
2012,female,20-24,,Suicidio y lesiones autoinfligidas,18,1216247,1.48
2012,female,20-24,I-XXII,Todas las causas,191,1216247,15.704
2012,female,20-24,,"Trastornos mentales debidos al uso de drogas (drogodependencia, toxicomanía)",0,1216247,0.0
2012,female,25-29,,Accidentes de tráfico,20,1481468,1.35
2012,female,25-29,,Agresiones (homicidio),14,1481468,0.945
2012,female,25-29,,Envenenamiento accidental por psicofármacos y drogas de abuso,3,1481468,0.2025
2012,female,25-29,,Eventos de intención no determinada,2,1481468,0.135
2012,female,25-29,,Suicidio y lesiones autoinfligidas,32,1481468,2.16
2012,female,25-29,I-XXII,Todas las causas,315,1481468,21.2627
2012,female,25-29,,"Trastornos mentales debidos al uso de drogas (drogodependencia, toxicomanía)",0,1481468,0.0
2012,female,30-34,,Accidentes de tráfico,25,1850784,1.3508
2012,female,30-34,,Agresiones (homicidio),4,1850784,0.2161
2012,female,30-34,,Envenenamiento accidental por psicofármacos y drogas de abuso,8,1850784,0.4322
2012,female,30-34,,Eventos de intención no determinada,3,1850784,0.1621
2012,female,30-34,,Suicidio y lesiones autoinfligidas,42,1850784,2.2693
2012,female,30-34,I-XXII,Todas las causas,518,1850784,27.9881
2012,female,30-34,,"Trastornos mentales debidos al uso de drogas (drogodependencia, toxicomanía)",0,1850784,0.0
2012,female,35-39,,Accidentes de tráfico,27,1984554,1.3605
2012,female,35-39,,Agresiones (homicidio),4,1984554,0.2016
2012,female,35-39,,Envenenamiento accidental por psicofármacos y drogas de abuso,12,1984554,0.6047
2012,female,35-39,,Eventos de intención no determinada,2,1984554,0.1008
2012,female,35-39,,Suicidio y lesiones autoinfligidas,81,1984554,4.0815
2012,female,35-39,I-XXII,Todas las causas,878,1984554,44.2417
2012,female,35-39,,"Trastornos mentales debidos al uso de drogas (drogodependencia, toxicomanía)",2,1984554,0.1008
2012,female,40-44,,Accidentes de tráfico,19,1883335,1.0088
2012,female,40-44,,Agresiones (homicidio),9,1883335,0.4779
2012,female,40-44,,Envenenamiento accidental por psicofármacos y drogas de abuso,10,1883335,0.531
2012,female,40-44,,Eventos de intención no determinada,1,1883335,0.0531
2012,female,40-44,,Suicidio y lesiones autoinfligidas,90,1883335,4.7788
2012,female,40-44,I-XXII,Todas las causas,1395,1883335,74.0707
2012,female,40-44,,"Trastornos mentales debidos al uso de drogas (drogodependencia, toxicomanía)",0,1883335,0.0
2012,female,45-49,,Accidentes de tráfico,20,1804452,1.1084
2012,female,45-49,,Agresiones (homicidio),6,1804452,0.3325
2012,female,45-49,,Envenenamiento accidental por psicofármacos y drogas de abuso,12,1804452,0.665
2012,female,45-49,,Eventos de intención no determinada,1,1804452,0.0554
2012,female,45-49,,Suicidio y lesiones autoinfligidas,71,1804452,3.9347
2012,female,45-49,I-XXII,Todas las causas,2348,1804452,130.1226
2012,female,45-49,,"Trastornos mentales debidos al uso de drogas (drogodependencia, toxicomanía)",1,1804452,0.0554
2012,female,5-9,,Accidentes de tráfico,7,1173368,0.5966
2012,female,5-9,,Agresiones (homicidio),1,1173368,0.0852
2012,female,5-9,,Envenenamiento accidental por psicofármacos y drogas de abuso,0,1173368,0.0
2012,female,5-9,,Eventos de intención no determinada,0,1173368,0.0
2012,female,5-9,,Suicidio y lesiones autoinfligidas,0,1173368,0.0
2012,female,5-9,I-XXII,Todas las causas,98,1173368,8.352
2012,female,5-9,,"Trastornos mentales debidos al uso de drogas (drogodependencia, toxicomanía)",0,1173368,0.0
2012,female,50-54,,Accidentes de tráfico,22,1636661,1.3442
2012,female,50-54,,Agresiones (homicidio),8,1636661,0.4888
2012,female,50-54,,Envenenamiento accidental por psicofármacos y drogas de abuso,10,1636661,0.611
2012,female,50-54,,Eventos de intención no determinada,4,1636661,0.2444
2012,female,50-54,,Suicidio y lesiones autoinfligidas,91,1636661,5.5601
2012,female,50-54,I-XXII,Todas las causas,3268,1636661,199.6748
2012,female,50-54,,"Trastornos mentales debidos al uso de drogas (drogodependencia, toxicomanía)",0,1636661,0.0
2012,female,55-59,,Accidentes de tráfico,23,1399237,1.6438
2012,female,55-59,,Agresiones (homicidio),8,1399237,0.5717
2012,female,55-59,,Envenenamiento accidental por psicofármacos y drogas de abuso,5,1399237,0.3573
2012,female,55-59,,Eventos de intención no determinada,1,1399237,0.0715
2012,female,55-59,,Suicidio y lesiones autoinfligidas,60,1399237,4.2881
2012,female,55-59,I-XXII,Todas las causas,3980,1399237,284.4407
2012,female,55-59,,"Trastornos mentales debidos al uso de drogas (drogodependencia, toxicomanía)",0,1399237,0.0
2012,female,60-64,,Accidentes de tráfico,27,1277691,2.1132
2012,female,60-64,,Agresiones (homicidio),5,1277691,0.3913
2012,female,60-64,,Envenenamiento accidental por psicofármacos y drogas de abuso,2,1277691,0.1565
2012,female,60-64,,Eventos de intención no determinada,2,1277691,0.1565
2012,female,60-64,,Suicidio y lesiones autoinfligidas,51,1277691,3.9916
2012,female,60-64,I-XXII,Todas las causas,5293,1277691,414.2629
2012,female,60-64,,"Trastornos mentales debidos al uso de drogas (drogodependencia, toxicomanía)",0,1277691,0.0
2012,female,65-69,,Accidentes de tráfico,31,1169524,2.6507
2012,female,65-69,,Agresiones (homicidio),8,1169524,0.684
2012,female,65-69,,Envenenamiento accidental por psicofármacos y drogas de abuso,4,1169524,0.342
2012,female,65-69,,Eventos de intención no determinada,1,1169524,0.0855
2012,female,65-69,,Suicidio y lesiones autoinfligidas,60,1169524,5.1303
2012,female,65-69,I-XXII,Todas las causas,7163,1169524,612.4714
2012,female,65-69,,"Trastornos mentales debidos al uso de drogas (drogodependencia, toxicomanía)",0,1169524,0.0
2012,female,70-74,,Accidentes de tráfico,35,923658,3.7893
2012,female,70-74,,Agresiones (homicidio),3,923658,0.3248
2012,female,70-74,,Envenenamiento accidental por psicofármacos y drogas de abuso,4,923658,0.4331
2012,female,70-74,,Eventos de intención no determinada,3,923658,0.3248
2012,female,70-74,,Suicidio y lesiones autoinfligidas,59,923658,6.3876
2012,female,70-74,I-XXII,Todas las causas,9712,923658,1051.4714
2012,female,70-74,,"Trastornos mentales debidos al uso de drogas (drogodependencia, toxicomanía)",0,923658,0.0
2012,female,75-79,,Accidentes de tráfico,55,988062,5.5665
2012,female,75-79,,Agresiones (homicidio),11,988062,1.1133
2012,female,75-79,,Envenenamiento accidental por psicofármacos y drogas de abuso,14,988062,1.4169
2012,female,75-79,,Eventos de intención no determinada,2,988062,0.2024
2012,female,75-79,,Suicidio y lesiones autoinfligidas,55,988062,5.5665
2012,female,75-79,I-XXII,Todas las causas,21063,988062,2131.7488
2012,female,75-79,,"Trastornos mentales debidos al uso de drogas (drogodependencia, toxicomanía)",0,988062,0.0
2012,female,80-84,,Accidentes de tráfico,31,811191,3.8215
2012,female,80-84,,Agresiones (homicidio),3,811191,0.3698
2012,female,80-84,,Envenenamiento accidental por psicofármacos y drogas de abuso,32,811191,3.9448
2012,female,80-84,,Eventos de intención no determinada,0,811191,0.0
2012,female,80-84,,Suicidio y lesiones autoinfligidas,47,811191,5.7939
2012,female,80-84,I-XXII,Todas las causas,36270,811191,4471.2035
2012,female,80-84,,"Trastornos mentales debidos al uso de drogas (drogodependencia, toxicomanía)",0,811191,0.0
2012,female,85-89,,Accidentes de tráfico,28,509836,5.492
2012,female,85-89,,Agresiones (homicidio),2,509836,0.3923
2012,female,85-89,,Envenenamiento accidental por psicofármacos y drogas de abuso,41,509836,8.0418
2012,female,85-89,,Eventos de intención no determinada,2,509836,0.3923
2012,female,85-89,,Suicidio y lesiones autoinfligidas,34,509836,6.6688
2012,female,85-89,I-XXII,Todas las causas,47761,509836,9367.9144
2012,female,85-89,,"Trastornos mentales debidos al uso de drogas (drogodependencia, toxicomanía)",0,509836,0.0
2012,female,90-94,,Accidentes de tráfico,11,211009,5.213
2012,female,90-94,,Agresiones (homicidio),3,211009,1.4217
2012,female,90-94,,Envenenamiento accidental por psicofármacos y drogas de abuso,30,211009,14.2174
2012,female,90-94,,Eventos de intención no determinada,3,211009,1.4217
2012,female,90-94,,Suicidio y lesiones autoinfligidas,5,211009,2.3696
2012,female,90-94,I-XXII,Todas las causas,37022,211009,17545.2232
2012,female,90-94,,"Trastornos mentales debidos al uso de drogas (drogodependencia, toxicomanía)",0,211009,0.0
2012,female,95+,,Accidentes de tráfico,2,62342,3.2081
2012,female,95+,,Agresiones (homicidio),0,62342,0.0
2012,female,95+,,Envenenamiento accidental por psicofármacos y drogas de abuso,5,62342,8.0203
2012,female,95+,,Eventos de intención no determinada,0,62342,0.0
2012,female,95+,,Suicidio y lesiones autoinfligidas,2,62342,3.2081
2012,female,95+,I-XXII,Todas las causas,18745,62342,30068.0119
2012,female,95+,,"Trastornos mentales debidos al uso de drogas (drogodependencia, toxicomanía)",0,62342,0.0
2012,female,<1,,Accidentes de tráfico,2,223718,0.894
2012,female,<1,,Agresiones (homicidio),2,223718,0.894
2012,female,<1,,Envenenamiento accidental por psicofármacos y drogas de abuso,0,223718,0.0
2012,female,<1,,Eventos de intención no determinada,0,223718,0.0
2012,female,<1,,Suicidio y lesiones autoinfligidas,0,223718,0.0
2012,female,<1,I-XXII,Todas las causas,632,223718,282.4985
2012,female,<1,,"Trastornos mentales debidos al uso de drogas (drogodependencia, toxicomanía)",0,223718,0.0
2012,female,all,,Accidentes de tráfico,439,23700373,1.8523
2012,female,all,,Agresiones (homicidio),98,23700373,0.4135
2012,female,all,,Envenenamiento accidental por psicofármacos y drogas de abuso,200,23700373,0.8439
2012,female,all,,Eventos de intención no determinada,27,23700373,0.1139
2012,female,all,,Suicidio y lesiones autoinfligidas,815,23700373,3.4388
2012,female,all,I-XXII,Todas las causas,197030,23700373,831.3371
2012,female,all,,"Trastornos mentales debidos al uso de drogas (drogodependencia, toxicomanía)",3,23700373,0.0127
2012,male,1-4,,Accidentes de tráfico,9,1024079,0.8788
2012,male,1-4,,Agresiones (homicidio),0,1024079,0.0
2012,male,1-4,,Envenenamiento accidental por psicofármacos y drogas de abuso,0,1024079,0.0
2012,male,1-4,,Eventos de intención no determinada,0,1024079,0.0
2012,male,1-4,,Suicidio y lesiones autoinfligidas,0,1024079,0.0
2012,male,1-4,I-XXII,Todas las causas,165,1024079,16.112
2012,male,1-4,,"Trastornos mentales debidos al uso de drogas (drogodependencia, toxicomanía)",0,1024079,0.0
2012,male,10-14,,Accidentes de tráfico,17,1138497,1.4932
2012,male,10-14,,Agresiones (homicidio),0,1138497,0.0
2012,male,10-14,,Envenenamiento accidental por psicofármacos y drogas de abuso,0,1138497,0.0
2012,male,10-14,,Eventos de intención no determinada,0,1138497,0.0
2012,male,10-14,,Suicidio y lesiones autoinfligidas,4,1138497,0.3513
2012,male,10-14,I-XXII,Todas las causas,128,1138497,11.2429
2012,male,10-14,,"Trastornos mentales debidos al uso de drogas (drogodependencia, toxicomanía)",0,1138497,0.0
2012,male,15-19,,Accidentes de tráfico,49,1123104,4.3629
2012,male,15-19,,Agresiones (homicidio),6,1123104,0.5342
2012,male,15-19,,Envenenamiento accidental por psicofármacos y drogas de abuso,2,1123104,0.1781
2012,male,15-19,,Eventos de intención no determinada,4,1123104,0.3562
2012,male,15-19,,Suicidio y lesiones autoinfligidas,36,1123104,3.2054
2012,male,15-19,I-XXII,Todas las causas,279,1123104,24.8419
2012,male,15-19,,"Trastornos mentales debidos al uso de drogas (drogodependencia, toxicomanía)",0,1123104,0.0
2012,male,20-24,,Accidentes de tráfico,105,1257309,8.3512
2012,male,20-24,,Agresiones (homicidio),18,1257309,1.4316
2012,male,20-24,,Envenenamiento accidental por psicofármacos y drogas de abuso,13,1257309,1.034
2012,male,20-24,,Eventos de intención no determinada,0,1257309,0.0
2012,male,20-24,,Suicidio y lesiones autoinfligidas,84,1257309,6.6809
2012,male,20-24,I-XXII,Todas las causas,509,1257309,40.4833
2012,male,20-24,,"Trastornos mentales debidos al uso de drogas (drogodependencia, toxicomanía)",1,1257309,0.0795
2012,male,25-29,,Accidentes de tráfico,116,1503472,7.7155
2012,male,25-29,,Agresiones (homicidio),23,1503472,1.5298
2012,male,25-29,,Envenenamiento accidental por psicofármacos y drogas de abuso,28,1503472,1.8624
2012,male,25-29,,Eventos de intención no determinada,5,1503472,0.3326
2012,male,25-29,,Suicidio y lesiones autoinfligidas,119,1503472,7.915
2012,male,25-29,I-XXII,Todas las causas,663,1503472,44.0979
2012,male,25-29,,"Trastornos mentales debidos al uso de drogas (drogodependencia, toxicomanía)",1,1503472,0.0665
2012,male,30-34,,Accidentes de tráfico,123,1930261,6.3722
2012,male,30-34,,Agresiones (homicidio),19,1930261,0.9843
2012,male,30-34,,Envenenamiento accidental por psicofármacos y drogas de abuso,47,1930261,2.4349
2012,male,30-34,,Eventos de intención no determinada,4,1930261,0.2072
2012,male,30-34,,Suicidio y lesiones autoinfligidas,199,1930261,10.3095
2012,male,30-34,I-XXII,Todas las causas,1119,1930261,57.9714
2012,male,30-34,,"Trastornos mentales debidos al uso de drogas (drogodependencia, toxicomanía)",1,1930261,0.0518
2012,male,35-39,,Accidentes de tráfico,146,2102035,6.9457
2012,male,35-39,,Agresiones (homicidio),20,2102035,0.9515
2012,male,35-39,,Envenenamiento accidental por psicofármacos y drogas de abuso,84,2102035,3.9961
2012,male,35-39,,Eventos de intención no determinada,9,2102035,0.4282
2012,male,35-39,,Suicidio y lesiones autoinfligidas,226,2102035,10.7515
2012,male,35-39,I-XXII,Todas las causas,1711,2102035,81.3973
2012,male,35-39,,"Trastornos mentales debidos al uso de drogas (drogodependencia, toxicomanía)",6,2102035,0.2854
2012,male,40-44,,Accidentes de tráfico,143,1967533,7.268
2012,male,40-44,,Agresiones (homicidio),23,1967533,1.169
2012,male,40-44,,Envenenamiento accidental por psicofármacos y drogas de abuso,67,1967533,3.4053
2012,male,40-44,,Eventos de intención no determinada,9,1967533,0.4574
2012,male,40-44,,Suicidio y lesiones autoinfligidas,274,1967533,13.9261
2012,male,40-44,I-XXII,Todas las causas,2842,1967533,144.4448
2012,male,40-44,,"Trastornos mentales debidos al uso de drogas (drogodependencia, toxicomanía)",5,1967533,0.2541
2012,male,45-49,,Accidentes de tráfico,118,1834760,6.4314
2012,male,45-49,,Agresiones (homicidio),23,1834760,1.2536
2012,male,45-49,,Envenenamiento accidental por psicofármacos y drogas de abuso,65,1834760,3.5427
2012,male,45-49,,Eventos de intención no determinada,5,1834760,0.2725
2012,male,45-49,,Suicidio y lesiones autoinfligidas,269,1834760,14.6613
2012,male,45-49,I-XXII,Todas las causas,4747,1834760,258.7259
2012,male,45-49,,"Trastornos mentales debidos al uso de drogas (drogodependencia, toxicomanía)",9,1834760,0.4905
2012,male,5-9,,Accidentes de tráfico,9,1243940,0.7235
2012,male,5-9,,Agresiones (homicidio),1,1243940,0.0804
2012,male,5-9,,Envenenamiento accidental por psicofármacos y drogas de abuso,0,1243940,0.0
2012,male,5-9,,Eventos de intención no determinada,1,1243940,0.0804
2012,male,5-9,,Suicidio y lesiones autoinfligidas,0,1243940,0.0
2012,male,5-9,I-XXII,Todas las causas,128,1243940,10.2899
2012,male,5-9,,"Trastornos mentales debidos al uso de drogas (drogodependencia, toxicomanía)",0,1243940,0.0
2012,male,50-54,,Accidentes de tráfico,107,1624029,6.5886
2012,male,50-54,,Agresiones (homicidio),24,1624029,1.4778
2012,male,50-54,,Envenenamiento accidental por psicofármacos y drogas de abuso,31,1624029,1.9088
2012,male,50-54,,Eventos de intención no determinada,5,1624029,0.3079
2012,male,50-54,,Suicidio y lesiones autoinfligidas,247,1624029,15.2091
2012,male,50-54,I-XXII,Todas las causas,6936,1624029,427.086
2012,male,50-54,,"Trastornos mentales debidos al uso de drogas (drogodependencia, toxicomanía)",4,1624029,0.2463
2012,male,55-59,,Accidentes de tráfico,92,1357645,6.7764
2012,male,55-59,,Agresiones (homicidio),8,1357645,0.5893
2012,male,55-59,,Envenenamiento accidental por psicofármacos y drogas de abuso,15,1357645,1.1049
2012,male,55-59,,Eventos de intención no determinada,6,1357645,0.4419
2012,male,55-59,,Suicidio y lesiones autoinfligidas,228,1357645,16.7938
2012,male,55-59,I-XXII,Todas las causas,9187,1357645,676.6865
2012,male,55-59,,"Trastornos mentales debidos al uso de drogas (drogodependencia, toxicomanía)",2,1357645,0.1473
2012,male,60-64,,Accidentes de tráfico,74,1205472,6.1387
2012,male,60-64,,Agresiones (homicidio),8,1205472,0.6636
2012,male,60-64,,Envenenamiento accidental por psicofármacos y drogas de abuso,10,1205472,0.8296
2012,male,60-64,,Eventos de intención no determinada,3,1205472,0.2489
2012,male,60-64,,Suicidio y lesiones autoinfligidas,179,1205472,14.849
2012,male,60-64,I-XXII,Todas las causas,12570,1205472,1042.7451
2012,male,60-64,,"Trastornos mentales debidos al uso de drogas (drogodependencia, toxicomanía)",1,1205472,0.083
2012,male,65-69,,Accidentes de tráfico,60,1059109,5.6651
2012,male,65-69,,Agresiones (homicidio),10,1059109,0.9442
2012,male,65-69,,Envenenamiento accidental por psicofármacos y drogas de abuso,6,1059109,0.5665
2012,male,65-69,,Eventos de intención no determinada,4,1059109,0.3777
2012,male,65-69,,Suicidio y lesiones autoinfligidas,133,1059109,12.5577
2012,male,65-69,I-XXII,Todas las causas,16282,1059109,1537.33
2012,male,65-69,,"Trastornos mentales debidos al uso de drogas (drogodependencia, toxicomanía)",0,1059109,0.0
2012,male,70-74,,Accidentes de tráfico,74,786048,9.4142
2012,male,70-74,,Agresiones (homicidio),3,786048,0.3817
2012,male,70-74,,Envenenamiento accidental por psicofármacos y drogas de abuso,7,786048,0.8905
2012,male,70-74,,Eventos de intención no determinada,1,786048,0.1272
2012,male,70-74,,Suicidio y lesiones autoinfligidas,155,786048,19.7189
2012,male,70-74,I-XXII,Todas las causas,19063,786048,2425.17
2012,male,70-74,,"Trastornos mentales debidos al uso de drogas (drogodependencia, toxicomanía)",0,786048,0.0
2012,male,75-79,,Accidentes de tráfico,91,751566,12.1081
2012,male,75-79,,Agresiones (homicidio),5,751566,0.6653
2012,male,75-79,,Envenenamiento accidental por psicofármacos y drogas de abuso,11,751566,1.4636
2012,male,75-79,,Eventos de intención no determinada,3,751566,0.3992
2012,male,75-79,,Suicidio y lesiones autoinfligidas,213,751566,28.3408
2012,male,75-79,I-XXII,Todas las causas,30957,751566,4118.9995
2012,male,75-79,,"Trastornos mentales debidos al uso de drogas (drogodependencia, toxicomanía)",0,751566,0.0
2012,male,80-84,,Accidentes de tráfico,78,531560,14.6738
2012,male,80-84,,Agresiones (homicidio),6,531560,1.1288
2012,male,80-84,,Envenenamiento accidental por psicofármacos y drogas de abuso,15,531560,2.8219
2012,male,80-84,,Eventos de intención no determinada,3,531560,0.5644
2012,male,80-84,,Suicidio y lesiones autoinfligidas,201,531560,37.8132
2012,male,80-84,I-XXII,Todas las causas,38599,531560,7261.4568
2012,male,80-84,,"Trastornos mentales debidos al uso de drogas (drogodependencia, toxicomanía)",1,531560,0.1881
2012,male,85-89,,Accidentes de tráfico,47,267884,17.5449
2012,male,85-89,,Agresiones (homicidio),2,267884,0.7466
2012,male,85-89,,Envenenamiento accidental por psicofármacos y drogas de abuso,19,267884,7.0926
2012,male,85-89,,Eventos de intención no determinada,1,267884,0.3733
2012,male,85-89,,Suicidio y lesiones autoinfligidas,104,267884,38.8228
2012,male,85-89,I-XXII,Todas las causas,34978,267884,13057.1441
2012,male,85-89,,"Trastornos mentales debidos al uso de drogas (drogodependencia, toxicomanía)",0,267884,0.0
2012,male,90-94,,Accidentes de tráfico,13,84212,15.4372
2012,male,90-94,,Agresiones (homicidio),2,84212,2.375
2012,male,90-94,,Envenenamiento accidental por psicofármacos y drogas de abuso,4,84212,4.7499
2012,male,90-94,,Eventos de intención no determinada,0,84212,0.0
2012,male,90-94,,Suicidio y lesiones autoinfligidas,43,84212,51.0616
2012,male,90-94,I-XXII,Todas las causas,18134,84212,21533.7482
2012,male,90-94,,"Trastornos mentales debidos al uso de drogas (drogodependencia, toxicomanía)",0,84212,0.0
2012,male,95+,,Accidentes de tráfico,1,18390,5.4377
2012,male,95+,,Agresiones (homicidio),0,18390,0.0
2012,male,95+,,Envenenamiento accidental por psicofármacos y drogas de abuso,2,18390,10.8755
2012,male,95+,,Eventos de intención no determinada,0,18390,0.0
2012,male,95+,,Suicidio y lesiones autoinfligidas,10,18390,54.3774
2012,male,95+,I-XXII,Todas las causas,6151,18390,33447.5258
2012,male,95+,,"Trastornos mentales debidos al uso de drogas (drogodependencia, toxicomanía)",0,18390,0.0
2012,male,<1,,Accidentes de tráfico,3,238025,1.2604
2012,male,<1,,Agresiones (homicidio),4,238025,1.6805
2012,male,<1,,Envenenamiento accidental por psicofármacos y drogas de abuso,0,238025,0.0
2012,male,<1,,Eventos de intención no determinada,0,238025,0.0
2012,male,<1,,Suicidio y lesiones autoinfligidas,0,238025,0.0
2012,male,<1,I-XXII,Todas las causas,772,238025,324.3357
2012,male,<1,,"Trastornos mentales debidos al uso de drogas (drogodependencia, toxicomanía)",0,238025,0.0
2012,male,all,,Accidentes de tráfico,1475,23048930,6.3994
2012,male,all,,Agresiones (homicidio),205,23048930,0.8894
2012,male,all,,Envenenamiento accidental por psicofármacos y drogas de abuso,426,23048930,1.8482
2012,male,all,,Eventos de intención no determinada,63,23048930,0.2733
2012,male,all,,Suicidio y lesiones autoinfligidas,2724,23048930,11.8183
2012,male,all,I-XXII,Todas las causas,205920,23048930,893.4037
2012,male,all,,"Trastornos mentales debidos al uso de drogas (drogodependencia, toxicomanía)",31,23048930,0.1345
2013,all,1-4,,Accidentes de tráfico,18,1929421,0.9329
2013,all,1-4,,Agresiones (homicidio),3,1929421,0.1555
2013,all,1-4,,Envenenamiento accidental por psicofármacos y drogas de abuso,0,1929421,0.0
2013,all,1-4,,Eventos de intención no determinada,0,1929421,0.0
2013,all,1-4,,Suicidio y lesiones autoinfligidas,0,1929421,0.0
2013,all,1-4,I-XXII,Todas las causas,290,1929421,15.0304
2013,all,1-4,,"Trastornos mentales debidos al uso de drogas (drogodependencia, toxicomanía)",0,1929421,0.0
2013,all,10-14,,Accidentes de tráfico,18,2242798,0.8026
2013,all,10-14,,Agresiones (homicidio),7,2242798,0.3121
2013,all,10-14,,Envenenamiento accidental por psicofármacos y drogas de abuso,1,2242798,0.0446
2013,all,10-14,,Eventos de intención no determinada,0,2242798,0.0
2013,all,10-14,,Suicidio y lesiones autoinfligidas,9,2242798,0.4013
2013,all,10-14,I-XXII,Todas las causas,193,2242798,8.6053
2013,all,10-14,,"Trastornos mentales debidos al uso de drogas (drogodependencia, toxicomanía)",0,2242798,0.0
2013,all,15-19,,Accidentes de tráfico,57,2151610,2.6492
2013,all,15-19,,Agresiones (homicidio),8,2151610,0.3718
2013,all,15-19,,Envenenamiento accidental por psicofármacos y drogas de abuso,2,2151610,0.093
2013,all,15-19,,Eventos de intención no determinada,4,2151610,0.1859
2013,all,15-19,,Suicidio y lesiones autoinfligidas,57,2151610,2.6492
2013,all,15-19,I-XXII,Todas las causas,381,2151610,17.7077
2013,all,15-19,,"Trastornos mentales debidos al uso de drogas (drogodependencia, toxicomanía)",0,2151610,0.0
2013,all,20-24,,Accidentes de tráfico,112,2407770,4.6516
2013,all,20-24,,Agresiones (homicidio),12,2407770,0.4984
2013,all,20-24,,Envenenamiento accidental por psicofármacos y drogas de abuso,10,2407770,0.4153
2013,all,20-24,,Eventos de intención no determinada,2,2407770,0.0831
2013,all,20-24,,Suicidio y lesiones autoinfligidas,119,2407770,4.9423
2013,all,20-24,I-XXII,Todas las causas,607,2407770,25.21
2013,all,20-24,,"Trastornos mentales debidos al uso de drogas (drogodependencia, toxicomanía)",0,2407770,0.0
2013,all,25-29,,Accidentes de tráfico,112,2827192,3.9615
2013,all,25-29,,Agresiones (homicidio),24,2827192,0.8489
2013,all,25-29,,Envenenamiento accidental por psicofármacos y drogas de abuso,29,2827192,1.0258
2013,all,25-29,,Eventos de intención no determinada,6,2827192,0.2122
2013,all,25-29,,Suicidio y lesiones autoinfligidas,125,2827192,4.4213
2013,all,25-29,I-XXII,Todas las causas,852,2827192,30.1359
2013,all,25-29,,"Trastornos mentales debidos al uso de drogas (drogodependencia, toxicomanía)",1,2827192,0.0354
2013,all,30-34,,Accidentes de tráfico,139,3576275,3.8867
2013,all,30-34,,Agresiones (homicidio),24,3576275,0.6711
2013,all,30-34,,Envenenamiento accidental por psicofármacos y drogas de abuso,55,3576275,1.5379
2013,all,30-34,,Eventos de intención no determinada,5,3576275,0.1398
2013,all,30-34,,Suicidio y lesiones autoinfligidas,214,3576275,5.9839
2013,all,30-34,I-XXII,Todas las causas,1389,3576275,38.8393
2013,all,30-34,,"Trastornos mentales debidos al uso de drogas (drogodependencia, toxicomanía)",4,3576275,0.1118
2013,all,35-39,,Accidentes de tráfico,141,4058086,3.4745
2013,all,35-39,,Agresiones (homicidio),41,4058086,1.0103
2013,all,35-39,,Envenenamiento accidental por psicofármacos y drogas de abuso,77,4058086,1.8974
2013,all,35-39,,Eventos de intención no determinada,2,4058086,0.0493
2013,all,35-39,,Suicidio y lesiones autoinfligidas,304,4058086,7.4912
2013,all,35-39,I-XXII,Todas las causas,2389,4058086,58.8701
2013,all,35-39,,"Trastornos mentales debidos al uso de drogas (drogodependencia, toxicomanía)",2,4058086,0.0493
2013,all,40-44,,Accidentes de tráfico,146,3856362,3.786
2013,all,40-44,,Agresiones (homicidio),31,3856362,0.8039
2013,all,40-44,,Envenenamiento accidental por psicofármacos y drogas de abuso,98,3856362,2.5413
2013,all,40-44,,Eventos de intención no determinada,5,3856362,0.1297
2013,all,40-44,,Suicidio y lesiones autoinfligidas,379,3856362,9.8279
2013,all,40-44,I-XXII,Todas las causas,3874,3856362,100.4574
2013,all,40-44,,"Trastornos mentales debidos al uso de drogas (drogodependencia, toxicomanía)",7,3856362,0.1815
2013,all,45-49,,Accidentes de tráfico,136,3677573,3.6981
2013,all,45-49,,Agresiones (homicidio),32,3677573,0.8701
2013,all,45-49,,Envenenamiento accidental por psicofármacos y drogas de abuso,100,3677573,2.7192
2013,all,45-49,,Eventos de intención no determinada,10,3677573,0.2719
2013,all,45-49,,Suicidio y lesiones autoinfligidas,412,3677573,11.203
2013,all,45-49,I-XXII,Todas las causas,6888,3677573,187.2974
2013,all,45-49,,"Trastornos mentales debidos al uso de drogas (drogodependencia, toxicomanía)",3,3677573,0.0816
2013,all,5-9,,Accidentes de tráfico,18,2454569,0.7333
2013,all,5-9,,Agresiones (homicidio),4,2454569,0.163
2013,all,5-9,,Envenenamiento accidental por psicofármacos y drogas de abuso,1,2454569,0.0407
2013,all,5-9,,Eventos de intención no determinada,0,2454569,0.0
2013,all,5-9,,Suicidio y lesiones autoinfligidas,0,2454569,0.0
2013,all,5-9,I-XXII,Todas las causas,217,2454569,8.8407
2013,all,5-9,,"Trastornos mentales debidos al uso de drogas (drogodependencia, toxicomanía)",0,2454569,0.0
2013,all,50-54,,Accidentes de tráfico,129,3306604,3.9013
2013,all,50-54,,Agresiones (homicidio),29,3306604,0.877
2013,all,50-54,,Envenenamiento accidental por psicofármacos y drogas de abuso,49,3306604,1.4819
2013,all,50-54,,Eventos de intención no determinada,9,3306604,0.2722
2013,all,50-54,,Suicidio y lesiones autoinfligidas,450,3306604,13.6091
2013,all,50-54,I-XXII,Todas las causas,10290,3306604,311.1954
2013,all,50-54,,"Trastornos mentales debidos al uso de drogas (drogodependencia, toxicomanía)",4,3306604,0.121
2013,all,55-59,,Accidentes de tráfico,107,2833509,3.7762
2013,all,55-59,,Agresiones (homicidio),15,2833509,0.5294
2013,all,55-59,,Envenenamiento accidental por psicofármacos y drogas de abuso,23,2833509,0.8117
2013,all,55-59,,Eventos de intención no determinada,5,2833509,0.1765
2013,all,55-59,,Suicidio y lesiones autoinfligidas,324,2833509,11.4346
2013,all,55-59,I-XXII,Todas las causas,13397,2833509,472.806
2013,all,55-59,,"Trastornos mentales debidos al uso de drogas (drogodependencia, toxicomanía)",1,2833509,0.0353
2013,all,60-64,,Accidentes de tráfico,99,2493739,3.9699
2013,all,60-64,,Agresiones (homicidio),15,2493739,0.6015
2013,all,60-64,,Envenenamiento accidental por psicofármacos y drogas de abuso,11,2493739,0.4411
2013,all,60-64,,Eventos de intención no determinada,2,2493739,0.0802
2013,all,60-64,,Suicidio y lesiones autoinfligidas,270,2493739,10.8271
2013,all,60-64,I-XXII,Todas las causas,17553,2493739,703.8828
2013,all,60-64,,"Trastornos mentales debidos al uso de drogas (drogodependencia, toxicomanía)",0,2493739,0.0
2013,all,65-69,,Accidentes de tráfico,97,2294440,4.2276
2013,all,65-69,,Agresiones (homicidio),18,2294440,0.7845
2013,all,65-69,,Envenenamiento accidental por psicofármacos y drogas de abuso,9,2294440,0.3923
2013,all,65-69,,Eventos de intención no determinada,1,2294440,0.0436
2013,all,65-69,,Suicidio y lesiones autoinfligidas,257,2294440,11.201
2013,all,65-69,I-XXII,Todas las causas,23662,2294440,1031.2756
2013,all,65-69,,"Trastornos mentales debidos al uso de drogas (drogodependencia, toxicomanía)",0,2294440,0.0
2013,all,70-74,,Accidentes de tráfico,116,1758576,6.5962
2013,all,70-74,,Agresiones (homicidio),15,1758576,0.853
2013,all,70-74,,Envenenamiento accidental por psicofármacos y drogas de abuso,17,1758576,0.9667
2013,all,70-74,,Eventos de intención no determinada,5,1758576,0.2843
2013,all,70-74,,Suicidio y lesiones autoinfligidas,247,1758576,14.0455
2013,all,70-74,I-XXII,Todas las causas,28266,1758576,1607.3232
2013,all,70-74,,"Trastornos mentales debidos al uso de drogas (drogodependencia, toxicomanía)",0,1758576,0.0
2013,all,75-79,,Accidentes de tráfico,120,1685107,7.1212
2013,all,75-79,,Agresiones (homicidio),9,1685107,0.5341
2013,all,75-79,,Envenenamiento accidental por psicofármacos y drogas de abuso,28,1685107,1.6616
2013,all,75-79,,Eventos de intención no determinada,9,1685107,0.5341
2013,all,75-79,,Suicidio y lesiones autoinfligidas,254,1685107,15.0732
2013,all,75-79,I-XXII,Todas las causas,47928,1685107,2844.2111
2013,all,75-79,,"Trastornos mentales debidos al uso de drogas (drogodependencia, toxicomanía)",0,1685107,0.0
2013,all,80-84,,Accidentes de tráfico,141,1383515,10.1914
2013,all,80-84,,Agresiones (homicidio),10,1383515,0.7228
2013,all,80-84,,Envenenamiento accidental por psicofármacos y drogas de abuso,41,1383515,2.9635
2013,all,80-84,,Eventos de intención no determinada,5,1383515,0.3614
2013,all,80-84,,Suicidio y lesiones autoinfligidas,257,1383515,18.5759
2013,all,80-84,I-XXII,Todas las causas,72142,1383515,5214.3996
2013,all,80-84,,"Trastornos mentales debidos al uso de drogas (drogodependencia, toxicomanía)",0,1383515,0.0
2013,all,85-89,,Accidentes de tráfico,78,806355,9.6732
2013,all,85-89,,Agresiones (homicidio),8,806355,0.9921
2013,all,85-89,,Envenenamiento accidental por psicofármacos y drogas de abuso,50,806355,6.2007
2013,all,85-89,,Eventos de intención no determinada,10,806355,1.2401
2013,all,85-89,,Suicidio y lesiones autoinfligidas,137,806355,16.99
2013,all,85-89,I-XXII,Todas las causas,79519,806355,9861.5374
2013,all,85-89,,"Trastornos mentales debidos al uso de drogas (drogodependencia, toxicomanía)",0,806355,0.0
2013,all,90-94,,Accidentes de tráfico,20,320761,6.2352
2013,all,90-94,,Agresiones (homicidio),6,320761,1.8706
2013,all,90-94,,Envenenamiento accidental por psicofármacos y drogas de abuso,29,320761,9.041
2013,all,90-94,,Eventos de intención no determinada,0,320761,0.0
2013,all,90-94,,Suicidio y lesiones autoinfligidas,45,320761,14.0291
2013,all,90-94,I-XXII,Todas las causas,55401,320761,17271.7381
2013,all,90-94,,"Trastornos mentales debidos al uso de drogas (drogodependencia, toxicomanía)",0,320761,0.0
2013,all,95+,,Accidentes de tráfico,1,84234,1.1872
2013,all,95+,,Agresiones (homicidio),0,84234,0.0
2013,all,95+,,Envenenamiento accidental por psicofármacos y drogas de abuso,6,84234,7.123
2013,all,95+,,Eventos de intención no determinada,0,84234,0.0
2013,all,95+,,Suicidio y lesiones autoinfligidas,10,84234,11.8717
2013,all,95+,I-XXII,Todas las causas,24017,84234,28512.2397
2013,all,95+,,"Trastornos mentales debidos al uso de drogas (drogodependencia, toxicomanía)",0,84234,0.0
2013,all,<1,,Accidentes de tráfico,2,432628,0.4623
2013,all,<1,,Agresiones (homicidio),4,432628,0.9246
2013,all,<1,,Envenenamiento accidental por psicofármacos y drogas de abuso,0,432628,0.0
2013,all,<1,,Eventos de intención no determinada,1,432628,0.2311
2013,all,<1,,Suicidio y lesiones autoinfligidas,0,432628,0.0
2013,all,<1,I-XXII,Todas las causas,1164,432628,269.0533
2013,all,<1,,"Trastornos mentales debidos al uso de drogas (drogodependencia, toxicomanía)",0,432628,0.0
2013,all,all,,Accidentes de tráfico,1807,46581124,3.8793
2013,all,all,,Agresiones (homicidio),315,46581124,0.6762
2013,all,all,,Envenenamiento accidental por psicofármacos y drogas de abuso,636,46581124,1.3654
2013,all,all,,Eventos de intención no determinada,81,46581124,0.1739
2013,all,all,,Suicidio y lesiones autoinfligidas,3870,46581124,8.3081
2013,all,all,I-XXII,Todas las causas,390419,46581124,838.1485
2013,all,all,,"Trastornos mentales debidos al uso de drogas (drogodependencia, toxicomanía)",22,46581124,0.0472
2013,female,1-4,,Accidentes de tráfico,11,933860,1.1779
2013,female,1-4,,Agresiones (homicidio),0,933860,0.0
2013,female,1-4,,Envenenamiento accidental por psicofármacos y drogas de abuso,0,933860,0.0
2013,female,1-4,,Eventos de intención no determinada,0,933860,0.0
2013,female,1-4,,Suicidio y lesiones autoinfligidas,0,933860,0.0
2013,female,1-4,I-XXII,Todas las causas,137,933860,14.6703
2013,female,1-4,,"Trastornos mentales debidos al uso de drogas (drogodependencia, toxicomanía)",0,933860,0.0
2013,female,10-14,,Accidentes de tráfico,4,1089736,0.3671
2013,female,10-14,,Agresiones (homicidio),5,1089736,0.4588
2013,female,10-14,,Envenenamiento accidental por psicofármacos y drogas de abuso,1,1089736,0.0918
2013,female,10-14,,Eventos de intención no determinada,0,1089736,0.0
2013,female,10-14,,Suicidio y lesiones autoinfligidas,3,1089736,0.2753
2013,female,10-14,I-XXII,Todas las causas,85,1089736,7.8001
2013,female,10-14,,"Trastornos mentales debidos al uso de drogas (drogodependencia, toxicomanía)",0,1089736,0.0
2013,female,15-19,,Accidentes de tráfico,18,1043914,1.7243
2013,female,15-19,,Agresiones (homicidio),1,1043914,0.0958
2013,female,15-19,,Envenenamiento accidental por psicofármacos y drogas de abuso,0,1043914,0.0
2013,female,15-19,,Eventos de intención no determinada,0,1043914,0.0
2013,female,15-19,,Suicidio y lesiones autoinfligidas,17,1043914,1.6285
2013,female,15-19,I-XXII,Todas las causas,124,1043914,11.8784
2013,female,15-19,,"Trastornos mentales debidos al uso de drogas (drogodependencia, toxicomanía)",0,1043914,0.0
2013,female,20-24,,Accidentes de tráfico,28,1182890,2.3671
2013,female,20-24,,Agresiones (homicidio),4,1182890,0.3382
2013,female,20-24,,Envenenamiento accidental por psicofármacos y drogas de abuso,2,1182890,0.1691
2013,female,20-24,,Eventos de intención no determinada,0,1182890,0.0
2013,female,20-24,,Suicidio y lesiones autoinfligidas,28,1182890,2.3671
2013,female,20-24,I-XXII,Todas las causas,172,1182890,14.5407
2013,female,20-24,,"Trastornos mentales debidos al uso de drogas (drogodependencia, toxicomanía)",0,1182890,0.0
2013,female,25-29,,Accidentes de tráfico,18,1408252,1.2782
2013,female,25-29,,Agresiones (homicidio),11,1408252,0.7811
2013,female,25-29,,Envenenamiento accidental por psicofármacos y drogas de abuso,7,1408252,0.4971
2013,female,25-29,,Eventos de intención no determinada,2,1408252,0.142
2013,female,25-29,,Suicidio y lesiones autoinfligidas,31,1408252,2.2013
2013,female,25-29,I-XXII,Todas las causas,254,1408252,18.0365
2013,female,25-29,,"Trastornos mentales debidos al uso de drogas (drogodependencia, toxicomanía)",0,1408252,0.0
2013,female,30-34,,Accidentes de tráfico,19,1762417,1.0781
2013,female,30-34,,Agresiones (homicidio),8,1762417,0.4539
2013,female,30-34,,Envenenamiento accidental por psicofármacos y drogas de abuso,12,1762417,0.6809
2013,female,30-34,,Eventos de intención no determinada,2,1762417,0.1135
2013,female,30-34,,Suicidio y lesiones autoinfligidas,48,1762417,2.7235
2013,female,30-34,I-XXII,Todas las causas,423,1762417,24.0011
2013,female,30-34,,"Trastornos mentales debidos al uso de drogas (drogodependencia, toxicomanía)",1,1762417,0.0567
2013,female,35-39,,Accidentes de tráfico,25,1977119,1.2645
2013,female,35-39,,Agresiones (homicidio),17,1977119,0.8598
2013,female,35-39,,Envenenamiento accidental por psicofármacos y drogas de abuso,12,1977119,0.6069
2013,female,35-39,,Eventos de intención no determinada,0,1977119,0.0
2013,female,35-39,,Suicidio y lesiones autoinfligidas,75,1977119,3.7934
2013,female,35-39,I-XXII,Todas las causas,895,1977119,45.2679
2013,female,35-39,,"Trastornos mentales debidos al uso de drogas (drogodependencia, toxicomanía)",0,1977119,0.0
2013,female,40-44,,Accidentes de tráfico,15,1887262,0.7948
2013,female,40-44,,Agresiones (homicidio),6,1887262,0.3179
2013,female,40-44,,Envenenamiento accidental por psicofármacos y drogas de abuso,24,1887262,1.2717
2013,female,40-44,,Eventos de intención no determinada,2,1887262,0.106
2013,female,40-44,,Suicidio y lesiones autoinfligidas,94,1887262,4.9808
2013,female,40-44,I-XXII,Todas las causas,1343,1887262,71.1613
2013,female,40-44,,"Trastornos mentales debidos al uso de drogas (drogodependencia, toxicomanía)",0,1887262,0.0
2013,female,45-49,,Accidentes de tráfico,18,1823708,0.987
2013,female,45-49,,Agresiones (homicidio),8,1823708,0.4387
2013,female,45-49,,Envenenamiento accidental por psicofármacos y drogas de abuso,12,1823708,0.658
2013,female,45-49,,Eventos de intención no determinada,3,1823708,0.1645
2013,female,45-49,,Suicidio y lesiones autoinfligidas,93,1823708,5.0995
2013,female,45-49,I-XXII,Todas las causas,2330,1823708,127.7617
2013,female,45-49,,"Trastornos mentales debidos al uso de drogas (drogodependencia, toxicomanía)",0,1823708,0.0
2013,female,5-9,,Accidentes de tráfico,9,1190426,0.756
2013,female,5-9,,Agresiones (homicidio),1,1190426,0.084
2013,female,5-9,,Envenenamiento accidental por psicofármacos y drogas de abuso,0,1190426,0.0
2013,female,5-9,,Eventos de intención no determinada,0,1190426,0.0
2013,female,5-9,,Suicidio y lesiones autoinfligidas,0,1190426,0.0
2013,female,5-9,I-XXII,Todas las causas,100,1190426,8.4004
2013,female,5-9,,"Trastornos mentales debidos al uso de drogas (drogodependencia, toxicomanía)",0,1190426,0.0
2013,female,50-54,,Accidentes de tráfico,30,1659600,1.8077
2013,female,50-54,,Agresiones (homicidio),14,1659600,0.8436
2013,female,50-54,,Envenenamiento accidental por psicofármacos y drogas de abuso,9,1659600,0.5423
2013,female,50-54,,Eventos de intención no determinada,2,1659600,0.1205
2013,female,50-54,,Suicidio y lesiones autoinfligidas,110,1659600,6.6281
2013,female,50-54,I-XXII,Todas las causas,3403,1659600,205.0494
2013,female,50-54,,"Trastornos mentales debidos al uso de drogas (drogodependencia, toxicomanía)",0,1659600,0.0
2013,female,55-59,,Accidentes de tráfico,24,1439169,1.6676
2013,female,55-59,,Agresiones (homicidio),3,1439169,0.2085
2013,female,55-59,,Envenenamiento accidental por psicofármacos y drogas de abuso,4,1439169,0.2779
2013,female,55-59,,Eventos de intención no determinada,2,1439169,0.139
2013,female,55-59,,Suicidio y lesiones autoinfligidas,87,1439169,6.0452
2013,female,55-59,I-XXII,Todas las causas,4191,1439169,291.2097
2013,female,55-59,,"Trastornos mentales debidos al uso de drogas (drogodependencia, toxicomanía)",1,1439169,0.0695
2013,female,60-64,,Accidentes de tráfico,18,1282077,1.404
2013,female,60-64,,Agresiones (homicidio),4,1282077,0.312
2013,female,60-64,,Envenenamiento accidental por psicofármacos y drogas de abuso,5,1282077,0.39
2013,female,60-64,,Eventos de intención no determinada,1,1282077,0.078
2013,female,60-64,,Suicidio y lesiones autoinfligidas,65,1282077,5.0699
2013,female,60-64,I-XXII,Todas las causas,5244,1282077,409.0238
2013,female,60-64,,"Trastornos mentales debidos al uso de drogas (drogodependencia, toxicomanía)",0,1282077,0.0
2013,female,65-69,,Accidentes de tráfico,29,1204011,2.4086
2013,female,65-69,,Agresiones (homicidio),7,1204011,0.5814
2013,female,65-69,,Envenenamiento accidental por psicofármacos y drogas de abuso,4,1204011,0.3322
2013,female,65-69,,Eventos de intención no determinada,1,1204011,0.0831
2013,female,65-69,,Suicidio y lesiones autoinfligidas,70,1204011,5.8139
2013,female,65-69,I-XXII,Todas las causas,7357,1204011,611.0409
2013,female,65-69,,"Trastornos mentales debidos al uso de drogas (drogodependencia, toxicomanía)",0,1204011,0.0
2013,female,70-74,,Accidentes de tráfico,40,947291,4.2226
2013,female,70-74,,Agresiones (homicidio),4,947291,0.4223
2013,female,70-74,,Envenenamiento accidental por psicofármacos y drogas de abuso,6,947291,0.6334
2013,female,70-74,,Eventos de intención no determinada,1,947291,0.1056
2013,female,70-74,,Suicidio y lesiones autoinfligidas,65,947291,6.8617
2013,female,70-74,I-XXII,Todas las causas,9659,947291,1019.6444
2013,female,70-74,,"Trastornos mentales debidos al uso de drogas (drogodependencia, toxicomanía)",0,947291,0.0
2013,female,75-79,,Accidentes de tráfico,42,955517,4.3955
2013,female,75-79,,Agresiones (homicidio),5,955517,0.5233
2013,female,75-79,,Envenenamiento accidental por psicofármacos y drogas de abuso,14,955517,1.4652
2013,female,75-79,,Eventos de intención no determinada,4,955517,0.4186
2013,female,75-79,,Suicidio y lesiones autoinfligidas,73,955517,7.6398
2013,female,75-79,I-XXII,Todas las causas,19209,955517,2010.3253
2013,female,75-79,,"Trastornos mentales debidos al uso de drogas (drogodependencia, toxicomanía)",0,955517,0.0
2013,female,80-84,,Accidentes de tráfico,46,832468,5.5257
2013,female,80-84,,Agresiones (homicidio),4,832468,0.4805
2013,female,80-84,,Envenenamiento accidental por psicofármacos y drogas de abuso,22,832468,2.6427
2013,female,80-84,,Eventos de intención no determinada,0,832468,0.0
2013,female,80-84,,Suicidio y lesiones autoinfligidas,54,832468,6.4867
2013,female,80-84,I-XXII,Todas las causas,34626,832468,4159.4392
2013,female,80-84,,"Trastornos mentales debidos al uso de drogas (drogodependencia, toxicomanía)",0,832468,0.0
2013,female,85-89,,Accidentes de tráfico,21,526403,3.9893
2013,female,85-89,,Agresiones (homicidio),4,526403,0.7599
2013,female,85-89,,Envenenamiento accidental por psicofármacos y drogas de abuso,32,526403,6.079
2013,female,85-89,,Eventos de intención no determinada,7,526403,1.3298
2013,female,85-89,,Suicidio y lesiones autoinfligidas,31,526403,5.889
2013,female,85-89,I-XXII,Todas las causas,45388,526403,8622.2913
2013,female,85-89,,"Trastornos mentales debidos al uso de drogas (drogodependencia, toxicomanía)",0,526403,0.0
2013,female,90-94,,Accidentes de tráfico,8,227568,3.5154
2013,female,90-94,,Agresiones (homicidio),2,227568,0.8789
2013,female,90-94,,Envenenamiento accidental por psicofármacos y drogas de abuso,21,227568,9.228
2013,female,90-94,,Eventos de intención no determinada,0,227568,0.0
2013,female,90-94,,Suicidio y lesiones autoinfligidas,10,227568,4.3943
2013,female,90-94,I-XXII,Todas las causas,36872,227568,16202.6295
2013,female,90-94,,"Trastornos mentales debidos al uso de drogas (drogodependencia, toxicomanía)",0,227568,0.0
2013,female,95+,,Accidentes de tráfico,1,65305,1.5313
2013,female,95+,,Agresiones (homicidio),0,65305,0.0
2013,female,95+,,Envenenamiento accidental por psicofármacos y drogas de abuso,5,65305,7.6564
2013,female,95+,,Eventos de intención no determinada,0,65305,0.0
2013,female,95+,,Suicidio y lesiones autoinfligidas,5,65305,7.6564
2013,female,95+,I-XXII,Todas las causas,18243,65305,27935.0739
2013,female,95+,,"Trastornos mentales debidos al uso de drogas (drogodependencia, toxicomanía)",0,65305,0.0
2013,female,<1,,Accidentes de tráfico,1,209883,0.4765
2013,female,<1,,Agresiones (homicidio),1,209883,0.4765
2013,female,<1,,Envenenamiento accidental por psicofármacos y drogas de abuso,0,209883,0.0
2013,female,<1,,Eventos de intención no determinada,0,209883,0.0
2013,female,<1,,Suicidio y lesiones autoinfligidas,0,209883,0.0
2013,female,<1,I-XXII,Todas las causas,530,209883,252.5216
2013,female,<1,,"Trastornos mentales debidos al uso de drogas (drogodependencia, toxicomanía)",0,209883,0.0
2013,female,all,,Accidentes de tráfico,425,23648876,1.7971
2013,female,all,,Agresiones (homicidio),109,23648876,0.4609
2013,female,all,,Envenenamiento accidental por psicofármacos y drogas de abuso,192,23648876,0.8119
2013,female,all,,Eventos de intención no determinada,27,23648876,0.1142
2013,female,all,,Suicidio y lesiones autoinfligidas,959,23648876,4.0552
2013,female,all,I-XXII,Todas las causas,190585,23648876,805.8945
2013,female,all,,"Trastornos mentales debidos al uso de drogas (drogodependencia, toxicomanía)",2,23648876,0.0085
2013,male,1-4,,Accidentes de tráfico,7,995561,0.7031
2013,male,1-4,,Agresiones (homicidio),3,995561,0.3013
2013,male,1-4,,Envenenamiento accidental por psicofármacos y drogas de abuso,0,995561,0.0
2013,male,1-4,,Eventos de intención no determinada,0,995561,0.0
2013,male,1-4,,Suicidio y lesiones autoinfligidas,0,995561,0.0
2013,male,1-4,I-XXII,Todas las causas,153,995561,15.3682
2013,male,1-4,,"Trastornos mentales debidos al uso de drogas (drogodependencia, toxicomanía)",0,995561,0.0
2013,male,10-14,,Accidentes de tráfico,14,1153062,1.2142
2013,male,10-14,,Agresiones (homicidio),2,1153062,0.1735
2013,male,10-14,,Envenenamiento accidental por psicofármacos y drogas de abuso,0,1153062,0.0
2013,male,10-14,,Eventos de intención no determinada,0,1153062,0.0
2013,male,10-14,,Suicidio y lesiones autoinfligidas,6,1153062,0.5204
2013,male,10-14,I-XXII,Todas las causas,108,1153062,9.3664
2013,male,10-14,,"Trastornos mentales debidos al uso de drogas (drogodependencia, toxicomanía)",0,1153062,0.0
2013,male,15-19,,Accidentes de tráfico,39,1107696,3.5208
2013,male,15-19,,Agresiones (homicidio),7,1107696,0.6319
2013,male,15-19,,Envenenamiento accidental por psicofármacos y drogas de abuso,2,1107696,0.1806
2013,male,15-19,,Eventos de intención no determinada,4,1107696,0.3611
2013,male,15-19,,Suicidio y lesiones autoinfligidas,40,1107696,3.6111
2013,male,15-19,I-XXII,Todas las causas,257,1107696,23.2013
2013,male,15-19,,"Trastornos mentales debidos al uso de drogas (drogodependencia, toxicomanía)",0,1107696,0.0
2013,male,20-24,,Accidentes de tráfico,84,1224880,6.8578
2013,male,20-24,,Agresiones (homicidio),8,1224880,0.6531
2013,male,20-24,,Envenenamiento accidental por psicofármacos y drogas de abuso,8,1224880,0.6531
2013,male,20-24,,Eventos de intención no determinada,2,1224880,0.1633
2013,male,20-24,,Suicidio y lesiones autoinfligidas,91,1224880,7.4293
2013,male,20-24,I-XXII,Todas las causas,435,1224880,35.5137
2013,male,20-24,,"Trastornos mentales debidos al uso de drogas (drogodependencia, toxicomanía)",0,1224880,0.0
2013,male,25-29,,Accidentes de tráfico,94,1418940,6.6247
2013,male,25-29,,Agresiones (homicidio),13,1418940,0.9162
2013,male,25-29,,Envenenamiento accidental por psicofármacos y drogas de abuso,22,1418940,1.5505
2013,male,25-29,,Eventos de intención no determinada,4,1418940,0.2819
2013,male,25-29,,Suicidio y lesiones autoinfligidas,94,1418940,6.6247
2013,male,25-29,I-XXII,Todas las causas,598,1418940,42.1441
2013,male,25-29,,"Trastornos mentales debidos al uso de drogas (drogodependencia, toxicomanía)",1,1418940,0.0705
2013,male,30-34,,Accidentes de tráfico,120,1813858,6.6157
2013,male,30-34,,Agresiones (homicidio),16,1813858,0.8821
2013,male,30-34,,Envenenamiento accidental por psicofármacos y drogas de abuso,43,1813858,2.3706
2013,male,30-34,,Eventos de intención no determinada,3,1813858,0.1654
2013,male,30-34,,Suicidio y lesiones autoinfligidas,166,1813858,9.1518
2013,male,30-34,I-XXII,Todas las causas,966,1813858,53.2566
2013,male,30-34,,"Trastornos mentales debidos al uso de drogas (drogodependencia, toxicomanía)",3,1813858,0.1654
2013,male,35-39,,Accidentes de tráfico,116,2080967,5.5743
2013,male,35-39,,Agresiones (homicidio),24,2080967,1.1533
2013,male,35-39,,Envenenamiento accidental por psicofármacos y drogas de abuso,65,2080967,3.1235
2013,male,35-39,,Eventos de intención no determinada,2,2080967,0.0961
2013,male,35-39,,Suicidio y lesiones autoinfligidas,229,2080967,11.0045
2013,male,35-39,I-XXII,Todas las causas,1494,2080967,71.7935
2013,male,35-39,,"Trastornos mentales debidos al uso de drogas (drogodependencia, toxicomanía)",2,2080967,0.0961
2013,male,40-44,,Accidentes de tráfico,131,1969100,6.6528
2013,male,40-44,,Agresiones (homicidio),25,1969100,1.2696
2013,male,40-44,,Envenenamiento accidental por psicofármacos y drogas de abuso,74,1969100,3.7581
2013,male,40-44,,Eventos de intención no determinada,3,1969100,0.1524
2013,male,40-44,,Suicidio y lesiones autoinfligidas,285,1969100,14.4736
2013,male,40-44,I-XXII,Todas las causas,2531,1969100,128.5359
2013,male,40-44,,"Trastornos mentales debidos al uso de drogas (drogodependencia, toxicomanía)",7,1969100,0.3555
2013,male,45-49,,Accidentes de tráfico,118,1853865,6.3651
2013,male,45-49,,Agresiones (homicidio),24,1853865,1.2946
2013,male,45-49,,Envenenamiento accidental por psicofármacos y drogas de abuso,88,1853865,4.7468
2013,male,45-49,,Eventos de intención no determinada,7,1853865,0.3776
2013,male,45-49,,Suicidio y lesiones autoinfligidas,319,1853865,17.2073
2013,male,45-49,I-XXII,Todas las causas,4558,1853865,245.8647
2013,male,45-49,,"Trastornos mentales debidos al uso de drogas (drogodependencia, toxicomanía)",3,1853865,0.1618
2013,male,5-9,,Accidentes de tráfico,9,1264143,0.7119
2013,male,5-9,,Agresiones (homicidio),3,1264143,0.2373
2013,male,5-9,,Envenenamiento accidental por psicofármacos y drogas de abuso,1,1264143,0.0791
2013,male,5-9,,Eventos de intención no determinada,0,1264143,0.0
2013,male,5-9,,Suicidio y lesiones autoinfligidas,0,1264143,0.0
2013,male,5-9,I-XXII,Todas las causas,117,1264143,9.2553
2013,male,5-9,,"Trastornos mentales debidos al uso de drogas (drogodependencia, toxicomanía)",0,1264143,0.0
2013,male,50-54,,Accidentes de tráfico,99,1647004,6.0109
2013,male,50-54,,Agresiones (homicidio),15,1647004,0.9107
2013,male,50-54,,Envenenamiento accidental por psicofármacos y drogas de abuso,40,1647004,2.4287
2013,male,50-54,,Eventos de intención no determinada,7,1647004,0.425
2013,male,50-54,,Suicidio y lesiones autoinfligidas,340,1647004,20.6435
2013,male,50-54,I-XXII,Todas las causas,6887,1647004,418.1532
2013,male,50-54,,"Trastornos mentales debidos al uso de drogas (drogodependencia, toxicomanía)",4,1647004,0.2429
2013,male,55-59,,Accidentes de tráfico,83,1394340,5.9526
2013,male,55-59,,Agresiones (homicidio),12,1394340,0.8606
2013,male,55-59,,Envenenamiento accidental por psicofármacos y drogas de abuso,19,1394340,1.3627
2013,male,55-59,,Eventos de intención no determinada,3,1394340,0.2152
2013,male,55-59,,Suicidio y lesiones autoinfligidas,237,1394340,16.9973
2013,male,55-59,I-XXII,Todas las causas,9206,1394340,660.2407
2013,male,55-59,,"Trastornos mentales debidos al uso de drogas (drogodependencia, toxicomanía)",0,1394340,0.0
2013,male,60-64,,Accidentes de tráfico,81,1211662,6.685
2013,male,60-64,,Agresiones (homicidio),11,1211662,0.9078
2013,male,60-64,,Envenenamiento accidental por psicofármacos y drogas de abuso,6,1211662,0.4952
2013,male,60-64,,Eventos de intención no determinada,1,1211662,0.0825
2013,male,60-64,,Suicidio y lesiones autoinfligidas,205,1211662,16.9189
2013,male,60-64,I-XXII,Todas las causas,12309,1211662,1015.8774
2013,male,60-64,,"Trastornos mentales debidos al uso de drogas (drogodependencia, toxicomanía)",0,1211662,0.0
2013,male,65-69,,Accidentes de tráfico,68,1090429,6.2361
2013,male,65-69,,Agresiones (homicidio),11,1090429,1.0088
2013,male,65-69,,Envenenamiento accidental por psicofármacos y drogas de abuso,5,1090429,0.4585
2013,male,65-69,,Eventos de intención no determinada,0,1090429,0.0
2013,male,65-69,,Suicidio y lesiones autoinfligidas,187,1090429,17.1492
2013,male,65-69,I-XXII,Todas las causas,16305,1090429,1495.283
2013,male,65-69,,"Trastornos mentales debidos al uso de drogas (drogodependencia, toxicomanía)",0,1090429,0.0
2013,male,70-74,,Accidentes de tráfico,76,811285,9.3679
2013,male,70-74,,Agresiones (homicidio),11,811285,1.3559
2013,male,70-74,,Envenenamiento accidental por psicofármacos y drogas de abuso,11,811285,1.3559
2013,male,70-74,,Eventos de intención no determinada,4,811285,0.493
2013,male,70-74,,Suicidio y lesiones autoinfligidas,182,811285,22.4335
2013,male,70-74,I-XXII,Todas las causas,18607,811285,2293.522
2013,male,70-74,,"Trastornos mentales debidos al uso de drogas (drogodependencia, toxicomanía)",0,811285,0.0
2013,male,75-79,,Accidentes de tráfico,78,729590,10.6909
2013,male,75-79,,Agresiones (homicidio),4,729590,0.5483
2013,male,75-79,,Envenenamiento accidental por psicofármacos y drogas de abuso,14,729590,1.9189
2013,male,75-79,,Eventos de intención no determinada,5,729590,0.6853
2013,male,75-79,,Suicidio y lesiones autoinfligidas,181,729590,24.8085
2013,male,75-79,I-XXII,Todas las causas,28719,729590,3936.3204
2013,male,75-79,,"Trastornos mentales debidos al uso de drogas (drogodependencia, toxicomanía)",0,729590,0.0
2013,male,80-84,,Accidentes de tráfico,95,551047,17.2399
2013,male,80-84,,Agresiones (homicidio),6,551047,1.0888
2013,male,80-84,,Envenenamiento accidental por psicofármacos y drogas de abuso,19,551047,3.448
2013,male,80-84,,Eventos de intención no determinada,5,551047,0.9074
2013,male,80-84,,Suicidio y lesiones autoinfligidas,203,551047,36.839
2013,male,80-84,I-XXII,Todas las causas,37516,551047,6808.1307
2013,male,80-84,,"Trastornos mentales debidos al uso de drogas (drogodependencia, toxicomanía)",0,551047,0.0
2013,male,85-89,,Accidentes de tráfico,57,279952,20.3606
2013,male,85-89,,Agresiones (homicidio),4,279952,1.4288
2013,male,85-89,,Envenenamiento accidental por psicofármacos y drogas de abuso,18,279952,6.4297
2013,male,85-89,,Eventos de intención no determinada,3,279952,1.0716
2013,male,85-89,,Suicidio y lesiones autoinfligidas,106,279952,37.8636
2013,male,85-89,I-XXII,Todas las causas,34131,279952,12191.7329
2013,male,85-89,,"Trastornos mentales debidos al uso de drogas (drogodependencia, toxicomanía)",0,279952,0.0
2013,male,90-94,,Accidentes de tráfico,12,93193,12.8765
2013,male,90-94,,Agresiones (homicidio),4,93193,4.2922
2013,male,90-94,,Envenenamiento accidental por psicofármacos y drogas de abuso,8,93193,8.5843
2013,male,90-94,,Eventos de intención no determinada,0,93193,0.0
2013,male,90-94,,Suicidio y lesiones autoinfligidas,35,93193,37.5565
2013,male,90-94,I-XXII,Todas las causas,18529,93193,19882.3946
2013,male,90-94,,"Trastornos mentales debidos al uso de drogas (drogodependencia, toxicomanía)",0,93193,0.0
2013,male,95+,,Accidentes de tráfico,0,18929,0.0
2013,male,95+,,Agresiones (homicidio),0,18929,0.0
2013,male,95+,,Envenenamiento accidental por psicofármacos y drogas de abuso,1,18929,5.2829
2013,male,95+,,Eventos de intención no determinada,0,18929,0.0
2013,male,95+,,Suicidio y lesiones autoinfligidas,5,18929,26.4145
2013,male,95+,I-XXII,Todas las causas,5774,18929,30503.4603
2013,male,95+,,"Trastornos mentales debidos al uso de drogas (drogodependencia, toxicomanía)",0,18929,0.0
2013,male,<1,,Accidentes de tráfico,1,222745,0.4489
2013,male,<1,,Agresiones (homicidio),3,222745,1.3468
2013,male,<1,,Envenenamiento accidental por psicofármacos y drogas de abuso,0,222745,0.0
2013,male,<1,,Eventos de intención no determinada,1,222745,0.4489
2013,male,<1,,Suicidio y lesiones autoinfligidas,0,222745,0.0
2013,male,<1,I-XXII,Todas las causas,634,222745,284.6304
2013,male,<1,,"Trastornos mentales debidos al uso de drogas (drogodependencia, toxicomanía)",0,222745,0.0
2013,male,all,,Accidentes de tráfico,1382,22932248,6.0264
2013,male,all,,Agresiones (homicidio),206,22932248,0.8983
2013,male,all,,Envenenamiento accidental por psicofármacos y drogas de abuso,444,22932248,1.9361
2013,male,all,,Eventos de intención no determinada,54,22932248,0.2355
2013,male,all,,Suicidio y lesiones autoinfligidas,2911,22932248,12.6939
2013,male,all,I-XXII,Todas las causas,199834,22932248,871.4104
2013,male,all,,"Trastornos mentales debidos al uso de drogas (drogodependencia, toxicomanía)",20,22932248,0.0872
2014,all,1-4,,Accidentes de tráfico,9,1857259,0.4846
2014,all,1-4,,Agresiones (homicidio),3,1857259,0.1615
2014,all,1-4,,Envenenamiento accidental por psicofármacos y drogas de abuso,1,1857259,0.0538
2014,all,1-4,,Eventos de intención no determinada,0,1857259,0.0
2014,all,1-4,,Suicidio y lesiones autoinfligidas,0,1857259,0.0
2014,all,1-4,I-XXII,Todas las causas,264,1857259,14.2145
2014,all,1-4,,"Trastornos mentales debidos al uso de drogas (drogodependencia, toxicomanía)",0,1857259,0.0
2014,all,10-14,,Accidentes de tráfico,14,2281079,0.6137
2014,all,10-14,,Agresiones (homicidio),1,2281079,0.0438
2014,all,10-14,,Envenenamiento accidental por psicofármacos y drogas de abuso,0,2281079,0.0
2014,all,10-14,,Eventos de intención no determinada,0,2281079,0.0
2014,all,10-14,,Suicidio y lesiones autoinfligidas,10,2281079,0.4384
2014,all,10-14,I-XXII,Todas las causas,211,2281079,9.25
2014,all,10-14,,"Trastornos mentales debidos al uso de drogas (drogodependencia, toxicomanía)",0,2281079,0.0
2014,all,15-19,,Accidentes de tráfico,51,2143702,2.3791
2014,all,15-19,,Agresiones (homicidio),10,2143702,0.4665
2014,all,15-19,,Envenenamiento accidental por psicofármacos y drogas de abuso,2,2143702,0.0933
2014,all,15-19,,Eventos de intención no determinada,0,2143702,0.0
2014,all,15-19,,Suicidio y lesiones autoinfligidas,59,2143702,2.7522
2014,all,15-19,I-XXII,Todas las causas,362,2143702,16.8867
2014,all,15-19,,"Trastornos mentales debidos al uso de drogas (drogodependencia, toxicomanía)",0,2143702,0.0
2014,all,20-24,,Accidentes de tráfico,102,2346337,4.3472
2014,all,20-24,,Agresiones (homicidio),14,2346337,0.5967
2014,all,20-24,,Envenenamiento accidental por psicofármacos y drogas de abuso,12,2346337,0.5114
2014,all,20-24,,Eventos de intención no determinada,2,2346337,0.0852
2014,all,20-24,,Suicidio y lesiones autoinfligidas,127,2346337,5.4127
2014,all,20-24,I-XXII,Todas las causas,659,2346337,28.0863
2014,all,20-24,,"Trastornos mentales debidos al uso de drogas (drogodependencia, toxicomanía)",0,2346337,0.0
2014,all,25-29,,Accidentes de tráfico,110,2701719,4.0715
2014,all,25-29,,Agresiones (homicidio),27,2701719,0.9994
2014,all,25-29,,Envenenamiento accidental por psicofármacos y drogas de abuso,20,2701719,0.7403
2014,all,25-29,,Eventos de intención no determinada,0,2701719,0.0
2014,all,25-29,,Suicidio y lesiones autoinfligidas,133,2701719,4.9228
2014,all,25-29,I-XXII,Todas las causas,766,2701719,28.3523
2014,all,25-29,,"Trastornos mentales debidos al uso de drogas (drogodependencia, toxicomanía)",0,2701719,0.0
2014,all,30-34,,Accidentes de tráfico,120,3374307,3.5563
2014,all,30-34,,Agresiones (homicidio),24,3374307,0.7113
2014,all,30-34,,Envenenamiento accidental por psicofármacos y drogas de abuso,49,3374307,1.4522
2014,all,30-34,,Eventos de intención no determinada,3,3374307,0.0889
2014,all,30-34,,Suicidio y lesiones autoinfligidas,221,3374307,6.5495
2014,all,30-34,I-XXII,Todas las causas,1347,3374307,39.9193
2014,all,30-34,,"Trastornos mentales debidos al uso de drogas (drogodependencia, toxicomanía)",4,3374307,0.1185
2014,all,35-39,,Accidentes de tráfico,143,3997776,3.577
2014,all,35-39,,Agresiones (homicidio),31,3997776,0.7754
2014,all,35-39,,Envenenamiento accidental por psicofármacos y drogas de abuso,69,3997776,1.726
2014,all,35-39,,Eventos de intención no determinada,7,3997776,0.1751
2014,all,35-39,,Suicidio y lesiones autoinfligidas,283,3997776,7.0789
2014,all,35-39,I-XXII,Todas las causas,2101,3997776,52.5542
2014,all,35-39,,"Trastornos mentales debidos al uso de drogas (drogodependencia, toxicomanía)",2,3997776,0.05
2014,all,40-44,,Accidentes de tráfico,164,3874839,4.2324
2014,all,40-44,,Agresiones (homicidio),42,3874839,1.0839
2014,all,40-44,,Envenenamiento accidental por psicofármacos y drogas de abuso,100,3874839,2.5808
2014,all,40-44,,Eventos de intención no determinada,2,3874839,0.0516
2014,all,40-44,,Suicidio y lesiones autoinfligidas,386,3874839,9.9617
2014,all,40-44,I-XXII,Todas las causas,3842,3874839,99.1525
2014,all,40-44,,"Trastornos mentales debidos al uso de drogas (drogodependencia, toxicomanía)",4,3874839,0.1032
2014,all,45-49,,Accidentes de tráfico,172,3687659,4.6642
2014,all,45-49,,Agresiones (homicidio),22,3687659,0.5966
2014,all,45-49,,Envenenamiento accidental por psicofármacos y drogas de abuso,113,3687659,3.0643
2014,all,45-49,,Eventos de intención no determinada,2,3687659,0.0542
2014,all,45-49,,Suicidio y lesiones autoinfligidas,457,3687659,12.3927
2014,all,45-49,I-XXII,Todas las causas,6732,3687659,182.5548
2014,all,45-49,,"Trastornos mentales debidos al uso de drogas (drogodependencia, toxicomanía)",3,3687659,0.0814
2014,all,5-9,,Accidentes de tráfico,9,2474230,0.3637
2014,all,5-9,,Agresiones (homicidio),4,2474230,0.1617
2014,all,5-9,,Envenenamiento accidental por psicofármacos y drogas de abuso,0,2474230,0.0
2014,all,5-9,,Eventos de intención no determinada,0,2474230,0.0
2014,all,5-9,,Suicidio y lesiones autoinfligidas,0,2474230,0.0
2014,all,5-9,I-XXII,Todas las causas,188,2474230,7.5983
2014,all,5-9,,"Trastornos mentales debidos al uso de drogas (drogodependencia, toxicomanía)",0,2474230,0.0
2014,all,50-54,,Accidentes de tráfico,154,3367612,4.573
2014,all,50-54,,Agresiones (homicidio),26,3367612,0.7721
2014,all,50-54,,Envenenamiento accidental por psicofármacos y drogas de abuso,68,3367612,2.0192
2014,all,50-54,,Eventos de intención no determinada,5,3367612,0.1485
2014,all,50-54,,Suicidio y lesiones autoinfligidas,438,3367612,13.0062
2014,all,50-54,I-XXII,Todas las causas,10081,3367612,299.3516
2014,all,50-54,,"Trastornos mentales debidos al uso de drogas (drogodependencia, toxicomanía)",6,3367612,0.1782
2014,all,55-59,,Accidentes de tráfico,132,2923740,4.5148
2014,all,55-59,,Agresiones (homicidio),22,2923740,0.7525
2014,all,55-59,,Envenenamiento accidental por psicofármacos y drogas de abuso,42,2923740,1.4365
2014,all,55-59,,Eventos de intención no determinada,4,2923740,0.1368
2014,all,55-59,,Suicidio y lesiones autoinfligidas,313,2923740,10.7055
2014,all,55-59,I-XXII,Todas las causas,13625,2923740,466.0127
2014,all,55-59,,"Trastornos mentales debidos al uso de drogas (drogodependencia, toxicomanía)",4,2923740,0.1368
2014,all,60-64,,Accidentes de tráfico,101,2495589,4.0471
2014,all,60-64,,Agresiones (homicidio),14,2495589,0.561
2014,all,60-64,,Envenenamiento accidental por psicofármacos y drogas de abuso,23,2495589,0.9216
2014,all,60-64,,Eventos de intención no determinada,6,2495589,0.2404
2014,all,60-64,,Suicidio y lesiones autoinfligidas,268,2495589,10.7389
2014,all,60-64,I-XXII,Todas las causas,17320,2495589,694.0245
2014,all,60-64,,"Trastornos mentales debidos al uso de drogas (drogodependencia, toxicomanía)",0,2495589,0.0
2014,all,65-69,,Accidentes de tráfico,110,2336880,4.7071
2014,all,65-69,,Agresiones (homicidio),10,2336880,0.4279
2014,all,65-69,,Envenenamiento accidental por psicofármacos y drogas de abuso,12,2336880,0.5135
2014,all,65-69,,Eventos de intención no determinada,4,2336880,0.1712
2014,all,65-69,,Suicidio y lesiones autoinfligidas,256,2336880,10.9548
2014,all,65-69,I-XXII,Todas las causas,23859,2336880,1020.9767
2014,all,65-69,,"Trastornos mentales debidos al uso de drogas (drogodependencia, toxicomanía)",1,2336880,0.0428
2014,all,70-74,,Accidentes de tráfico,102,1874782,5.4406
2014,all,70-74,,Agresiones (homicidio),14,1874782,0.7468
2014,all,70-74,,Envenenamiento accidental por psicofármacos y drogas de abuso,14,1874782,0.7468
2014,all,70-74,,Eventos de intención no determinada,2,1874782,0.1067
2014,all,70-74,,Suicidio y lesiones autoinfligidas,215,1874782,11.468
2014,all,70-74,I-XXII,Todas las causas,29961,1874782,1598.1058
2014,all,70-74,,"Trastornos mentales debidos al uso de drogas (drogodependencia, toxicomanía)",1,1874782,0.0533
2014,all,75-79,,Accidentes de tráfico,122,1597016,7.6392
2014,all,75-79,,Agresiones (homicidio),19,1597016,1.1897
2014,all,75-79,,Envenenamiento accidental por psicofármacos y drogas de abuso,33,1597016,2.0664
2014,all,75-79,,Eventos de intención no determinada,2,1597016,0.1252
2014,all,75-79,,Suicidio y lesiones autoinfligidas,246,1597016,15.4037
2014,all,75-79,I-XXII,Todas las causas,45167,1597016,2828.2121
2014,all,75-79,,"Trastornos mentales debidos al uso de drogas (drogodependencia, toxicomanía)",0,1597016,0.0
2014,all,80-84,,Accidentes de tráfico,145,1409846,10.2848
2014,all,80-84,,Agresiones (homicidio),17,1409846,1.2058
2014,all,80-84,,Envenenamiento accidental por psicofármacos y drogas de abuso,62,1409846,4.3976
2014,all,80-84,,Eventos de intención no determinada,2,1409846,0.1419
2014,all,80-84,,Suicidio y lesiones autoinfligidas,232,1409846,16.4557
2014,all,80-84,I-XXII,Todas las causas,72251,1409846,5124.7441
2014,all,80-84,,"Trastornos mentales debidos al uso de drogas (drogodependencia, toxicomanía)",1,1409846,0.0709
2014,all,85-89,,Accidentes de tráfico,84,837210,10.0333
2014,all,85-89,,Agresiones (homicidio),10,837210,1.1944
2014,all,85-89,,Envenenamiento accidental por psicofármacos y drogas de abuso,57,837210,6.8083
2014,all,85-89,,Eventos de intención no determinada,6,837210,0.7167
2014,all,85-89,,Suicidio y lesiones autoinfligidas,189,837210,22.575
2014,all,85-89,I-XXII,Todas las causas,81309,837210,9711.9002
2014,all,85-89,,"Trastornos mentales debidos al uso de drogas (drogodependencia, toxicomanía)",0,837210,0.0
2014,all,90-94,,Accidentes de tráfico,22,344538,6.3854
2014,all,90-94,,Agresiones (homicidio),4,344538,1.161
2014,all,90-94,,Envenenamiento accidental por psicofármacos y drogas de abuso,36,344538,10.4488
2014,all,90-94,,Eventos de intención no determinada,1,344538,0.2902
2014,all,90-94,,Suicidio y lesiones autoinfligidas,69,344538,20.0268
2014,all,90-94,I-XXII,Todas las causas,59790,344538,17353.6736
2014,all,90-94,,"Trastornos mentales debidos al uso de drogas (drogodependencia, toxicomanía)",0,344538,0.0
2014,all,95+,,Accidentes de tráfico,4,87509,4.571
2014,all,95+,,Agresiones (homicidio),0,87509,0.0
2014,all,95+,,Envenenamiento accidental por psicofármacos y drogas de abuso,9,87509,10.2847
2014,all,95+,,Eventos de intención no determinada,0,87509,0.0
2014,all,95+,,Suicidio y lesiones autoinfligidas,8,87509,9.1419
2014,all,95+,I-XXII,Todas las causas,24763,87509,28297.6608
2014,all,95+,,"Trastornos mentales debidos al uso de drogas (drogodependencia, toxicomanía)",0,87509,0.0
2014,all,<1,,Accidentes de tráfico,3,419421,0.7153
2014,all,<1,,Agresiones (homicidio),3,419421,0.7153
2014,all,<1,,Envenenamiento accidental por psicofármacos y drogas de abuso,0,419421,0.0
2014,all,<1,,Eventos de intención no determinada,1,419421,0.2384
2014,all,<1,,Suicidio y lesiones autoinfligidas,0,419421,0.0
2014,all,<1,I-XXII,Todas las causas,1232,419421,293.7383
2014,all,<1,,"Trastornos mentales debidos al uso de drogas (drogodependencia, toxicomanía)",0,419421,0.0
2014,all,all,,Accidentes de tráfico,1873,46433050,4.0338
2014,all,all,,Agresiones (homicidio),317,46433050,0.6827
2014,all,all,,Envenenamiento accidental por psicofármacos y drogas de abuso,722,46433050,1.5549
2014,all,all,,Eventos de intención no determinada,49,46433050,0.1055
2014,all,all,,Suicidio y lesiones autoinfligidas,3910,46433050,8.4207
2014,all,all,I-XXII,Todas las causas,395830,46433050,852.4747
2014,all,all,,"Trastornos mentales debidos al uso de drogas (drogodependencia, toxicomanía)",26,46433050,0.056
2014,female,1-4,,Accidentes de tráfico,1,899848,0.1111
2014,female,1-4,,Agresiones (homicidio),0,899848,0.0
2014,female,1-4,,Envenenamiento accidental por psicofármacos y drogas de abuso,1,899848,0.1111
2014,female,1-4,,Eventos de intención no determinada,0,899848,0.0
2014,female,1-4,,Suicidio y lesiones autoinfligidas,0,899848,0.0
2014,female,1-4,I-XXII,Todas las causas,118,899848,13.1133
2014,female,1-4,,"Trastornos mentales debidos al uso de drogas (drogodependencia, toxicomanía)",0,899848,0.0
2014,female,10-14,,Accidentes de tráfico,6,1108660,0.5412
2014,female,10-14,,Agresiones (homicidio),0,1108660,0.0
2014,female,10-14,,Envenenamiento accidental por psicofármacos y drogas de abuso,0,1108660,0.0
2014,female,10-14,,Eventos de intención no determinada,0,1108660,0.0
2014,female,10-14,,Suicidio y lesiones autoinfligidas,6,1108660,0.5412
2014,female,10-14,I-XXII,Todas las causas,97,1108660,8.7493
2014,female,10-14,,"Trastornos mentales debidos al uso de drogas (drogodependencia, toxicomanía)",0,1108660,0.0
2014,female,15-19,,Accidentes de tráfico,15,1040196,1.442
2014,female,15-19,,Agresiones (homicidio),4,1040196,0.3845
2014,female,15-19,,Envenenamiento accidental por psicofármacos y drogas de abuso,1,1040196,0.0961
2014,female,15-19,,Eventos de intención no determinada,0,1040196,0.0
2014,female,15-19,,Suicidio y lesiones autoinfligidas,21,1040196,2.0189
2014,female,15-19,I-XXII,Todas las causas,124,1040196,11.9208
2014,female,15-19,,"Trastornos mentales debidos al uso de drogas (drogodependencia, toxicomanía)",0,1040196,0.0
2014,female,20-24,,Accidentes de tráfico,19,1150938,1.6508
2014,female,20-24,,Agresiones (homicidio),3,1150938,0.2607
2014,female,20-24,,Envenenamiento accidental por psicofármacos y drogas de abuso,1,1150938,0.0869
2014,female,20-24,,Eventos de intención no determinada,0,1150938,0.0
2014,female,20-24,,Suicidio y lesiones autoinfligidas,29,1150938,2.5197
2014,female,20-24,I-XXII,Todas las causas,189,1150938,16.4214
2014,female,20-24,,"Trastornos mentales debidos al uso de drogas (drogodependencia, toxicomanía)",0,1150938,0.0
2014,female,25-29,,Accidentes de tráfico,16,1347030,1.1878
2014,female,25-29,,Agresiones (homicidio),9,1347030,0.6681
2014,female,25-29,,Envenenamiento accidental por psicofármacos y drogas de abuso,2,1347030,0.1485
2014,female,25-29,,Eventos de intención no determinada,0,1347030,0.0
2014,female,25-29,,Suicidio y lesiones autoinfligidas,30,1347030,2.2271
2014,female,25-29,I-XXII,Todas las causas,233,1347030,17.2973
2014,female,25-29,,"Trastornos mentales debidos al uso de drogas (drogodependencia, toxicomanía)",0,1347030,0.0
2014,female,30-34,,Accidentes de tráfico,16,1670924,0.9576
2014,female,30-34,,Agresiones (homicidio),4,1670924,0.2394
2014,female,30-34,,Envenenamiento accidental por psicofármacos y drogas de abuso,10,1670924,0.5985
2014,female,30-34,,Eventos de intención no determinada,1,1670924,0.0598
2014,female,30-34,,Suicidio y lesiones autoinfligidas,56,1670924,3.3514
2014,female,30-34,I-XXII,Todas las causas,431,1670924,25.7941
2014,female,30-34,,"Trastornos mentales debidos al uso de drogas (drogodependencia, toxicomanía)",0,1670924,0.0
2014,female,35-39,,Accidentes de tráfico,24,1954399,1.228
2014,female,35-39,,Agresiones (homicidio),16,1954399,0.8187
2014,female,35-39,,Envenenamiento accidental por psicofármacos y drogas de abuso,7,1954399,0.3582
2014,female,35-39,,Eventos de intención no determinada,1,1954399,0.0512
2014,female,35-39,,Suicidio y lesiones autoinfligidas,73,1954399,3.7352
2014,female,35-39,I-XXII,Todas las causas,772,1954399,39.5006
2014,female,35-39,,"Trastornos mentales debidos al uso de drogas (drogodependencia, toxicomanía)",0,1954399,0.0
2014,female,40-44,,Accidentes de tráfico,29,1897583,1.5283
2014,female,40-44,,Agresiones (homicidio),13,1897583,0.6851
2014,female,40-44,,Envenenamiento accidental por psicofármacos y drogas de abuso,19,1897583,1.0013
2014,female,40-44,,Eventos de intención no determinada,1,1897583,0.0527
2014,female,40-44,,Suicidio y lesiones autoinfligidas,93,1897583,4.901
2014,female,40-44,I-XXII,Todas las causas,1374,1897583,72.4079
2014,female,40-44,,"Trastornos mentales debidos al uso de drogas (drogodependencia, toxicomanía)",1,1897583,0.0527
2014,female,45-49,,Accidentes de tráfico,33,1828484,1.8048
2014,female,45-49,,Agresiones (homicidio),10,1828484,0.5469
2014,female,45-49,,Envenenamiento accidental por psicofármacos y drogas de abuso,21,1828484,1.1485
2014,female,45-49,,Eventos de intención no determinada,0,1828484,0.0
2014,female,45-49,,Suicidio y lesiones autoinfligidas,120,1828484,6.5628
2014,female,45-49,I-XXII,Todas las causas,2265,1828484,123.8731
2014,female,45-49,,"Trastornos mentales debidos al uso de drogas (drogodependencia, toxicomanía)",0,1828484,0.0
2014,female,5-9,,Accidentes de tráfico,6,1199130,0.5004
2014,female,5-9,,Agresiones (homicidio),4,1199130,0.3336
2014,female,5-9,,Envenenamiento accidental por psicofármacos y drogas de abuso,0,1199130,0.0
2014,female,5-9,,Eventos de intención no determinada,0,1199130,0.0
2014,female,5-9,,Suicidio y lesiones autoinfligidas,0,1199130,0.0
2014,female,5-9,I-XXII,Todas las causas,79,1199130,6.5881
2014,female,5-9,,"Trastornos mentales debidos al uso de drogas (drogodependencia, toxicomanía)",0,1199130,0.0
2014,female,50-54,,Accidentes de tráfico,35,1690083,2.0709
2014,female,50-54,,Agresiones (homicidio),5,1690083,0.2958
2014,female,50-54,,Envenenamiento accidental por psicofármacos y drogas de abuso,12,1690083,0.71
2014,female,50-54,,Eventos de intención no determinada,0,1690083,0.0
2014,female,50-54,,Suicidio y lesiones autoinfligidas,94,1690083,5.5619
2014,female,50-54,I-XXII,Todas las causas,3282,1690083,194.1916
2014,female,50-54,,"Trastornos mentales debidos al uso de drogas (drogodependencia, toxicomanía)",1,1690083,0.0592
2014,female,55-59,,Accidentes de tráfico,30,1484701,2.0206
2014,female,55-59,,Agresiones (homicidio),9,1484701,0.6062
2014,female,55-59,,Envenenamiento accidental por psicofármacos y drogas de abuso,9,1484701,0.6062
2014,female,55-59,,Eventos de intención no determinada,2,1484701,0.1347
2014,female,55-59,,Suicidio y lesiones autoinfligidas,77,1484701,5.1862
2014,female,55-59,I-XXII,Todas las causas,4334,1484701,291.9106
2014,female,55-59,,"Trastornos mentales debidos al uso de drogas (drogodependencia, toxicomanía)",0,1484701,0.0
2014,female,60-64,,Accidentes de tráfico,24,1282487,1.8714
2014,female,60-64,,Agresiones (homicidio),4,1282487,0.3119
2014,female,60-64,,Envenenamiento accidental por psicofármacos y drogas de abuso,10,1282487,0.7797
2014,female,60-64,,Eventos de intención no determinada,3,1282487,0.2339
2014,female,60-64,,Suicidio y lesiones autoinfligidas,78,1282487,6.0819
2014,female,60-64,I-XXII,Todas las causas,5260,1282487,410.1406
2014,female,60-64,,"Trastornos mentales debidos al uso de drogas (drogodependencia, toxicomanía)",0,1282487,0.0
2014,female,65-69,,Accidentes de tráfico,28,1226207,2.2835
2014,female,65-69,,Agresiones (homicidio),1,1226207,0.0816
2014,female,65-69,,Envenenamiento accidental por psicofármacos y drogas de abuso,3,1226207,0.2447
2014,female,65-69,,Eventos de intención no determinada,1,1226207,0.0816
2014,female,65-69,,Suicidio y lesiones autoinfligidas,81,1226207,6.6057
2014,female,65-69,I-XXII,Todas las causas,7382,1226207,602.0191
2014,female,65-69,,"Trastornos mentales debidos al uso de drogas (drogodependencia, toxicomanía)",1,1226207,0.0816
2014,female,70-74,,Accidentes de tráfico,36,1007915,3.5717
2014,female,70-74,,Agresiones (homicidio),6,1007915,0.5953
2014,female,70-74,,Envenenamiento accidental por psicofármacos y drogas de abuso,9,1007915,0.8929
2014,female,70-74,,Eventos de intención no determinada,0,1007915,0.0
2014,female,70-74,,Suicidio y lesiones autoinfligidas,57,1007915,5.6552
2014,female,70-74,I-XXII,Todas las causas,10247,1007915,1016.6532
2014,female,70-74,,"Trastornos mentales debidos al uso de drogas (drogodependencia, toxicomanía)",1,1007915,0.0992
2014,female,75-79,,Accidentes de tráfico,30,905145,3.3144
2014,female,75-79,,Agresiones (homicidio),6,905145,0.6629
2014,female,75-79,,Envenenamiento accidental por psicofármacos y drogas de abuso,23,905145,2.541
2014,female,75-79,,Eventos de intención no determinada,0,905145,0.0
2014,female,75-79,,Suicidio y lesiones autoinfligidas,52,905145,5.7449
2014,female,75-79,I-XXII,Todas las causas,18110,905145,2000.7844
2014,female,75-79,,"Trastornos mentales debidos al uso de drogas (drogodependencia, toxicomanía)",0,905145,0.0
2014,female,80-84,,Accidentes de tráfico,48,845392,5.6778
2014,female,80-84,,Agresiones (homicidio),9,845392,1.0646
2014,female,80-84,,Envenenamiento accidental por psicofármacos y drogas de abuso,37,845392,4.3767
2014,female,80-84,,Eventos de intención no determinada,2,845392,0.2366
2014,female,80-84,,Suicidio y lesiones autoinfligidas,48,845392,5.6778
2014,female,80-84,I-XXII,Todas las causas,34919,845392,4130.5099
2014,female,80-84,,"Trastornos mentales debidos al uso de drogas (drogodependencia, toxicomanía)",1,845392,0.1183
2014,female,85-89,,Accidentes de tráfico,33,544238,6.0635
2014,female,85-89,,Agresiones (homicidio),8,544238,1.4699
2014,female,85-89,,Envenenamiento accidental por psicofármacos y drogas de abuso,38,544238,6.9822
2014,female,85-89,,Eventos de intención no determinada,3,544238,0.5512
2014,female,85-89,,Suicidio y lesiones autoinfligidas,37,544238,6.7985
2014,female,85-89,I-XXII,Todas las causas,46452,544238,8535.2364
2014,female,85-89,,"Trastornos mentales debidos al uso de drogas (drogodependencia, toxicomanía)",0,544238,0.0
2014,female,90-94,,Accidentes de tráfico,12,243201,4.9342
2014,female,90-94,,Agresiones (homicidio),3,243201,1.2335
2014,female,90-94,,Envenenamiento accidental por psicofármacos y drogas de abuso,27,243201,11.1019
2014,female,90-94,,Eventos de intención no determinada,1,243201,0.4112
2014,female,90-94,,Suicidio y lesiones autoinfligidas,19,243201,7.8125
2014,female,90-94,I-XXII,Todas las causas,39263,243201,16144.2593
2014,female,90-94,,"Trastornos mentales debidos al uso de drogas (drogodependencia, toxicomanía)",0,243201,0.0
2014,female,95+,,Accidentes de tráfico,2,67716,2.9535
2014,female,95+,,Agresiones (homicidio),0,67716,0.0
2014,female,95+,,Envenenamiento accidental por psicofármacos y drogas de abuso,7,67716,10.3373
2014,female,95+,,Eventos de intención no determinada,0,67716,0.0
2014,female,95+,,Suicidio y lesiones autoinfligidas,1,67716,1.4768
2014,female,95+,I-XXII,Todas las causas,18778,67716,27730.5216
2014,female,95+,,"Trastornos mentales debidos al uso de drogas (drogodependencia, toxicomanía)",0,67716,0.0
2014,female,<1,,Accidentes de tráfico,1,203196,0.4921
2014,female,<1,,Agresiones (homicidio),2,203196,0.9843
2014,female,<1,,Envenenamiento accidental por psicofármacos y drogas de abuso,0,203196,0.0
2014,female,<1,,Eventos de intención no determinada,1,203196,0.4921
2014,female,<1,,Suicidio y lesiones autoinfligidas,0,203196,0.0
2014,female,<1,I-XXII,Todas las causas,550,203196,270.6746
2014,female,<1,,"Trastornos mentales debidos al uso de drogas (drogodependencia, toxicomanía)",0,203196,0.0
2014,female,all,,Accidentes de tráfico,444,23597473,1.8816
2014,female,all,,Agresiones (homicidio),116,23597473,0.4916
2014,female,all,,Envenenamiento accidental por psicofármacos y drogas de abuso,237,23597473,1.0043
2014,female,all,,Eventos de intención no determinada,16,23597473,0.0678
2014,female,all,,Suicidio y lesiones autoinfligidas,972,23597473,4.1191
2014,female,all,I-XXII,Todas las causas,194259,23597473,823.2195
2014,female,all,,"Trastornos mentales debidos al uso de drogas (drogodependencia, toxicomanía)",5,23597473,0.0212
2014,male,1-4,,Accidentes de tráfico,8,957411,0.8356
2014,male,1-4,,Agresiones (homicidio),3,957411,0.3133
2014,male,1-4,,Envenenamiento accidental por psicofármacos y drogas de abuso,0,957411,0.0
2014,male,1-4,,Eventos de intención no determinada,0,957411,0.0
2014,male,1-4,,Suicidio y lesiones autoinfligidas,0,957411,0.0
2014,male,1-4,I-XXII,Todas las causas,146,957411,15.2495
2014,male,1-4,,"Trastornos mentales debidos al uso de drogas (drogodependencia, toxicomanía)",0,957411,0.0
2014,male,10-14,,Accidentes de tráfico,8,1172419,0.6823
2014,male,10-14,,Agresiones (homicidio),1,1172419,0.0853
2014,male,10-14,,Envenenamiento accidental por psicofármacos y drogas de abuso,0,1172419,0.0
2014,male,10-14,,Eventos de intención no determinada,0,1172419,0.0
2014,male,10-14,,Suicidio y lesiones autoinfligidas,4,1172419,0.3412
2014,male,10-14,I-XXII,Todas las causas,114,1172419,9.7235
2014,male,10-14,,"Trastornos mentales debidos al uso de drogas (drogodependencia, toxicomanía)",0,1172419,0.0
2014,male,15-19,,Accidentes de tráfico,36,1103506,3.2623
2014,male,15-19,,Agresiones (homicidio),6,1103506,0.5437
2014,male,15-19,,Envenenamiento accidental por psicofármacos y drogas de abuso,1,1103506,0.0906
2014,male,15-19,,Eventos de intención no determinada,0,1103506,0.0
2014,male,15-19,,Suicidio y lesiones autoinfligidas,38,1103506,3.4436
2014,male,15-19,I-XXII,Todas las causas,238,1103506,21.5676
2014,male,15-19,,"Trastornos mentales debidos al uso de drogas (drogodependencia, toxicomanía)",0,1103506,0.0
2014,male,20-24,,Accidentes de tráfico,83,1195399,6.9433
2014,male,20-24,,Agresiones (homicidio),11,1195399,0.9202
2014,male,20-24,,Envenenamiento accidental por psicofármacos y drogas de abuso,11,1195399,0.9202
2014,male,20-24,,Eventos de intención no determinada,2,1195399,0.1673
2014,male,20-24,,Suicidio y lesiones autoinfligidas,98,1195399,8.1981
2014,male,20-24,I-XXII,Todas las causas,470,1195399,39.3174
2014,male,20-24,,"Trastornos mentales debidos al uso de drogas (drogodependencia, toxicomanía)",0,1195399,0.0
2014,male,25-29,,Accidentes de tráfico,94,1354689,6.9389
2014,male,25-29,,Agresiones (homicidio),18,1354689,1.3287
2014,male,25-29,,Envenenamiento accidental por psicofármacos y drogas de abuso,18,1354689,1.3287
2014,male,25-29,,Eventos de intención no determinada,0,1354689,0.0
2014,male,25-29,,Suicidio y lesiones autoinfligidas,103,1354689,7.6032
2014,male,25-29,I-XXII,Todas las causas,533,1354689,39.3448
2014,male,25-29,,"Trastornos mentales debidos al uso de drogas (drogodependencia, toxicomanía)",0,1354689,0.0
2014,male,30-34,,Accidentes de tráfico,104,1703383,6.1055
2014,male,30-34,,Agresiones (homicidio),20,1703383,1.1741
2014,male,30-34,,Envenenamiento accidental por psicofármacos y drogas de abuso,39,1703383,2.2896
2014,male,30-34,,Eventos de intención no determinada,2,1703383,0.1174
2014,male,30-34,,Suicidio y lesiones autoinfligidas,165,1703383,9.6866
2014,male,30-34,I-XXII,Todas las causas,916,1703383,53.7753
2014,male,30-34,,"Trastornos mentales debidos al uso de drogas (drogodependencia, toxicomanía)",4,1703383,0.2348
2014,male,35-39,,Accidentes de tráfico,119,2043377,5.8237
2014,male,35-39,,Agresiones (homicidio),15,2043377,0.7341
2014,male,35-39,,Envenenamiento accidental por psicofármacos y drogas de abuso,62,2043377,3.0342
2014,male,35-39,,Eventos de intención no determinada,6,2043377,0.2936
2014,male,35-39,,Suicidio y lesiones autoinfligidas,210,2043377,10.2771
2014,male,35-39,I-XXII,Todas las causas,1329,2043377,65.0394
2014,male,35-39,,"Trastornos mentales debidos al uso de drogas (drogodependencia, toxicomanía)",2,2043377,0.0979
2014,male,40-44,,Accidentes de tráfico,135,1977256,6.8276
2014,male,40-44,,Agresiones (homicidio),29,1977256,1.4667
2014,male,40-44,,Envenenamiento accidental por psicofármacos y drogas de abuso,81,1977256,4.0966
2014,male,40-44,,Eventos de intención no determinada,1,1977256,0.0506
2014,male,40-44,,Suicidio y lesiones autoinfligidas,293,1977256,14.8185
2014,male,40-44,I-XXII,Todas las causas,2468,1977256,124.8194
2014,male,40-44,,"Trastornos mentales debidos al uso de drogas (drogodependencia, toxicomanía)",3,1977256,0.1517
2014,male,45-49,,Accidentes de tráfico,139,1859175,7.4764
2014,male,45-49,,Agresiones (homicidio),12,1859175,0.6454
2014,male,45-49,,Envenenamiento accidental por psicofármacos y drogas de abuso,92,1859175,4.9484
2014,male,45-49,,Eventos de intención no determinada,2,1859175,0.1076
2014,male,45-49,,Suicidio y lesiones autoinfligidas,337,1859175,18.1263
2014,male,45-49,I-XXII,Todas las causas,4467,1859175,240.2679
2014,male,45-49,,"Trastornos mentales debidos al uso de drogas (drogodependencia, toxicomanía)",3,1859175,0.1614
2014,male,5-9,,Accidentes de tráfico,3,1275100,0.2353
2014,male,5-9,,Agresiones (homicidio),0,1275100,0.0
2014,male,5-9,,Envenenamiento accidental por psicofármacos y drogas de abuso,0,1275100,0.0
2014,male,5-9,,Eventos de intención no determinada,0,1275100,0.0
2014,male,5-9,,Suicidio y lesiones autoinfligidas,0,1275100,0.0
2014,male,5-9,I-XXII,Todas las causas,109,1275100,8.5483
2014,male,5-9,,"Trastornos mentales debidos al uso de drogas (drogodependencia, toxicomanía)",0,1275100,0.0
2014,male,50-54,,Accidentes de tráfico,119,1677529,7.0938
2014,male,50-54,,Agresiones (homicidio),21,1677529,1.2518
2014,male,50-54,,Envenenamiento accidental por psicofármacos y drogas de abuso,56,1677529,3.3382
2014,male,50-54,,Eventos de intención no determinada,5,1677529,0.2981
2014,male,50-54,,Suicidio y lesiones autoinfligidas,344,1677529,20.5064
2014,male,50-54,I-XXII,Todas las causas,6799,1677529,405.2985
2014,male,50-54,,"Trastornos mentales debidos al uso de drogas (drogodependencia, toxicomanía)",5,1677529,0.2981
2014,male,55-59,,Accidentes de tráfico,102,1439039,7.0881
2014,male,55-59,,Agresiones (homicidio),13,1439039,0.9034
2014,male,55-59,,Envenenamiento accidental por psicofármacos y drogas de abuso,33,1439039,2.2932
2014,male,55-59,,Eventos de intención no determinada,2,1439039,0.139
2014,male,55-59,,Suicidio y lesiones autoinfligidas,236,1439039,16.3998
2014,male,55-59,I-XXII,Todas las causas,9291,1439039,645.6392
2014,male,55-59,,"Trastornos mentales debidos al uso de drogas (drogodependencia, toxicomanía)",4,1439039,0.278
2014,male,60-64,,Accidentes de tráfico,77,1213102,6.3474
2014,male,60-64,,Agresiones (homicidio),10,1213102,0.8243
2014,male,60-64,,Envenenamiento accidental por psicofármacos y drogas de abuso,13,1213102,1.0716
2014,male,60-64,,Eventos de intención no determinada,3,1213102,0.2473
2014,male,60-64,,Suicidio y lesiones autoinfligidas,190,1213102,15.6623
2014,male,60-64,I-XXII,Todas las causas,12060,1213102,994.1456
2014,male,60-64,,"Trastornos mentales debidos al uso de drogas (drogodependencia, toxicomanía)",0,1213102,0.0
2014,male,65-69,,Accidentes de tráfico,82,1110673,7.3829
2014,male,65-69,,Agresiones (homicidio),9,1110673,0.8103
2014,male,65-69,,Envenenamiento accidental por psicofármacos y drogas de abuso,9,1110673,0.8103
2014,male,65-69,,Eventos de intención no determinada,3,1110673,0.2701
2014,male,65-69,,Suicidio y lesiones autoinfligidas,175,1110673,15.7562
2014,male,65-69,I-XXII,Todas las causas,16477,1110673,1483.5149
2014,male,65-69,,"Trastornos mentales debidos al uso de drogas (drogodependencia, toxicomanía)",0,1110673,0.0
2014,male,70-74,,Accidentes de tráfico,66,866867,7.6136
2014,male,70-74,,Agresiones (homicidio),8,866867,0.9229
2014,male,70-74,,Envenenamiento accidental por psicofármacos y drogas de abuso,5,866867,0.5768
2014,male,70-74,,Eventos de intención no determinada,2,866867,0.2307
2014,male,70-74,,Suicidio y lesiones autoinfligidas,158,866867,18.2266
2014,male,70-74,I-XXII,Todas las causas,19714,866867,2274.1666
2014,male,70-74,,"Trastornos mentales debidos al uso de drogas (drogodependencia, toxicomanía)",0,866867,0.0
2014,male,75-79,,Accidentes de tráfico,92,691871,13.2973
2014,male,75-79,,Agresiones (homicidio),13,691871,1.879
2014,male,75-79,,Envenenamiento accidental por psicofármacos y drogas de abuso,10,691871,1.4454
2014,male,75-79,,Eventos de intención no determinada,2,691871,0.2891
2014,male,75-79,,Suicidio y lesiones autoinfligidas,194,691871,28.0399
2014,male,75-79,I-XXII,Todas las causas,27057,691871,3910.7001
2014,male,75-79,,"Trastornos mentales debidos al uso de drogas (drogodependencia, toxicomanía)",0,691871,0.0
2014,male,80-84,,Accidentes de tráfico,97,564454,17.1847
2014,male,80-84,,Agresiones (homicidio),8,564454,1.4173
2014,male,80-84,,Envenenamiento accidental por psicofármacos y drogas de abuso,25,564454,4.4291
2014,male,80-84,,Eventos de intención no determinada,0,564454,0.0
2014,male,80-84,,Suicidio y lesiones autoinfligidas,184,564454,32.5979
2014,male,80-84,I-XXII,Todas las causas,37332,564454,6613.825
2014,male,80-84,,"Trastornos mentales debidos al uso de drogas (drogodependencia, toxicomanía)",0,564454,0.0
2014,male,85-89,,Accidentes de tráfico,51,292972,17.4078
2014,male,85-89,,Agresiones (homicidio),2,292972,0.6827
2014,male,85-89,,Envenenamiento accidental por psicofármacos y drogas de abuso,19,292972,6.4853
2014,male,85-89,,Eventos de intención no determinada,3,292972,1.024
2014,male,85-89,,Suicidio y lesiones autoinfligidas,152,292972,51.8821
2014,male,85-89,I-XXII,Todas las causas,34857,292972,11897.724
2014,male,85-89,,"Trastornos mentales debidos al uso de drogas (drogodependencia, toxicomanía)",0,292972,0.0
2014,male,90-94,,Accidentes de tráfico,10,101337,9.8681
2014,male,90-94,,Agresiones (homicidio),1,101337,0.9868
2014,male,90-94,,Envenenamiento accidental por psicofármacos y drogas de abuso,9,101337,8.8813
2014,male,90-94,,Eventos de intención no determinada,0,101337,0.0
2014,male,90-94,,Suicidio y lesiones autoinfligidas,50,101337,49.3403
2014,male,90-94,I-XXII,Todas las causas,20527,101337,20256.1749
2014,male,90-94,,"Trastornos mentales debidos al uso de drogas (drogodependencia, toxicomanía)",0,101337,0.0
2014,male,95+,,Accidentes de tráfico,2,19793,10.1046
2014,male,95+,,Agresiones (homicidio),0,19793,0.0
2014,male,95+,,Envenenamiento accidental por psicofármacos y drogas de abuso,2,19793,10.1046
2014,male,95+,,Eventos de intención no determinada,0,19793,0.0
2014,male,95+,,Suicidio y lesiones autoinfligidas,7,19793,35.366
2014,male,95+,I-XXII,Todas las causas,5985,19793,30237.9629
2014,male,95+,,"Trastornos mentales debidos al uso de drogas (drogodependencia, toxicomanía)",0,19793,0.0
2014,male,<1,,Accidentes de tráfico,2,216225,0.925
2014,male,<1,,Agresiones (homicidio),1,216225,0.4625
2014,male,<1,,Envenenamiento accidental por psicofármacos y drogas de abuso,0,216225,0.0
2014,male,<1,,Eventos de intención no determinada,0,216225,0.0
2014,male,<1,,Suicidio y lesiones autoinfligidas,0,216225,0.0
2014,male,<1,I-XXII,Todas las causas,682,216225,315.4122
2014,male,<1,,"Trastornos mentales debidos al uso de drogas (drogodependencia, toxicomanía)",0,216225,0.0
2014,male,all,,Accidentes de tráfico,1429,22835577,6.2578
2014,male,all,,Agresiones (homicidio),201,22835577,0.8802
2014,male,all,,Envenenamiento accidental por psicofármacos y drogas de abuso,485,22835577,2.1239
2014,male,all,,Eventos de intención no determinada,33,22835577,0.1445
2014,male,all,,Suicidio y lesiones autoinfligidas,2938,22835577,12.8659
2014,male,all,I-XXII,Todas las causas,201571,22835577,882.706
2014,male,all,,"Trastornos mentales debidos al uso de drogas (drogodependencia, toxicomanía)",21,22835577,0.092
2015,all,1-4,,Accidentes de tráfico,12,1798048,0.6674
2015,all,1-4,,Agresiones (homicidio),2,1798048,0.1112
2015,all,1-4,,Envenenamiento accidental por psicofármacos y drogas de abuso,0,1798048,0.0
2015,all,1-4,,Eventos de intención no determinada,0,1798048,0.0
2015,all,1-4,,Suicidio y lesiones autoinfligidas,0,1798048,0.0
2015,all,1-4,I-XXII,Todas las causas,221,1798048,12.2911
2015,all,1-4,,"Trastornos mentales debidos al uso de drogas (drogodependencia, toxicomanía)",0,1798048,0.0
2015,all,10-14,,Accidentes de tráfico,11,2316696,0.4748
2015,all,10-14,,Agresiones (homicidio),7,2316696,0.3022
2015,all,10-14,,Envenenamiento accidental por psicofármacos y drogas de abuso,0,2316696,0.0
2015,all,10-14,,Eventos de intención no determinada,0,2316696,0.0
2015,all,10-14,,Suicidio y lesiones autoinfligidas,8,2316696,0.3453
2015,all,10-14,I-XXII,Todas las causas,203,2316696,8.7625
2015,all,10-14,,"Trastornos mentales debidos al uso de drogas (drogodependencia, toxicomanía)",0,2316696,0.0
2015,all,15-19,,Accidentes de tráfico,62,2163423,2.8658
2015,all,15-19,,Agresiones (homicidio),6,2163423,0.2773
2015,all,15-19,,Envenenamiento accidental por psicofármacos y drogas de abuso,5,2163423,0.2311
2015,all,15-19,,Eventos de intención no determinada,1,2163423,0.0462
2015,all,15-19,,Suicidio y lesiones autoinfligidas,58,2163423,2.6809
2015,all,15-19,I-XXII,Todas las causas,394,2163423,18.2119
2015,all,15-19,,"Trastornos mentales debidos al uso de drogas (drogodependencia, toxicomanía)",0,2163423,0.0
2015,all,20-24,,Accidentes de tráfico,127,2300308,5.521
2015,all,20-24,,Agresiones (homicidio),15,2300308,0.6521
2015,all,20-24,,Envenenamiento accidental por psicofármacos y drogas de abuso,7,2300308,0.3043
2015,all,20-24,,Eventos de intención no determinada,0,2300308,0.0
2015,all,20-24,,Suicidio y lesiones autoinfligidas,98,2300308,4.2603
2015,all,20-24,I-XXII,Todas las causas,580,2300308,25.214
2015,all,20-24,,"Trastornos mentales debidos al uso de drogas (drogodependencia, toxicomanía)",1,2300308,0.0435
2015,all,25-29,,Accidentes de tráfico,135,2611598,5.1692
2015,all,25-29,,Agresiones (homicidio),18,2611598,0.6892
2015,all,25-29,,Envenenamiento accidental por psicofármacos y drogas de abuso,22,2611598,0.8424
2015,all,25-29,,Eventos de intención no determinada,2,2611598,0.0766
2015,all,25-29,,Suicidio y lesiones autoinfligidas,140,2611598,5.3607
2015,all,25-29,I-XXII,Todas las causas,800,2611598,30.6326
2015,all,25-29,,"Trastornos mentales debidos al uso de drogas (drogodependencia, toxicomanía)",1,2611598,0.0383
2015,all,30-34,,Accidentes de tráfico,115,3201809,3.5917
2015,all,30-34,,Agresiones (homicidio),25,3201809,0.7808
2015,all,30-34,,Envenenamiento accidental por psicofármacos y drogas de abuso,50,3201809,1.5616
2015,all,30-34,,Eventos de intención no determinada,4,3201809,0.1249
2015,all,30-34,,Suicidio y lesiones autoinfligidas,167,3201809,5.2158
2015,all,30-34,I-XXII,Todas las causas,1187,3201809,37.0728
2015,all,30-34,,"Trastornos mentales debidos al uso de drogas (drogodependencia, toxicomanía)",2,3201809,0.0625
2015,all,35-39,,Accidentes de tráfico,136,3910797,3.4776
2015,all,35-39,,Agresiones (homicidio),38,3910797,0.9717
2015,all,35-39,,Envenenamiento accidental por psicofármacos y drogas de abuso,67,3910797,1.7132
2015,all,35-39,,Eventos de intención no determinada,6,3910797,0.1534
2015,all,35-39,,Suicidio y lesiones autoinfligidas,260,3910797,6.6483
2015,all,35-39,I-XXII,Todas las causas,2189,3910797,55.9732
2015,all,35-39,,"Trastornos mentales debidos al uso de drogas (drogodependencia, toxicomanía)",4,3910797,0.1023
2015,all,40-44,,Accidentes de tráfico,154,3909977,3.9386
2015,all,40-44,,Agresiones (homicidio),40,3909977,1.023
2015,all,40-44,,Envenenamiento accidental por psicofármacos y drogas de abuso,72,3909977,1.8414
2015,all,40-44,,Eventos de intención no determinada,9,3909977,0.2302
2015,all,40-44,,Suicidio y lesiones autoinfligidas,355,3909977,9.0793
2015,all,40-44,I-XXII,Todas las causas,3683,3909977,94.1949
2015,all,40-44,,"Trastornos mentales debidos al uso de drogas (drogodependencia, toxicomanía)",1,3909977,0.0256
2015,all,45-49,,Accidentes de tráfico,162,3699410,4.3791
2015,all,45-49,,Agresiones (homicidio),32,3699410,0.865
2015,all,45-49,,Envenenamiento accidental por psicofármacos y drogas de abuso,84,3699410,2.2706
2015,all,45-49,,Eventos de intención no determinada,1,3699410,0.027
2015,all,45-49,,Suicidio y lesiones autoinfligidas,387,3699410,10.4611
2015,all,45-49,I-XXII,Todas las causas,6359,3699410,171.8923
2015,all,45-49,,"Trastornos mentales debidos al uso de drogas (drogodependencia, toxicomanía)",12,3699410,0.3244
2015,all,5-9,,Accidentes de tráfico,3,2472304,0.1213
2015,all,5-9,,Agresiones (homicidio),4,2472304,0.1618
2015,all,5-9,,Envenenamiento accidental por psicofármacos y drogas de abuso,0,2472304,0.0
2015,all,5-9,,Eventos de intención no determinada,0,2472304,0.0
2015,all,5-9,,Suicidio y lesiones autoinfligidas,0,2472304,0.0
2015,all,5-9,I-XXII,Todas las causas,205,2472304,8.2919
2015,all,5-9,,"Trastornos mentales debidos al uso de drogas (drogodependencia, toxicomanía)",0,2472304,0.0
2015,all,50-54,,Accidentes de tráfico,126,3430417,3.673
2015,all,50-54,,Agresiones (homicidio),8,3430417,0.2332
2015,all,50-54,,Envenenamiento accidental por psicofármacos y drogas de abuso,54,3430417,1.5742
2015,all,50-54,,Eventos de intención no determinada,6,3430417,0.1749
2015,all,50-54,,Suicidio y lesiones autoinfligidas,372,3430417,10.8442
2015,all,50-54,I-XXII,Todas las causas,10281,3430417,299.7012
2015,all,50-54,,"Trastornos mentales debidos al uso de drogas (drogodependencia, toxicomanía)",0,3430417,0.0
2015,all,55-59,,Accidentes de tráfico,122,3020532,4.039
2015,all,55-59,,Agresiones (homicidio),19,3020532,0.629
2015,all,55-59,,Envenenamiento accidental por psicofármacos y drogas de abuso,28,3020532,0.927
2015,all,55-59,,Eventos de intención no determinada,2,3020532,0.0662
2015,all,55-59,,Suicidio y lesiones autoinfligidas,332,3020532,10.9914
2015,all,55-59,I-XXII,Todas las causas,14437,3020532,477.9622
2015,all,55-59,,"Trastornos mentales debidos al uso de drogas (drogodependencia, toxicomanía)",3,3020532,0.0993
2015,all,60-64,,Accidentes de tráfico,98,2532435,3.8698
2015,all,60-64,,Agresiones (homicidio),12,2532435,0.4739
2015,all,60-64,,Envenenamiento accidental por psicofármacos y drogas de abuso,17,2532435,0.6713
2015,all,60-64,,Eventos de intención no determinada,0,2532435,0.0
2015,all,60-64,,Suicidio y lesiones autoinfligidas,251,2532435,9.9114
2015,all,60-64,I-XXII,Todas las causas,17672,2532435,697.8264
2015,all,60-64,,"Trastornos mentales debidos al uso de drogas (drogodependencia, toxicomanía)",0,2532435,0.0
2015,all,65-69,,Accidentes de tráfico,108,2345086,4.6054
2015,all,65-69,,Agresiones (homicidio),15,2345086,0.6396
2015,all,65-69,,Envenenamiento accidental por psicofármacos y drogas de abuso,9,2345086,0.3838
2015,all,65-69,,Eventos de intención no determinada,1,2345086,0.0426
2015,all,65-69,,Suicidio y lesiones autoinfligidas,228,2345086,9.7225
2015,all,65-69,I-XXII,Todas las causas,24328,2345086,1037.4033
2015,all,65-69,,"Trastornos mentales debidos al uso de drogas (drogodependencia, toxicomanía)",1,2345086,0.0426
2015,all,70-74,,Accidentes de tráfico,114,1955121,5.8308
2015,all,70-74,,Agresiones (homicidio),11,1955121,0.5626
2015,all,70-74,,Envenenamiento accidental por psicofármacos y drogas de abuso,19,1955121,0.9718
2015,all,70-74,,Eventos de intención no determinada,2,1955121,0.1023
2015,all,70-74,,Suicidio y lesiones autoinfligidas,206,1955121,10.5364
2015,all,70-74,I-XXII,Todas las causas,31377,1955121,1604.8623
2015,all,70-74,,"Trastornos mentales debidos al uso de drogas (drogodependencia, toxicomanía)",0,1955121,0.0
2015,all,75-79,,Accidentes de tráfico,135,1560742,8.6497
2015,all,75-79,,Agresiones (homicidio),11,1560742,0.7048
2015,all,75-79,,Envenenamiento accidental por psicofármacos y drogas de abuso,29,1560742,1.8581
2015,all,75-79,,Eventos de intención no determinada,5,1560742,0.3204
2015,all,75-79,,Suicidio y lesiones autoinfligidas,247,1560742,15.8258
2015,all,75-79,I-XXII,Todas las causas,45522,1560742,2916.6896
2015,all,75-79,,"Trastornos mentales debidos al uso de drogas (drogodependencia, toxicomanía)",1,1560742,0.0641
2015,all,80-84,,Accidentes de tráfico,155,1421423,10.9046
2015,all,80-84,,Agresiones (homicidio),7,1421423,0.4925
2015,all,80-84,,Envenenamiento accidental por psicofármacos y drogas de abuso,73,1421423,5.1357
2015,all,80-84,,Eventos de intención no determinada,3,1421423,0.2111
2015,all,80-84,,Suicidio y lesiones autoinfligidas,255,1421423,17.9398
2015,all,80-84,I-XXII,Todas las causas,76613,1421423,5389.8804
2015,all,80-84,,"Trastornos mentales debidos al uso de drogas (drogodependencia, toxicomanía)",0,1421423,0.0
2015,all,85-89,,Accidentes de tráfico,65,866310,7.5031
2015,all,85-89,,Agresiones (homicidio),6,866310,0.6926
2015,all,85-89,,Envenenamiento accidental por psicofármacos y drogas de abuso,89,866310,10.2735
2015,all,85-89,,Eventos de intención no determinada,1,866310,0.1154
2015,all,85-89,,Suicidio y lesiones autoinfligidas,161,866310,18.5846
2015,all,85-89,I-XXII,Todas las causas,89152,866310,10291.0044
2015,all,85-89,,"Trastornos mentales debidos al uso de drogas (drogodependencia, toxicomanía)",1,866310,0.1154
2015,all,90-94,,Accidentes de tráfico,32,360022,8.8883
2015,all,90-94,,Agresiones (homicidio),2,360022,0.5555
2015,all,90-94,,Envenenamiento accidental por psicofármacos y drogas de abuso,45,360022,12.4992
2015,all,90-94,,Eventos de intención no determinada,1,360022,0.2778
2015,all,90-94,,Suicidio y lesiones autoinfligidas,64,360022,17.7767
2015,all,90-94,I-XXII,Todas las causas,67510,360022,18751.6318
2015,all,90-94,,"Trastornos mentales debidos al uso de drogas (drogodependencia, toxicomanía)",0,360022,0.0
2015,all,95+,,Accidentes de tráfico,3,91148,3.2914
2015,all,95+,,Agresiones (homicidio),0,91148,0.0
2015,all,95+,,Envenenamiento accidental por psicofármacos y drogas de abuso,9,91148,9.8741
2015,all,95+,,Eventos de intención no determinada,0,91148,0.0
2015,all,95+,,Suicidio y lesiones autoinfligidas,13,91148,14.2625
2015,all,95+,I-XXII,Todas las causas,28716,91148,31504.8054
2015,all,95+,,"Trastornos mentales debidos al uso de drogas (drogodependencia, toxicomanía)",0,91148,0.0
2015,all,<1,,Accidentes de tráfico,5,416773,1.1997
2015,all,<1,,Agresiones (homicidio),7,416773,1.6796
2015,all,<1,,Envenenamiento accidental por psicofármacos y drogas de abuso,0,416773,0.0
2015,all,<1,,Eventos de intención no determinada,1,416773,0.2399
2015,all,<1,,Suicidio y lesiones autoinfligidas,0,416773,0.0
2015,all,<1,I-XXII,Todas las causas,1139,416773,273.2903
2015,all,<1,,"Trastornos mentales debidos al uso de drogas (drogodependencia, toxicomanía)",0,416773,0.0
2015,all,all,,Accidentes de tráfico,1880,46384379,4.0531
2015,all,all,,Agresiones (homicidio),285,46384379,0.6144
2015,all,all,,Envenenamiento accidental por psicofármacos y drogas de abuso,679,46384379,1.4639
2015,all,all,,Eventos de intención no determinada,45,46384379,0.097
2015,all,all,,Suicidio y lesiones autoinfligidas,3602,46384379,7.7655
2015,all,all,I-XXII,Todas las causas,422568,46384379,911.0136
2015,all,all,,"Trastornos mentales debidos al uso de drogas (drogodependencia, toxicomanía)",27,46384379,0.0582
2015,female,1-4,,Accidentes de tráfico,5,871691,0.5736
2015,female,1-4,,Agresiones (homicidio),1,871691,0.1147
2015,female,1-4,,Envenenamiento accidental por psicofármacos y drogas de abuso,0,871691,0.0
2015,female,1-4,,Eventos de intención no determinada,0,871691,0.0
2015,female,1-4,,Suicidio y lesiones autoinfligidas,0,871691,0.0
2015,female,1-4,I-XXII,Todas las causas,91,871691,10.4395
2015,female,1-4,,"Trastornos mentales debidos al uso de drogas (drogodependencia, toxicomanía)",0,871691,0.0
2015,female,10-14,,Accidentes de tráfico,6,1126465,0.5326
2015,female,10-14,,Agresiones (homicidio),4,1126465,0.3551
2015,female,10-14,,Envenenamiento accidental por psicofármacos y drogas de abuso,0,1126465,0.0
2015,female,10-14,,Eventos de intención no determinada,0,1126465,0.0
2015,female,10-14,,Suicidio y lesiones autoinfligidas,1,1126465,0.0888
2015,female,10-14,I-XXII,Todas las causas,90,1126465,7.9896
2015,female,10-14,,"Trastornos mentales debidos al uso de drogas (drogodependencia, toxicomanía)",0,1126465,0.0
2015,female,15-19,,Accidentes de tráfico,16,1049944,1.5239
2015,female,15-19,,Agresiones (homicidio),0,1049944,0.0
2015,female,15-19,,Envenenamiento accidental por psicofármacos y drogas de abuso,2,1049944,0.1905
2015,female,15-19,,Eventos de intención no determinada,0,1049944,0.0
2015,female,15-19,,Suicidio y lesiones autoinfligidas,19,1049944,1.8096
2015,female,15-19,I-XXII,Todas las causas,116,1049944,11.0482
2015,female,15-19,,"Trastornos mentales debidos al uso de drogas (drogodependencia, toxicomanía)",0,1049944,0.0
2015,female,20-24,,Accidentes de tráfico,31,1126554,2.7518
2015,female,20-24,,Agresiones (homicidio),6,1126554,0.5326
2015,female,20-24,,Envenenamiento accidental por psicofármacos y drogas de abuso,1,1126554,0.0888
2015,female,20-24,,Eventos de intención no determinada,0,1126554,0.0
2015,female,20-24,,Suicidio y lesiones autoinfligidas,28,1126554,2.4855
2015,female,20-24,I-XXII,Todas las causas,173,1126554,15.3566
2015,female,20-24,,"Trastornos mentales debidos al uso de drogas (drogodependencia, toxicomanía)",0,1126554,0.0
2015,female,25-29,,Accidentes de tráfico,17,1301811,1.3059
2015,female,25-29,,Agresiones (homicidio),7,1301811,0.5377
2015,female,25-29,,Envenenamiento accidental por psicofármacos y drogas de abuso,3,1301811,0.2304
2015,female,25-29,,Eventos de intención no determinada,1,1301811,0.0768
2015,female,25-29,,Suicidio y lesiones autoinfligidas,31,1301811,2.3813
2015,female,25-29,I-XXII,Todas las causas,222,1301811,17.0532
2015,female,25-29,,"Trastornos mentales debidos al uso de drogas (drogodependencia, toxicomanía)",1,1301811,0.0768
2015,female,30-34,,Accidentes de tráfico,17,1591109,1.0684
2015,female,30-34,,Agresiones (homicidio),12,1591109,0.7542
2015,female,30-34,,Envenenamiento accidental por psicofármacos y drogas de abuso,7,1591109,0.4399
2015,female,30-34,,Eventos de intención no determinada,0,1591109,0.0
2015,female,30-34,,Suicidio y lesiones autoinfligidas,35,1591109,2.1997
2015,female,30-34,I-XXII,Todas las causas,364,1591109,22.8771
2015,female,30-34,,"Trastornos mentales debidos al uso de drogas (drogodependencia, toxicomanía)",1,1591109,0.0628
2015,female,35-39,,Accidentes de tráfico,21,1918328,1.0947
2015,female,35-39,,Agresiones (homicidio),15,1918328,0.7819
2015,female,35-39,,Envenenamiento accidental por psicofármacos y drogas de abuso,12,1918328,0.6255
2015,female,35-39,,Eventos de intención no determinada,3,1918328,0.1564
2015,female,35-39,,Suicidio y lesiones autoinfligidas,60,1918328,3.1277
2015,female,35-39,I-XXII,Todas las causas,743,1918328,38.7316
2015,female,35-39,,"Trastornos mentales debidos al uso de drogas (drogodependencia, toxicomanía)",0,1918328,0.0
2015,female,40-44,,Accidentes de tráfico,26,1915504,1.3573
2015,female,40-44,,Agresiones (homicidio),15,1915504,0.7831
2015,female,40-44,,Envenenamiento accidental por psicofármacos y drogas de abuso,9,1915504,0.4699
2015,female,40-44,,Eventos de intención no determinada,2,1915504,0.1044
2015,female,40-44,,Suicidio y lesiones autoinfligidas,96,1915504,5.0117
2015,female,40-44,I-XXII,Todas las causas,1344,1915504,70.1643
2015,female,40-44,,"Trastornos mentales debidos al uso de drogas (drogodependencia, toxicomanía)",0,1915504,0.0
2015,female,45-49,,Accidentes de tráfico,26,1832338,1.419
2015,female,45-49,,Agresiones (homicidio),15,1832338,0.8186
2015,female,45-49,,Envenenamiento accidental por psicofármacos y drogas de abuso,14,1832338,0.7641
2015,female,45-49,,Eventos de intención no determinada,0,1832338,0.0
2015,female,45-49,,Suicidio y lesiones autoinfligidas,111,1832338,6.0578
2015,female,45-49,I-XXII,Todas las causas,2225,1832338,121.4296
2015,female,45-49,,"Trastornos mentales debidos al uso de drogas (drogodependencia, toxicomanía)",1,1832338,0.0546
2015,female,5-9,,Accidentes de tráfico,0,1197563,0.0
2015,female,5-9,,Agresiones (homicidio),2,1197563,0.167
2015,female,5-9,,Envenenamiento accidental por psicofármacos y drogas de abuso,0,1197563,0.0
2015,female,5-9,,Eventos de intención no determinada,0,1197563,0.0
2015,female,5-9,,Suicidio y lesiones autoinfligidas,0,1197563,0.0
2015,female,5-9,I-XXII,Todas las causas,85,1197563,7.0977
2015,female,5-9,,"Trastornos mentales debidos al uso de drogas (drogodependencia, toxicomanía)",0,1197563,0.0
2015,female,50-54,,Accidentes de tráfico,25,1721292,1.4524
2015,female,50-54,,Agresiones (homicidio),2,1721292,0.1162
2015,female,50-54,,Envenenamiento accidental por psicofármacos y drogas de abuso,22,1721292,1.2781
2015,female,50-54,,Eventos de intención no determinada,0,1721292,0.0
2015,female,50-54,,Suicidio y lesiones autoinfligidas,93,1721292,5.4029
2015,female,50-54,I-XXII,Todas las causas,3403,1721292,197.7003
2015,female,50-54,,"Trastornos mentales debidos al uso de drogas (drogodependencia, toxicomanía)",0,1721292,0.0
2015,female,55-59,,Accidentes de tráfico,23,1533549,1.4998
2015,female,55-59,,Agresiones (homicidio),8,1533549,0.5217
2015,female,55-59,,Envenenamiento accidental por psicofármacos y drogas de abuso,9,1533549,0.5869
2015,female,55-59,,Eventos de intención no determinada,0,1533549,0.0
2015,female,55-59,,Suicidio y lesiones autoinfligidas,81,1533549,5.2819
2015,female,55-59,I-XXII,Todas las causas,4688,1533549,305.6961
2015,female,55-59,,"Trastornos mentales debidos al uso de drogas (drogodependencia, toxicomanía)",0,1533549,0.0
2015,female,60-64,,Accidentes de tráfico,22,1301568,1.6903
2015,female,60-64,,Agresiones (homicidio),6,1301568,0.461
2015,female,60-64,,Envenenamiento accidental por psicofármacos y drogas de abuso,6,1301568,0.461
2015,female,60-64,,Eventos de intención no determinada,0,1301568,0.0
2015,female,60-64,,Suicidio y lesiones autoinfligidas,75,1301568,5.7623
2015,female,60-64,I-XXII,Todas las causas,5372,1301568,412.7329
2015,female,60-64,,"Trastornos mentales debidos al uso de drogas (drogodependencia, toxicomanía)",0,1301568,0.0
2015,female,65-69,,Accidentes de tráfico,38,1230498,3.0882
2015,female,65-69,,Agresiones (homicidio),11,1230498,0.8939
2015,female,65-69,,Envenenamiento accidental por psicofármacos y drogas de abuso,4,1230498,0.3251
2015,female,65-69,,Eventos de intención no determinada,0,1230498,0.0
2015,female,65-69,,Suicidio y lesiones autoinfligidas,62,1230498,5.0386
2015,female,65-69,I-XXII,Todas las causas,7501,1230498,609.5906
2015,female,65-69,,"Trastornos mentales debidos al uso de drogas (drogodependencia, toxicomanía)",0,1230498,0.0
2015,female,70-74,,Accidentes de tráfico,25,1050410,2.38
2015,female,70-74,,Agresiones (homicidio),4,1050410,0.3808
2015,female,70-74,,Envenenamiento accidental por psicofármacos y drogas de abuso,7,1050410,0.6664
2015,female,70-74,,Eventos de intención no determinada,0,1050410,0.0
2015,female,70-74,,Suicidio y lesiones autoinfligidas,63,1050410,5.9977
2015,female,70-74,I-XXII,Todas las causas,10590,1050410,1008.1778
2015,female,70-74,,"Trastornos mentales debidos al uso de drogas (drogodependencia, toxicomanía)",0,1050410,0.0
2015,female,75-79,,Accidentes de tráfico,49,882804,5.5505
2015,female,75-79,,Agresiones (homicidio),2,882804,0.2266
2015,female,75-79,,Envenenamiento accidental por psicofármacos y drogas de abuso,18,882804,2.039
2015,female,75-79,,Eventos de intención no determinada,1,882804,0.1133
2015,female,75-79,,Suicidio y lesiones autoinfligidas,69,882804,7.816
2015,female,75-79,I-XXII,Todas las causas,18089,882804,2049.0392
2015,female,75-79,,"Trastornos mentales debidos al uso de drogas (drogodependencia, toxicomanía)",0,882804,0.0
2015,female,80-84,,Accidentes de tráfico,47,849649,5.5317
2015,female,80-84,,Agresiones (homicidio),3,849649,0.3531
2015,female,80-84,,Envenenamiento accidental por psicofármacos y drogas de abuso,41,849649,4.8255
2015,female,80-84,,Eventos de intención no determinada,3,849649,0.3531
2015,female,80-84,,Suicidio y lesiones autoinfligidas,50,849649,5.8848
2015,female,80-84,I-XXII,Todas las causas,36743,849649,4324.4916
2015,female,80-84,,"Trastornos mentales debidos al uso de drogas (drogodependencia, toxicomanía)",0,849649,0.0
2015,female,85-89,,Accidentes de tráfico,32,560646,5.7077
2015,female,85-89,,Agresiones (homicidio),2,560646,0.3567
2015,female,85-89,,Envenenamiento accidental por psicofármacos y drogas de abuso,53,560646,9.4534
2015,female,85-89,,Eventos de intención no determinada,0,560646,0.0
2015,female,85-89,,Suicidio y lesiones autoinfligidas,30,560646,5.351
2015,female,85-89,I-XXII,Todas las causas,50832,560646,9066.6838
2015,female,85-89,,"Trastornos mentales debidos al uso de drogas (drogodependencia, toxicomanía)",1,560646,0.1784
2015,female,90-94,,Accidentes de tráfico,17,253271,6.7122
2015,female,90-94,,Agresiones (homicidio),1,253271,0.3948
2015,female,90-94,,Envenenamiento accidental por psicofármacos y drogas de abuso,40,253271,15.7934
2015,female,90-94,,Eventos de intención no determinada,0,253271,0.0
2015,female,90-94,,Suicidio y lesiones autoinfligidas,14,253271,5.5277
2015,female,90-94,I-XXII,Todas las causas,44415,253271,17536.5518
2015,female,90-94,,"Trastornos mentales debidos al uso de drogas (drogodependencia, toxicomanía)",0,253271,0.0
2015,female,95+,,Accidentes de tráfico,3,70279,4.2687
2015,female,95+,,Agresiones (homicidio),0,70279,0.0
2015,female,95+,,Envenenamiento accidental por psicofármacos y drogas de abuso,7,70279,9.9603
2015,female,95+,,Eventos de intención no determinada,0,70279,0.0
2015,female,95+,,Suicidio y lesiones autoinfligidas,4,70279,5.6916
2015,female,95+,I-XXII,Todas las causas,21668,70279,30831.4006
2015,female,95+,,"Trastornos mentales debidos al uso de drogas (drogodependencia, toxicomanía)",0,70279,0.0
2015,female,<1,,Accidentes de tráfico,4,201672,1.9834
2015,female,<1,,Agresiones (homicidio),5,201672,2.4793
2015,female,<1,,Envenenamiento accidental por psicofármacos y drogas de abuso,0,201672,0.0
2015,female,<1,,Eventos de intención no determinada,0,201672,0.0
2015,female,<1,,Suicidio y lesiones autoinfligidas,0,201672,0.0
2015,female,<1,I-XXII,Todas las causas,505,201672,250.4066
2015,female,<1,,"Trastornos mentales debidos al uso de drogas (drogodependencia, toxicomanía)",0,201672,0.0
2015,female,all,,Accidentes de tráfico,450,23586945,1.9078
2015,female,all,,Agresiones (homicidio),121,23586945,0.513
2015,female,all,,Envenenamiento accidental por psicofármacos y drogas de abuso,255,23586945,1.0811
2015,female,all,,Eventos de intención no determinada,10,23586945,0.0424
2015,female,all,,Suicidio y lesiones autoinfligidas,922,23586945,3.9089
2015,female,all,I-XXII,Todas las causas,209259,23586945,887.1814
2015,female,all,,"Trastornos mentales debidos al uso de drogas (drogodependencia, toxicomanía)",4,23586945,0.017
2015,male,1-4,,Accidentes de tráfico,7,926357,0.7556
2015,male,1-4,,Agresiones (homicidio),1,926357,0.1079
2015,male,1-4,,Envenenamiento accidental por psicofármacos y drogas de abuso,0,926357,0.0
2015,male,1-4,,Eventos de intención no determinada,0,926357,0.0
2015,male,1-4,,Suicidio y lesiones autoinfligidas,0,926357,0.0
2015,male,1-4,I-XXII,Todas las causas,130,926357,14.0335
2015,male,1-4,,"Trastornos mentales debidos al uso de drogas (drogodependencia, toxicomanía)",0,926357,0.0
2015,male,10-14,,Accidentes de tráfico,5,1190231,0.4201
2015,male,10-14,,Agresiones (homicidio),3,1190231,0.2521
2015,male,10-14,,Envenenamiento accidental por psicofármacos y drogas de abuso,0,1190231,0.0
2015,male,10-14,,Eventos de intención no determinada,0,1190231,0.0
2015,male,10-14,,Suicidio y lesiones autoinfligidas,7,1190231,0.5881
2015,male,10-14,I-XXII,Todas las causas,113,1190231,9.494
2015,male,10-14,,"Trastornos mentales debidos al uso de drogas (drogodependencia, toxicomanía)",0,1190231,0.0
2015,male,15-19,,Accidentes de tráfico,46,1113479,4.1312
2015,male,15-19,,Agresiones (homicidio),6,1113479,0.5389
2015,male,15-19,,Envenenamiento accidental por psicofármacos y drogas de abuso,3,1113479,0.2694
2015,male,15-19,,Eventos de intención no determinada,1,1113479,0.0898
2015,male,15-19,,Suicidio y lesiones autoinfligidas,39,1113479,3.5025
2015,male,15-19,I-XXII,Todas las causas,278,1113479,24.9668
2015,male,15-19,,"Trastornos mentales debidos al uso de drogas (drogodependencia, toxicomanía)",0,1113479,0.0
2015,male,20-24,,Accidentes de tráfico,96,1173754,8.1789
2015,male,20-24,,Agresiones (homicidio),9,1173754,0.7668
2015,male,20-24,,Envenenamiento accidental por psicofármacos y drogas de abuso,6,1173754,0.5112
2015,male,20-24,,Eventos de intención no determinada,0,1173754,0.0
2015,male,20-24,,Suicidio y lesiones autoinfligidas,70,1173754,5.9638
2015,male,20-24,I-XXII,Todas las causas,407,1173754,34.6751
2015,male,20-24,,"Trastornos mentales debidos al uso de drogas (drogodependencia, toxicomanía)",1,1173754,0.0852
2015,male,25-29,,Accidentes de tráfico,118,1309787,9.0091
2015,male,25-29,,Agresiones (homicidio),11,1309787,0.8398
2015,male,25-29,,Envenenamiento accidental por psicofármacos y drogas de abuso,19,1309787,1.4506
2015,male,25-29,,Eventos de intención no determinada,1,1309787,0.0763
2015,male,25-29,,Suicidio y lesiones autoinfligidas,109,1309787,8.322
2015,male,25-29,I-XXII,Todas las causas,578,1309787,44.1293
2015,male,25-29,,"Trastornos mentales debidos al uso de drogas (drogodependencia, toxicomanía)",0,1309787,0.0
2015,male,30-34,,Accidentes de tráfico,98,1610700,6.0843
2015,male,30-34,,Agresiones (homicidio),13,1610700,0.8071
2015,male,30-34,,Envenenamiento accidental por psicofármacos y drogas de abuso,43,1610700,2.6696
2015,male,30-34,,Eventos de intención no determinada,4,1610700,0.2483
2015,male,30-34,,Suicidio y lesiones autoinfligidas,132,1610700,8.1952
2015,male,30-34,I-XXII,Todas las causas,823,1610700,51.0958
2015,male,30-34,,"Trastornos mentales debidos al uso de drogas (drogodependencia, toxicomanía)",1,1610700,0.0621
2015,male,35-39,,Accidentes de tráfico,115,1992469,5.7717
2015,male,35-39,,Agresiones (homicidio),23,1992469,1.1543
2015,male,35-39,,Envenenamiento accidental por psicofármacos y drogas de abuso,55,1992469,2.7604
2015,male,35-39,,Eventos de intención no determinada,3,1992469,0.1506
2015,male,35-39,,Suicidio y lesiones autoinfligidas,200,1992469,10.0378
2015,male,35-39,I-XXII,Todas las causas,1446,1992469,72.5733
2015,male,35-39,,"Trastornos mentales debidos al uso de drogas (drogodependencia, toxicomanía)",4,1992469,0.2008
2015,male,40-44,,Accidentes de tráfico,128,1994473,6.4177
2015,male,40-44,,Agresiones (homicidio),25,1994473,1.2535
2015,male,40-44,,Envenenamiento accidental por psicofármacos y drogas de abuso,63,1994473,3.1587
2015,male,40-44,,Eventos de intención no determinada,7,1994473,0.351
2015,male,40-44,,Suicidio y lesiones autoinfligidas,259,1994473,12.9859
2015,male,40-44,I-XXII,Todas las causas,2339,1994473,117.2741
2015,male,40-44,,"Trastornos mentales debidos al uso de drogas (drogodependencia, toxicomanía)",1,1994473,0.0501
2015,male,45-49,,Accidentes de tráfico,136,1867072,7.2841
2015,male,45-49,,Agresiones (homicidio),17,1867072,0.9105
2015,male,45-49,,Envenenamiento accidental por psicofármacos y drogas de abuso,70,1867072,3.7492
2015,male,45-49,,Eventos de intención no determinada,1,1867072,0.0536
2015,male,45-49,,Suicidio y lesiones autoinfligidas,276,1867072,14.7825
2015,male,45-49,I-XXII,Todas las causas,4134,1867072,221.4162
2015,male,45-49,,"Trastornos mentales debidos al uso de drogas (drogodependencia, toxicomanía)",11,1867072,0.5892
2015,male,5-9,,Accidentes de tráfico,3,1274741,0.2353
2015,male,5-9,,Agresiones (homicidio),2,1274741,0.1569
2015,male,5-9,,Envenenamiento accidental por psicofármacos y drogas de abuso,0,1274741,0.0
2015,male,5-9,,Eventos de intención no determinada,0,1274741,0.0
2015,male,5-9,,Suicidio y lesiones autoinfligidas,0,1274741,0.0
2015,male,5-9,I-XXII,Todas las causas,120,1274741,9.4137
2015,male,5-9,,"Trastornos mentales debidos al uso de drogas (drogodependencia, toxicomanía)",0,1274741,0.0
2015,male,50-54,,Accidentes de tráfico,101,1709125,5.9095
2015,male,50-54,,Agresiones (homicidio),6,1709125,0.3511
2015,male,50-54,,Envenenamiento accidental por psicofármacos y drogas de abuso,32,1709125,1.8723
2015,male,50-54,,Eventos de intención no determinada,6,1709125,0.3511
2015,male,50-54,,Suicidio y lesiones autoinfligidas,279,1709125,16.3241
2015,male,50-54,I-XXII,Todas las causas,6878,1709125,402.4281
2015,male,50-54,,"Trastornos mentales debidos al uso de drogas (drogodependencia, toxicomanía)",0,1709125,0.0
2015,male,55-59,,Accidentes de tráfico,99,1486983,6.6578
2015,male,55-59,,Agresiones (homicidio),11,1486983,0.7398
2015,male,55-59,,Envenenamiento accidental por psicofármacos y drogas de abuso,19,1486983,1.2778
2015,male,55-59,,Eventos de intención no determinada,2,1486983,0.1345
2015,male,55-59,,Suicidio y lesiones autoinfligidas,251,1486983,16.8798
2015,male,55-59,I-XXII,Todas las causas,9749,1486983,655.6228
2015,male,55-59,,"Trastornos mentales debidos al uso de drogas (drogodependencia, toxicomanía)",3,1486983,0.2018
2015,male,60-64,,Accidentes de tráfico,76,1230867,6.1745
2015,male,60-64,,Agresiones (homicidio),6,1230867,0.4875
2015,male,60-64,,Envenenamiento accidental por psicofármacos y drogas de abuso,11,1230867,0.8937
2015,male,60-64,,Eventos de intención no determinada,0,1230867,0.0
2015,male,60-64,,Suicidio y lesiones autoinfligidas,176,1230867,14.2989
2015,male,60-64,I-XXII,Todas las causas,12300,1230867,999.2956
2015,male,60-64,,"Trastornos mentales debidos al uso de drogas (drogodependencia, toxicomanía)",0,1230867,0.0
2015,male,65-69,,Accidentes de tráfico,70,1114588,6.2803
2015,male,65-69,,Agresiones (homicidio),4,1114588,0.3589
2015,male,65-69,,Envenenamiento accidental por psicofármacos y drogas de abuso,5,1114588,0.4486
2015,male,65-69,,Eventos de intención no determinada,1,1114588,0.0897
2015,male,65-69,,Suicidio y lesiones autoinfligidas,166,1114588,14.8934
2015,male,65-69,I-XXII,Todas las causas,16827,1114588,1509.7058
2015,male,65-69,,"Trastornos mentales debidos al uso de drogas (drogodependencia, toxicomanía)",1,1114588,0.0897
2015,male,70-74,,Accidentes de tráfico,89,904711,9.8374
2015,male,70-74,,Agresiones (homicidio),7,904711,0.7737
2015,male,70-74,,Envenenamiento accidental por psicofármacos y drogas de abuso,12,904711,1.3264
2015,male,70-74,,Eventos de intención no determinada,2,904711,0.2211
2015,male,70-74,,Suicidio y lesiones autoinfligidas,143,904711,15.8062
2015,male,70-74,I-XXII,Todas las causas,20787,904711,2297.6398
2015,male,70-74,,"Trastornos mentales debidos al uso de drogas (drogodependencia, toxicomanía)",0,904711,0.0
2015,male,75-79,,Accidentes de tráfico,86,677938,12.6855
2015,male,75-79,,Agresiones (homicidio),9,677938,1.3276
2015,male,75-79,,Envenenamiento accidental por psicofármacos y drogas de abuso,11,677938,1.6226
2015,male,75-79,,Eventos de intención no determinada,4,677938,0.59
2015,male,75-79,,Suicidio y lesiones autoinfligidas,178,677938,26.2561
2015,male,75-79,I-XXII,Todas las causas,27433,677938,4046.5352
2015,male,75-79,,"Trastornos mentales debidos al uso de drogas (drogodependencia, toxicomanía)",1,677938,0.1475
2015,male,80-84,,Accidentes de tráfico,108,571774,18.8886
2015,male,80-84,,Agresiones (homicidio),4,571774,0.6996
2015,male,80-84,,Envenenamiento accidental por psicofármacos y drogas de abuso,32,571774,5.5966
2015,male,80-84,,Eventos de intención no determinada,0,571774,0.0
2015,male,80-84,,Suicidio y lesiones autoinfligidas,205,571774,35.8533
2015,male,80-84,I-XXII,Todas las causas,39870,571774,6973.0348
2015,male,80-84,,"Trastornos mentales debidos al uso de drogas (drogodependencia, toxicomanía)",0,571774,0.0
2015,male,85-89,,Accidentes de tráfico,33,305664,10.7962
2015,male,85-89,,Agresiones (homicidio),4,305664,1.3086
2015,male,85-89,,Envenenamiento accidental por psicofármacos y drogas de abuso,36,305664,11.7776
2015,male,85-89,,Eventos de intención no determinada,1,305664,0.3272
2015,male,85-89,,Suicidio y lesiones autoinfligidas,131,305664,42.8575
2015,male,85-89,I-XXII,Todas las causas,38320,305664,12536.6415
2015,male,85-89,,"Trastornos mentales debidos al uso de drogas (drogodependencia, toxicomanía)",0,305664,0.0
2015,male,90-94,,Accidentes de tráfico,15,106751,14.0514
2015,male,90-94,,Agresiones (homicidio),1,106751,0.9368
2015,male,90-94,,Envenenamiento accidental por psicofármacos y drogas de abuso,5,106751,4.6838
2015,male,90-94,,Eventos de intención no determinada,1,106751,0.9368
2015,male,90-94,,Suicidio y lesiones autoinfligidas,50,106751,46.838
2015,male,90-94,I-XXII,Todas las causas,23095,106751,21634.4578
2015,male,90-94,,"Trastornos mentales debidos al uso de drogas (drogodependencia, toxicomanía)",0,106751,0.0
2015,male,95+,,Accidentes de tráfico,0,20869,0.0
2015,male,95+,,Agresiones (homicidio),0,20869,0.0
2015,male,95+,,Envenenamiento accidental por psicofármacos y drogas de abuso,2,20869,9.5836
2015,male,95+,,Eventos de intención no determinada,0,20869,0.0
2015,male,95+,,Suicidio y lesiones autoinfligidas,9,20869,43.1262
2015,male,95+,I-XXII,Todas las causas,7048,20869,33772.5813
2015,male,95+,,"Trastornos mentales debidos al uso de drogas (drogodependencia, toxicomanía)",0,20869,0.0
2015,male,<1,,Accidentes de tráfico,1,215101,0.4649
2015,male,<1,,Agresiones (homicidio),2,215101,0.9298
2015,male,<1,,Envenenamiento accidental por psicofármacos y drogas de abuso,0,215101,0.0
2015,male,<1,,Eventos de intención no determinada,1,215101,0.4649
2015,male,<1,,Suicidio y lesiones autoinfligidas,0,215101,0.0
2015,male,<1,I-XXII,Todas las causas,634,215101,294.7453
2015,male,<1,,"Trastornos mentales debidos al uso de drogas (drogodependencia, toxicomanía)",0,215101,0.0
2015,male,all,,Accidentes de tráfico,1430,22797434,6.2726
2015,male,all,,Agresiones (homicidio),164,22797434,0.7194
2015,male,all,,Envenenamiento accidental por psicofármacos y drogas de abuso,424,22797434,1.8599
2015,male,all,,Eventos de intención no determinada,35,22797434,0.1535
2015,male,all,,Suicidio y lesiones autoinfligidas,2680,22797434,11.7557
2015,male,all,I-XXII,Todas las causas,213309,22797434,935.6711
2015,male,all,,"Trastornos mentales debidos al uso de drogas (drogodependencia, toxicomanía)",23,22797434,0.1009
2016,all,1-4,,Accidentes de tráfico,16,1750443,0.9141
2016,all,1-4,,Agresiones (homicidio),5,1750443,0.2856
2016,all,1-4,,Envenenamiento accidental por psicofármacos y drogas de abuso,0,1750443,0.0
2016,all,1-4,,Eventos de intención no determinada,0,1750443,0.0
2016,all,1-4,,Suicidio y lesiones autoinfligidas,0,1750443,0.0
2016,all,1-4,I-XXII,Todas las causas,248,1750443,14.1678
2016,all,1-4,,"Trastornos mentales debidos al uso de drogas (drogodependencia, toxicomanía)",0,1750443,0.0
2016,all,10-14,,Accidentes de tráfico,6,2357281,0.2545
2016,all,10-14,,Agresiones (homicidio),0,2357281,0.0
2016,all,10-14,,Envenenamiento accidental por psicofármacos y drogas de abuso,1,2357281,0.0424
2016,all,10-14,,Eventos de intención no determinada,0,2357281,0.0
2016,all,10-14,,Suicidio y lesiones autoinfligidas,12,2357281,0.5091
2016,all,10-14,I-XXII,Todas las causas,183,2357281,7.7632
2016,all,10-14,,"Trastornos mentales debidos al uso de drogas (drogodependencia, toxicomanía)",0,2357281,0.0
2016,all,15-19,,Accidentes de tráfico,69,2195137,3.1433
2016,all,15-19,,Agresiones (homicidio),8,2195137,0.3644
2016,all,15-19,,Envenenamiento accidental por psicofármacos y drogas de abuso,4,2195137,0.1822
2016,all,15-19,,Eventos de intención no determinada,1,2195137,0.0456
2016,all,15-19,,Suicidio y lesiones autoinfligidas,58,2195137,2.6422
2016,all,15-19,I-XXII,Todas las causas,393,2195137,17.9032
2016,all,15-19,,"Trastornos mentales debidos al uso de drogas (drogodependencia, toxicomanía)",0,2195137,0.0
2016,all,20-24,,Accidentes de tráfico,136,2269022,5.9938
2016,all,20-24,,Agresiones (homicidio),9,2269022,0.3966
2016,all,20-24,,Envenenamiento accidental por psicofármacos y drogas de abuso,10,2269022,0.4407
2016,all,20-24,,Eventos de intención no determinada,0,2269022,0.0
2016,all,20-24,,Suicidio y lesiones autoinfligidas,88,2269022,3.8783
2016,all,20-24,I-XXII,Todas las causas,574,2269022,25.2972
2016,all,20-24,,"Trastornos mentales debidos al uso de drogas (drogodependencia, toxicomanía)",1,2269022,0.0441
2016,all,25-29,,Accidentes de tráfico,114,2551021,4.4688
2016,all,25-29,,Agresiones (homicidio),16,2551021,0.6272
2016,all,25-29,,Envenenamiento accidental por psicofármacos y drogas de abuso,39,2551021,1.5288
2016,all,25-29,,Eventos de intención no determinada,0,2551021,0.0
2016,all,25-29,,Suicidio y lesiones autoinfligidas,101,2551021,3.9592
2016,all,25-29,I-XXII,Todas las causas,756,2551021,29.6352
2016,all,25-29,,"Trastornos mentales debidos al uso de drogas (drogodependencia, toxicomanía)",0,2551021,0.0
2016,all,30-34,,Accidentes de tráfico,111,3051918,3.6371
2016,all,30-34,,Agresiones (homicidio),32,3051918,1.0485
2016,all,30-34,,Envenenamiento accidental por psicofármacos y drogas de abuso,52,3051918,1.7038
2016,all,30-34,,Eventos de intención no determinada,3,3051918,0.0983
2016,all,30-34,,Suicidio y lesiones autoinfligidas,181,3051918,5.9307
2016,all,30-34,I-XXII,Todas las causas,1211,3051918,39.68
2016,all,30-34,,"Trastornos mentales debidos al uso de drogas (drogodependencia, toxicomanía)",1,3051918,0.0328
2016,all,35-39,,Accidentes de tráfico,140,3800295,3.6839
2016,all,35-39,,Agresiones (homicidio),31,3800295,0.8157
2016,all,35-39,,Envenenamiento accidental por psicofármacos y drogas de abuso,65,3800295,1.7104
2016,all,35-39,,Eventos de intención no determinada,4,3800295,0.1053
2016,all,35-39,,Suicidio y lesiones autoinfligidas,275,3800295,7.2363
2016,all,35-39,I-XXII,Todas las causas,2070,3800295,54.4695
2016,all,35-39,,"Trastornos mentales debidos al uso de drogas (drogodependencia, toxicomanía)",2,3800295,0.0526
2016,all,40-44,,Accidentes de tráfico,155,3948939,3.9251
2016,all,40-44,,Agresiones (homicidio),30,3948939,0.7597
2016,all,40-44,,Envenenamiento accidental por psicofármacos y drogas de abuso,112,3948939,2.8362
2016,all,40-44,,Eventos de intención no determinada,6,3948939,0.1519
2016,all,40-44,,Suicidio y lesiones autoinfligidas,355,3948939,8.9898
2016,all,40-44,I-XXII,Todas las causas,3568,3948939,90.3534
2016,all,40-44,,"Trastornos mentales debidos al uso de drogas (drogodependencia, toxicomanía)",5,3948939,0.1266
2016,all,45-49,,Accidentes de tráfico,147,3726059,3.9452
2016,all,45-49,,Agresiones (homicidio),34,3726059,0.9125
2016,all,45-49,,Envenenamiento accidental por psicofármacos y drogas de abuso,105,3726059,2.818
2016,all,45-49,,Eventos de intención no determinada,1,3726059,0.0268
2016,all,45-49,,Suicidio y lesiones autoinfligidas,349,3726059,9.3665
2016,all,45-49,I-XXII,Todas las causas,6149,3726059,165.0269
2016,all,45-49,,"Trastornos mentales debidos al uso de drogas (drogodependencia, toxicomanía)",8,3726059,0.2147
2016,all,5-9,,Accidentes de tráfico,6,2457456,0.2442
2016,all,5-9,,Agresiones (homicidio),2,2457456,0.0814
2016,all,5-9,,Envenenamiento accidental por psicofármacos y drogas de abuso,0,2457456,0.0
2016,all,5-9,,Eventos de intención no determinada,1,2457456,0.0407
2016,all,5-9,,Suicidio y lesiones autoinfligidas,0,2457456,0.0
2016,all,5-9,I-XXII,Todas las causas,179,2457456,7.284
2016,all,5-9,,"Trastornos mentales debidos al uso de drogas (drogodependencia, toxicomanía)",0,2457456,0.0
2016,all,50-54,,Accidentes de tráfico,159,3488081,4.5584
2016,all,50-54,,Agresiones (homicidio),30,3488081,0.8601
2016,all,50-54,,Envenenamiento accidental por psicofármacos y drogas de abuso,76,3488081,2.1788
2016,all,50-54,,Eventos de intención no determinada,0,3488081,0.0
2016,all,50-54,,Suicidio y lesiones autoinfligidas,377,3488081,10.8082
2016,all,50-54,I-XXII,Todas las causas,10282,3488081,294.7753
2016,all,50-54,,"Trastornos mentales debidos al uso de drogas (drogodependencia, toxicomanía)",2,3488081,0.0573
2016,all,55-59,,Accidentes de tráfico,138,3106704,4.442
2016,all,55-59,,Agresiones (homicidio),21,3106704,0.676
2016,all,55-59,,Envenenamiento accidental por psicofármacos y drogas de abuso,47,3106704,1.5129
2016,all,55-59,,Eventos de intención no determinada,10,3106704,0.3219
2016,all,55-59,,Suicidio y lesiones autoinfligidas,323,3106704,10.3969
2016,all,55-59,I-XXII,Todas las causas,14184,3106704,456.561
2016,all,55-59,,"Trastornos mentales debidos al uso de drogas (drogodependencia, toxicomanía)",6,3106704,0.1931
2016,all,60-64,,Accidentes de tráfico,115,2595892,4.4301
2016,all,60-64,,Agresiones (homicidio),18,2595892,0.6934
2016,all,60-64,,Envenenamiento accidental por psicofármacos y drogas de abuso,25,2595892,0.9631
2016,all,60-64,,Eventos de intención no determinada,0,2595892,0.0
2016,all,60-64,,Suicidio y lesiones autoinfligidas,270,2595892,10.401
2016,all,60-64,I-XXII,Todas las causas,18030,2595892,694.5589
2016,all,60-64,,"Trastornos mentales debidos al uso de drogas (drogodependencia, toxicomanía)",0,2595892,0.0
2016,all,65-69,,Accidentes de tráfico,105,2350653,4.4668
2016,all,65-69,,Agresiones (homicidio),8,2350653,0.3403
2016,all,65-69,,Envenenamiento accidental por psicofármacos y drogas de abuso,17,2350653,0.7232
2016,all,65-69,,Eventos de intención no determinada,1,2350653,0.0425
2016,all,65-69,,Suicidio y lesiones autoinfligidas,263,2350653,11.1884
2016,all,65-69,I-XXII,Todas las causas,24138,2350653,1026.8636
2016,all,65-69,,"Trastornos mentales debidos al uso de drogas (drogodependencia, toxicomanía)",1,2350653,0.0425
2016,all,70-74,,Accidentes de tráfico,107,2007519,5.33
2016,all,70-74,,Agresiones (homicidio),12,2007519,0.5978
2016,all,70-74,,Envenenamiento accidental por psicofármacos y drogas de abuso,19,2007519,0.9464
2016,all,70-74,,Eventos de intención no determinada,3,2007519,0.1494
2016,all,70-74,,Suicidio y lesiones autoinfligidas,212,2007519,10.5603
2016,all,70-74,I-XXII,Todas las causas,31610,2007519,1574.5804
2016,all,70-74,,"Trastornos mentales debidos al uso de drogas (drogodependencia, toxicomanía)",0,2007519,0.0
2016,all,75-79,,Accidentes de tráfico,116,1550038,7.4837
2016,all,75-79,,Agresiones (homicidio),6,1550038,0.3871
2016,all,75-79,,Envenenamiento accidental por psicofármacos y drogas de abuso,30,1550038,1.9354
2016,all,75-79,,Eventos de intención no determinada,3,1550038,0.1935
2016,all,75-79,,Suicidio y lesiones autoinfligidas,236,1550038,15.2254
2016,all,75-79,I-XXII,Todas las causas,42532,1550038,2743.9327
2016,all,75-79,,"Trastornos mentales debidos al uso de drogas (drogodependencia, toxicomanía)",0,1550038,0.0
2016,all,80-84,,Accidentes de tráfico,122,1433807,8.5088
2016,all,80-84,,Agresiones (homicidio),11,1433807,0.7672
2016,all,80-84,,Envenenamiento accidental por psicofármacos y drogas de abuso,42,1433807,2.9293
2016,all,80-84,,Eventos de intención no determinada,0,1433807,0.0
2016,all,80-84,,Suicidio y lesiones autoinfligidas,231,1433807,16.111
2016,all,80-84,I-XXII,Todas las causas,71892,1433807,5014.064
2016,all,80-84,,"Trastornos mentales debidos al uso de drogas (drogodependencia, toxicomanía)",0,1433807,0.0
2016,all,85-89,,Accidentes de tráfico,87,899867,9.6681
2016,all,85-89,,Agresiones (homicidio),5,899867,0.5556
2016,all,85-89,,Envenenamiento accidental por psicofármacos y drogas de abuso,76,899867,8.4457
2016,all,85-89,,Eventos de intención no determinada,0,899867,0.0
2016,all,85-89,,Suicidio y lesiones autoinfligidas,143,899867,15.8912
2016,all,85-89,I-XXII,Todas las causas,86575,899867,9620.8662
2016,all,85-89,,"Trastornos mentales debidos al uso de drogas (drogodependencia, toxicomanía)",0,899867,0.0
2016,all,90-94,,Accidentes de tráfico,33,378797,8.7118
2016,all,90-94,,Agresiones (homicidio),0,378797,0.0
2016,all,90-94,,Envenenamiento accidental por psicofármacos y drogas de abuso,57,378797,15.0476
2016,all,90-94,,Eventos de intención no determinada,0,378797,0.0
2016,all,90-94,,Suicidio y lesiones autoinfligidas,79,378797,20.8555
2016,all,90-94,I-XXII,Todas las causas,66432,378797,17537.6257
2016,all,90-94,,"Trastornos mentales debidos al uso de drogas (drogodependencia, toxicomanía)",0,378797,0.0
2016,all,95+,,Accidentes de tráfico,5,99238,5.0384
2016,all,95+,,Agresiones (homicidio),2,99238,2.0154
2016,all,95+,,Envenenamiento accidental por psicofármacos y drogas de abuso,12,99238,12.0921
2016,all,95+,,Eventos de intención no determinada,0,99238,0.0
2016,all,95+,,Suicidio y lesiones autoinfligidas,16,99238,16.1229
2016,all,95+,I-XXII,Todas las causas,28485,99238,28703.7224
2016,all,95+,,"Trastornos mentales debidos al uso de drogas (drogodependencia, toxicomanía)",0,99238,0.0
2016,all,<1,,Accidentes de tráfico,3,408933,0.7336
2016,all,<1,,Agresiones (homicidio),2,408933,0.4891
2016,all,<1,,Envenenamiento accidental por psicofármacos y drogas de abuso,0,408933,0.0
2016,all,<1,,Eventos de intención no determinada,0,408933,0.0
2016,all,<1,,Suicidio y lesiones autoinfligidas,0,408933,0.0
2016,all,<1,I-XXII,Todas las causas,1120,408933,273.8835
2016,all,<1,,"Trastornos mentales debidos al uso de drogas (drogodependencia, toxicomanía)",0,408933,0.0
2016,all,all,,Accidentes de tráfico,1890,46427100,4.0709
2016,all,all,,Agresiones (homicidio),282,46427100,0.6074
2016,all,all,,Envenenamiento accidental por psicofármacos y drogas de abuso,789,46427100,1.6994
2016,all,all,,Eventos de intención no determinada,33,46427100,0.0711
2016,all,all,,Suicidio y lesiones autoinfligidas,3569,46427100,7.6873
2016,all,all,I-XXII,Todas las causas,410611,46427100,884.421
2016,all,all,,"Trastornos mentales debidos al uso de drogas (drogodependencia, toxicomanía)",26,46427100,0.056
2016,female,1-4,,Accidentes de tráfico,8,848512,0.9428
2016,female,1-4,,Agresiones (homicidio),3,848512,0.3536
2016,female,1-4,,Envenenamiento accidental por psicofármacos y drogas de abuso,0,848512,0.0
2016,female,1-4,,Eventos de intención no determinada,0,848512,0.0
2016,female,1-4,,Suicidio y lesiones autoinfligidas,0,848512,0.0
2016,female,1-4,I-XXII,Todas las causas,115,848512,13.5531
2016,female,1-4,,"Trastornos mentales debidos al uso de drogas (drogodependencia, toxicomanía)",0,848512,0.0
2016,female,10-14,,Accidentes de tráfico,3,1146330,0.2617
2016,female,10-14,,Agresiones (homicidio),0,1146330,0.0
2016,female,10-14,,Envenenamiento accidental por psicofármacos y drogas de abuso,1,1146330,0.0872
2016,female,10-14,,Eventos de intención no determinada,0,1146330,0.0
2016,female,10-14,,Suicidio y lesiones autoinfligidas,4,1146330,0.3489
2016,female,10-14,I-XXII,Todas las causas,75,1146330,6.5426
2016,female,10-14,,"Trastornos mentales debidos al uso de drogas (drogodependencia, toxicomanía)",0,1146330,0.0
2016,female,15-19,,Accidentes de tráfico,23,1065129,2.1594
2016,female,15-19,,Agresiones (homicidio),3,1065129,0.2817
2016,female,15-19,,Envenenamiento accidental por psicofármacos y drogas de abuso,2,1065129,0.1878
2016,female,15-19,,Eventos de intención no determinada,0,1065129,0.0
2016,female,15-19,,Suicidio y lesiones autoinfligidas,21,1065129,1.9716
2016,female,15-19,I-XXII,Todas las causas,137,1065129,12.8623
2016,female,15-19,,"Trastornos mentales debidos al uso de drogas (drogodependencia, toxicomanía)",0,1065129,0.0
2016,female,20-24,,Accidentes de tráfico,32,1110008,2.8829
2016,female,20-24,,Agresiones (homicidio),3,1110008,0.2703
2016,female,20-24,,Envenenamiento accidental por psicofármacos y drogas de abuso,2,1110008,0.1802
2016,female,20-24,,Eventos de intención no determinada,0,1110008,0.0
2016,female,20-24,,Suicidio y lesiones autoinfligidas,20,1110008,1.8018
2016,female,20-24,I-XXII,Todas las causas,173,1110008,15.5855
2016,female,20-24,,"Trastornos mentales debidos al uso de drogas (drogodependencia, toxicomanía)",0,1110008,0.0
2016,female,25-29,,Accidentes de tráfico,27,1269451,2.1269
2016,female,25-29,,Agresiones (homicidio),5,1269451,0.3939
2016,female,25-29,,Envenenamiento accidental por psicofármacos y drogas de abuso,3,1269451,0.2363
2016,female,25-29,,Eventos de intención no determinada,0,1269451,0.0
2016,female,25-29,,Suicidio y lesiones autoinfligidas,26,1269451,2.0481
2016,female,25-29,I-XXII,Todas las causas,226,1269451,17.803
2016,female,25-29,,"Trastornos mentales debidos al uso de drogas (drogodependencia, toxicomanía)",0,1269451,0.0
2016,female,30-34,,Accidentes de tráfico,16,1521775,1.0514
2016,female,30-34,,Agresiones (homicidio),16,1521775,1.0514
2016,female,30-34,,Envenenamiento accidental por psicofármacos y drogas de abuso,8,1521775,0.5257
2016,female,30-34,,Eventos de intención no determinada,0,1521775,0.0
2016,female,30-34,,Suicidio y lesiones autoinfligidas,38,1521775,2.4971
2016,female,30-34,I-XXII,Todas las causas,368,1521775,24.1823
2016,female,30-34,,"Trastornos mentales debidos al uso de drogas (drogodependencia, toxicomanía)",0,1521775,0.0
2016,female,35-39,,Accidentes de tráfico,18,1870289,0.9624
2016,female,35-39,,Agresiones (homicidio),8,1870289,0.4277
2016,female,35-39,,Envenenamiento accidental por psicofármacos y drogas de abuso,12,1870289,0.6416
2016,female,35-39,,Eventos de intención no determinada,2,1870289,0.1069
2016,female,35-39,,Suicidio y lesiones autoinfligidas,72,1870289,3.8497
2016,female,35-39,I-XXII,Todas las causas,753,1870289,40.2612
2016,female,35-39,,"Trastornos mentales debidos al uso de drogas (drogodependencia, toxicomanía)",0,1870289,0.0
2016,female,40-44,,Accidentes de tráfico,23,1936157,1.1879
2016,female,40-44,,Agresiones (homicidio),9,1936157,0.4648
2016,female,40-44,,Envenenamiento accidental por psicofármacos y drogas de abuso,18,1936157,0.9297
2016,female,40-44,,Eventos de intención no determinada,1,1936157,0.0516
2016,female,40-44,,Suicidio y lesiones autoinfligidas,80,1936157,4.1319
2016,female,40-44,I-XXII,Todas las causas,1272,1936157,65.6972
2016,female,40-44,,"Trastornos mentales debidos al uso de drogas (drogodependencia, toxicomanía)",1,1936157,0.0516
2016,female,45-49,,Accidentes de tráfico,22,1843838,1.1932
2016,female,45-49,,Agresiones (homicidio),10,1843838,0.5423
2016,female,45-49,,Envenenamiento accidental por psicofármacos y drogas de abuso,15,1843838,0.8135
2016,female,45-49,,Eventos de intención no determinada,0,1843838,0.0
2016,female,45-49,,Suicidio y lesiones autoinfligidas,83,1843838,4.5015
2016,female,45-49,I-XXII,Todas las causas,2128,1843838,115.4114
2016,female,45-49,,"Trastornos mentales debidos al uso de drogas (drogodependencia, toxicomanía)",0,1843838,0.0
2016,female,5-9,,Accidentes de tráfico,2,1190018,0.1681
2016,female,5-9,,Agresiones (homicidio),1,1190018,0.084
2016,female,5-9,,Envenenamiento accidental por psicofármacos y drogas de abuso,0,1190018,0.0
2016,female,5-9,,Eventos de intención no determinada,1,1190018,0.084
2016,female,5-9,,Suicidio y lesiones autoinfligidas,0,1190018,0.0
2016,female,5-9,I-XXII,Todas las causas,72,1190018,6.0503
2016,female,5-9,,"Trastornos mentales debidos al uso de drogas (drogodependencia, toxicomanía)",0,1190018,0.0
2016,female,50-54,,Accidentes de tráfico,35,1749468,2.0006
2016,female,50-54,,Agresiones (homicidio),13,1749468,0.7431
2016,female,50-54,,Envenenamiento accidental por psicofármacos y drogas de abuso,15,1749468,0.8574
2016,female,50-54,,Eventos de intención no determinada,0,1749468,0.0
2016,female,50-54,,Suicidio y lesiones autoinfligidas,89,1749468,5.0873
2016,female,50-54,I-XXII,Todas las causas,3422,1749468,195.6023
2016,female,50-54,,"Trastornos mentales debidos al uso de drogas (drogodependencia, toxicomanía)",0,1749468,0.0
2016,female,55-59,,Accidentes de tráfico,27,1577595,1.7115
2016,female,55-59,,Agresiones (homicidio),8,1577595,0.5071
2016,female,55-59,,Envenenamiento accidental por psicofármacos y drogas de abuso,14,1577595,0.8874
2016,female,55-59,,Eventos de intención no determinada,4,1577595,0.2536
2016,female,55-59,,Suicidio y lesiones autoinfligidas,81,1577595,5.1344
2016,female,55-59,I-XXII,Todas las causas,4545,1577595,288.0968
2016,female,55-59,,"Trastornos mentales debidos al uso de drogas (drogodependencia, toxicomanía)",0,1577595,0.0
2016,female,60-64,,Accidentes de tráfico,26,1334755,1.9479
2016,female,60-64,,Agresiones (homicidio),2,1334755,0.1498
2016,female,60-64,,Envenenamiento accidental por psicofármacos y drogas de abuso,6,1334755,0.4495
2016,female,60-64,,Eventos de intención no determinada,0,1334755,0.0
2016,female,60-64,,Suicidio y lesiones autoinfligidas,79,1334755,5.9187
2016,female,60-64,I-XXII,Todas las causas,5522,1334755,413.7089
2016,female,60-64,,"Trastornos mentales debidos al uso de drogas (drogodependencia, toxicomanía)",0,1334755,0.0
2016,female,65-69,,Accidentes de tráfico,34,1232456,2.7587
2016,female,65-69,,Agresiones (homicidio),3,1232456,0.2434
2016,female,65-69,,Envenenamiento accidental por psicofármacos y drogas de abuso,5,1232456,0.4057
2016,female,65-69,,Eventos de intención no determinada,1,1232456,0.0811
2016,female,65-69,,Suicidio y lesiones autoinfligidas,88,1232456,7.1402
2016,female,65-69,I-XXII,Todas las causas,7536,1232456,611.462
2016,female,65-69,,"Trastornos mentales debidos al uso de drogas (drogodependencia, toxicomanía)",1,1232456,0.0811
2016,female,70-74,,Accidentes de tráfico,35,1079075,3.2435
2016,female,70-74,,Agresiones (homicidio),7,1079075,0.6487
2016,female,70-74,,Envenenamiento accidental por psicofármacos y drogas de abuso,9,1079075,0.834
2016,female,70-74,,Eventos de intención no determinada,0,1079075,0.0
2016,female,70-74,,Suicidio y lesiones autoinfligidas,58,1079075,5.375
2016,female,70-74,I-XXII,Todas las causas,10705,1079075,992.0534
2016,female,70-74,,"Trastornos mentales debidos al uso de drogas (drogodependencia, toxicomanía)",0,1079075,0.0
2016,female,75-79,,Accidentes de tráfico,38,872671,4.3544
2016,female,75-79,,Agresiones (homicidio),2,872671,0.2292
2016,female,75-79,,Envenenamiento accidental por psicofármacos y drogas de abuso,15,872671,1.7189
2016,female,75-79,,Eventos de intención no determinada,1,872671,0.1146
2016,female,75-79,,Suicidio y lesiones autoinfligidas,58,872671,6.6463
2016,female,75-79,I-XXII,Todas las causas,16783,872671,1923.1761
2016,female,75-79,,"Trastornos mentales debidos al uso de drogas (drogodependencia, toxicomanía)",0,872671,0.0
2016,female,80-84,,Accidentes de tráfico,31,855564,3.6233
2016,female,80-84,,Agresiones (homicidio),6,855564,0.7013
2016,female,80-84,,Envenenamiento accidental por psicofármacos y drogas de abuso,27,855564,3.1558
2016,female,80-84,,Eventos de intención no determinada,0,855564,0.0
2016,female,80-84,,Suicidio y lesiones autoinfligidas,50,855564,5.8441
2016,female,80-84,I-XXII,Todas las causas,33998,855564,3973.753
2016,female,80-84,,"Trastornos mentales debidos al uso de drogas (drogodependencia, toxicomanía)",0,855564,0.0
2016,female,85-89,,Accidentes de tráfico,30,579373,5.178
2016,female,85-89,,Agresiones (homicidio),4,579373,0.6904
2016,female,85-89,,Envenenamiento accidental por psicofármacos y drogas de abuso,41,579373,7.0766
2016,female,85-89,,Eventos de intención no determinada,0,579373,0.0
2016,female,85-89,,Suicidio y lesiones autoinfligidas,37,579373,6.3862
2016,female,85-89,I-XXII,Todas las causas,48674,579373,8401.1509
2016,female,85-89,,"Trastornos mentales debidos al uso de drogas (drogodependencia, toxicomanía)",0,579373,0.0
2016,female,90-94,,Accidentes de tráfico,11,265550,4.1423
2016,female,90-94,,Agresiones (homicidio),0,265550,0.0
2016,female,90-94,,Envenenamiento accidental por psicofármacos y drogas de abuso,37,265550,13.9333
2016,female,90-94,,Eventos de intención no determinada,0,265550,0.0
2016,female,90-94,,Suicidio y lesiones autoinfligidas,19,265550,7.155
2016,female,90-94,I-XXII,Todas las causas,43207,265550,16270.7588
2016,female,90-94,,"Trastornos mentales debidos al uso de drogas (drogodependencia, toxicomanía)",0,265550,0.0
2016,female,95+,,Accidentes de tráfico,0,75998,0.0
2016,female,95+,,Agresiones (homicidio),1,75998,1.3158
2016,female,95+,,Envenenamiento accidental por psicofármacos y drogas de abuso,9,75998,11.8424
2016,female,95+,,Eventos de intención no determinada,0,75998,0.0
2016,female,95+,,Suicidio y lesiones autoinfligidas,4,75998,5.2633
2016,female,95+,I-XXII,Todas las causas,21444,75998,28216.532
2016,female,95+,,"Trastornos mentales debidos al uso de drogas (drogodependencia, toxicomanía)",0,75998,0.0
2016,female,<1,,Accidentes de tráfico,1,198436,0.5039
2016,female,<1,,Agresiones (homicidio),0,198436,0.0
2016,female,<1,,Envenenamiento accidental por psicofármacos y drogas de abuso,0,198436,0.0
2016,female,<1,,Eventos de intención no determinada,0,198436,0.0
2016,female,<1,,Suicidio y lesiones autoinfligidas,0,198436,0.0
2016,female,<1,I-XXII,Todas las causas,463,198436,233.3246
2016,female,<1,,"Trastornos mentales debidos al uso de drogas (drogodependencia, toxicomanía)",0,198436,0.0
2016,female,all,,Accidentes de tráfico,442,23622448,1.8711
2016,female,all,,Agresiones (homicidio),104,23622448,0.4403
2016,female,all,,Envenenamiento accidental por psicofármacos y drogas de abuso,239,23622448,1.0117
2016,female,all,,Eventos de intención no determinada,10,23622448,0.0423
2016,female,all,,Suicidio y lesiones autoinfligidas,907,23622448,3.8396
2016,female,all,I-XXII,Todas las causas,201618,23622448,853.5017
2016,female,all,,"Trastornos mentales debidos al uso de drogas (drogodependencia, toxicomanía)",2,23622448,0.0085
2016,male,1-4,,Accidentes de tráfico,8,901931,0.887
2016,male,1-4,,Agresiones (homicidio),2,901931,0.2217
2016,male,1-4,,Envenenamiento accidental por psicofármacos y drogas de abuso,0,901931,0.0
2016,male,1-4,,Eventos de intención no determinada,0,901931,0.0
2016,male,1-4,,Suicidio y lesiones autoinfligidas,0,901931,0.0
2016,male,1-4,I-XXII,Todas las causas,133,901931,14.7461
2016,male,1-4,,"Trastornos mentales debidos al uso de drogas (drogodependencia, toxicomanía)",0,901931,0.0
2016,male,10-14,,Accidentes de tráfico,3,1210951,0.2477
2016,male,10-14,,Agresiones (homicidio),0,1210951,0.0
2016,male,10-14,,Envenenamiento accidental por psicofármacos y drogas de abuso,0,1210951,0.0
2016,male,10-14,,Eventos de intención no determinada,0,1210951,0.0
2016,male,10-14,,Suicidio y lesiones autoinfligidas,8,1210951,0.6606
2016,male,10-14,I-XXII,Todas las causas,108,1210951,8.9186
2016,male,10-14,,"Trastornos mentales debidos al uso de drogas (drogodependencia, toxicomanía)",0,1210951,0.0
2016,male,15-19,,Accidentes de tráfico,46,1130008,4.0708
2016,male,15-19,,Agresiones (homicidio),5,1130008,0.4425
2016,male,15-19,,Envenenamiento accidental por psicofármacos y drogas de abuso,2,1130008,0.177
2016,male,15-19,,Eventos de intención no determinada,1,1130008,0.0885
2016,male,15-19,,Suicidio y lesiones autoinfligidas,37,1130008,3.2743
2016,male,15-19,I-XXII,Todas las causas,256,1130008,22.6547
2016,male,15-19,,"Trastornos mentales debidos al uso de drogas (drogodependencia, toxicomanía)",0,1130008,0.0
2016,male,20-24,,Accidentes de tráfico,104,1159014,8.9731
2016,male,20-24,,Agresiones (homicidio),6,1159014,0.5177
2016,male,20-24,,Envenenamiento accidental por psicofármacos y drogas de abuso,8,1159014,0.6902
2016,male,20-24,,Eventos de intención no determinada,0,1159014,0.0
2016,male,20-24,,Suicidio y lesiones autoinfligidas,68,1159014,5.8671
2016,male,20-24,I-XXII,Todas las causas,401,1159014,34.5984
2016,male,20-24,,"Trastornos mentales debidos al uso de drogas (drogodependencia, toxicomanía)",1,1159014,0.0863
2016,male,25-29,,Accidentes de tráfico,87,1281570,6.7885
2016,male,25-29,,Agresiones (homicidio),11,1281570,0.8583
2016,male,25-29,,Envenenamiento accidental por psicofármacos y drogas de abuso,36,1281570,2.8091
2016,male,25-29,,Eventos de intención no determinada,0,1281570,0.0
2016,male,25-29,,Suicidio y lesiones autoinfligidas,75,1281570,5.8522
2016,male,25-29,I-XXII,Todas las causas,530,1281570,41.3555
2016,male,25-29,,"Trastornos mentales debidos al uso de drogas (drogodependencia, toxicomanía)",0,1281570,0.0
2016,male,30-34,,Accidentes de tráfico,95,1530143,6.2086
2016,male,30-34,,Agresiones (homicidio),16,1530143,1.0457
2016,male,30-34,,Envenenamiento accidental por psicofármacos y drogas de abuso,44,1530143,2.8755
2016,male,30-34,,Eventos de intención no determinada,3,1530143,0.1961
2016,male,30-34,,Suicidio y lesiones autoinfligidas,143,1530143,9.3455
2016,male,30-34,I-XXII,Todas las causas,843,1530143,55.0929
2016,male,30-34,,"Trastornos mentales debidos al uso de drogas (drogodependencia, toxicomanía)",1,1530143,0.0654
2016,male,35-39,,Accidentes de tráfico,122,1930006,6.3212
2016,male,35-39,,Agresiones (homicidio),23,1930006,1.1917
2016,male,35-39,,Envenenamiento accidental por psicofármacos y drogas de abuso,53,1930006,2.7461
2016,male,35-39,,Eventos de intención no determinada,2,1930006,0.1036
2016,male,35-39,,Suicidio y lesiones autoinfligidas,203,1930006,10.5181
2016,male,35-39,I-XXII,Todas las causas,1317,1930006,68.2381
2016,male,35-39,,"Trastornos mentales debidos al uso de drogas (drogodependencia, toxicomanía)",2,1930006,0.1036
2016,male,40-44,,Accidentes de tráfico,132,2012782,6.5581
2016,male,40-44,,Agresiones (homicidio),21,2012782,1.0433
2016,male,40-44,,Envenenamiento accidental por psicofármacos y drogas de abuso,94,2012782,4.6702
2016,male,40-44,,Eventos de intención no determinada,5,2012782,0.2484
2016,male,40-44,,Suicidio y lesiones autoinfligidas,275,2012782,13.6627
2016,male,40-44,I-XXII,Todas las causas,2296,2012782,114.071
2016,male,40-44,,"Trastornos mentales debidos al uso de drogas (drogodependencia, toxicomanía)",4,2012782,0.1987
2016,male,45-49,,Accidentes de tráfico,125,1882221,6.6411
2016,male,45-49,,Agresiones (homicidio),24,1882221,1.2751
2016,male,45-49,,Envenenamiento accidental por psicofármacos y drogas de abuso,90,1882221,4.7816
2016,male,45-49,,Eventos de intención no determinada,1,1882221,0.0531
2016,male,45-49,,Suicidio y lesiones autoinfligidas,266,1882221,14.1322
2016,male,45-49,I-XXII,Todas las causas,4021,1882221,213.6306
2016,male,45-49,,"Trastornos mentales debidos al uso de drogas (drogodependencia, toxicomanía)",8,1882221,0.425
2016,male,5-9,,Accidentes de tráfico,4,1267438,0.3156
2016,male,5-9,,Agresiones (homicidio),1,1267438,0.0789
2016,male,5-9,,Envenenamiento accidental por psicofármacos y drogas de abuso,0,1267438,0.0
2016,male,5-9,,Eventos de intención no determinada,0,1267438,0.0
2016,male,5-9,,Suicidio y lesiones autoinfligidas,0,1267438,0.0
2016,male,5-9,I-XXII,Todas las causas,107,1267438,8.4422
2016,male,5-9,,"Trastornos mentales debidos al uso de drogas (drogodependencia, toxicomanía)",0,1267438,0.0
2016,male,50-54,,Accidentes de tráfico,124,1738613,7.1321
2016,male,50-54,,Agresiones (homicidio),17,1738613,0.9778
2016,male,50-54,,Envenenamiento accidental por psicofármacos y drogas de abuso,61,1738613,3.5085
2016,male,50-54,,Eventos de intención no determinada,0,1738613,0.0
2016,male,50-54,,Suicidio y lesiones autoinfligidas,288,1738613,16.5649
2016,male,50-54,I-XXII,Todas las causas,6860,1738613,394.5674
2016,male,50-54,,"Trastornos mentales debidos al uso de drogas (drogodependencia, toxicomanía)",2,1738613,0.115
2016,male,55-59,,Accidentes de tráfico,111,1529109,7.2591
2016,male,55-59,,Agresiones (homicidio),13,1529109,0.8502
2016,male,55-59,,Envenenamiento accidental por psicofármacos y drogas de abuso,33,1529109,2.1581
2016,male,55-59,,Eventos de intención no determinada,6,1529109,0.3924
2016,male,55-59,,Suicidio y lesiones autoinfligidas,242,1529109,15.8262
2016,male,55-59,I-XXII,Todas las causas,9639,1529109,630.3671
2016,male,55-59,,"Trastornos mentales debidos al uso de drogas (drogodependencia, toxicomanía)",6,1529109,0.3924
2016,male,60-64,,Accidentes de tráfico,89,1261137,7.0571
2016,male,60-64,,Agresiones (homicidio),16,1261137,1.2687
2016,male,60-64,,Envenenamiento accidental por psicofármacos y drogas de abuso,19,1261137,1.5066
2016,male,60-64,,Eventos de intención no determinada,0,1261137,0.0
2016,male,60-64,,Suicidio y lesiones autoinfligidas,191,1261137,15.1451
2016,male,60-64,I-XXII,Todas las causas,12508,1261137,991.8034
2016,male,60-64,,"Trastornos mentales debidos al uso de drogas (drogodependencia, toxicomanía)",0,1261137,0.0
2016,male,65-69,,Accidentes de tráfico,71,1118197,6.3495
2016,male,65-69,,Agresiones (homicidio),5,1118197,0.4471
2016,male,65-69,,Envenenamiento accidental por psicofármacos y drogas de abuso,12,1118197,1.0732
2016,male,65-69,,Eventos de intención no determinada,0,1118197,0.0
2016,male,65-69,,Suicidio y lesiones autoinfligidas,175,1118197,15.6502
2016,male,65-69,I-XXII,Todas las causas,16602,1118197,1484.7115
2016,male,65-69,,"Trastornos mentales debidos al uso de drogas (drogodependencia, toxicomanía)",0,1118197,0.0
2016,male,70-74,,Accidentes de tráfico,72,928444,7.7549
2016,male,70-74,,Agresiones (homicidio),5,928444,0.5385
2016,male,70-74,,Envenenamiento accidental por psicofármacos y drogas de abuso,10,928444,1.0771
2016,male,70-74,,Eventos de intención no determinada,3,928444,0.3231
2016,male,70-74,,Suicidio y lesiones autoinfligidas,154,928444,16.5869
2016,male,70-74,I-XXII,Todas las causas,20905,928444,2251.6167
2016,male,70-74,,"Trastornos mentales debidos al uso de drogas (drogodependencia, toxicomanía)",0,928444,0.0
2016,male,75-79,,Accidentes de tráfico,78,677367,11.5152
2016,male,75-79,,Agresiones (homicidio),4,677367,0.5905
2016,male,75-79,,Envenenamiento accidental por psicofármacos y drogas de abuso,15,677367,2.2145
2016,male,75-79,,Eventos de intención no determinada,2,677367,0.2953
2016,male,75-79,,Suicidio y lesiones autoinfligidas,178,677367,26.2782
2016,male,75-79,I-XXII,Todas las causas,25749,677367,3801.3366
2016,male,75-79,,"Trastornos mentales debidos al uso de drogas (drogodependencia, toxicomanía)",0,677367,0.0
2016,male,80-84,,Accidentes de tráfico,91,578243,15.7373
2016,male,80-84,,Agresiones (homicidio),5,578243,0.8647
2016,male,80-84,,Envenenamiento accidental por psicofármacos y drogas de abuso,15,578243,2.5941
2016,male,80-84,,Eventos de intención no determinada,0,578243,0.0
2016,male,80-84,,Suicidio y lesiones autoinfligidas,181,578243,31.3017
2016,male,80-84,I-XXII,Todas las causas,37894,578243,6553.3003
2016,male,80-84,,"Trastornos mentales debidos al uso de drogas (drogodependencia, toxicomanía)",0,578243,0.0
2016,male,85-89,,Accidentes de tráfico,57,320494,17.785
2016,male,85-89,,Agresiones (homicidio),1,320494,0.312
2016,male,85-89,,Envenenamiento accidental por psicofármacos y drogas de abuso,35,320494,10.9206
2016,male,85-89,,Eventos de intención no determinada,0,320494,0.0
2016,male,85-89,,Suicidio y lesiones autoinfligidas,106,320494,33.0739
2016,male,85-89,I-XXII,Todas las causas,37901,320494,11825.8064
2016,male,85-89,,"Trastornos mentales debidos al uso de drogas (drogodependencia, toxicomanía)",0,320494,0.0
2016,male,90-94,,Accidentes de tráfico,22,113247,19.4266
2016,male,90-94,,Agresiones (homicidio),0,113247,0.0
2016,male,90-94,,Envenenamiento accidental por psicofármacos y drogas de abuso,20,113247,17.6605
2016,male,90-94,,Eventos de intención no determinada,0,113247,0.0
2016,male,90-94,,Suicidio y lesiones autoinfligidas,60,113247,52.9815
2016,male,90-94,I-XXII,Todas las causas,23225,113247,20508.2695
2016,male,90-94,,"Trastornos mentales debidos al uso de drogas (drogodependencia, toxicomanía)",0,113247,0.0
2016,male,95+,,Accidentes de tráfico,5,23240,21.5146
2016,male,95+,,Agresiones (homicidio),1,23240,4.3029
2016,male,95+,,Envenenamiento accidental por psicofármacos y drogas de abuso,3,23240,12.9088
2016,male,95+,,Eventos de intención no determinada,0,23240,0.0
2016,male,95+,,Suicidio y lesiones autoinfligidas,12,23240,51.6351
2016,male,95+,I-XXII,Todas las causas,7041,23240,30296.9019
2016,male,95+,,"Trastornos mentales debidos al uso de drogas (drogodependencia, toxicomanía)",0,23240,0.0
2016,male,<1,,Accidentes de tráfico,2,210497,0.9501
2016,male,<1,,Agresiones (homicidio),2,210497,0.9501
2016,male,<1,,Envenenamiento accidental por psicofármacos y drogas de abuso,0,210497,0.0
2016,male,<1,,Eventos de intención no determinada,0,210497,0.0
2016,male,<1,,Suicidio y lesiones autoinfligidas,0,210497,0.0
2016,male,<1,I-XXII,Todas las causas,657,210497,312.1185
2016,male,<1,,"Trastornos mentales debidos al uso de drogas (drogodependencia, toxicomanía)",0,210497,0.0
2016,male,all,,Accidentes de tráfico,1448,22804652,6.3496
2016,male,all,,Agresiones (homicidio),178,22804652,0.7805
2016,male,all,,Envenenamiento accidental por psicofármacos y drogas de abuso,550,22804652,2.4118
2016,male,all,,Eventos de intención no determinada,23,22804652,0.1009
2016,male,all,,Suicidio y lesiones autoinfligidas,2662,22804652,11.6731
2016,male,all,I-XXII,Todas las causas,208993,22804652,916.449
2016,male,all,,"Trastornos mentales debidos al uso de drogas (drogodependencia, toxicomanía)",24,22804652,0.1052
2017,all,1-4,,Accidentes de tráfico,15,1713881,0.8752
2017,all,1-4,,Agresiones (homicidio),6,1713881,0.3501
2017,all,1-4,,Envenenamiento accidental por psicofármacos y drogas de abuso,0,1713881,0.0
2017,all,1-4,,Eventos de intención no determinada,0,1713881,0.0
2017,all,1-4,,Suicidio y lesiones autoinfligidas,0,1713881,0.0
2017,all,1-4,I-XXII,Todas las causas,226,1713881,13.1864
2017,all,1-4,,"Trastornos mentales debidos al uso de drogas (drogodependencia, toxicomanía)",0,1713881,0.0
2017,all,10-14,,Accidentes de tráfico,12,2405166,0.4989
2017,all,10-14,,Agresiones (homicidio),3,2405166,0.1247
2017,all,10-14,,Envenenamiento accidental por psicofármacos y drogas de abuso,0,2405166,0.0
2017,all,10-14,,Eventos de intención no determinada,0,2405166,0.0
2017,all,10-14,,Suicidio y lesiones autoinfligidas,13,2405166,0.5405
2017,all,10-14,I-XXII,Todas las causas,202,2405166,8.3986
2017,all,10-14,,"Trastornos mentales debidos al uso de drogas (drogodependencia, toxicomanía)",0,2405166,0.0
2017,all,15-19,,Accidentes de tráfico,74,2229631,3.3189
2017,all,15-19,,Agresiones (homicidio),5,2229631,0.2243
2017,all,15-19,,Envenenamiento accidental por psicofármacos y drogas de abuso,1,2229631,0.0449
2017,all,15-19,,Eventos de intención no determinada,1,2229631,0.0449
2017,all,15-19,,Suicidio y lesiones autoinfligidas,50,2229631,2.2425
2017,all,15-19,I-XXII,Todas las causas,396,2229631,17.7608
2017,all,15-19,,"Trastornos mentales debidos al uso de drogas (drogodependencia, toxicomanía)",0,2229631,0.0
2017,all,20-24,,Accidentes de tráfico,136,2254710,6.0318
2017,all,20-24,,Agresiones (homicidio),18,2254710,0.7983
2017,all,20-24,,Envenenamiento accidental por psicofármacos y drogas de abuso,9,2254710,0.3992
2017,all,20-24,,Eventos de intención no determinada,3,2254710,0.1331
2017,all,20-24,,Suicidio y lesiones autoinfligidas,82,2254710,3.6368
2017,all,20-24,I-XXII,Todas las causas,595,2254710,26.3892
2017,all,20-24,,"Trastornos mentales debidos al uso de drogas (drogodependencia, toxicomanía)",0,2254710,0.0
2017,all,25-29,,Accidentes de tráfico,148,2521020,5.8706
2017,all,25-29,,Agresiones (homicidio),22,2521020,0.8727
2017,all,25-29,,Envenenamiento accidental por psicofármacos y drogas de abuso,30,2521020,1.19
2017,all,25-29,,Eventos de intención no determinada,2,2521020,0.0793
2017,all,25-29,,Suicidio y lesiones autoinfligidas,141,2521020,5.593
2017,all,25-29,I-XXII,Todas las causas,834,2521020,33.0818
2017,all,25-29,,"Trastornos mentales debidos al uso de drogas (drogodependencia, toxicomanía)",1,2521020,0.0397
2017,all,30-34,,Accidentes de tráfico,137,2930119,4.6756
2017,all,30-34,,Agresiones (homicidio),37,2930119,1.2627
2017,all,30-34,,Envenenamiento accidental por psicofármacos y drogas de abuso,46,2930119,1.5699
2017,all,30-34,,Eventos de intención no determinada,2,2930119,0.0683
2017,all,30-34,,Suicidio y lesiones autoinfligidas,175,2930119,5.9725
2017,all,30-34,I-XXII,Todas las causas,1132,2930119,38.6332
2017,all,30-34,,"Trastornos mentales debidos al uso de drogas (drogodependencia, toxicomanía)",0,2930119,0.0
2017,all,35-39,,Accidentes de tráfico,134,3670336,3.6509
2017,all,35-39,,Agresiones (homicidio),31,3670336,0.8446
2017,all,35-39,,Envenenamiento accidental por psicofármacos y drogas de abuso,75,3670336,2.0434
2017,all,35-39,,Eventos de intención no determinada,3,3670336,0.0817
2017,all,35-39,,Suicidio y lesiones autoinfligidas,277,3670336,7.547
2017,all,35-39,I-XXII,Todas las causas,2082,3670336,56.7251
2017,all,35-39,,"Trastornos mentales debidos al uso de drogas (drogodependencia, toxicomanía)",1,3670336,0.0272
2017,all,40-44,,Accidentes de tráfico,157,3975786,3.9489
2017,all,40-44,,Agresiones (homicidio),38,3975786,0.9558
2017,all,40-44,,Envenenamiento accidental por psicofármacos y drogas de abuso,75,3975786,1.8864
2017,all,40-44,,Eventos de intención no determinada,3,3975786,0.0755
2017,all,40-44,,Suicidio y lesiones autoinfligidas,344,3975786,8.6524
2017,all,40-44,I-XXII,Todas las causas,3484,3975786,87.6305
2017,all,40-44,,"Trastornos mentales debidos al uso de drogas (drogodependencia, toxicomanía)",4,3975786,0.1006
2017,all,45-49,,Accidentes de tráfico,149,3753755,3.9694
2017,all,45-49,,Agresiones (homicidio),32,3753755,0.8525
2017,all,45-49,,Envenenamiento accidental por psicofármacos y drogas de abuso,104,3753755,2.7706
2017,all,45-49,,Eventos de intención no determinada,8,3753755,0.2131
2017,all,45-49,,Suicidio y lesiones autoinfligidas,367,3753755,9.7769
2017,all,45-49,I-XXII,Todas las causas,6057,3753755,161.3584
2017,all,45-49,,"Trastornos mentales debidos al uso de drogas (drogodependencia, toxicomanía)",2,3753755,0.0533
2017,all,5-9,,Accidentes de tráfico,5,2428717,0.2059
2017,all,5-9,,Agresiones (homicidio),7,2428717,0.2882
2017,all,5-9,,Envenenamiento accidental por psicofármacos y drogas de abuso,0,2428717,0.0
2017,all,5-9,,Eventos de intención no determinada,0,2428717,0.0
2017,all,5-9,,Suicidio y lesiones autoinfligidas,0,2428717,0.0
2017,all,5-9,I-XXII,Todas las causas,178,2428717,7.329
2017,all,5-9,,"Trastornos mentales debidos al uso de drogas (drogodependencia, toxicomanía)",0,2428717,0.0
2017,all,50-54,,Accidentes de tráfico,165,3553166,4.6437
2017,all,50-54,,Agresiones (homicidio),26,3553166,0.7317
2017,all,50-54,,Envenenamiento accidental por psicofármacos y drogas de abuso,73,3553166,2.0545
2017,all,50-54,,Eventos de intención no determinada,2,3553166,0.0563
2017,all,50-54,,Suicidio y lesiones autoinfligidas,421,3553166,11.8486
2017,all,50-54,I-XXII,Todas las causas,10103,3553166,284.338
2017,all,50-54,,"Trastornos mentales debidos al uso de drogas (drogodependencia, toxicomanía)",3,3553166,0.0844
2017,all,55-59,,Accidentes de tráfico,135,3171707,4.2564
2017,all,55-59,,Agresiones (homicidio),19,3171707,0.599
2017,all,55-59,,Envenenamiento accidental por psicofármacos y drogas de abuso,37,3171707,1.1666
2017,all,55-59,,Eventos de intención no determinada,3,3171707,0.0946
2017,all,55-59,,Suicidio y lesiones autoinfligidas,362,3171707,11.4134
2017,all,55-59,I-XXII,Todas las causas,14428,3171707,454.897
2017,all,55-59,,"Trastornos mentales debidos al uso de drogas (drogodependencia, toxicomanía)",2,3171707,0.0631
2017,all,60-64,,Accidentes de tráfico,135,2667073,5.0617
2017,all,60-64,,Agresiones (homicidio),14,2667073,0.5249
2017,all,60-64,,Envenenamiento accidental por psicofármacos y drogas de abuso,27,2667073,1.0123
2017,all,60-64,,Eventos de intención no determinada,3,2667073,0.1125
2017,all,60-64,,Suicidio y lesiones autoinfligidas,251,2667073,9.4111
2017,all,60-64,I-XXII,Todas las causas,18187,2667073,681.9086
2017,all,60-64,,"Trastornos mentales debidos al uso de drogas (drogodependencia, toxicomanía)",0,2667073,0.0
2017,all,65-69,,Accidentes de tráfico,93,2378784,3.9096
2017,all,65-69,,Agresiones (homicidio),14,2378784,0.5885
2017,all,65-69,,Envenenamiento accidental por psicofármacos y drogas de abuso,14,2378784,0.5885
2017,all,65-69,,Eventos de intención no determinada,4,2378784,0.1682
2017,all,65-69,,Suicidio y lesiones autoinfligidas,230,2378784,9.6688
2017,all,65-69,I-XXII,Todas las causas,24497,2378784,1029.8119
2017,all,65-69,,"Trastornos mentales debidos al uso de drogas (drogodependencia, toxicomanía)",0,2378784,0.0
2017,all,70-74,,Accidentes de tráfico,116,2081555,5.5728
2017,all,70-74,,Agresiones (homicidio),12,2081555,0.5765
2017,all,70-74,,Envenenamiento accidental por psicofármacos y drogas de abuso,23,2081555,1.1049
2017,all,70-74,,Eventos de intención no determinada,4,2081555,0.1922
2017,all,70-74,,Suicidio y lesiones autoinfligidas,245,2081555,11.77
2017,all,70-74,I-XXII,Todas las causas,33020,2081555,1586.3141
2017,all,70-74,,"Trastornos mentales debidos al uso de drogas (drogodependencia, toxicomanía)",0,2081555,0.0
2017,all,75-79,,Accidentes de tráfico,103,1526174,6.7489
2017,all,75-79,,Agresiones (homicidio),10,1526174,0.6552
2017,all,75-79,,Envenenamiento accidental por psicofármacos y drogas de abuso,33,1526174,2.1623
2017,all,75-79,,Eventos de intención no determinada,3,1526174,0.1966
2017,all,75-79,,Suicidio y lesiones autoinfligidas,204,1526174,13.3668
2017,all,75-79,I-XXII,Todas las causas,40776,1526174,2671.7792
2017,all,75-79,,"Trastornos mentales debidos al uso de drogas (drogodependencia, toxicomanía)",1,1526174,0.0655
2017,all,80-84,,Accidentes de tráfico,110,1426652,7.7104
2017,all,80-84,,Agresiones (homicidio),13,1426652,0.9112
2017,all,80-84,,Envenenamiento accidental por psicofármacos y drogas de abuso,52,1426652,3.6449
2017,all,80-84,,Eventos de intención no determinada,2,1426652,0.1402
2017,all,80-84,,Suicidio y lesiones autoinfligidas,259,1426652,18.1544
2017,all,80-84,I-XXII,Todas las causas,72688,1426652,5095.0056
2017,all,80-84,,"Trastornos mentales debidos al uso de drogas (drogodependencia, toxicomanía)",0,1426652,0.0
2017,all,85-89,,Accidentes de tráfico,77,929614,8.283
2017,all,85-89,,Agresiones (homicidio),7,929614,0.753
2017,all,85-89,,Envenenamiento accidental por psicofármacos y drogas de abuso,78,929614,8.3906
2017,all,85-89,,Eventos de intención no determinada,4,929614,0.4303
2017,all,85-89,,Suicidio y lesiones autoinfligidas,180,929614,19.3629
2017,all,85-89,I-XXII,Todas las causas,91326,929614,9824.0775
2017,all,85-89,,"Trastornos mentales debidos al uso de drogas (drogodependencia, toxicomanía)",0,929614,0.0
2017,all,90-94,,Accidentes de tráfico,33,391411,8.431
2017,all,90-94,,Agresiones (homicidio),8,391411,2.0439
2017,all,90-94,,Envenenamiento accidental por psicofármacos y drogas de abuso,62,391411,15.8401
2017,all,90-94,,Eventos de intención no determinada,1,391411,0.2555
2017,all,90-94,,Suicidio y lesiones autoinfligidas,64,391411,16.3511
2017,all,90-94,I-XXII,Todas las causas,70918,391411,18118.5506
2017,all,90-94,,"Trastornos mentales debidos al uso de drogas (drogodependencia, toxicomanía)",0,391411,0.0
2017,all,95+,,Accidentes de tráfico,3,106175,2.8255
2017,all,95+,,Agresiones (homicidio),0,106175,0.0
2017,all,95+,,Envenenamiento accidental por psicofármacos y drogas de abuso,20,106175,18.8368
2017,all,95+,,Eventos de intención no determinada,0,106175,0.0
2017,all,95+,,Suicidio y lesiones autoinfligidas,14,106175,13.1858
2017,all,95+,I-XXII,Todas las causas,32302,106175,30423.3577
2017,all,95+,,"Trastornos mentales debidos al uso de drogas (drogodependencia, toxicomanía)",0,106175,0.0
2017,all,<1,,Accidentes de tráfico,6,395029,1.5189
2017,all,<1,,Agresiones (homicidio),3,395029,0.7594
2017,all,<1,,Envenenamiento accidental por psicofármacos y drogas de abuso,0,395029,0.0
2017,all,<1,,Eventos de intención no determinada,0,395029,0.0
2017,all,<1,,Suicidio y lesiones autoinfligidas,0,395029,0.0
2017,all,<1,I-XXII,Todas las causas,1092,395029,276.4354
2017,all,<1,,"Trastornos mentales debidos al uso de drogas (drogodependencia, toxicomanía)",0,395029,0.0
2017,all,all,,Accidentes de tráfico,1943,46510461,4.1776
2017,all,all,,Agresiones (homicidio),325,46510461,0.6988
2017,all,all,,Envenenamiento accidental por psicofármacos y drogas de abuso,759,46510461,1.6319
2017,all,all,,Eventos de intención no determinada,48,46510461,0.1032
2017,all,all,,Suicidio y lesiones autoinfligidas,3679,46510461,7.91
2017,all,all,I-XXII,Todas las causas,424523,46510461,912.7473
2017,all,all,,"Trastornos mentales debidos al uso de drogas (drogodependencia, toxicomanía)",14,46510461,0.0301
2017,female,1-4,,Accidentes de tráfico,5,831300,0.6015
2017,female,1-4,,Agresiones (homicidio),5,831300,0.6015
2017,female,1-4,,Envenenamiento accidental por psicofármacos y drogas de abuso,0,831300,0.0
2017,female,1-4,,Eventos de intención no determinada,0,831300,0.0
2017,female,1-4,,Suicidio y lesiones autoinfligidas,0,831300,0.0
2017,female,1-4,I-XXII,Todas las causas,88,831300,10.5858
2017,female,1-4,,"Trastornos mentales debidos al uso de drogas (drogodependencia, toxicomanía)",0,831300,0.0
2017,female,10-14,,Accidentes de tráfico,3,1168930,0.2566
2017,female,10-14,,Agresiones (homicidio),0,1168930,0.0
2017,female,10-14,,Envenenamiento accidental por psicofármacos y drogas de abuso,0,1168930,0.0
2017,female,10-14,,Eventos de intención no determinada,0,1168930,0.0
2017,female,10-14,,Suicidio y lesiones autoinfligidas,7,1168930,0.5988
2017,female,10-14,I-XXII,Todas las causas,98,1168930,8.3837
2017,female,10-14,,"Trastornos mentales debidos al uso de drogas (drogodependencia, toxicomanía)",0,1168930,0.0
2017,female,15-19,,Accidentes de tráfico,22,1081701,2.0338
2017,female,15-19,,Agresiones (homicidio),2,1081701,0.1849
2017,female,15-19,,Envenenamiento accidental por psicofármacos y drogas de abuso,1,1081701,0.0924
2017,female,15-19,,Eventos de intención no determinada,0,1081701,0.0
2017,female,15-19,,Suicidio y lesiones autoinfligidas,17,1081701,1.5716
2017,female,15-19,I-XXII,Todas las causas,134,1081701,12.3879
2017,female,15-19,,"Trastornos mentales debidos al uso de drogas (drogodependencia, toxicomanía)",0,1081701,0.0
2017,female,20-24,,Accidentes de tráfico,32,1103117,2.9009
2017,female,20-24,,Agresiones (homicidio),6,1103117,0.5439
2017,female,20-24,,Envenenamiento accidental por psicofármacos y drogas de abuso,3,1103117,0.272
2017,female,20-24,,Eventos de intención no determinada,1,1103117,0.0907
2017,female,20-24,,Suicidio y lesiones autoinfligidas,16,1103117,1.4504
2017,female,20-24,I-XXII,Todas las causas,187,1103117,16.952
2017,female,20-24,,"Trastornos mentales debidos al uso de drogas (drogodependencia, toxicomanía)",0,1103117,0.0
2017,female,25-29,,Accidentes de tráfico,25,1251550,1.9975
2017,female,25-29,,Agresiones (homicidio),6,1251550,0.4794
2017,female,25-29,,Envenenamiento accidental por psicofármacos y drogas de abuso,7,1251550,0.5593
2017,female,25-29,,Eventos de intención no determinada,1,1251550,0.0799
2017,female,25-29,,Suicidio y lesiones autoinfligidas,36,1251550,2.8764
2017,female,25-29,I-XXII,Todas las causas,249,1251550,19.8953
2017,female,25-29,,"Trastornos mentales debidos al uso de drogas (drogodependencia, toxicomanía)",0,1251550,0.0
2017,female,30-34,,Accidentes de tráfico,28,1464817,1.9115
2017,female,30-34,,Agresiones (homicidio),10,1464817,0.6827
2017,female,30-34,,Envenenamiento accidental por psicofármacos y drogas de abuso,9,1464817,0.6144
2017,female,30-34,,Eventos de intención no determinada,0,1464817,0.0
2017,female,30-34,,Suicidio y lesiones autoinfligidas,31,1464817,2.1163
2017,female,30-34,I-XXII,Todas las causas,343,1464817,23.4159
2017,female,30-34,,"Trastornos mentales debidos al uso de drogas (drogodependencia, toxicomanía)",0,1464817,0.0
2017,female,35-39,,Accidentes de tráfico,21,1813245,1.1581
2017,female,35-39,,Agresiones (homicidio),13,1813245,0.7169
2017,female,35-39,,Envenenamiento accidental por psicofármacos y drogas de abuso,5,1813245,0.2757
2017,female,35-39,,Eventos de intención no determinada,0,1813245,0.0
2017,female,35-39,,Suicidio y lesiones autoinfligidas,67,1813245,3.695
2017,female,35-39,I-XXII,Todas las causas,736,1813245,40.5902
2017,female,35-39,,"Trastornos mentales debidos al uso de drogas (drogodependencia, toxicomanía)",0,1813245,0.0
2017,female,40-44,,Accidentes de tráfico,24,1951590,1.2298
2017,female,40-44,,Agresiones (homicidio),8,1951590,0.4099
2017,female,40-44,,Envenenamiento accidental por psicofármacos y drogas de abuso,18,1951590,0.9223
2017,female,40-44,,Eventos de intención no determinada,0,1951590,0.0
2017,female,40-44,,Suicidio y lesiones autoinfligidas,98,1951590,5.0215
2017,female,40-44,I-XXII,Todas las causas,1265,1951590,64.8189
2017,female,40-44,,"Trastornos mentales debidos al uso de drogas (drogodependencia, toxicomanía)",0,1951590,0.0
2017,female,45-49,,Accidentes de tráfico,21,1856692,1.131
2017,female,45-49,,Agresiones (homicidio),14,1856692,0.754
2017,female,45-49,,Envenenamiento accidental por psicofármacos y drogas de abuso,20,1856692,1.0772
2017,female,45-49,,Eventos de intención no determinada,4,1856692,0.2154
2017,female,45-49,,Suicidio y lesiones autoinfligidas,76,1856692,4.0933
2017,female,45-49,I-XXII,Todas las causas,2153,1856692,115.9589
2017,female,45-49,,"Trastornos mentales debidos al uso de drogas (drogodependencia, toxicomanía)",0,1856692,0.0
2017,female,5-9,,Accidentes de tráfico,0,1176310,0.0
2017,female,5-9,,Agresiones (homicidio),3,1176310,0.255
2017,female,5-9,,Envenenamiento accidental por psicofármacos y drogas de abuso,0,1176310,0.0
2017,female,5-9,,Eventos de intención no determinada,0,1176310,0.0
2017,female,5-9,,Suicidio y lesiones autoinfligidas,0,1176310,0.0
2017,female,5-9,I-XXII,Todas las causas,82,1176310,6.971
2017,female,5-9,,"Trastornos mentales debidos al uso de drogas (drogodependencia, toxicomanía)",0,1176310,0.0
2017,female,50-54,,Accidentes de tráfico,29,1781249,1.6281
2017,female,50-54,,Agresiones (homicidio),8,1781249,0.4491
2017,female,50-54,,Envenenamiento accidental por psicofármacos y drogas de abuso,13,1781249,0.7298
2017,female,50-54,,Eventos de intención no determinada,1,1781249,0.0561
2017,female,50-54,,Suicidio y lesiones autoinfligidas,116,1781249,6.5123
2017,female,50-54,I-XXII,Todas las causas,3405,1781249,191.158
2017,female,50-54,,"Trastornos mentales debidos al uso de drogas (drogodependencia, toxicomanía)",1,1781249,0.0561
2017,female,55-59,,Accidentes de tráfico,29,1610902,1.8002
2017,female,55-59,,Agresiones (homicidio),7,1610902,0.4345
2017,female,55-59,,Envenenamiento accidental por psicofármacos y drogas de abuso,13,1610902,0.807
2017,female,55-59,,Eventos de intención no determinada,0,1610902,0.0
2017,female,55-59,,Suicidio y lesiones autoinfligidas,108,1610902,6.7043
2017,female,55-59,I-XXII,Todas las causas,4717,1610902,292.8173
2017,female,55-59,,"Trastornos mentales debidos al uso de drogas (drogodependencia, toxicomanía)",0,1610902,0.0
2017,female,60-64,,Accidentes de tráfico,28,1372746,2.0397
2017,female,60-64,,Agresiones (homicidio),7,1372746,0.5099
2017,female,60-64,,Envenenamiento accidental por psicofármacos y drogas de abuso,11,1372746,0.8013
2017,female,60-64,,Eventos de intención no determinada,0,1372746,0.0
2017,female,60-64,,Suicidio y lesiones autoinfligidas,81,1372746,5.9006
2017,female,60-64,I-XXII,Todas las causas,5802,1372746,422.6565
2017,female,60-64,,"Trastornos mentales debidos al uso de drogas (drogodependencia, toxicomanía)",0,1372746,0.0
2017,female,65-69,,Accidentes de tráfico,26,1245944,2.0868
2017,female,65-69,,Agresiones (homicidio),6,1245944,0.4816
2017,female,65-69,,Envenenamiento accidental por psicofármacos y drogas de abuso,6,1245944,0.4816
2017,female,65-69,,Eventos de intención no determinada,3,1245944,0.2408
2017,female,65-69,,Suicidio y lesiones autoinfligidas,68,1245944,5.4577
2017,female,65-69,I-XXII,Todas las causas,7703,1245944,618.2461
2017,female,65-69,,"Trastornos mentales debidos al uso de drogas (drogodependencia, toxicomanía)",0,1245944,0.0
2017,female,70-74,,Accidentes de tráfico,36,1120037,3.2142
2017,female,70-74,,Agresiones (homicidio),5,1120037,0.4464
2017,female,70-74,,Envenenamiento accidental por psicofármacos y drogas de abuso,16,1120037,1.4285
2017,female,70-74,,Eventos de intención no determinada,2,1120037,0.1786
2017,female,70-74,,Suicidio y lesiones autoinfligidas,79,1120037,7.0533
2017,female,70-74,I-XXII,Todas las causas,11280,1120037,1007.1096
2017,female,70-74,,"Trastornos mentales debidos al uso de drogas (drogodependencia, toxicomanía)",0,1120037,0.0
2017,female,75-79,,Accidentes de tráfico,37,855410,4.3254
2017,female,75-79,,Agresiones (homicidio),6,855410,0.7014
2017,female,75-79,,Envenenamiento accidental por psicofármacos y drogas de abuso,18,855410,2.1043
2017,female,75-79,,Eventos de intención no determinada,2,855410,0.2338
2017,female,75-79,,Suicidio y lesiones autoinfligidas,59,855410,6.8973
2017,female,75-79,I-XXII,Todas las causas,16147,855410,1887.6328
2017,female,75-79,,"Trastornos mentales debidos al uso de drogas (drogodependencia, toxicomanía)",1,855410,0.1169
2017,female,80-84,,Accidentes de tráfico,35,851228,4.1117
2017,female,80-84,,Agresiones (homicidio),3,851228,0.3524
2017,female,80-84,,Envenenamiento accidental por psicofármacos y drogas de abuso,30,851228,3.5243
2017,female,80-84,,Eventos de intención no determinada,0,851228,0.0
2017,female,80-84,,Suicidio y lesiones autoinfligidas,55,851228,6.4613
2017,female,80-84,I-XXII,Todas las causas,34274,851228,4026.4183
2017,female,80-84,,"Trastornos mentales debidos al uso de drogas (drogodependencia, toxicomanía)",0,851228,0.0
2017,female,85-89,,Accidentes de tráfico,23,595675,3.8612
2017,female,85-89,,Agresiones (homicidio),3,595675,0.5036
2017,female,85-89,,Envenenamiento accidental por psicofármacos y drogas de abuso,44,595675,7.3866
2017,female,85-89,,Eventos de intención no determinada,2,595675,0.3358
2017,female,85-89,,Suicidio y lesiones autoinfligidas,37,595675,6.2114
2017,female,85-89,I-XXII,Todas las causas,50929,595675,8549.7964
2017,female,85-89,,"Trastornos mentales debidos al uso de drogas (drogodependencia, toxicomanía)",0,595675,0.0
2017,female,90-94,,Accidentes de tráfico,9,273517,3.2905
2017,female,90-94,,Agresiones (homicidio),5,273517,1.828
2017,female,90-94,,Envenenamiento accidental por psicofármacos y drogas de abuso,35,273517,12.7963
2017,female,90-94,,Eventos de intención no determinada,0,273517,0.0
2017,female,90-94,,Suicidio y lesiones autoinfligidas,8,273517,2.9249
2017,female,90-94,I-XXII,Todas las causas,46107,273517,16857.0875
2017,female,90-94,,"Trastornos mentales debidos al uso de drogas (drogodependencia, toxicomanía)",0,273517,0.0
2017,female,95+,,Accidentes de tráfico,1,80873,1.2365
2017,female,95+,,Agresiones (homicidio),0,80873,0.0
2017,female,95+,,Envenenamiento accidental por psicofármacos y drogas de abuso,17,80873,21.0206
2017,female,95+,,Eventos de intención no determinada,0,80873,0.0
2017,female,95+,,Suicidio y lesiones autoinfligidas,2,80873,2.473
2017,female,95+,I-XXII,Todas las causas,24115,80873,29818.3572
2017,female,95+,,"Trastornos mentales debidos al uso de drogas (drogodependencia, toxicomanía)",0,80873,0.0
2017,female,<1,,Accidentes de tráfico,2,191934,1.042
2017,female,<1,,Agresiones (homicidio),1,191934,0.521
2017,female,<1,,Envenenamiento accidental por psicofármacos y drogas de abuso,0,191934,0.0
2017,female,<1,,Eventos de intención no determinada,0,191934,0.0
2017,female,<1,,Suicidio y lesiones autoinfligidas,0,191934,0.0
2017,female,<1,I-XXII,Todas las causas,473,191934,246.4389
2017,female,<1,,"Trastornos mentales debidos al uso de drogas (drogodependencia, toxicomanía)",0,191934,0.0
2017,female,all,,Accidentes de tráfico,436,23678767,1.8413
2017,female,all,,Agresiones (homicidio),118,23678767,0.4983
2017,female,all,,Envenenamiento accidental por psicofármacos y drogas de abuso,266,23678767,1.1234
2017,female,all,,Eventos de intención no determinada,16,23678767,0.0676
2017,female,all,,Suicidio y lesiones autoinfligidas,961,23678767,4.0585
2017,female,all,I-XXII,Todas las causas,210287,23678767,888.0826
2017,female,all,,"Trastornos mentales debidos al uso de drogas (drogodependencia, toxicomanía)",2,23678767,0.0084
2017,male,1-4,,Accidentes de tráfico,10,882581,1.133
2017,male,1-4,,Agresiones (homicidio),1,882581,0.1133
2017,male,1-4,,Envenenamiento accidental por psicofármacos y drogas de abuso,0,882581,0.0
2017,male,1-4,,Eventos de intención no determinada,0,882581,0.0
2017,male,1-4,,Suicidio y lesiones autoinfligidas,0,882581,0.0
2017,male,1-4,I-XXII,Todas las causas,138,882581,15.636
2017,male,1-4,,"Trastornos mentales debidos al uso de drogas (drogodependencia, toxicomanía)",0,882581,0.0
2017,male,10-14,,Accidentes de tráfico,9,1236236,0.728
2017,male,10-14,,Agresiones (homicidio),3,1236236,0.2427
2017,male,10-14,,Envenenamiento accidental por psicofármacos y drogas de abuso,0,1236236,0.0
2017,male,10-14,,Eventos de intención no determinada,0,1236236,0.0
2017,male,10-14,,Suicidio y lesiones autoinfligidas,6,1236236,0.4853
2017,male,10-14,I-XXII,Todas las causas,104,1236236,8.4126
2017,male,10-14,,"Trastornos mentales debidos al uso de drogas (drogodependencia, toxicomanía)",0,1236236,0.0
2017,male,15-19,,Accidentes de tráfico,52,1147930,4.5299
2017,male,15-19,,Agresiones (homicidio),3,1147930,0.2613
2017,male,15-19,,Envenenamiento accidental por psicofármacos y drogas de abuso,0,1147930,0.0
2017,male,15-19,,Eventos de intención no determinada,1,1147930,0.0871
2017,male,15-19,,Suicidio y lesiones autoinfligidas,33,1147930,2.8747
2017,male,15-19,I-XXII,Todas las causas,262,1147930,22.8237
2017,male,15-19,,"Trastornos mentales debidos al uso de drogas (drogodependencia, toxicomanía)",0,1147930,0.0
2017,male,20-24,,Accidentes de tráfico,104,1151593,9.031
2017,male,20-24,,Agresiones (homicidio),12,1151593,1.042
2017,male,20-24,,Envenenamiento accidental por psicofármacos y drogas de abuso,6,1151593,0.521
2017,male,20-24,,Eventos de intención no determinada,2,1151593,0.1737
2017,male,20-24,,Suicidio y lesiones autoinfligidas,66,1151593,5.7312
2017,male,20-24,I-XXII,Todas las causas,408,1151593,35.4292
2017,male,20-24,,"Trastornos mentales debidos al uso de drogas (drogodependencia, toxicomanía)",0,1151593,0.0
2017,male,25-29,,Accidentes de tráfico,123,1269470,9.6891
2017,male,25-29,,Agresiones (homicidio),16,1269470,1.2604
2017,male,25-29,,Envenenamiento accidental por psicofármacos y drogas de abuso,23,1269470,1.8118
2017,male,25-29,,Eventos de intención no determinada,1,1269470,0.0788
2017,male,25-29,,Suicidio y lesiones autoinfligidas,105,1269470,8.2712
2017,male,25-29,I-XXII,Todas las causas,585,1269470,46.0822
2017,male,25-29,,"Trastornos mentales debidos al uso de drogas (drogodependencia, toxicomanía)",1,1269470,0.0788
2017,male,30-34,,Accidentes de tráfico,109,1465302,7.4387
2017,male,30-34,,Agresiones (homicidio),27,1465302,1.8426
2017,male,30-34,,Envenenamiento accidental por psicofármacos y drogas de abuso,37,1465302,2.5251
2017,male,30-34,,Eventos de intención no determinada,2,1465302,0.1365
2017,male,30-34,,Suicidio y lesiones autoinfligidas,144,1465302,9.8273
2017,male,30-34,I-XXII,Todas las causas,789,1465302,53.8456
2017,male,30-34,,"Trastornos mentales debidos al uso de drogas (drogodependencia, toxicomanía)",0,1465302,0.0
2017,male,35-39,,Accidentes de tráfico,113,1857091,6.0848
2017,male,35-39,,Agresiones (homicidio),18,1857091,0.9693
2017,male,35-39,,Envenenamiento accidental por psicofármacos y drogas de abuso,70,1857091,3.7693
2017,male,35-39,,Eventos de intención no determinada,3,1857091,0.1615
2017,male,35-39,,Suicidio y lesiones autoinfligidas,210,1857091,11.308
2017,male,35-39,I-XXII,Todas las causas,1346,1857091,72.4789
2017,male,35-39,,"Trastornos mentales debidos al uso de drogas (drogodependencia, toxicomanía)",1,1857091,0.0538
2017,male,40-44,,Accidentes de tráfico,133,2024196,6.5705
2017,male,40-44,,Agresiones (homicidio),30,2024196,1.4821
2017,male,40-44,,Envenenamiento accidental por psicofármacos y drogas de abuso,57,2024196,2.8159
2017,male,40-44,,Eventos de intención no determinada,3,2024196,0.1482
2017,male,40-44,,Suicidio y lesiones autoinfligidas,246,2024196,12.153
2017,male,40-44,I-XXII,Todas las causas,2219,2024196,109.6238
2017,male,40-44,,"Trastornos mentales debidos al uso de drogas (drogodependencia, toxicomanía)",4,2024196,0.1976
2017,male,45-49,,Accidentes de tráfico,128,1897063,6.7473
2017,male,45-49,,Agresiones (homicidio),18,1897063,0.9488
2017,male,45-49,,Envenenamiento accidental por psicofármacos y drogas de abuso,84,1897063,4.4279
2017,male,45-49,,Eventos de intención no determinada,4,1897063,0.2109
2017,male,45-49,,Suicidio y lesiones autoinfligidas,291,1897063,15.3395
2017,male,45-49,I-XXII,Todas las causas,3904,1897063,205.7918
2017,male,45-49,,"Trastornos mentales debidos al uso de drogas (drogodependencia, toxicomanía)",2,1897063,0.1054
2017,male,5-9,,Accidentes de tráfico,5,1252407,0.3992
2017,male,5-9,,Agresiones (homicidio),4,1252407,0.3194
2017,male,5-9,,Envenenamiento accidental por psicofármacos y drogas de abuso,0,1252407,0.0
2017,male,5-9,,Eventos de intención no determinada,0,1252407,0.0
2017,male,5-9,,Suicidio y lesiones autoinfligidas,0,1252407,0.0
2017,male,5-9,I-XXII,Todas las causas,96,1252407,7.6652
2017,male,5-9,,"Trastornos mentales debidos al uso de drogas (drogodependencia, toxicomanía)",0,1252407,0.0
2017,male,50-54,,Accidentes de tráfico,136,1771917,7.6753
2017,male,50-54,,Agresiones (homicidio),18,1771917,1.0158
2017,male,50-54,,Envenenamiento accidental por psicofármacos y drogas de abuso,60,1771917,3.3862
2017,male,50-54,,Eventos de intención no determinada,1,1771917,0.0564
2017,male,50-54,,Suicidio y lesiones autoinfligidas,305,1771917,17.213
2017,male,50-54,I-XXII,Todas las causas,6698,1771917,378.0087
2017,male,50-54,,"Trastornos mentales debidos al uso de drogas (drogodependencia, toxicomanía)",2,1771917,0.1129
2017,male,55-59,,Accidentes de tráfico,106,1560805,6.7914
2017,male,55-59,,Agresiones (homicidio),12,1560805,0.7688
2017,male,55-59,,Envenenamiento accidental por psicofármacos y drogas de abuso,24,1560805,1.5377
2017,male,55-59,,Eventos de intención no determinada,3,1560805,0.1922
2017,male,55-59,,Suicidio y lesiones autoinfligidas,254,1560805,16.2737
2017,male,55-59,I-XXII,Todas las causas,9711,1560805,622.1789
2017,male,55-59,,"Trastornos mentales debidos al uso de drogas (drogodependencia, toxicomanía)",2,1560805,0.1281
2017,male,60-64,,Accidentes de tráfico,107,1294327,8.2668
2017,male,60-64,,Agresiones (homicidio),7,1294327,0.5408
2017,male,60-64,,Envenenamiento accidental por psicofármacos y drogas de abuso,16,1294327,1.2362
2017,male,60-64,,Eventos de intención no determinada,3,1294327,0.2318
2017,male,60-64,,Suicidio y lesiones autoinfligidas,170,1294327,13.1342
2017,male,60-64,I-XXII,Todas las causas,12385,1294327,956.8679
2017,male,60-64,,"Trastornos mentales debidos al uso de drogas (drogodependencia, toxicomanía)",0,1294327,0.0
2017,male,65-69,,Accidentes de tráfico,67,1132840,5.9143
2017,male,65-69,,Agresiones (homicidio),8,1132840,0.7062
2017,male,65-69,,Envenenamiento accidental por psicofármacos y drogas de abuso,8,1132840,0.7062
2017,male,65-69,,Eventos de intención no determinada,1,1132840,0.0883
2017,male,65-69,,Suicidio y lesiones autoinfligidas,162,1132840,14.3003
2017,male,65-69,I-XXII,Todas las causas,16794,1132840,1482.4688
2017,male,65-69,,"Trastornos mentales debidos al uso de drogas (drogodependencia, toxicomanía)",0,1132840,0.0
2017,male,70-74,,Accidentes de tráfico,80,961518,8.3202
2017,male,70-74,,Agresiones (homicidio),7,961518,0.728
2017,male,70-74,,Envenenamiento accidental por psicofármacos y drogas de abuso,7,961518,0.728
2017,male,70-74,,Eventos de intención no determinada,2,961518,0.208
2017,male,70-74,,Suicidio y lesiones autoinfligidas,166,961518,17.2644
2017,male,70-74,I-XXII,Todas las causas,21740,961518,2261.0081
2017,male,70-74,,"Trastornos mentales debidos al uso de drogas (drogodependencia, toxicomanía)",0,961518,0.0
2017,male,75-79,,Accidentes de tráfico,66,670764,9.8395
2017,male,75-79,,Agresiones (homicidio),4,670764,0.5963
2017,male,75-79,,Envenenamiento accidental por psicofármacos y drogas de abuso,15,670764,2.2363
2017,male,75-79,,Eventos de intención no determinada,1,670764,0.1491
2017,male,75-79,,Suicidio y lesiones autoinfligidas,145,670764,21.6171
2017,male,75-79,I-XXII,Todas las causas,24629,670764,3671.7832
2017,male,75-79,,"Trastornos mentales debidos al uso de drogas (drogodependencia, toxicomanía)",0,670764,0.0
2017,male,80-84,,Accidentes de tráfico,75,575424,13.0339
2017,male,80-84,,Agresiones (homicidio),10,575424,1.7378
2017,male,80-84,,Envenenamiento accidental por psicofármacos y drogas de abuso,22,575424,3.8233
2017,male,80-84,,Eventos de intención no determinada,2,575424,0.3476
2017,male,80-84,,Suicidio y lesiones autoinfligidas,204,575424,35.4521
2017,male,80-84,I-XXII,Todas las causas,38414,575424,6675.773
2017,male,80-84,,"Trastornos mentales debidos al uso de drogas (drogodependencia, toxicomanía)",0,575424,0.0
2017,male,85-89,,Accidentes de tráfico,54,333939,16.1706
2017,male,85-89,,Agresiones (homicidio),4,333939,1.1978
2017,male,85-89,,Envenenamiento accidental por psicofármacos y drogas de abuso,34,333939,10.1815
2017,male,85-89,,Eventos de intención no determinada,2,333939,0.5989
2017,male,85-89,,Suicidio y lesiones autoinfligidas,143,333939,42.8222
2017,male,85-89,I-XXII,Todas las causas,40397,333939,12097.1195
2017,male,85-89,,"Trastornos mentales debidos al uso de drogas (drogodependencia, toxicomanía)",0,333939,0.0
2017,male,90-94,,Accidentes de tráfico,24,117894,20.3573
2017,male,90-94,,Agresiones (homicidio),3,117894,2.5447
2017,male,90-94,,Envenenamiento accidental por psicofármacos y drogas de abuso,27,117894,22.9019
2017,male,90-94,,Eventos de intención no determinada,1,117894,0.8482
2017,male,90-94,,Suicidio y lesiones autoinfligidas,56,117894,47.5003
2017,male,90-94,I-XXII,Todas las causas,24811,117894,21045.1762
2017,male,90-94,,"Trastornos mentales debidos al uso de drogas (drogodependencia, toxicomanía)",0,117894,0.0
2017,male,95+,,Accidentes de tráfico,2,25302,7.9045
2017,male,95+,,Agresiones (homicidio),0,25302,0.0
2017,male,95+,,Envenenamiento accidental por psicofármacos y drogas de abuso,3,25302,11.8568
2017,male,95+,,Eventos de intención no determinada,0,25302,0.0
2017,male,95+,,Suicidio y lesiones autoinfligidas,12,25302,47.4271
2017,male,95+,I-XXII,Todas las causas,8187,25302,32357.1259
2017,male,95+,,"Trastornos mentales debidos al uso de drogas (drogodependencia, toxicomanía)",0,25302,0.0
2017,male,<1,,Accidentes de tráfico,4,203095,1.9695
2017,male,<1,,Agresiones (homicidio),2,203095,0.9848
2017,male,<1,,Envenenamiento accidental por psicofármacos y drogas de abuso,0,203095,0.0
2017,male,<1,,Eventos de intención no determinada,0,203095,0.0
2017,male,<1,,Suicidio y lesiones autoinfligidas,0,203095,0.0
2017,male,<1,I-XXII,Todas las causas,619,203095,304.7835
2017,male,<1,,"Trastornos mentales debidos al uso de drogas (drogodependencia, toxicomanía)",0,203095,0.0
2017,male,all,,Accidentes de tráfico,1507,22831694,6.6005
2017,male,all,,Agresiones (homicidio),207,22831694,0.9066
2017,male,all,,Envenenamiento accidental por psicofármacos y drogas de abuso,493,22831694,2.1593
2017,male,all,,Eventos de intención no determinada,32,22831694,0.1402
2017,male,all,,Suicidio y lesiones autoinfligidas,2718,22831694,11.9045
2017,male,all,I-XXII,Todas las causas,214236,22831694,938.3272
2017,male,all,,"Trastornos mentales debidos al uso de drogas (drogodependencia, toxicomanía)",12,22831694,0.0526
2018,all,1-4,,Accidentes de tráfico,10,1690080,0.5917
2018,all,1-4,,Agresiones (homicidio),4,1690080,0.2367
2018,all,1-4,,Envenenamiento accidental por psicofármacos y drogas de abuso,0,1690080,0.0
2018,all,1-4,,Eventos de intención no determinada,1,1690080,0.0592
2018,all,1-4,,Suicidio y lesiones autoinfligidas,0,1690080,0.0
2018,all,1-4,I-XXII,Todas las causas,240,1690080,14.2005
2018,all,1-4,,"Trastornos mentales debidos al uso de drogas (drogodependencia, toxicomanía)",0,1690080,0.0
2018,all,10-14,,Accidentes de tráfico,7,2457493,0.2848
2018,all,10-14,,Agresiones (homicidio),2,2457493,0.0814
2018,all,10-14,,Envenenamiento accidental por psicofármacos y drogas de abuso,0,2457493,0.0
2018,all,10-14,,Eventos de intención no determinada,0,2457493,0.0
2018,all,10-14,,Suicidio y lesiones autoinfligidas,7,2457493,0.2848
2018,all,10-14,I-XXII,Todas las causas,198,2457493,8.057
2018,all,10-14,,"Trastornos mentales debidos al uso de drogas (drogodependencia, toxicomanía)",0,2457493,0.0
2018,all,15-19,,Accidentes de tráfico,75,2281042,3.288
2018,all,15-19,,Agresiones (homicidio),7,2281042,0.3069
2018,all,15-19,,Envenenamiento accidental por psicofármacos y drogas de abuso,0,2281042,0.0
2018,all,15-19,,Eventos de intención no determinada,1,2281042,0.0438
2018,all,15-19,,Suicidio y lesiones autoinfligidas,70,2281042,3.0688
2018,all,15-19,I-XXII,Todas las causas,413,2281042,18.1058
2018,all,15-19,,"Trastornos mentales debidos al uso de drogas (drogodependencia, toxicomanía)",0,2281042,0.0
2018,all,20-24,,Accidentes de tráfico,134,2265014,5.9161
2018,all,20-24,,Agresiones (homicidio),13,2265014,0.5739
2018,all,20-24,,Envenenamiento accidental por psicofármacos y drogas de abuso,14,2265014,0.6181
2018,all,20-24,,Eventos de intención no determinada,7,2265014,0.309
2018,all,20-24,,Suicidio y lesiones autoinfligidas,90,2265014,3.9735
2018,all,20-24,I-XXII,Todas las causas,624,2265014,27.5495
2018,all,20-24,,"Trastornos mentales debidos al uso de drogas (drogodependencia, toxicomanía)",0,2265014,0.0
2018,all,25-29,,Accidentes de tráfico,127,2523693,5.0323
2018,all,25-29,,Agresiones (homicidio),30,2523693,1.1887
2018,all,25-29,,Envenenamiento accidental por psicofármacos y drogas de abuso,23,2523693,0.9114
2018,all,25-29,,Eventos de intención no determinada,2,2523693,0.0792
2018,all,25-29,,Suicidio y lesiones autoinfligidas,108,2523693,4.2794
2018,all,25-29,I-XXII,Todas las causas,828,2523693,32.8091
2018,all,25-29,,"Trastornos mentales debidos al uso de drogas (drogodependencia, toxicomanía)",2,2523693,0.0792
2018,all,30-34,,Accidentes de tráfico,127,2854373,4.4493
2018,all,30-34,,Agresiones (homicidio),19,2854373,0.6656
2018,all,30-34,,Envenenamiento accidental por psicofármacos y drogas de abuso,44,2854373,1.5415
2018,all,30-34,,Eventos de intención no determinada,0,2854373,0.0
2018,all,30-34,,Suicidio y lesiones autoinfligidas,166,2854373,5.8156
2018,all,30-34,I-XXII,Todas las causas,1146,2854373,40.1489
2018,all,30-34,,"Trastornos mentales debidos al uso de drogas (drogodependencia, toxicomanía)",1,2854373,0.035
2018,all,35-39,,Accidentes de tráfico,145,3538326,4.098
2018,all,35-39,,Agresiones (homicidio),25,3538326,0.7065
2018,all,35-39,,Envenenamiento accidental por psicofármacos y drogas de abuso,78,3538326,2.2044
2018,all,35-39,,Eventos de intención no determinada,8,3538326,0.2261
2018,all,35-39,,Suicidio y lesiones autoinfligidas,230,3538326,6.5002
2018,all,35-39,I-XXII,Todas las causas,1957,3538326,55.3086
2018,all,35-39,,"Trastornos mentales debidos al uso de drogas (drogodependencia, toxicomanía)",6,3538326,0.1696
2018,all,40-44,,Accidentes de tráfico,147,3993818,3.6807
2018,all,40-44,,Agresiones (homicidio),38,3993818,0.9515
2018,all,40-44,,Envenenamiento accidental por psicofármacos y drogas de abuso,75,3993818,1.8779
2018,all,40-44,,Eventos de intención no determinada,7,3993818,0.1753
2018,all,40-44,,Suicidio y lesiones autoinfligidas,315,3993818,7.8872
2018,all,40-44,I-XXII,Todas las causas,3465,3993818,86.7591
2018,all,40-44,,"Trastornos mentales debidos al uso de drogas (drogodependencia, toxicomanía)",6,3993818,0.1502
2018,all,45-49,,Accidentes de tráfico,149,3790830,3.9305
2018,all,45-49,,Agresiones (homicidio),27,3790830,0.7122
2018,all,45-49,,Envenenamiento accidental por psicofármacos y drogas de abuso,102,3790830,2.6907
2018,all,45-49,,Eventos de intención no determinada,10,3790830,0.2638
2018,all,45-49,,Suicidio y lesiones autoinfligidas,393,3790830,10.3671
2018,all,45-49,I-XXII,Todas las causas,5862,3790830,154.6363
2018,all,45-49,,"Trastornos mentales debidos al uso de drogas (drogodependencia, toxicomanía)",3,3790830,0.0791
2018,all,5-9,,Accidentes de tráfico,9,2377885,0.3785
2018,all,5-9,,Agresiones (homicidio),5,2377885,0.2103
2018,all,5-9,,Envenenamiento accidental por psicofármacos y drogas de abuso,0,2377885,0.0
2018,all,5-9,,Eventos de intención no determinada,0,2377885,0.0
2018,all,5-9,,Suicidio y lesiones autoinfligidas,0,2377885,0.0
2018,all,5-9,I-XXII,Todas las causas,179,2377885,7.5277
2018,all,5-9,,"Trastornos mentales debidos al uso de drogas (drogodependencia, toxicomanía)",0,2377885,0.0
2018,all,50-54,,Accidentes de tráfico,155,3611167,4.2922
2018,all,50-54,,Agresiones (homicidio),20,3611167,0.5538
2018,all,50-54,,Envenenamiento accidental por psicofármacos y drogas de abuso,74,3611167,2.0492
2018,all,50-54,,Eventos de intención no determinada,10,3611167,0.2769
2018,all,50-54,,Suicidio y lesiones autoinfligidas,377,3611167,10.4398
2018,all,50-54,I-XXII,Todas las causas,10029,3611167,277.7219
2018,all,50-54,,"Trastornos mentales debidos al uso de drogas (drogodependencia, toxicomanía)",9,3611167,0.2492
2018,all,55-59,,Accidentes de tráfico,132,3231685,4.0846
2018,all,55-59,,Agresiones (homicidio),20,3231685,0.6189
2018,all,55-59,,Envenenamiento accidental por psicofármacos y drogas de abuso,33,3231685,1.0211
2018,all,55-59,,Eventos de intención no determinada,4,3231685,0.1238
2018,all,55-59,,Suicidio y lesiones autoinfligidas,381,3231685,11.7895
2018,all,55-59,I-XXII,Todas las causas,14651,3231685,453.3548
2018,all,55-59,,"Trastornos mentales debidos al uso de drogas (drogodependencia, toxicomanía)",10,3231685,0.3094
2018,all,60-64,,Accidentes de tráfico,99,2751024,3.5987
2018,all,60-64,,Agresiones (homicidio),15,2751024,0.5453
2018,all,60-64,,Envenenamiento accidental por psicofármacos y drogas de abuso,22,2751024,0.7997
2018,all,60-64,,Eventos de intención no determinada,6,2751024,0.2181
2018,all,60-64,,Suicidio y lesiones autoinfligidas,273,2751024,9.9236
2018,all,60-64,I-XXII,Todas las causas,19100,2751024,694.2869
2018,all,60-64,,"Trastornos mentales debidos al uso de drogas (drogodependencia, toxicomanía)",2,2751024,0.0727
2018,all,65-69,,Accidentes de tráfico,121,2396060,5.05
2018,all,65-69,,Agresiones (homicidio),11,2396060,0.4591
2018,all,65-69,,Envenenamiento accidental por psicofármacos y drogas de abuso,13,2396060,0.5426
2018,all,65-69,,Eventos de intención no determinada,2,2396060,0.0835
2018,all,65-69,,Suicidio y lesiones autoinfligidas,239,2396060,9.9747
2018,all,65-69,I-XXII,Todas las causas,24425,2396060,1019.3818
2018,all,65-69,,"Trastornos mentales debidos al uso de drogas (drogodependencia, toxicomanía)",1,2396060,0.0417
2018,all,70-74,,Accidentes de tráfico,121,2145840,5.6388
2018,all,70-74,,Agresiones (homicidio),10,2145840,0.466
2018,all,70-74,,Envenenamiento accidental por psicofármacos y drogas de abuso,19,2145840,0.8854
2018,all,70-74,,Eventos de intención no determinada,4,2145840,0.1864
2018,all,70-74,,Suicidio y lesiones autoinfligidas,230,2145840,10.7184
2018,all,70-74,I-XXII,Todas las causas,33621,2145840,1566.799
2018,all,70-74,,"Trastornos mentales debidos al uso de drogas (drogodependencia, toxicomanía)",2,2145840,0.0932
2018,all,75-79,,Accidentes de tráfico,107,1572910,6.8027
2018,all,75-79,,Agresiones (homicidio),6,1572910,0.3815
2018,all,75-79,,Envenenamiento accidental por psicofármacos y drogas de abuso,32,1572910,2.0344
2018,all,75-79,,Eventos de intención no determinada,5,1572910,0.3179
2018,all,75-79,,Suicidio y lesiones autoinfligidas,173,1572910,10.9987
2018,all,75-79,I-XXII,Todas las causas,41376,1572910,2630.5383
2018,all,75-79,,"Trastornos mentales debidos al uso de drogas (drogodependencia, toxicomanía)",0,1572910,0.0
2018,all,80-84,,Accidentes de tráfico,115,1381230,8.3259
2018,all,80-84,,Agresiones (homicidio),11,1381230,0.7964
2018,all,80-84,,Envenenamiento accidental por psicofármacos y drogas de abuso,46,1381230,3.3304
2018,all,80-84,,Eventos de intención no determinada,2,1381230,0.1448
2018,all,80-84,,Suicidio y lesiones autoinfligidas,228,1381230,16.507
2018,all,80-84,I-XXII,Todas las causas,70037,1381230,5070.6255
2018,all,80-84,,"Trastornos mentales debidos al uso de drogas (drogodependencia, toxicomanía)",0,1381230,0.0
2018,all,85-89,,Accidentes de tráfico,88,958721,9.1789
2018,all,85-89,,Agresiones (homicidio),6,958721,0.6258
2018,all,85-89,,Envenenamiento accidental por psicofármacos y drogas de abuso,64,958721,6.6756
2018,all,85-89,,Eventos de intención no determinada,3,958721,0.3129
2018,all,85-89,,Suicidio y lesiones autoinfligidas,175,958721,18.2535
2018,all,85-89,I-XXII,Todas las causas,92255,958721,9622.7161
2018,all,85-89,,"Trastornos mentales debidos al uso de drogas (drogodependencia, toxicomanía)",0,958721,0.0
2018,all,90-94,,Accidentes de tráfico,20,404958,4.9388
2018,all,90-94,,Agresiones (homicidio),3,404958,0.7408
2018,all,90-94,,Envenenamiento accidental por psicofármacos y drogas de abuso,51,404958,12.5939
2018,all,90-94,,Eventos de intención no determinada,2,404958,0.4939
2018,all,90-94,,Suicidio y lesiones autoinfligidas,73,404958,18.0266
2018,all,90-94,I-XXII,Todas las causas,72355,404958,17867.285
2018,all,90-94,,"Trastornos mentales debidos al uso de drogas (drogodependencia, toxicomanía)",0,404958,0.0
2018,all,95+,,Accidentes de tráfico,4,112931,3.542
2018,all,95+,,Agresiones (homicidio),0,112931,0.0
2018,all,95+,,Envenenamiento accidental por psicofármacos y drogas de abuso,23,112931,20.3664
2018,all,95+,,Eventos de intención no determinada,0,112931,0.0
2018,all,95+,,Suicidio y lesiones autoinfligidas,11,112931,9.7405
2018,all,95+,I-XXII,Todas las causas,33933,112931,30047.5512
2018,all,95+,,"Trastornos mentales debidos al uso de drogas (drogodependencia, toxicomanía)",0,112931,0.0
2018,all,<1,,Accidentes de tráfico,4,376303,1.063
2018,all,<1,,Agresiones (homicidio),3,376303,0.7972
2018,all,<1,,Envenenamiento accidental por psicofármacos y drogas de abuso,0,376303,0.0
2018,all,<1,,Eventos de intención no determinada,0,376303,0.0
2018,all,<1,,Suicidio y lesiones autoinfligidas,0,376303,0.0
2018,all,<1,I-XXII,Todas las causas,1027,376303,272.9184
2018,all,<1,,"Trastornos mentales debidos al uso de drogas (drogodependencia, toxicomanía)",0,376303,0.0
2018,all,all,,Accidentes de tráfico,1896,46715383,4.0586
2018,all,all,,Agresiones (homicidio),275,46715383,0.5887
2018,all,all,,Envenenamiento accidental por psicofármacos y drogas de abuso,713,46715383,1.5263
2018,all,all,,Eventos de intención no determinada,74,46715383,0.1584
2018,all,all,,Suicidio y lesiones autoinfligidas,3539,46715383,7.5757
2018,all,all,I-XXII,Todas las causas,427721,46715383,915.5892
2018,all,all,,"Trastornos mentales debidos al uso de drogas (drogodependencia, toxicomanía)",42,46715383,0.0899
2018,female,1-4,,Accidentes de tráfico,4,820101,0.4877
2018,female,1-4,,Agresiones (homicidio),2,820101,0.2439
2018,female,1-4,,Envenenamiento accidental por psicofármacos y drogas de abuso,0,820101,0.0
2018,female,1-4,,Eventos de intención no determinada,1,820101,0.1219
2018,female,1-4,,Suicidio y lesiones autoinfligidas,0,820101,0.0
2018,female,1-4,I-XXII,Todas las causas,95,820101,11.5839
2018,female,1-4,,"Trastornos mentales debidos al uso de drogas (drogodependencia, toxicomanía)",0,820101,0.0
2018,female,10-14,,Accidentes de tráfico,3,1193642,0.2513
2018,female,10-14,,Agresiones (homicidio),1,1193642,0.0838
2018,female,10-14,,Envenenamiento accidental por psicofármacos y drogas de abuso,0,1193642,0.0
2018,female,10-14,,Eventos de intención no determinada,0,1193642,0.0
2018,female,10-14,,Suicidio y lesiones autoinfligidas,3,1193642,0.2513
2018,female,10-14,I-XXII,Todas las causas,92,1193642,7.7075
2018,female,10-14,,"Trastornos mentales debidos al uso de drogas (drogodependencia, toxicomanía)",0,1193642,0.0
2018,female,15-19,,Accidentes de tráfico,19,1106623,1.7169
2018,female,15-19,,Agresiones (homicidio),2,1106623,0.1807
2018,female,15-19,,Envenenamiento accidental por psicofármacos y drogas de abuso,0,1106623,0.0
2018,female,15-19,,Eventos de intención no determinada,0,1106623,0.0
2018,female,15-19,,Suicidio y lesiones autoinfligidas,18,1106623,1.6266
2018,female,15-19,I-XXII,Todas las causas,145,1106623,13.1029
2018,female,15-19,,"Trastornos mentales debidos al uso de drogas (drogodependencia, toxicomanía)",0,1106623,0.0
2018,female,20-24,,Accidentes de tráfico,31,1107695,2.7986
2018,female,20-24,,Agresiones (homicidio),4,1107695,0.3611
2018,female,20-24,,Envenenamiento accidental por psicofármacos y drogas de abuso,4,1107695,0.3611
2018,female,20-24,,Eventos de intención no determinada,1,1107695,0.0903
2018,female,20-24,,Suicidio y lesiones autoinfligidas,22,1107695,1.9861
2018,female,20-24,I-XXII,Todas las causas,183,1107695,16.5208
2018,female,20-24,,"Trastornos mentales debidos al uso de drogas (drogodependencia, toxicomanía)",0,1107695,0.0
2018,female,25-29,,Accidentes de tráfico,21,1250421,1.6794
2018,female,25-29,,Agresiones (homicidio),7,1250421,0.5598
2018,female,25-29,,Envenenamiento accidental por psicofármacos y drogas de abuso,2,1250421,0.1599
2018,female,25-29,,Eventos de intención no determinada,1,1250421,0.08
2018,female,25-29,,Suicidio y lesiones autoinfligidas,25,1250421,1.9993
2018,female,25-29,I-XXII,Todas las causas,229,1250421,18.3138
2018,female,25-29,,"Trastornos mentales debidos al uso de drogas (drogodependencia, toxicomanía)",1,1250421,0.08
2018,female,30-34,,Accidentes de tráfico,21,1427976,1.4706
2018,female,30-34,,Agresiones (homicidio),6,1427976,0.4202
2018,female,30-34,,Envenenamiento accidental por psicofármacos y drogas de abuso,6,1427976,0.4202
2018,female,30-34,,Eventos de intención no determinada,0,1427976,0.0
2018,female,30-34,,Suicidio y lesiones autoinfligidas,33,1427976,2.311
2018,female,30-34,I-XXII,Todas las causas,372,1427976,26.0509
2018,female,30-34,,"Trastornos mentales debidos al uso de drogas (drogodependencia, toxicomanía)",0,1427976,0.0
2018,female,35-39,,Accidentes de tráfico,27,1755021,1.5384
2018,female,35-39,,Agresiones (homicidio),6,1755021,0.3419
2018,female,35-39,,Envenenamiento accidental por psicofármacos y drogas de abuso,3,1755021,0.1709
2018,female,35-39,,Eventos de intención no determinada,4,1755021,0.2279
2018,female,35-39,,Suicidio y lesiones autoinfligidas,54,1755021,3.0769
2018,female,35-39,I-XXII,Todas las causas,689,1755021,39.2588
2018,female,35-39,,"Trastornos mentales debidos al uso de drogas (drogodependencia, toxicomanía)",2,1755021,0.114
2018,female,40-44,,Accidentes de tráfico,23,1963646,1.1713
2018,female,40-44,,Agresiones (homicidio),14,1963646,0.713
2018,female,40-44,,Envenenamiento accidental por psicofármacos y drogas de abuso,14,1963646,0.713
2018,female,40-44,,Eventos de intención no determinada,1,1963646,0.0509
2018,female,40-44,,Suicidio y lesiones autoinfligidas,79,1963646,4.0231
2018,female,40-44,I-XXII,Todas las causas,1241,1963646,63.1988
2018,female,40-44,,"Trastornos mentales debidos al uso de drogas (drogodependencia, toxicomanía)",1,1963646,0.0509
2018,female,45-49,,Accidentes de tráfico,24,1873896,1.2808
2018,female,45-49,,Agresiones (homicidio),13,1873896,0.6937
2018,female,45-49,,Envenenamiento accidental por psicofármacos y drogas de abuso,24,1873896,1.2808
2018,female,45-49,,Eventos de intención no determinada,3,1873896,0.1601
2018,female,45-49,,Suicidio y lesiones autoinfligidas,95,1873896,5.0697
2018,female,45-49,I-XXII,Todas las causas,2071,1873896,110.5184
2018,female,45-49,,"Trastornos mentales debidos al uso de drogas (drogodependencia, toxicomanía)",0,1873896,0.0
2018,female,5-9,,Accidentes de tráfico,4,1152163,0.3472
2018,female,5-9,,Agresiones (homicidio),3,1152163,0.2604
2018,female,5-9,,Envenenamiento accidental por psicofármacos y drogas de abuso,0,1152163,0.0
2018,female,5-9,,Eventos de intención no determinada,0,1152163,0.0
2018,female,5-9,,Suicidio y lesiones autoinfligidas,0,1152163,0.0
2018,female,5-9,I-XXII,Todas las causas,74,1152163,6.4227
2018,female,5-9,,"Trastornos mentales debidos al uso de drogas (drogodependencia, toxicomanía)",0,1152163,0.0
2018,female,50-54,,Accidentes de tráfico,25,1810395,1.3809
2018,female,50-54,,Agresiones (homicidio),2,1810395,0.1105
2018,female,50-54,,Envenenamiento accidental por psicofármacos y drogas de abuso,17,1810395,0.939
2018,female,50-54,,Eventos de intención no determinada,7,1810395,0.3867
2018,female,50-54,,Suicidio y lesiones autoinfligidas,97,1810395,5.3579
2018,female,50-54,I-XXII,Todas las causas,3346,1810395,184.8215
2018,female,50-54,,"Trastornos mentales debidos al uso de drogas (drogodependencia, toxicomanía)",0,1810395,0.0
2018,female,55-59,,Accidentes de tráfico,28,1641614,1.7056
2018,female,55-59,,Agresiones (homicidio),7,1641614,0.4264
2018,female,55-59,,Envenenamiento accidental por psicofármacos y drogas de abuso,9,1641614,0.5482
2018,female,55-59,,Eventos de intención no determinada,0,1641614,0.0
2018,female,55-59,,Suicidio y lesiones autoinfligidas,106,1641614,6.4571
2018,female,55-59,I-XXII,Todas las causas,4745,1641614,289.0448
2018,female,55-59,,"Trastornos mentales debidos al uso de drogas (drogodependencia, toxicomanía)",0,1641614,0.0
2018,female,60-64,,Accidentes de tráfico,22,1417375,1.5522
2018,female,60-64,,Agresiones (homicidio),5,1417375,0.3528
2018,female,60-64,,Envenenamiento accidental por psicofármacos y drogas de abuso,7,1417375,0.4939
2018,female,60-64,,Eventos de intención no determinada,3,1417375,0.2117
2018,female,60-64,,Suicidio y lesiones autoinfligidas,77,1417375,5.4326
2018,female,60-64,I-XXII,Todas las causas,6039,1417375,426.0693
2018,female,60-64,,"Trastornos mentales debidos al uso de drogas (drogodependencia, toxicomanía)",0,1417375,0.0
2018,female,65-69,,Accidentes de tráfico,33,1254008,2.6316
2018,female,65-69,,Agresiones (homicidio),6,1254008,0.4785
2018,female,65-69,,Envenenamiento accidental por psicofármacos y drogas de abuso,4,1254008,0.319
2018,female,65-69,,Eventos de intención no determinada,1,1254008,0.0797
2018,female,65-69,,Suicidio y lesiones autoinfligidas,75,1254008,5.9808
2018,female,65-69,I-XXII,Todas las causas,7723,1254008,615.8653
2018,female,65-69,,"Trastornos mentales debidos al uso de drogas (drogodependencia, toxicomanía)",0,1254008,0.0
2018,female,70-74,,Accidentes de tráfico,44,1154747,3.8104
2018,female,70-74,,Agresiones (homicidio),7,1154747,0.6062
2018,female,70-74,,Envenenamiento accidental por psicofármacos y drogas de abuso,11,1154747,0.9526
2018,female,70-74,,Eventos de intención no determinada,2,1154747,0.1732
2018,female,70-74,,Suicidio y lesiones autoinfligidas,70,1154747,6.0619
2018,female,70-74,I-XXII,Todas las causas,11325,1154747,980.7343
2018,female,70-74,,"Trastornos mentales debidos al uso de drogas (drogodependencia, toxicomanía)",1,1154747,0.0866
2018,female,75-79,,Accidentes de tráfico,29,878734,3.3002
2018,female,75-79,,Agresiones (homicidio),1,878734,0.1138
2018,female,75-79,,Envenenamiento accidental por psicofármacos y drogas de abuso,14,878734,1.5932
2018,female,75-79,,Eventos de intención no determinada,3,878734,0.3414
2018,female,75-79,,Suicidio y lesiones autoinfligidas,44,878734,5.0072
2018,female,75-79,I-XXII,Todas las causas,16317,878734,1856.8759
2018,female,75-79,,"Trastornos mentales debidos al uso de drogas (drogodependencia, toxicomanía)",0,878734,0.0
2018,female,80-84,,Accidentes de tráfico,38,823415,4.6149
2018,female,80-84,,Agresiones (homicidio),6,823415,0.7287
2018,female,80-84,,Envenenamiento accidental por psicofármacos y drogas de abuso,20,823415,2.4289
2018,female,80-84,,Eventos de intención no determinada,1,823415,0.1214
2018,female,80-84,,Suicidio y lesiones autoinfligidas,61,823415,7.4082
2018,female,80-84,I-XXII,Todas las causas,32907,823415,3996.4052
2018,female,80-84,,"Trastornos mentales debidos al uso de drogas (drogodependencia, toxicomanía)",0,823415,0.0
2018,female,85-89,,Accidentes de tráfico,35,612529,5.714
2018,female,85-89,,Agresiones (homicidio),1,612529,0.1633
2018,female,85-89,,Envenenamiento accidental por psicofármacos y drogas de abuso,40,612529,6.5303
2018,female,85-89,,Eventos de intención no determinada,2,612529,0.3265
2018,female,85-89,,Suicidio y lesiones autoinfligidas,41,612529,6.6936
2018,female,85-89,I-XXII,Todas las causas,51373,612529,8387.0315
2018,female,85-89,,"Trastornos mentales debidos al uso de drogas (drogodependencia, toxicomanía)",0,612529,0.0
2018,female,90-94,,Accidentes de tráfico,9,282333,3.1877
2018,female,90-94,,Agresiones (homicidio),2,282333,0.7084
2018,female,90-94,,Envenenamiento accidental por psicofármacos y drogas de abuso,34,282333,12.0425
2018,female,90-94,,Eventos de intención no determinada,1,282333,0.3542
2018,female,90-94,,Suicidio y lesiones autoinfligidas,17,282333,6.0213
2018,female,90-94,I-XXII,Todas las causas,46681,282333,16534.0219
2018,female,90-94,,"Trastornos mentales debidos al uso de drogas (drogodependencia, toxicomanía)",0,282333,0.0
2018,female,95+,,Accidentes de tráfico,2,85730,2.3329
2018,female,95+,,Agresiones (homicidio),0,85730,0.0
2018,female,95+,,Envenenamiento accidental por psicofármacos y drogas de abuso,20,85730,23.3291
2018,female,95+,,Eventos de intención no determinada,0,85730,0.0
2018,female,95+,,Suicidio y lesiones autoinfligidas,3,85730,3.4994
2018,female,95+,I-XXII,Todas las causas,25170,85730,29359.6174
2018,female,95+,,"Trastornos mentales debidos al uso de drogas (drogodependencia, toxicomanía)",0,85730,0.0
2018,female,<1,,Accidentes de tráfico,2,182664,1.0949
2018,female,<1,,Agresiones (homicidio),3,182664,1.6424
2018,female,<1,,Envenenamiento accidental por psicofármacos y drogas de abuso,0,182664,0.0
2018,female,<1,,Eventos de intención no determinada,0,182664,0.0
2018,female,<1,,Suicidio y lesiones autoinfligidas,0,182664,0.0
2018,female,<1,I-XXII,Todas las causas,462,182664,252.9234
2018,female,<1,,"Trastornos mentales debidos al uso de drogas (drogodependencia, toxicomanía)",0,182664,0.0
2018,female,all,,Accidentes de tráfico,444,23794728,1.866
2018,female,all,,Agresiones (homicidio),98,23794728,0.4119
2018,female,all,,Envenenamiento accidental por psicofármacos y drogas de abuso,229,23794728,0.9624
2018,female,all,,Eventos de intención no determinada,31,23794728,0.1303
2018,female,all,,Suicidio y lesiones autoinfligidas,920,23794728,3.8664
2018,female,all,I-XXII,Todas las causas,211279,23794728,887.9236
2018,female,all,,"Trastornos mentales debidos al uso de drogas (drogodependencia, toxicomanía)",5,23794728,0.021
2018,male,1-4,,Accidentes de tráfico,6,869979,0.6897
2018,male,1-4,,Agresiones (homicidio),2,869979,0.2299
2018,male,1-4,,Envenenamiento accidental por psicofármacos y drogas de abuso,0,869979,0.0
2018,male,1-4,,Eventos de intención no determinada,0,869979,0.0
2018,male,1-4,,Suicidio y lesiones autoinfligidas,0,869979,0.0
2018,male,1-4,I-XXII,Todas las causas,145,869979,16.6671
2018,male,1-4,,"Trastornos mentales debidos al uso de drogas (drogodependencia, toxicomanía)",0,869979,0.0
2018,male,10-14,,Accidentes de tráfico,4,1263851,0.3165
2018,male,10-14,,Agresiones (homicidio),1,1263851,0.0791
2018,male,10-14,,Envenenamiento accidental por psicofármacos y drogas de abuso,0,1263851,0.0
2018,male,10-14,,Eventos de intención no determinada,0,1263851,0.0
2018,male,10-14,,Suicidio y lesiones autoinfligidas,4,1263851,0.3165
2018,male,10-14,I-XXII,Todas las causas,106,1263851,8.3871
2018,male,10-14,,"Trastornos mentales debidos al uso de drogas (drogodependencia, toxicomanía)",0,1263851,0.0
2018,male,15-19,,Accidentes de tráfico,56,1174419,4.7683
2018,male,15-19,,Agresiones (homicidio),5,1174419,0.4257
2018,male,15-19,,Envenenamiento accidental por psicofármacos y drogas de abuso,0,1174419,0.0
2018,male,15-19,,Eventos de intención no determinada,1,1174419,0.0851
2018,male,15-19,,Suicidio y lesiones autoinfligidas,52,1174419,4.4277
2018,male,15-19,I-XXII,Todas las causas,268,1174419,22.8198
2018,male,15-19,,"Trastornos mentales debidos al uso de drogas (drogodependencia, toxicomanía)",0,1174419,0.0
2018,male,20-24,,Accidentes de tráfico,103,1157319,8.8999
2018,male,20-24,,Agresiones (homicidio),9,1157319,0.7777
2018,male,20-24,,Envenenamiento accidental por psicofármacos y drogas de abuso,10,1157319,0.8641
2018,male,20-24,,Eventos de intención no determinada,6,1157319,0.5184
2018,male,20-24,,Suicidio y lesiones autoinfligidas,68,1157319,5.8756
2018,male,20-24,I-XXII,Todas las causas,441,1157319,38.1053
2018,male,20-24,,"Trastornos mentales debidos al uso de drogas (drogodependencia, toxicomanía)",0,1157319,0.0
2018,male,25-29,,Accidentes de tráfico,106,1273272,8.325
2018,male,25-29,,Agresiones (homicidio),23,1273272,1.8064
2018,male,25-29,,Envenenamiento accidental por psicofármacos y drogas de abuso,21,1273272,1.6493
2018,male,25-29,,Eventos de intención no determinada,1,1273272,0.0785
2018,male,25-29,,Suicidio y lesiones autoinfligidas,83,1273272,6.5186
2018,male,25-29,I-XXII,Todas las causas,599,1273272,47.0442
2018,male,25-29,,"Trastornos mentales debidos al uso de drogas (drogodependencia, toxicomanía)",1,1273272,0.0785
2018,male,30-34,,Accidentes de tráfico,106,1426397,7.4313
2018,male,30-34,,Agresiones (homicidio),13,1426397,0.9114
2018,male,30-34,,Envenenamiento accidental por psicofármacos y drogas de abuso,38,1426397,2.6641
2018,male,30-34,,Eventos de intención no determinada,0,1426397,0.0
2018,male,30-34,,Suicidio y lesiones autoinfligidas,133,1426397,9.3242
2018,male,30-34,I-XXII,Todas las causas,774,1426397,54.2626
2018,male,30-34,,"Trastornos mentales debidos al uso de drogas (drogodependencia, toxicomanía)",1,1426397,0.0701
2018,male,35-39,,Accidentes de tráfico,118,1783305,6.6169
2018,male,35-39,,Agresiones (homicidio),19,1783305,1.0654
2018,male,35-39,,Envenenamiento accidental por psicofármacos y drogas de abuso,75,1783305,4.2057
2018,male,35-39,,Eventos de intención no determinada,4,1783305,0.2243
2018,male,35-39,,Suicidio y lesiones autoinfligidas,176,1783305,9.8693
2018,male,35-39,I-XXII,Todas las causas,1268,1783305,71.1039
2018,male,35-39,,"Trastornos mentales debidos al uso de drogas (drogodependencia, toxicomanía)",4,1783305,0.2243
2018,male,40-44,,Accidentes de tráfico,124,2030172,6.1079
2018,male,40-44,,Agresiones (homicidio),24,2030172,1.1822
2018,male,40-44,,Envenenamiento accidental por psicofármacos y drogas de abuso,61,2030172,3.0047
2018,male,40-44,,Eventos de intención no determinada,6,2030172,0.2955
2018,male,40-44,,Suicidio y lesiones autoinfligidas,236,2030172,11.6246
2018,male,40-44,I-XXII,Todas las causas,2224,2030172,109.5474
2018,male,40-44,,"Trastornos mentales debidos al uso de drogas (drogodependencia, toxicomanía)",5,2030172,0.2463
2018,male,45-49,,Accidentes de tráfico,125,1916934,6.5208
2018,male,45-49,,Agresiones (homicidio),14,1916934,0.7303
2018,male,45-49,,Envenenamiento accidental por psicofármacos y drogas de abuso,78,1916934,4.069
2018,male,45-49,,Eventos de intención no determinada,7,1916934,0.3652
2018,male,45-49,,Suicidio y lesiones autoinfligidas,298,1916934,15.5457
2018,male,45-49,I-XXII,Todas las causas,3791,1916934,197.7637
2018,male,45-49,,"Trastornos mentales debidos al uso de drogas (drogodependencia, toxicomanía)",3,1916934,0.1565
2018,male,5-9,,Accidentes de tráfico,5,1225722,0.4079
2018,male,5-9,,Agresiones (homicidio),2,1225722,0.1632
2018,male,5-9,,Envenenamiento accidental por psicofármacos y drogas de abuso,0,1225722,0.0
2018,male,5-9,,Eventos de intención no determinada,0,1225722,0.0
2018,male,5-9,,Suicidio y lesiones autoinfligidas,0,1225722,0.0
2018,male,5-9,I-XXII,Todas las causas,105,1225722,8.5664
2018,male,5-9,,"Trastornos mentales debidos al uso de drogas (drogodependencia, toxicomanía)",0,1225722,0.0
2018,male,50-54,,Accidentes de tráfico,130,1800772,7.2191
2018,male,50-54,,Agresiones (homicidio),18,1800772,0.9996
2018,male,50-54,,Envenenamiento accidental por psicofármacos y drogas de abuso,57,1800772,3.1653
2018,male,50-54,,Eventos de intención no determinada,3,1800772,0.1666
2018,male,50-54,,Suicidio y lesiones autoinfligidas,280,1800772,15.5489
2018,male,50-54,I-XXII,Todas las causas,6683,1800772,371.1186
2018,male,50-54,,"Trastornos mentales debidos al uso de drogas (drogodependencia, toxicomanía)",9,1800772,0.4998
2018,male,55-59,,Accidentes de tráfico,104,1590071,6.5406
2018,male,55-59,,Agresiones (homicidio),13,1590071,0.8176
2018,male,55-59,,Envenenamiento accidental por psicofármacos y drogas de abuso,24,1590071,1.5094
2018,male,55-59,,Eventos de intención no determinada,4,1590071,0.2516
2018,male,55-59,,Suicidio y lesiones autoinfligidas,275,1590071,17.2948
2018,male,55-59,I-XXII,Todas las causas,9906,1590071,622.991
2018,male,55-59,,"Trastornos mentales debidos al uso de drogas (drogodependencia, toxicomanía)",10,1590071,0.6289
2018,male,60-64,,Accidentes de tráfico,77,1333649,5.7736
2018,male,60-64,,Agresiones (homicidio),10,1333649,0.7498
2018,male,60-64,,Envenenamiento accidental por psicofármacos y drogas de abuso,15,1333649,1.1247
2018,male,60-64,,Eventos de intención no determinada,3,1333649,0.2249
2018,male,60-64,,Suicidio y lesiones autoinfligidas,196,1333649,14.6965
2018,male,60-64,I-XXII,Todas las causas,13061,1333649,979.3431
2018,male,60-64,,"Trastornos mentales debidos al uso de drogas (drogodependencia, toxicomanía)",2,1333649,0.15
2018,male,65-69,,Accidentes de tráfico,88,1142052,7.7054
2018,male,65-69,,Agresiones (homicidio),5,1142052,0.4378
2018,male,65-69,,Envenenamiento accidental por psicofármacos y drogas de abuso,9,1142052,0.7881
2018,male,65-69,,Eventos de intención no determinada,1,1142052,0.0876
2018,male,65-69,,Suicidio y lesiones autoinfligidas,164,1142052,14.3601
2018,male,65-69,I-XXII,Todas las causas,16702,1142052,1462.4553
2018,male,65-69,,"Trastornos mentales debidos al uso de drogas (drogodependencia, toxicomanía)",1,1142052,0.0876
2018,male,70-74,,Accidentes de tráfico,77,991093,7.7692
2018,male,70-74,,Agresiones (homicidio),3,991093,0.3027
2018,male,70-74,,Envenenamiento accidental por psicofármacos y drogas de abuso,8,991093,0.8072
2018,male,70-74,,Eventos de intención no determinada,2,991093,0.2018
2018,male,70-74,,Suicidio y lesiones autoinfligidas,160,991093,16.1438
2018,male,70-74,I-XXII,Todas las causas,22296,991093,2249.6375
2018,male,70-74,,"Trastornos mentales debidos al uso de drogas (drogodependencia, toxicomanía)",1,991093,0.1009
2018,male,75-79,,Accidentes de tráfico,78,694176,11.2363
2018,male,75-79,,Agresiones (homicidio),5,694176,0.7203
2018,male,75-79,,Envenenamiento accidental por psicofármacos y drogas de abuso,18,694176,2.593
2018,male,75-79,,Eventos de intención no determinada,2,694176,0.2881
2018,male,75-79,,Suicidio y lesiones autoinfligidas,129,694176,18.5832
2018,male,75-79,I-XXII,Todas las causas,25059,694176,3609.8914
2018,male,75-79,,"Trastornos mentales debidos al uso de drogas (drogodependencia, toxicomanía)",0,694176,0.0
2018,male,80-84,,Accidentes de tráfico,77,557815,13.8039
2018,male,80-84,,Agresiones (homicidio),5,557815,0.8964
2018,male,80-84,,Envenenamiento accidental por psicofármacos y drogas de abuso,26,557815,4.661
2018,male,80-84,,Eventos de intención no determinada,1,557815,0.1793
2018,male,80-84,,Suicidio y lesiones autoinfligidas,167,557815,29.9382
2018,male,80-84,I-XXII,Todas las causas,37130,557815,6656.3287
2018,male,80-84,,"Trastornos mentales debidos al uso de drogas (drogodependencia, toxicomanía)",0,557815,0.0
2018,male,85-89,,Accidentes de tráfico,53,346192,15.3094
2018,male,85-89,,Agresiones (homicidio),5,346192,1.4443
2018,male,85-89,,Envenenamiento accidental por psicofármacos y drogas de abuso,24,346192,6.9326
2018,male,85-89,,Eventos de intención no determinada,1,346192,0.2889
2018,male,85-89,,Suicidio y lesiones autoinfligidas,134,346192,38.7068
2018,male,85-89,I-XXII,Todas las causas,40882,346192,11809.0539
2018,male,85-89,,"Trastornos mentales debidos al uso de drogas (drogodependencia, toxicomanía)",0,346192,0.0
2018,male,90-94,,Accidentes de tráfico,11,122625,8.9704
2018,male,90-94,,Agresiones (homicidio),1,122625,0.8155
2018,male,90-94,,Envenenamiento accidental por psicofármacos y drogas de abuso,17,122625,13.8634
2018,male,90-94,,Eventos de intención no determinada,1,122625,0.8155
2018,male,90-94,,Suicidio y lesiones autoinfligidas,56,122625,45.6677
2018,male,90-94,I-XXII,Todas las causas,25674,122625,20937.0031
2018,male,90-94,,"Trastornos mentales debidos al uso de drogas (drogodependencia, toxicomanía)",0,122625,0.0
2018,male,95+,,Accidentes de tráfico,2,27201,7.3527
2018,male,95+,,Agresiones (homicidio),0,27201,0.0
2018,male,95+,,Envenenamiento accidental por psicofármacos y drogas de abuso,3,27201,11.029
2018,male,95+,,Eventos de intención no determinada,0,27201,0.0
2018,male,95+,,Suicidio y lesiones autoinfligidas,8,27201,29.4107
2018,male,95+,I-XXII,Todas las causas,8763,27201,32215.7274
2018,male,95+,,"Trastornos mentales debidos al uso de drogas (drogodependencia, toxicomanía)",0,27201,0.0
2018,male,<1,,Accidentes de tráfico,2,193639,1.0328
2018,male,<1,,Agresiones (homicidio),0,193639,0.0
2018,male,<1,,Envenenamiento accidental por psicofármacos y drogas de abuso,0,193639,0.0
2018,male,<1,,Eventos de intención no determinada,0,193639,0.0
2018,male,<1,,Suicidio y lesiones autoinfligidas,0,193639,0.0
2018,male,<1,I-XXII,Todas las causas,565,193639,291.7801
2018,male,<1,,"Trastornos mentales debidos al uso de drogas (drogodependencia, toxicomanía)",0,193639,0.0
2018,male,all,,Accidentes de tráfico,1452,22920655,6.3349
2018,male,all,,Agresiones (homicidio),177,22920655,0.7722
2018,male,all,,Envenenamiento accidental por psicofármacos y drogas de abuso,484,22920655,2.1116
2018,male,all,,Eventos de intención no determinada,43,22920655,0.1876
2018,male,all,,Suicidio y lesiones autoinfligidas,2619,22920655,11.4264
2018,male,all,I-XXII,Todas las causas,216442,22920655,944.3098
2018,male,all,,"Trastornos mentales debidos al uso de drogas (drogodependencia, toxicomanía)",37,22920655,0.1614
2019,all,1-4,,Accidentes de tráfico,11,1658415,0.6633
2019,all,1-4,,Agresiones (homicidio),2,1658415,0.1206
2019,all,1-4,,Envenenamiento accidental por psicofármacos y drogas de abuso,1,1658415,0.0603
2019,all,1-4,,Eventos de intención no determinada,0,1658415,0.0
2019,all,1-4,,Suicidio y lesiones autoinfligidas,0,1658415,0.0
2019,all,1-4,I-XXII,Todas las causas,247,1658415,14.8937
2019,all,1-4,,"Trastornos mentales debidos al uso de drogas (drogodependencia, toxicomanía)",0,1658415,0.0
2019,all,10-14,,Accidentes de tráfico,17,2501131,0.6797
2019,all,10-14,,Agresiones (homicidio),4,2501131,0.1599
2019,all,10-14,,Envenenamiento accidental por psicofármacos y drogas de abuso,1,2501131,0.04
2019,all,10-14,,Eventos de intención no determinada,1,2501131,0.04
2019,all,10-14,,Suicidio y lesiones autoinfligidas,7,2501131,0.2799
2019,all,10-14,I-XXII,Todas las causas,216,2501131,8.6361
2019,all,10-14,,"Trastornos mentales debidos al uso de drogas (drogodependencia, toxicomanía)",0,2501131,0.0
2019,all,15-19,,Accidentes de tráfico,68,2348774,2.8951
2019,all,15-19,,Agresiones (homicidio),8,2348774,0.3406
2019,all,15-19,,Envenenamiento accidental por psicofármacos y drogas de abuso,7,2348774,0.298
2019,all,15-19,,Eventos de intención no determinada,2,2348774,0.0852
2019,all,15-19,,Suicidio y lesiones autoinfligidas,68,2348774,2.8951
2019,all,15-19,I-XXII,Todas las causas,394,2348774,16.7747
2019,all,15-19,,"Trastornos mentales debidos al uso de drogas (drogodependencia, toxicomanía)",1,2348774,0.0426
2019,all,20-24,,Accidentes de tráfico,110,2307103,4.7679
2019,all,20-24,,Agresiones (homicidio),15,2307103,0.6502
2019,all,20-24,,Envenenamiento accidental por psicofármacos y drogas de abuso,19,2307103,0.8235
2019,all,20-24,,Eventos de intención no determinada,3,2307103,0.13
2019,all,20-24,,Suicidio y lesiones autoinfligidas,100,2307103,4.3344
2019,all,20-24,I-XXII,Todas las causas,583,2307103,25.2698
2019,all,20-24,,"Trastornos mentales debidos al uso de drogas (drogodependencia, toxicomanía)",0,2307103,0.0
2019,all,25-29,,Accidentes de tráfico,129,2541207,5.0763
2019,all,25-29,,Agresiones (homicidio),29,2541207,1.1412
2019,all,25-29,,Envenenamiento accidental por psicofármacos y drogas de abuso,31,2541207,1.2199
2019,all,25-29,,Eventos de intención no determinada,6,2541207,0.2361
2019,all,25-29,,Suicidio y lesiones autoinfligidas,141,2541207,5.5485
2019,all,25-29,I-XXII,Todas las causas,770,2541207,30.3006
2019,all,25-29,,"Trastornos mentales debidos al uso de drogas (drogodependencia, toxicomanía)",0,2541207,0.0
2019,all,30-34,,Accidentes de tráfico,104,2823377,3.6835
2019,all,30-34,,Agresiones (homicidio),17,2823377,0.6021
2019,all,30-34,,Envenenamiento accidental por psicofármacos y drogas de abuso,56,2823377,1.9834
2019,all,30-34,,Eventos de intención no determinada,3,2823377,0.1063
2019,all,30-34,,Suicidio y lesiones autoinfligidas,165,2823377,5.8441
2019,all,30-34,I-XXII,Todas las causas,1087,2823377,38.5
2019,all,30-34,,"Trastornos mentales debidos al uso de drogas (drogodependencia, toxicomanía)",3,2823377,0.1063
2019,all,35-39,,Accidentes de tráfico,116,3423300,3.3885
2019,all,35-39,,Agresiones (homicidio),35,3423300,1.0224
2019,all,35-39,,Envenenamiento accidental por psicofármacos y drogas de abuso,76,3423300,2.2201
2019,all,35-39,,Eventos de intención no determinada,7,3423300,0.2045
2019,all,35-39,,Suicidio y lesiones autoinfligidas,248,3423300,7.2445
2019,all,35-39,I-XXII,Todas las causas,1861,3423300,54.3627
2019,all,35-39,,"Trastornos mentales debidos al uso de drogas (drogodependencia, toxicomanía)",2,3423300,0.0584
2019,all,40-44,,Accidentes de tráfico,146,3994848,3.6547
2019,all,40-44,,Agresiones (homicidio),25,3994848,0.6258
2019,all,40-44,,Envenenamiento accidental por psicofármacos y drogas de abuso,81,3994848,2.0276
2019,all,40-44,,Eventos de intención no determinada,8,3994848,0.2003
2019,all,40-44,,Suicidio y lesiones autoinfligidas,342,3994848,8.561
2019,all,40-44,I-XXII,Todas las causas,3211,3994848,80.3785
2019,all,40-44,,"Trastornos mentales debidos al uso de drogas (drogodependencia, toxicomanía)",1,3994848,0.025
2019,all,45-49,,Accidentes de tráfico,166,3852772,4.3086
2019,all,45-49,,Agresiones (homicidio),33,3852772,0.8565
2019,all,45-49,,Envenenamiento accidental por psicofármacos y drogas de abuso,122,3852772,3.1666
2019,all,45-49,,Eventos de intención no determinada,10,3852772,0.2596
2019,all,45-49,,Suicidio y lesiones autoinfligidas,389,3852772,10.0966
2019,all,45-49,I-XXII,Todas las causas,5793,3852772,150.3593
2019,all,45-49,,"Trastornos mentales debidos al uso de drogas (drogodependencia, toxicomanía)",3,3852772,0.0779
2019,all,5-9,,Accidentes de tráfico,3,2329677,0.1288
2019,all,5-9,,Agresiones (homicidio),6,2329677,0.2575
2019,all,5-9,,Envenenamiento accidental por psicofármacos y drogas de abuso,0,2329677,0.0
2019,all,5-9,,Eventos de intención no determinada,0,2329677,0.0
2019,all,5-9,,Suicidio y lesiones autoinfligidas,0,2329677,0.0
2019,all,5-9,I-XXII,Todas las causas,145,2329677,6.224
2019,all,5-9,,"Trastornos mentales debidos al uso de drogas (drogodependencia, toxicomanía)",0,2329677,0.0
2019,all,50-54,,Accidentes de tráfico,158,3651456,4.327
2019,all,50-54,,Agresiones (homicidio),17,3651456,0.4656
2019,all,50-54,,Envenenamiento accidental por psicofármacos y drogas de abuso,102,3651456,2.7934
2019,all,50-54,,Eventos de intención no determinada,16,3651456,0.4382
2019,all,50-54,,Suicidio y lesiones autoinfligidas,411,3651456,11.2558
2019,all,50-54,I-XXII,Todas las causas,9897,3651456,271.0426
2019,all,50-54,,"Trastornos mentales debidos al uso de drogas (drogodependencia, toxicomanía)",9,3651456,0.2465
2019,all,55-59,,Accidentes de tráfico,122,3314580,3.6807
2019,all,55-59,,Agresiones (homicidio),23,3314580,0.6939
2019,all,55-59,,Envenenamiento accidental por psicofármacos y drogas de abuso,65,3314580,1.961
2019,all,55-59,,Eventos de intención no determinada,10,3314580,0.3017
2019,all,55-59,,Suicidio y lesiones autoinfligidas,350,3314580,10.5594
2019,all,55-59,I-XXII,Todas las causas,14481,3314580,436.8879
2019,all,55-59,,"Trastornos mentales debidos al uso de drogas (drogodependencia, toxicomanía)",1,3314580,0.0302
2019,all,60-64,,Accidentes de tráfico,122,2854309,4.2742
2019,all,60-64,,Agresiones (homicidio),24,2854309,0.8408
2019,all,60-64,,Envenenamiento accidental por psicofármacos y drogas de abuso,25,2854309,0.8759
2019,all,60-64,,Eventos de intención no determinada,9,2854309,0.3153
2019,all,60-64,,Suicidio y lesiones autoinfligidas,293,2854309,10.2652
2019,all,60-64,I-XXII,Todas las causas,19305,2854309,676.3458
2019,all,60-64,,"Trastornos mentales debidos al uso de drogas (drogodependencia, toxicomanía)",4,2854309,0.1401
2019,all,65-69,,Accidentes de tráfico,108,2409567,4.4821
2019,all,65-69,,Agresiones (homicidio),11,2409567,0.4565
2019,all,65-69,,Envenenamiento accidental por psicofármacos y drogas de abuso,17,2409567,0.7055
2019,all,65-69,,Eventos de intención no determinada,3,2409567,0.1245
2019,all,65-69,,Suicidio y lesiones autoinfligidas,231,2409567,9.5868
2019,all,65-69,I-XXII,Todas las causas,23916,2409567,992.5435
2019,all,65-69,,"Trastornos mentales debidos al uso de drogas (drogodependencia, toxicomanía)",0,2409567,0.0
2019,all,70-74,,Accidentes de tráfico,92,2193813,4.1936
2019,all,70-74,,Agresiones (homicidio),9,2193813,0.4102
2019,all,70-74,,Envenenamiento accidental por psicofármacos y drogas de abuso,20,2193813,0.9117
2019,all,70-74,,Eventos de intención no determinada,2,2193813,0.0912
2019,all,70-74,,Suicidio y lesiones autoinfligidas,240,2193813,10.9399
2019,all,70-74,I-XXII,Todas las causas,33526,2193813,1528.2068
2019,all,70-74,,"Trastornos mentales debidos al uso de drogas (drogodependencia, toxicomanía)",0,2193813,0.0
2019,all,75-79,,Accidentes de tráfico,105,1683857,6.2357
2019,all,75-79,,Agresiones (homicidio),9,1683857,0.5345
2019,all,75-79,,Envenenamiento accidental por psicofármacos y drogas de abuso,24,1683857,1.4253
2019,all,75-79,,Eventos de intención no determinada,6,1683857,0.3563
2019,all,75-79,,Suicidio y lesiones autoinfligidas,228,1683857,13.5403
2019,all,75-79,I-XXII,Todas las causas,42178,1683857,2504.8445
2019,all,75-79,,"Trastornos mentales debidos al uso de drogas (drogodependencia, toxicomanía)",2,1683857,0.1188
2019,all,80-84,,Accidentes de tráfico,128,1310815,9.7649
2019,all,80-84,,Agresiones (homicidio),12,1310815,0.9155
2019,all,80-84,,Envenenamiento accidental por psicofármacos y drogas de abuso,37,1310815,2.8227
2019,all,80-84,,Eventos de intención no determinada,4,1310815,0.3052
2019,all,80-84,,Suicidio y lesiones autoinfligidas,214,1310815,16.3257
2019,all,80-84,I-XXII,Todas las causas,63630,1310815,4854.2319
2019,all,80-84,,"Trastornos mentales debidos al uso de drogas (drogodependencia, toxicomanía)",0,1310815,0.0
2019,all,85-89,,Accidentes de tráfico,98,982767,9.9718
2019,all,85-89,,Agresiones (homicidio),6,982767,0.6105
2019,all,85-89,,Envenenamiento accidental por psicofármacos y drogas de abuso,62,982767,6.3087
2019,all,85-89,,Eventos de intención no determinada,1,982767,0.1018
2019,all,85-89,,Suicidio y lesiones autoinfligidas,148,982767,15.0595
2019,all,85-89,I-XXII,Todas las causas,90088,982767,9166.771
2019,all,85-89,,"Trastornos mentales debidos al uso de drogas (drogodependencia, toxicomanía)",1,982767,0.1018
2019,all,90-94,,Accidentes de tráfico,33,424360,7.7764
2019,all,90-94,,Agresiones (homicidio),3,424360,0.7069
2019,all,90-94,,Envenenamiento accidental por psicofármacos y drogas de abuso,34,424360,8.0121
2019,all,90-94,,Eventos de intención no determinada,1,424360,0.2356
2019,all,90-94,,Suicidio y lesiones autoinfligidas,81,424360,19.0876
2019,all,90-94,I-XXII,Todas las causas,71914,424360,16946.4606
2019,all,90-94,,"Trastornos mentales debidos al uso de drogas (drogodependencia, toxicomanía)",0,424360,0.0
2019,all,95+,,Accidentes de tráfico,5,120625,4.1451
2019,all,95+,,Agresiones (homicidio),1,120625,0.829
2019,all,95+,,Envenenamiento accidental por psicofármacos y drogas de abuso,15,120625,12.4352
2019,all,95+,,Eventos de intención no determinada,0,120625,0.0
2019,all,95+,,Suicidio y lesiones autoinfligidas,15,120625,12.4352
2019,all,95+,I-XXII,Todas las causas,34484,120625,28587.772
2019,all,95+,,"Trastornos mentales debidos al uso de drogas (drogodependencia, toxicomanía)",0,120625,0.0
2019,all,<1,,Accidentes de tráfico,1,361025,0.277
2019,all,<1,,Agresiones (homicidio),3,361025,0.831
2019,all,<1,,Envenenamiento accidental por psicofármacos y drogas de abuso,1,361025,0.277
2019,all,<1,,Eventos de intención no determinada,0,361025,0.0
2019,all,<1,,Suicidio y lesiones autoinfligidas,0,361025,0.0
2019,all,<1,I-XXII,Todas las causas,977,361025,270.6184
2019,all,<1,,"Trastornos mentales debidos al uso de drogas (drogodependencia, toxicomanía)",0,361025,0.0
2019,all,all,,Accidentes de tráfico,1842,47087778,3.9118
2019,all,all,,Agresiones (homicidio),292,47087778,0.6201
2019,all,all,,Envenenamiento accidental por psicofármacos y drogas de abuso,796,47087778,1.6905
2019,all,all,,Eventos de intención no determinada,92,47087778,0.1954
2019,all,all,,Suicidio y lesiones autoinfligidas,3671,47087778,7.7961
2019,all,all,I-XXII,Todas las causas,418703,47087778,889.1968
2019,all,all,,"Trastornos mentales debidos al uso de drogas (drogodependencia, toxicomanía)",27,47087778,0.0573
2019,female,1-4,,Accidentes de tráfico,5,804916,0.6212
2019,female,1-4,,Agresiones (homicidio),0,804916,0.0
2019,female,1-4,,Envenenamiento accidental por psicofármacos y drogas de abuso,1,804916,0.1242
2019,female,1-4,,Eventos de intención no determinada,0,804916,0.0
2019,female,1-4,,Suicidio y lesiones autoinfligidas,0,804916,0.0
2019,female,1-4,I-XXII,Todas las causas,115,804916,14.2872
2019,female,1-4,,"Trastornos mentales debidos al uso de drogas (drogodependencia, toxicomanía)",0,804916,0.0
2019,female,10-14,,Accidentes de tráfico,7,1213807,0.5767
2019,female,10-14,,Agresiones (homicidio),2,1213807,0.1648
2019,female,10-14,,Envenenamiento accidental por psicofármacos y drogas de abuso,0,1213807,0.0
2019,female,10-14,,Eventos de intención no determinada,0,1213807,0.0
2019,female,10-14,,Suicidio y lesiones autoinfligidas,3,1213807,0.2472
2019,female,10-14,I-XXII,Todas las causas,85,1213807,7.0028
2019,female,10-14,,"Trastornos mentales debidos al uso de drogas (drogodependencia, toxicomanía)",0,1213807,0.0
2019,female,15-19,,Accidentes de tráfico,19,1138037,1.6695
2019,female,15-19,,Agresiones (homicidio),3,1138037,0.2636
2019,female,15-19,,Envenenamiento accidental por psicofármacos y drogas de abuso,2,1138037,0.1757
2019,female,15-19,,Eventos de intención no determinada,1,1138037,0.0879
2019,female,15-19,,Suicidio y lesiones autoinfligidas,20,1138037,1.7574
2019,female,15-19,I-XXII,Todas las causas,128,1138037,11.2474
2019,female,15-19,,"Trastornos mentales debidos al uso de drogas (drogodependencia, toxicomanía)",0,1138037,0.0
2019,female,20-24,,Accidentes de tráfico,20,1126378,1.7756
2019,female,20-24,,Agresiones (homicidio),5,1126378,0.4439
2019,female,20-24,,Envenenamiento accidental por psicofármacos y drogas de abuso,3,1126378,0.2663
2019,female,20-24,,Eventos de intención no determinada,0,1126378,0.0
2019,female,20-24,,Suicidio y lesiones autoinfligidas,23,1126378,2.0419
2019,female,20-24,I-XXII,Todas las causas,163,1126378,14.4712
2019,female,20-24,,"Trastornos mentales debidos al uso de drogas (drogodependencia, toxicomanía)",0,1126378,0.0
2019,female,25-29,,Accidentes de tráfico,24,1255420,1.9117
2019,female,25-29,,Agresiones (homicidio),12,1255420,0.9559
2019,female,25-29,,Envenenamiento accidental por psicofármacos y drogas de abuso,6,1255420,0.4779
2019,female,25-29,,Eventos de intención no determinada,0,1255420,0.0
2019,female,25-29,,Suicidio y lesiones autoinfligidas,31,1255420,2.4693
2019,female,25-29,I-XXII,Todas las causas,232,1255420,18.4799
2019,female,25-29,,"Trastornos mentales debidos al uso de drogas (drogodependencia, toxicomanía)",0,1255420,0.0
2019,female,30-34,,Accidentes de tráfico,19,1410700,1.3468
2019,female,30-34,,Agresiones (homicidio),3,1410700,0.2127
2019,female,30-34,,Envenenamiento accidental por psicofármacos y drogas de abuso,7,1410700,0.4962
2019,female,30-34,,Eventos de intención no determinada,2,1410700,0.1418
2019,female,30-34,,Suicidio y lesiones autoinfligidas,36,1410700,2.5519
2019,female,30-34,I-XXII,Todas las causas,344,1410700,24.3851
2019,female,30-34,,"Trastornos mentales debidos al uso de drogas (drogodependencia, toxicomanía)",0,1410700,0.0
2019,female,35-39,,Accidentes de tráfico,17,1703083,0.9982
2019,female,35-39,,Agresiones (homicidio),11,1703083,0.6459
2019,female,35-39,,Envenenamiento accidental por psicofármacos y drogas de abuso,9,1703083,0.5285
2019,female,35-39,,Eventos de intención no determinada,1,1703083,0.0587
2019,female,35-39,,Suicidio y lesiones autoinfligidas,63,1703083,3.6992
2019,female,35-39,I-XXII,Todas las causas,633,1703083,37.1679
2019,female,35-39,,"Trastornos mentales debidos al uso de drogas (drogodependencia, toxicomanía)",0,1703083,0.0
2019,female,40-44,,Accidentes de tráfico,14,1968133,0.7113
2019,female,40-44,,Agresiones (homicidio),9,1968133,0.4573
2019,female,40-44,,Envenenamiento accidental por psicofármacos y drogas de abuso,18,1968133,0.9146
2019,female,40-44,,Eventos de intención no determinada,1,1968133,0.0508
2019,female,40-44,,Suicidio y lesiones autoinfligidas,79,1968133,4.014
2019,female,40-44,I-XXII,Todas las causas,1174,1968133,59.6504
2019,female,40-44,,"Trastornos mentales debidos al uso de drogas (drogodependencia, toxicomanía)",0,1968133,0.0
2019,female,45-49,,Accidentes de tráfico,14,1904093,0.7353
2019,female,45-49,,Agresiones (homicidio),11,1904093,0.5777
2019,female,45-49,,Envenenamiento accidental por psicofármacos y drogas de abuso,31,1904093,1.6281
2019,female,45-49,,Eventos de intención no determinada,2,1904093,0.105
2019,female,45-49,,Suicidio y lesiones autoinfligidas,79,1904093,4.149
2019,female,45-49,I-XXII,Todas las causas,2027,1904093,106.4549
2019,female,45-49,,"Trastornos mentales debidos al uso de drogas (drogodependencia, toxicomanía)",0,1904093,0.0
2019,female,5-9,,Accidentes de tráfico,1,1129113,0.0886
2019,female,5-9,,Agresiones (homicidio),5,1129113,0.4428
2019,female,5-9,,Envenenamiento accidental por psicofármacos y drogas de abuso,0,1129113,0.0
2019,female,5-9,,Eventos de intención no determinada,0,1129113,0.0
2019,female,5-9,,Suicidio y lesiones autoinfligidas,0,1129113,0.0
2019,female,5-9,I-XXII,Todas las causas,67,1129113,5.9339
2019,female,5-9,,"Trastornos mentales debidos al uso de drogas (drogodependencia, toxicomanía)",0,1129113,0.0
2019,female,50-54,,Accidentes de tráfico,30,1829963,1.6394
2019,female,50-54,,Agresiones (homicidio),6,1829963,0.3279
2019,female,50-54,,Envenenamiento accidental por psicofármacos y drogas de abuso,21,1829963,1.1476
2019,female,50-54,,Eventos de intención no determinada,5,1829963,0.2732
2019,female,50-54,,Suicidio y lesiones autoinfligidas,110,1829963,6.0111
2019,female,50-54,I-XXII,Todas las causas,3292,1829963,179.8943
2019,female,50-54,,"Trastornos mentales debidos al uso de drogas (drogodependencia, toxicomanía)",1,1829963,0.0546
2019,female,55-59,,Accidentes de tráfico,16,1683915,0.9502
2019,female,55-59,,Agresiones (homicidio),7,1683915,0.4157
2019,female,55-59,,Envenenamiento accidental por psicofármacos y drogas de abuso,17,1683915,1.0096
2019,female,55-59,,Eventos de intención no determinada,4,1683915,0.2375
2019,female,55-59,,Suicidio y lesiones autoinfligidas,90,1683915,5.3447
2019,female,55-59,I-XXII,Todas las causas,4813,1683915,285.822
2019,female,55-59,,"Trastornos mentales debidos al uso de drogas (drogodependencia, toxicomanía)",0,1683915,0.0
2019,female,60-64,,Accidentes de tráfico,15,1470578,1.02
2019,female,60-64,,Agresiones (homicidio),7,1470578,0.476
2019,female,60-64,,Envenenamiento accidental por psicofármacos y drogas de abuso,6,1470578,0.408
2019,female,60-64,,Eventos de intención no determinada,2,1470578,0.136
2019,female,60-64,,Suicidio y lesiones autoinfligidas,86,1470578,5.848
2019,female,60-64,I-XXII,Todas las causas,6261,1470578,425.751
2019,female,60-64,,"Trastornos mentales debidos al uso de drogas (drogodependencia, toxicomanía)",0,1470578,0.0
2019,female,65-69,,Accidentes de tráfico,33,1260913,2.6172
2019,female,65-69,,Agresiones (homicidio),5,1260913,0.3965
2019,female,65-69,,Envenenamiento accidental por psicofármacos y drogas de abuso,7,1260913,0.5552
2019,female,65-69,,Eventos de intención no determinada,1,1260913,0.0793
2019,female,65-69,,Suicidio y lesiones autoinfligidas,59,1260913,4.6791
2019,female,65-69,I-XXII,Todas las causas,7638,1260913,605.7515
2019,female,65-69,,"Trastornos mentales debidos al uso de drogas (drogodependencia, toxicomanía)",0,1260913,0.0
2019,female,70-74,,Accidentes de tráfico,29,1180354,2.4569
2019,female,70-74,,Agresiones (homicidio),6,1180354,0.5083
2019,female,70-74,,Envenenamiento accidental por psicofármacos y drogas de abuso,7,1180354,0.593
2019,female,70-74,,Eventos de intención no determinada,1,1180354,0.0847
2019,female,70-74,,Suicidio y lesiones autoinfligidas,63,1180354,5.3374
2019,female,70-74,I-XXII,Todas las causas,11344,1180354,961.0676
2019,female,70-74,,"Trastornos mentales debidos al uso de drogas (drogodependencia, toxicomanía)",0,1180354,0.0
2019,female,75-79,,Accidentes de tráfico,39,938245,4.1567
2019,female,75-79,,Agresiones (homicidio),6,938245,0.6395
2019,female,75-79,,Envenenamiento accidental por psicofármacos y drogas de abuso,11,938245,1.1724
2019,female,75-79,,Eventos de intención no determinada,3,938245,0.3197
2019,female,75-79,,Suicidio y lesiones autoinfligidas,57,938245,6.0752
2019,female,75-79,I-XXII,Todas las causas,16469,938245,1755.2985
2019,female,75-79,,"Trastornos mentales debidos al uso de drogas (drogodependencia, toxicomanía)",1,938245,0.1066
2019,female,80-84,,Accidentes de tráfico,41,781079,5.2491
2019,female,80-84,,Agresiones (homicidio),4,781079,0.5121
2019,female,80-84,,Envenenamiento accidental por psicofármacos y drogas de abuso,21,781079,2.6886
2019,female,80-84,,Eventos de intención no determinada,1,781079,0.128
2019,female,80-84,,Suicidio y lesiones autoinfligidas,51,781079,6.5294
2019,female,80-84,I-XXII,Todas las causas,29676,781079,3799.3596
2019,female,80-84,,"Trastornos mentales debidos al uso de drogas (drogodependencia, toxicomanía)",0,781079,0.0
2019,female,85-89,,Accidentes de tráfico,38,626087,6.0694
2019,female,85-89,,Agresiones (homicidio),3,626087,0.4792
2019,female,85-89,,Envenenamiento accidental por psicofármacos y drogas de abuso,40,626087,6.3889
2019,female,85-89,,Eventos de intención no determinada,0,626087,0.0
2019,female,85-89,,Suicidio y lesiones autoinfligidas,30,626087,4.7917
2019,female,85-89,I-XXII,Todas las causas,49491,626087,7904.812
2019,female,85-89,,"Trastornos mentales debidos al uso de drogas (drogodependencia, toxicomanía)",1,626087,0.1597
2019,female,90-94,,Accidentes de tráfico,12,294944,4.0686
2019,female,90-94,,Agresiones (homicidio),1,294944,0.339
2019,female,90-94,,Envenenamiento accidental por psicofármacos y drogas de abuso,25,294944,8.4762
2019,female,90-94,,Eventos de intención no determinada,1,294944,0.339
2019,female,90-94,,Suicidio y lesiones autoinfligidas,18,294944,6.1029
2019,female,90-94,I-XXII,Todas las causas,46184,294944,15658.5657
2019,female,90-94,,"Trastornos mentales debidos al uso de drogas (drogodependencia, toxicomanía)",0,294944,0.0
2019,female,95+,,Accidentes de tráfico,3,91446,3.2806
2019,female,95+,,Agresiones (homicidio),1,91446,1.0935
2019,female,95+,,Envenenamiento accidental por psicofármacos y drogas de abuso,10,91446,10.9354
2019,female,95+,,Eventos de intención no determinada,0,91446,0.0
2019,female,95+,,Suicidio y lesiones autoinfligidas,2,91446,2.1871
2019,female,95+,I-XXII,Todas las causas,25465,91446,27847.0354
2019,female,95+,,"Trastornos mentales debidos al uso de drogas (drogodependencia, toxicomanía)",0,91446,0.0
2019,female,<1,,Accidentes de tráfico,0,175748,0.0
2019,female,<1,,Agresiones (homicidio),2,175748,1.138
2019,female,<1,,Envenenamiento accidental por psicofármacos y drogas de abuso,0,175748,0.0
2019,female,<1,,Eventos de intención no determinada,0,175748,0.0
2019,female,<1,,Suicidio y lesiones autoinfligidas,0,175748,0.0
2019,female,<1,I-XXII,Todas las causas,419,175748,238.4095
2019,female,<1,,"Trastornos mentales debidos al uso de drogas (drogodependencia, toxicomanía)",0,175748,0.0
2019,female,all,,Accidentes de tráfico,396,23986952,1.6509
2019,female,all,,Agresiones (homicidio),109,23986952,0.4544
2019,female,all,,Envenenamiento accidental por psicofármacos y drogas de abuso,242,23986952,1.0089
2019,female,all,,Eventos de intención no determinada,25,23986952,0.1042
2019,female,all,,Suicidio y lesiones autoinfligidas,900,23986952,3.752
2019,female,all,I-XXII,Todas las causas,206020,23986952,858.8836
2019,female,all,,"Trastornos mentales debidos al uso de drogas (drogodependencia, toxicomanía)",3,23986952,0.0125
2019,male,1-4,,Accidentes de tráfico,6,853499,0.703
2019,male,1-4,,Agresiones (homicidio),2,853499,0.2343
2019,male,1-4,,Envenenamiento accidental por psicofármacos y drogas de abuso,0,853499,0.0
2019,male,1-4,,Eventos de intención no determinada,0,853499,0.0
2019,male,1-4,,Suicidio y lesiones autoinfligidas,0,853499,0.0
2019,male,1-4,I-XXII,Todas las causas,132,853499,15.4657
2019,male,1-4,,"Trastornos mentales debidos al uso de drogas (drogodependencia, toxicomanía)",0,853499,0.0
2019,male,10-14,,Accidentes de tráfico,10,1287324,0.7768
2019,male,10-14,,Agresiones (homicidio),2,1287324,0.1554
2019,male,10-14,,Envenenamiento accidental por psicofármacos y drogas de abuso,1,1287324,0.0777
2019,male,10-14,,Eventos de intención no determinada,1,1287324,0.0777
2019,male,10-14,,Suicidio y lesiones autoinfligidas,4,1287324,0.3107
2019,male,10-14,I-XXII,Todas las causas,131,1287324,10.1761
2019,male,10-14,,"Trastornos mentales debidos al uso de drogas (drogodependencia, toxicomanía)",0,1287324,0.0
2019,male,15-19,,Accidentes de tráfico,49,1210737,4.0471
2019,male,15-19,,Agresiones (homicidio),5,1210737,0.413
2019,male,15-19,,Envenenamiento accidental por psicofármacos y drogas de abuso,5,1210737,0.413
2019,male,15-19,,Eventos de intención no determinada,1,1210737,0.0826
2019,male,15-19,,Suicidio y lesiones autoinfligidas,48,1210737,3.9645
2019,male,15-19,I-XXII,Todas las causas,266,1210737,21.9701
2019,male,15-19,,"Trastornos mentales debidos al uso de drogas (drogodependencia, toxicomanía)",1,1210737,0.0826
2019,male,20-24,,Accidentes de tráfico,90,1180725,7.6224
2019,male,20-24,,Agresiones (homicidio),10,1180725,0.8469
2019,male,20-24,,Envenenamiento accidental por psicofármacos y drogas de abuso,16,1180725,1.3551
2019,male,20-24,,Eventos de intención no determinada,3,1180725,0.2541
2019,male,20-24,,Suicidio y lesiones autoinfligidas,77,1180725,6.5214
2019,male,20-24,I-XXII,Todas las causas,420,1180725,35.5714
2019,male,20-24,,"Trastornos mentales debidos al uso de drogas (drogodependencia, toxicomanía)",0,1180725,0.0
2019,male,25-29,,Accidentes de tráfico,105,1285787,8.1662
2019,male,25-29,,Agresiones (homicidio),17,1285787,1.3221
2019,male,25-29,,Envenenamiento accidental por psicofármacos y drogas de abuso,25,1285787,1.9443
2019,male,25-29,,Eventos de intención no determinada,6,1285787,0.4666
2019,male,25-29,,Suicidio y lesiones autoinfligidas,110,1285787,8.5551
2019,male,25-29,I-XXII,Todas las causas,538,1285787,41.8421
2019,male,25-29,,"Trastornos mentales debidos al uso de drogas (drogodependencia, toxicomanía)",0,1285787,0.0
2019,male,30-34,,Accidentes de tráfico,85,1412677,6.0169
2019,male,30-34,,Agresiones (homicidio),14,1412677,0.991
2019,male,30-34,,Envenenamiento accidental por psicofármacos y drogas de abuso,49,1412677,3.4686
2019,male,30-34,,Eventos de intención no determinada,1,1412677,0.0708
2019,male,30-34,,Suicidio y lesiones autoinfligidas,129,1412677,9.1316
2019,male,30-34,I-XXII,Todas las causas,743,1412677,52.5952
2019,male,30-34,,"Trastornos mentales debidos al uso de drogas (drogodependencia, toxicomanía)",3,1412677,0.2124
2019,male,35-39,,Accidentes de tráfico,99,1720217,5.7551
2019,male,35-39,,Agresiones (homicidio),24,1720217,1.3952
2019,male,35-39,,Envenenamiento accidental por psicofármacos y drogas de abuso,67,1720217,3.8949
2019,male,35-39,,Eventos de intención no determinada,6,1720217,0.3488
2019,male,35-39,,Suicidio y lesiones autoinfligidas,185,1720217,10.7545
2019,male,35-39,I-XXII,Todas las causas,1228,1720217,71.3863
2019,male,35-39,,"Trastornos mentales debidos al uso de drogas (drogodependencia, toxicomanía)",2,1720217,0.1163
2019,male,40-44,,Accidentes de tráfico,132,2026715,6.513
2019,male,40-44,,Agresiones (homicidio),16,2026715,0.7895
2019,male,40-44,,Envenenamiento accidental por psicofármacos y drogas de abuso,63,2026715,3.1085
2019,male,40-44,,Eventos de intención no determinada,7,2026715,0.3454
2019,male,40-44,,Suicidio y lesiones autoinfligidas,263,2026715,12.9767
2019,male,40-44,I-XXII,Todas las causas,2037,2026715,100.5075
2019,male,40-44,,"Trastornos mentales debidos al uso de drogas (drogodependencia, toxicomanía)",1,2026715,0.0493
2019,male,45-49,,Accidentes de tráfico,152,1948679,7.8002
2019,male,45-49,,Agresiones (homicidio),22,1948679,1.129
2019,male,45-49,,Envenenamiento accidental por psicofármacos y drogas de abuso,91,1948679,4.6698
2019,male,45-49,,Eventos de intención no determinada,8,1948679,0.4105
2019,male,45-49,,Suicidio y lesiones autoinfligidas,310,1948679,15.9082
2019,male,45-49,I-XXII,Todas las causas,3766,1948679,193.2591
2019,male,45-49,,"Trastornos mentales debidos al uso de drogas (drogodependencia, toxicomanía)",3,1948679,0.154
2019,male,5-9,,Accidentes de tráfico,2,1200564,0.1666
2019,male,5-9,,Agresiones (homicidio),1,1200564,0.0833
2019,male,5-9,,Envenenamiento accidental por psicofármacos y drogas de abuso,0,1200564,0.0
2019,male,5-9,,Eventos de intención no determinada,0,1200564,0.0
2019,male,5-9,,Suicidio y lesiones autoinfligidas,0,1200564,0.0
2019,male,5-9,I-XXII,Todas las causas,78,1200564,6.4969
2019,male,5-9,,"Trastornos mentales debidos al uso de drogas (drogodependencia, toxicomanía)",0,1200564,0.0
2019,male,50-54,,Accidentes de tráfico,128,1821493,7.0272
2019,male,50-54,,Agresiones (homicidio),11,1821493,0.6039
2019,male,50-54,,Envenenamiento accidental por psicofármacos y drogas de abuso,81,1821493,4.4469
2019,male,50-54,,Eventos de intención no determinada,11,1821493,0.6039
2019,male,50-54,,Suicidio y lesiones autoinfligidas,301,1821493,16.5249
2019,male,50-54,I-XXII,Todas las causas,6605,1821493,362.6146
2019,male,50-54,,"Trastornos mentales debidos al uso de drogas (drogodependencia, toxicomanía)",8,1821493,0.4392
2019,male,55-59,,Accidentes de tráfico,106,1630665,6.5004
2019,male,55-59,,Agresiones (homicidio),16,1630665,0.9812
2019,male,55-59,,Envenenamiento accidental por psicofármacos y drogas de abuso,48,1630665,2.9436
2019,male,55-59,,Eventos de intención no determinada,6,1630665,0.3679
2019,male,55-59,,Suicidio y lesiones autoinfligidas,260,1630665,15.9444
2019,male,55-59,I-XXII,Todas las causas,9668,1630665,592.887
2019,male,55-59,,"Trastornos mentales debidos al uso de drogas (drogodependencia, toxicomanía)",1,1630665,0.0613
2019,male,60-64,,Accidentes de tráfico,107,1383731,7.7327
2019,male,60-64,,Agresiones (homicidio),17,1383731,1.2286
2019,male,60-64,,Envenenamiento accidental por psicofármacos y drogas de abuso,19,1383731,1.3731
2019,male,60-64,,Eventos de intención no determinada,7,1383731,0.5059
2019,male,60-64,,Suicidio y lesiones autoinfligidas,207,1383731,14.9596
2019,male,60-64,I-XXII,Todas las causas,13044,1383731,942.6688
2019,male,60-64,,"Trastornos mentales debidos al uso de drogas (drogodependencia, toxicomanía)",4,1383731,0.2891
2019,male,65-69,,Accidentes de tráfico,75,1148654,6.5294
2019,male,65-69,,Agresiones (homicidio),6,1148654,0.5224
2019,male,65-69,,Envenenamiento accidental por psicofármacos y drogas de abuso,10,1148654,0.8706
2019,male,65-69,,Eventos de intención no determinada,2,1148654,0.1741
2019,male,65-69,,Suicidio y lesiones autoinfligidas,172,1148654,14.974
2019,male,65-69,I-XXII,Todas las causas,16278,1148654,1417.1369
2019,male,65-69,,"Trastornos mentales debidos al uso de drogas (drogodependencia, toxicomanía)",0,1148654,0.0
2019,male,70-74,,Accidentes de tráfico,63,1013459,6.2163
2019,male,70-74,,Agresiones (homicidio),3,1013459,0.296
2019,male,70-74,,Envenenamiento accidental por psicofármacos y drogas de abuso,13,1013459,1.2827
2019,male,70-74,,Eventos de intención no determinada,1,1013459,0.0987
2019,male,70-74,,Suicidio y lesiones autoinfligidas,177,1013459,17.4649
2019,male,70-74,I-XXII,Todas las causas,22182,1013459,2188.7417
2019,male,70-74,,"Trastornos mentales debidos al uso de drogas (drogodependencia, toxicomanía)",0,1013459,0.0
2019,male,75-79,,Accidentes de tráfico,66,745612,8.8518
2019,male,75-79,,Agresiones (homicidio),3,745612,0.4024
2019,male,75-79,,Envenenamiento accidental por psicofármacos y drogas de abuso,13,745612,1.7435
2019,male,75-79,,Eventos de intención no determinada,3,745612,0.4024
2019,male,75-79,,Suicidio y lesiones autoinfligidas,171,745612,22.9342
2019,male,75-79,I-XXII,Todas las causas,25709,745612,3448.04
2019,male,75-79,,"Trastornos mentales debidos al uso de drogas (drogodependencia, toxicomanía)",1,745612,0.1341
2019,male,80-84,,Accidentes de tráfico,87,529736,16.4233
2019,male,80-84,,Agresiones (homicidio),8,529736,1.5102
2019,male,80-84,,Envenenamiento accidental por psicofármacos y drogas de abuso,16,529736,3.0204
2019,male,80-84,,Eventos de intención no determinada,3,529736,0.5663
2019,male,80-84,,Suicidio y lesiones autoinfligidas,163,529736,30.77
2019,male,80-84,I-XXII,Todas las causas,33954,529736,6409.6078
2019,male,80-84,,"Trastornos mentales debidos al uso de drogas (drogodependencia, toxicomanía)",0,529736,0.0
2019,male,85-89,,Accidentes de tráfico,60,356680,16.8218
2019,male,85-89,,Agresiones (homicidio),3,356680,0.8411
2019,male,85-89,,Envenenamiento accidental por psicofármacos y drogas de abuso,22,356680,6.168
2019,male,85-89,,Eventos de intención no determinada,1,356680,0.2804
2019,male,85-89,,Suicidio y lesiones autoinfligidas,118,356680,33.0829
2019,male,85-89,I-XXII,Todas las causas,40597,356680,11381.911
2019,male,85-89,,"Trastornos mentales debidos al uso de drogas (drogodependencia, toxicomanía)",0,356680,0.0
2019,male,90-94,,Accidentes de tráfico,21,129416,16.2267
2019,male,90-94,,Agresiones (homicidio),2,129416,1.5454
2019,male,90-94,,Envenenamiento accidental por psicofármacos y drogas de abuso,9,129416,6.9543
2019,male,90-94,,Eventos de intención no determinada,0,129416,0.0
2019,male,90-94,,Suicidio y lesiones autoinfligidas,63,129416,48.6802
2019,male,90-94,I-XXII,Todas las causas,25730,129416,19881.6221
2019,male,90-94,,"Trastornos mentales debidos al uso de drogas (drogodependencia, toxicomanía)",0,129416,0.0
2019,male,95+,,Accidentes de tráfico,2,29179,6.8542
2019,male,95+,,Agresiones (homicidio),0,29179,0.0
2019,male,95+,,Envenenamiento accidental por psicofármacos y drogas de abuso,5,29179,17.1356
2019,male,95+,,Eventos de intención no determinada,0,29179,0.0
2019,male,95+,,Suicidio y lesiones autoinfligidas,13,29179,44.5526
2019,male,95+,I-XXII,Todas las causas,9019,29179,30909.2155
2019,male,95+,,"Trastornos mentales debidos al uso de drogas (drogodependencia, toxicomanía)",0,29179,0.0
2019,male,<1,,Accidentes de tráfico,1,185277,0.5397
2019,male,<1,,Agresiones (homicidio),1,185277,0.5397
2019,male,<1,,Envenenamiento accidental por psicofármacos y drogas de abuso,1,185277,0.5397
2019,male,<1,,Eventos de intención no determinada,0,185277,0.0
2019,male,<1,,Suicidio y lesiones autoinfligidas,0,185277,0.0
2019,male,<1,I-XXII,Todas las causas,558,185277,301.1707
2019,male,<1,,"Trastornos mentales debidos al uso de drogas (drogodependencia, toxicomanía)",0,185277,0.0
2019,male,all,,Accidentes de tráfico,1446,23100826,6.2595
2019,male,all,,Agresiones (homicidio),183,23100826,0.7922
2019,male,all,,Envenenamiento accidental por psicofármacos y drogas de abuso,554,23100826,2.3982
2019,male,all,,Eventos de intención no determinada,67,23100826,0.29
2019,male,all,,Suicidio y lesiones autoinfligidas,2771,23100826,11.9952
2019,male,all,I-XXII,Todas las causas,212683,23100826,920.6727
2019,male,all,,"Trastornos mentales debidos al uso de drogas (drogodependencia, toxicomanía)",24,23100826,0.1039
2020,all,1-4,,Accidentes de tráfico,5,1603973,0.3117
2020,all,1-4,,Agresiones (homicidio),3,1603973,0.187
2020,all,1-4,,Envenenamiento accidental por psicofármacos y drogas de abuso,0,1603973,0.0
2020,all,1-4,,Eventos de intención no determinada,0,1603973,0.0
2020,all,1-4,,Suicidio y lesiones autoinfligidas,0,1603973,0.0
2020,all,1-4,I-XXII,Todas las causas,188,1603973,11.7209
2020,all,1-4,,"Trastornos mentales debidos al uso de drogas (drogodependencia, toxicomanía)",0,1603973,0.0
2020,all,10-14,,Accidentes de tráfico,13,2522432,0.5154
2020,all,10-14,,Agresiones (homicidio),4,2522432,0.1586
2020,all,10-14,,Envenenamiento accidental por psicofármacos y drogas de abuso,0,2522432,0.0
2020,all,10-14,,Eventos de intención no determinada,0,2522432,0.0
2020,all,10-14,,Suicidio y lesiones autoinfligidas,13,2522432,0.5154
2020,all,10-14,I-XXII,Todas las causas,189,2522432,7.4928
2020,all,10-14,,"Trastornos mentales debidos al uso de drogas (drogodependencia, toxicomanía)",0,2522432,0.0
2020,all,15-19,,Accidentes de tráfico,50,2400952,2.0825
2020,all,15-19,,Agresiones (homicidio),4,2400952,0.1666
2020,all,15-19,,Envenenamiento accidental por psicofármacos y drogas de abuso,7,2400952,0.2916
2020,all,15-19,,Eventos de intención no determinada,0,2400952,0.0
2020,all,15-19,,Suicidio y lesiones autoinfligidas,48,2400952,1.9992
2020,all,15-19,I-XXII,Todas las causas,379,2400952,15.7854
2020,all,15-19,,"Trastornos mentales debidos al uso de drogas (drogodependencia, toxicomanía)",0,2400952,0.0
2020,all,20-24,,Accidentes de tráfico,94,2359375,3.9841
2020,all,20-24,,Agresiones (homicidio),14,2359375,0.5934
2020,all,20-24,,Envenenamiento accidental por psicofármacos y drogas de abuso,21,2359375,0.8901
2020,all,20-24,,Eventos de intención no determinada,0,2359375,0.0
2020,all,20-24,,Suicidio y lesiones autoinfligidas,100,2359375,4.2384
2020,all,20-24,I-XXII,Todas las causas,609,2359375,25.8119
2020,all,20-24,,"Trastornos mentales debidos al uso de drogas (drogodependencia, toxicomanía)",0,2359375,0.0
2020,all,25-29,,Accidentes de tráfico,91,2547372,3.5723
2020,all,25-29,,Agresiones (homicidio),25,2547372,0.9814
2020,all,25-29,,Envenenamiento accidental por psicofármacos y drogas de abuso,35,2547372,1.374
2020,all,25-29,,Eventos de intención no determinada,1,2547372,0.0393
2020,all,25-29,,Suicidio y lesiones autoinfligidas,152,2547372,5.9669
2020,all,25-29,I-XXII,Todas las causas,823,2547372,32.3078
2020,all,25-29,,"Trastornos mentales debidos al uso de drogas (drogodependencia, toxicomanía)",0,2547372,0.0
2020,all,30-34,,Accidentes de tráfico,103,2799018,3.6799
2020,all,30-34,,Agresiones (homicidio),26,2799018,0.9289
2020,all,30-34,,Envenenamiento accidental por psicofármacos y drogas de abuso,75,2799018,2.6795
2020,all,30-34,,Eventos de intención no determinada,2,2799018,0.0715
2020,all,30-34,,Suicidio y lesiones autoinfligidas,173,2799018,6.1807
2020,all,30-34,I-XXII,Todas las causas,1224,2799018,43.7296
2020,all,30-34,,"Trastornos mentales debidos al uso de drogas (drogodependencia, toxicomanía)",1,2799018,0.0357
2020,all,35-39,,Accidentes de tráfico,109,3312089,3.291
2020,all,35-39,,Agresiones (homicidio),23,3312089,0.6944
2020,all,35-39,,Envenenamiento accidental por psicofármacos y drogas de abuso,108,3312089,3.2608
2020,all,35-39,,Eventos de intención no determinada,0,3312089,0.0
2020,all,35-39,,Suicidio y lesiones autoinfligidas,238,3312089,7.1858
2020,all,35-39,I-XXII,Todas las causas,1935,3312089,58.4223
2020,all,35-39,,"Trastornos mentales debidos al uso de drogas (drogodependencia, toxicomanía)",4,3312089,0.1208
2020,all,40-44,,Accidentes de tráfico,128,3955761,3.2358
2020,all,40-44,,Agresiones (homicidio),27,3955761,0.6825
2020,all,40-44,,Envenenamiento accidental por psicofármacos y drogas de abuso,140,3955761,3.5391
2020,all,40-44,,Eventos de intención no determinada,6,3955761,0.1517
2020,all,40-44,,Suicidio y lesiones autoinfligidas,358,3955761,9.0501
2020,all,40-44,I-XXII,Todas las causas,3556,3955761,89.8942
2020,all,40-44,,"Trastornos mentales debidos al uso de drogas (drogodependencia, toxicomanía)",3,3955761,0.0758
2020,all,45-49,,Accidentes de tráfico,117,3918800,2.9856
2020,all,45-49,,Agresiones (homicidio),32,3918800,0.8166
2020,all,45-49,,Envenenamiento accidental por psicofármacos y drogas de abuso,136,3918800,3.4705
2020,all,45-49,,Eventos de intención no determinada,7,3918800,0.1786
2020,all,45-49,,Suicidio y lesiones autoinfligidas,396,3918800,10.1051
2020,all,45-49,I-XXII,Todas las causas,6045,3918800,154.2564
2020,all,45-49,,"Trastornos mentales debidos al uso de drogas (drogodependencia, toxicomanía)",6,3918800,0.1531
2020,all,5-9,,Accidentes de tráfico,5,2296690,0.2177
2020,all,5-9,,Agresiones (homicidio),2,2296690,0.0871
2020,all,5-9,,Envenenamiento accidental por psicofármacos y drogas de abuso,0,2296690,0.0
2020,all,5-9,,Eventos de intención no determinada,0,2296690,0.0
2020,all,5-9,,Suicidio y lesiones autoinfligidas,1,2296690,0.0435
2020,all,5-9,I-XXII,Todas las causas,139,2296690,6.0522
2020,all,5-9,,"Trastornos mentales debidos al uso de drogas (drogodependencia, toxicomanía)",0,2296690,0.0
2020,all,50-54,,Accidentes de tráfico,122,3683454,3.3121
2020,all,50-54,,Agresiones (homicidio),24,3683454,0.6516
2020,all,50-54,,Envenenamiento accidental por psicofármacos y drogas de abuso,128,3683454,3.475
2020,all,50-54,,Eventos de intención no determinada,4,3683454,0.1086
2020,all,50-54,,Suicidio y lesiones autoinfligidas,440,3683454,11.9453
2020,all,50-54,I-XXII,Todas las causas,10389,3683454,282.0451
2020,all,50-54,,"Trastornos mentales debidos al uso de drogas (drogodependencia, toxicomanía)",7,3683454,0.19
2020,all,55-59,,Accidentes de tráfico,132,3392221,3.8913
2020,all,55-59,,Agresiones (homicidio),25,3392221,0.737
2020,all,55-59,,Envenenamiento accidental por psicofármacos y drogas de abuso,75,3392221,2.2109
2020,all,55-59,,Eventos de intención no determinada,2,3392221,0.059
2020,all,55-59,,Suicidio y lesiones autoinfligidas,414,3392221,12.2044
2020,all,55-59,I-XXII,Todas las causas,15847,3392221,467.1571
2020,all,55-59,,"Trastornos mentales debidos al uso de drogas (drogodependencia, toxicomanía)",8,3392221,0.2358
2020,all,60-64,,Accidentes de tráfico,89,2958179,3.0086
2020,all,60-64,,Agresiones (homicidio),21,2958179,0.7099
2020,all,60-64,,Envenenamiento accidental por psicofármacos y drogas de abuso,28,2958179,0.9465
2020,all,60-64,,Eventos de intención no determinada,3,2958179,0.1014
2020,all,60-64,,Suicidio y lesiones autoinfligidas,327,2958179,11.0541
2020,all,60-64,I-XXII,Todas las causas,21967,2958179,742.5852
2020,all,60-64,,"Trastornos mentales debidos al uso de drogas (drogodependencia, toxicomanía)",3,2958179,0.1014
2020,all,65-69,,Accidentes de tráfico,78,2450693,3.1828
2020,all,65-69,,Agresiones (homicidio),20,2450693,0.8161
2020,all,65-69,,Envenenamiento accidental por psicofármacos y drogas de abuso,27,2450693,1.1017
2020,all,65-69,,Eventos de intención no determinada,1,2450693,0.0408
2020,all,65-69,,Suicidio y lesiones autoinfligidas,245,2450693,9.9972
2020,all,65-69,I-XXII,Todas las causas,27536,2450693,1123.6005
2020,all,65-69,,"Trastornos mentales debidos al uso de drogas (drogodependencia, toxicomanía)",2,2450693,0.0816
2020,all,70-74,,Accidentes de tráfico,71,2205781,3.2188
2020,all,70-74,,Agresiones (homicidio),11,2205781,0.4987
2020,all,70-74,,Envenenamiento accidental por psicofármacos y drogas de abuso,25,2205781,1.1334
2020,all,70-74,,Eventos de intención no determinada,2,2205781,0.0907
2020,all,70-74,,Suicidio y lesiones autoinfligidas,264,2205781,11.9685
2020,all,70-74,I-XXII,Todas las causas,38816,2205781,1759.7395
2020,all,70-74,,"Trastornos mentales debidos al uso de drogas (drogodependencia, toxicomanía)",0,2205781,0.0
2020,all,75-79,,Accidentes de tráfico,92,1756539,5.2376
2020,all,75-79,,Agresiones (homicidio),7,1756539,0.3985
2020,all,75-79,,Envenenamiento accidental por psicofármacos y drogas de abuso,24,1756539,1.3663
2020,all,75-79,,Eventos de intención no determinada,2,1756539,0.1139
2020,all,75-79,,Suicidio y lesiones autoinfligidas,224,1756539,12.7523
2020,all,75-79,I-XXII,Todas las causas,52375,1756539,2981.7157
2020,all,75-79,,"Trastornos mentales debidos al uso de drogas (drogodependencia, toxicomanía)",0,1756539,0.0
2020,all,80-84,,Accidentes de tráfico,70,1280607,5.4662
2020,all,80-84,,Agresiones (homicidio),10,1280607,0.7809
2020,all,80-84,,Envenenamiento accidental por psicofármacos y drogas de abuso,40,1280607,3.1235
2020,all,80-84,,Eventos de intención no determinada,1,1280607,0.0781
2020,all,80-84,,Suicidio y lesiones autoinfligidas,240,1280607,18.7411
2020,all,80-84,I-XXII,Todas las causas,74045,1280607,5782.0237
2020,all,80-84,,"Trastornos mentales debidos al uso de drogas (drogodependencia, toxicomanía)",0,1280607,0.0
2020,all,85-89,,Accidentes de tráfico,66,988234,6.6786
2020,all,85-89,,Agresiones (homicidio),3,988234,0.3036
2020,all,85-89,,Envenenamiento accidental por psicofármacos y drogas de abuso,50,988234,5.0595
2020,all,85-89,,Eventos de intención no determinada,1,988234,0.1012
2020,all,85-89,,Suicidio y lesiones autoinfligidas,185,988234,18.7203
2020,all,85-89,I-XXII,Todas las causas,107394,988234,10867.2642
2020,all,85-89,,"Trastornos mentales debidos al uso de drogas (drogodependencia, toxicomanía)",0,988234,0.0
2020,all,90-94,,Accidentes de tráfico,18,437604,4.1133
2020,all,90-94,,Agresiones (homicidio),2,437604,0.457
2020,all,90-94,,Envenenamiento accidental por psicofármacos y drogas de abuso,46,437604,10.5118
2020,all,90-94,,Eventos de intención no determinada,2,437604,0.457
2020,all,90-94,,Suicidio y lesiones autoinfligidas,98,437604,22.3947
2020,all,90-94,I-XXII,Todas las causas,87184,437604,19923.0354
2020,all,90-94,,"Trastornos mentales debidos al uso de drogas (drogodependencia, toxicomanía)",0,437604,0.0
2020,all,95+,,Accidentes de tráfico,7,124072,5.6419
2020,all,95+,,Agresiones (homicidio),2,124072,1.612
2020,all,95+,,Envenenamiento accidental por psicofármacos y drogas de abuso,8,124072,6.4479
2020,all,95+,,Eventos de intención no determinada,0,124072,0.0
2020,all,95+,,Suicidio y lesiones autoinfligidas,25,124072,20.1496
2020,all,95+,I-XXII,Todas las causas,42246,124072,34049.5841
2020,all,95+,,"Trastornos mentales debidos al uso de drogas (drogodependencia, toxicomanía)",0,124072,0.0
2020,all,<1,,Accidentes de tráfico,3,351006,0.8547
2020,all,<1,,Agresiones (homicidio),4,351006,1.1396
2020,all,<1,,Envenenamiento accidental por psicofármacos y drogas de abuso,1,351006,0.2849
2020,all,<1,,Eventos de intención no determinada,0,351006,0.0
2020,all,<1,,Suicidio y lesiones autoinfligidas,0,351006,0.0
2020,all,<1,I-XXII,Todas las causas,890,351006,253.5569
2020,all,<1,,"Trastornos mentales debidos al uso de drogas (drogodependencia, toxicomanía)",0,351006,0.0
2020,all,all,,Accidentes de tráfico,1463,47344852,3.0901
2020,all,all,,Agresiones (homicidio),289,47344852,0.6104
2020,all,all,,Envenenamiento accidental por psicofármacos y drogas de abuso,974,47344852,2.0572
2020,all,all,,Eventos de intención no determinada,34,47344852,0.0718
2020,all,all,,Suicidio y lesiones autoinfligidas,3941,47344852,8.324
2020,all,all,I-XXII,Todas las causas,493776,47344852,1042.9349
2020,all,all,,"Trastornos mentales debidos al uso de drogas (drogodependencia, toxicomanía)",34,47344852,0.0718
2020,female,1-4,,Accidentes de tráfico,2,779214,0.2567
2020,female,1-4,,Agresiones (homicidio),1,779214,0.1283
2020,female,1-4,,Envenenamiento accidental por psicofármacos y drogas de abuso,0,779214,0.0
2020,female,1-4,,Eventos de intención no determinada,0,779214,0.0
2020,female,1-4,,Suicidio y lesiones autoinfligidas,0,779214,0.0
2020,female,1-4,I-XXII,Todas las causas,71,779214,9.1117
2020,female,1-4,,"Trastornos mentales debidos al uso de drogas (drogodependencia, toxicomanía)",0,779214,0.0
2020,female,10-14,,Accidentes de tráfico,5,1223325,0.4087
2020,female,10-14,,Agresiones (homicidio),0,1223325,0.0
2020,female,10-14,,Envenenamiento accidental por psicofármacos y drogas de abuso,0,1223325,0.0
2020,female,10-14,,Eventos de intención no determinada,0,1223325,0.0
2020,female,10-14,,Suicidio y lesiones autoinfligidas,7,1223325,0.5722
2020,female,10-14,I-XXII,Todas las causas,80,1223325,6.5396
2020,female,10-14,,"Trastornos mentales debidos al uso de drogas (drogodependencia, toxicomanía)",0,1223325,0.0
2020,female,15-19,,Accidentes de tráfico,17,1163188,1.4615
2020,female,15-19,,Agresiones (homicidio),1,1163188,0.086
2020,female,15-19,,Envenenamiento accidental por psicofármacos y drogas de abuso,0,1163188,0.0
2020,female,15-19,,Eventos de intención no determinada,0,1163188,0.0
2020,female,15-19,,Suicidio y lesiones autoinfligidas,17,1163188,1.4615
2020,female,15-19,I-XXII,Todas las causas,137,1163188,11.778
2020,female,15-19,,"Trastornos mentales debidos al uso de drogas (drogodependencia, toxicomanía)",0,1163188,0.0
2020,female,20-24,,Accidentes de tráfico,19,1150193,1.6519
2020,female,20-24,,Agresiones (homicidio),3,1150193,0.2608
2020,female,20-24,,Envenenamiento accidental por psicofármacos y drogas de abuso,2,1150193,0.1739
2020,female,20-24,,Eventos de intención no determinada,0,1150193,0.0
2020,female,20-24,,Suicidio y lesiones autoinfligidas,19,1150193,1.6519
2020,female,20-24,I-XXII,Todas las causas,151,1150193,13.1282
2020,female,20-24,,"Trastornos mentales debidos al uso de drogas (drogodependencia, toxicomanía)",0,1150193,0.0
2020,female,25-29,,Accidentes de tráfico,18,1255376,1.4338
2020,female,25-29,,Agresiones (homicidio),11,1255376,0.8762
2020,female,25-29,,Envenenamiento accidental por psicofármacos y drogas de abuso,5,1255376,0.3983
2020,female,25-29,,Eventos de intención no determinada,1,1255376,0.0797
2020,female,25-29,,Suicidio y lesiones autoinfligidas,37,1255376,2.9473
2020,female,25-29,I-XXII,Todas las causas,243,1255376,19.3568
2020,female,25-29,,"Trastornos mentales debidos al uso de drogas (drogodependencia, toxicomanía)",0,1255376,0.0
2020,female,30-34,,Accidentes de tráfico,13,1396154,0.9311
2020,female,30-34,,Agresiones (homicidio),5,1396154,0.3581
2020,female,30-34,,Envenenamiento accidental por psicofármacos y drogas de abuso,7,1396154,0.5014
2020,female,30-34,,Eventos de intención no determinada,0,1396154,0.0
2020,female,30-34,,Suicidio y lesiones autoinfligidas,34,1396154,2.4353
2020,female,30-34,I-XXII,Todas las causas,376,1396154,26.9311
2020,female,30-34,,"Trastornos mentales debidos al uso de drogas (drogodependencia, toxicomanía)",0,1396154,0.0
2020,female,35-39,,Accidentes de tráfico,17,1651651,1.0293
2020,female,35-39,,Agresiones (homicidio),7,1651651,0.4238
2020,female,35-39,,Envenenamiento accidental por psicofármacos y drogas de abuso,18,1651651,1.0898
2020,female,35-39,,Eventos de intención no determinada,0,1651651,0.0
2020,female,35-39,,Suicidio y lesiones autoinfligidas,64,1651651,3.8749
2020,female,35-39,I-XXII,Todas las causas,685,1651651,41.4737
2020,female,35-39,,"Trastornos mentales debidos al uso de drogas (drogodependencia, toxicomanía)",1,1651651,0.0605
2020,female,40-44,,Accidentes de tráfico,22,1953616,1.1261
2020,female,40-44,,Agresiones (homicidio),8,1953616,0.4095
2020,female,40-44,,Envenenamiento accidental por psicofármacos y drogas de abuso,27,1953616,1.3821
2020,female,40-44,,Eventos de intención no determinada,0,1953616,0.0
2020,female,40-44,,Suicidio y lesiones autoinfligidas,83,1953616,4.2485
2020,female,40-44,I-XXII,Todas las causas,1283,1953616,65.6731
2020,female,40-44,,"Trastornos mentales debidos al uso de drogas (drogodependencia, toxicomanía)",0,1953616,0.0
2020,female,45-49,,Accidentes de tráfico,15,1936691,0.7745
2020,female,45-49,,Agresiones (homicidio),11,1936691,0.568
2020,female,45-49,,Envenenamiento accidental por psicofármacos y drogas de abuso,22,1936691,1.136
2020,female,45-49,,Eventos de intención no determinada,1,1936691,0.0516
2020,female,45-49,,Suicidio y lesiones autoinfligidas,95,1936691,4.9053
2020,female,45-49,I-XXII,Todas las causas,2133,1936691,110.1363
2020,female,45-49,,"Trastornos mentales debidos al uso de drogas (drogodependencia, toxicomanía)",0,1936691,0.0
2020,female,5-9,,Accidentes de tráfico,2,1113557,0.1796
2020,female,5-9,,Agresiones (homicidio),1,1113557,0.0898
2020,female,5-9,,Envenenamiento accidental por psicofármacos y drogas de abuso,0,1113557,0.0
2020,female,5-9,,Eventos de intención no determinada,0,1113557,0.0
2020,female,5-9,,Suicidio y lesiones autoinfligidas,0,1113557,0.0
2020,female,5-9,I-XXII,Todas las causas,72,1113557,6.4658
2020,female,5-9,,"Trastornos mentales debidos al uso de drogas (drogodependencia, toxicomanía)",0,1113557,0.0
2020,female,50-54,,Accidentes de tráfico,21,1844355,1.1386
2020,female,50-54,,Agresiones (homicidio),11,1844355,0.5964
2020,female,50-54,,Envenenamiento accidental por psicofármacos y drogas de abuso,28,1844355,1.5181
2020,female,50-54,,Eventos de intención no determinada,0,1844355,0.0
2020,female,50-54,,Suicidio y lesiones autoinfligidas,117,1844355,6.3437
2020,female,50-54,I-XXII,Todas las causas,3480,1844355,188.6838
2020,female,50-54,,"Trastornos mentales debidos al uso de drogas (drogodependencia, toxicomanía)",0,1844355,0.0
2020,female,55-59,,Accidentes de tráfico,18,1723470,1.0444
2020,female,55-59,,Agresiones (homicidio),7,1723470,0.4062
2020,female,55-59,,Envenenamiento accidental por psicofármacos y drogas de abuso,24,1723470,1.3925
2020,female,55-59,,Eventos de intención no determinada,1,1723470,0.058
2020,female,55-59,,Suicidio y lesiones autoinfligidas,137,1723470,7.9491
2020,female,55-59,I-XXII,Todas las causas,5300,1723470,307.5191
2020,female,55-59,,"Trastornos mentales debidos al uso de drogas (drogodependencia, toxicomanía)",1,1723470,0.058
2020,female,60-64,,Accidentes de tráfico,11,1523981,0.7218
2020,female,60-64,,Agresiones (homicidio),8,1523981,0.5249
2020,female,60-64,,Envenenamiento accidental por psicofármacos y drogas de abuso,10,1523981,0.6562
2020,female,60-64,,Eventos de intención no determinada,1,1523981,0.0656
2020,female,60-64,,Suicidio y lesiones autoinfligidas,88,1523981,5.7744
2020,female,60-64,I-XXII,Todas las causas,7107,1523981,466.3444
2020,female,60-64,,"Trastornos mentales debidos al uso de drogas (drogodependencia, toxicomanía)",1,1523981,0.0656
2020,female,65-69,,Accidentes de tráfico,16,1283317,1.2468
2020,female,65-69,,Agresiones (homicidio),8,1283317,0.6234
2020,female,65-69,,Envenenamiento accidental por psicofármacos y drogas de abuso,11,1283317,0.8572
2020,female,65-69,,Eventos de intención no determinada,0,1283317,0.0
2020,female,65-69,,Suicidio y lesiones autoinfligidas,59,1283317,4.5975
2020,female,65-69,I-XXII,Todas las causas,8816,1283317,686.9698
2020,female,65-69,,"Trastornos mentales debidos al uso de drogas (drogodependencia, toxicomanía)",1,1283317,0.0779
2020,female,70-74,,Accidentes de tráfico,18,1186959,1.5165
2020,female,70-74,,Agresiones (homicidio),5,1186959,0.4212
2020,female,70-74,,Envenenamiento accidental por psicofármacos y drogas de abuso,8,1186959,0.674
2020,female,70-74,,Eventos de intención no determinada,1,1186959,0.0842
2020,female,70-74,,Suicidio y lesiones autoinfligidas,72,1186959,6.0659
2020,female,70-74,I-XXII,Todas las causas,13274,1186959,1118.32
2020,female,70-74,,"Trastornos mentales debidos al uso de drogas (drogodependencia, toxicomanía)",0,1186959,0.0
2020,female,75-79,,Accidentes de tráfico,31,978197,3.1691
2020,female,75-79,,Agresiones (homicidio),4,978197,0.4089
2020,female,75-79,,Envenenamiento accidental por psicofármacos y drogas de abuso,14,978197,1.4312
2020,female,75-79,,Eventos de intención no determinada,1,978197,0.1022
2020,female,75-79,,Suicidio y lesiones autoinfligidas,62,978197,6.3382
2020,female,75-79,I-XXII,Todas las causas,20192,978197,2064.2059
2020,female,75-79,,"Trastornos mentales debidos al uso de drogas (drogodependencia, toxicomanía)",0,978197,0.0
2020,female,80-84,,Accidentes de tráfico,20,761706,2.6257
2020,female,80-84,,Agresiones (homicidio),6,761706,0.7877
2020,female,80-84,,Envenenamiento accidental por psicofármacos y drogas de abuso,24,761706,3.1508
2020,female,80-84,,Eventos de intención no determinada,0,761706,0.0
2020,female,80-84,,Suicidio y lesiones autoinfligidas,56,761706,7.3519
2020,female,80-84,I-XXII,Todas las causas,34834,761706,4573.1555
2020,female,80-84,,"Trastornos mentales debidos al uso de drogas (drogodependencia, toxicomanía)",0,761706,0.0
2020,female,85-89,,Accidentes de tráfico,17,628539,2.7047
2020,female,85-89,,Agresiones (homicidio),3,628539,0.4773
2020,female,85-89,,Envenenamiento accidental por psicofármacos y drogas de abuso,32,628539,5.0912
2020,female,85-89,,Eventos de intención no determinada,0,628539,0.0
2020,female,85-89,,Suicidio y lesiones autoinfligidas,39,628539,6.2049
2020,female,85-89,I-XXII,Todas las causas,58838,628539,9361.0739
2020,female,85-89,,"Trastornos mentales debidos al uso de drogas (drogodependencia, toxicomanía)",0,628539,0.0
2020,female,90-94,,Accidentes de tráfico,8,303439,2.6364
2020,female,90-94,,Agresiones (homicidio),0,303439,0.0
2020,female,90-94,,Envenenamiento accidental por psicofármacos y drogas de abuso,33,303439,10.8753
2020,female,90-94,,Eventos de intención no determinada,1,303439,0.3296
2020,female,90-94,,Suicidio y lesiones autoinfligidas,21,303439,6.9207
2020,female,90-94,I-XXII,Todas las causas,55578,303439,18316.0372
2020,female,90-94,,"Trastornos mentales debidos al uso de drogas (drogodependencia, toxicomanía)",0,303439,0.0
2020,female,95+,,Accidentes de tráfico,2,94093,2.1256
2020,female,95+,,Agresiones (homicidio),0,94093,0.0
2020,female,95+,,Envenenamiento accidental por psicofármacos y drogas de abuso,6,94093,6.3767
2020,female,95+,,Eventos de intención no determinada,0,94093,0.0
2020,female,95+,,Suicidio y lesiones autoinfligidas,4,94093,4.2511
2020,female,95+,I-XXII,Todas las causas,31068,94093,33018.3967
2020,female,95+,,"Trastornos mentales debidos al uso de drogas (drogodependencia, toxicomanía)",0,94093,0.0
2020,female,<1,,Accidentes de tráfico,3,170813,1.7563
2020,female,<1,,Agresiones (homicidio),2,170813,1.1709
2020,female,<1,,Envenenamiento accidental por psicofármacos y drogas de abuso,0,170813,0.0
2020,female,<1,,Eventos de intención no determinada,0,170813,0.0
2020,female,<1,,Suicidio y lesiones autoinfligidas,0,170813,0.0
2020,female,<1,I-XXII,Todas las causas,394,170813,230.6616
2020,female,<1,,"Trastornos mentales debidos al uso de drogas (drogodependencia, toxicomanía)",0,170813,0.0
2020,female,all,,Accidentes de tráfico,295,24121834,1.223
2020,female,all,,Agresiones (homicidio),102,24121834,0.4229
2020,female,all,,Envenenamiento accidental por psicofármacos y drogas de abuso,271,24121834,1.1235
2020,female,all,,Eventos de intención no determinada,7,24121834,0.029
2020,female,all,,Suicidio y lesiones autoinfligidas,1011,24121834,4.1912
2020,female,all,I-XXII,Todas las causas,244112,24121834,1011.996
2020,female,all,,"Trastornos mentales debidos al uso de drogas (drogodependencia, toxicomanía)",4,24121834,0.0166
2020,male,1-4,,Accidentes de tráfico,3,824759,0.3637
2020,male,1-4,,Agresiones (homicidio),2,824759,0.2425
2020,male,1-4,,Envenenamiento accidental por psicofármacos y drogas de abuso,0,824759,0.0
2020,male,1-4,,Eventos de intención no determinada,0,824759,0.0
2020,male,1-4,,Suicidio y lesiones autoinfligidas,0,824759,0.0
2020,male,1-4,I-XXII,Todas las causas,117,824759,14.186
2020,male,1-4,,"Trastornos mentales debidos al uso de drogas (drogodependencia, toxicomanía)",0,824759,0.0
2020,male,10-14,,Accidentes de tráfico,8,1299107,0.6158
2020,male,10-14,,Agresiones (homicidio),4,1299107,0.3079
2020,male,10-14,,Envenenamiento accidental por psicofármacos y drogas de abuso,0,1299107,0.0
2020,male,10-14,,Eventos de intención no determinada,0,1299107,0.0
2020,male,10-14,,Suicidio y lesiones autoinfligidas,6,1299107,0.4619
2020,male,10-14,I-XXII,Todas las causas,109,1299107,8.3904
2020,male,10-14,,"Trastornos mentales debidos al uso de drogas (drogodependencia, toxicomanía)",0,1299107,0.0
2020,male,15-19,,Accidentes de tráfico,33,1237764,2.6661
2020,male,15-19,,Agresiones (homicidio),3,1237764,0.2424
2020,male,15-19,,Envenenamiento accidental por psicofármacos y drogas de abuso,7,1237764,0.5655
2020,male,15-19,,Eventos de intención no determinada,0,1237764,0.0
2020,male,15-19,,Suicidio y lesiones autoinfligidas,31,1237764,2.5045
2020,male,15-19,I-XXII,Todas las causas,242,1237764,19.5514
2020,male,15-19,,"Trastornos mentales debidos al uso de drogas (drogodependencia, toxicomanía)",0,1237764,0.0
2020,male,20-24,,Accidentes de tráfico,75,1209182,6.2025
2020,male,20-24,,Agresiones (homicidio),11,1209182,0.9097
2020,male,20-24,,Envenenamiento accidental por psicofármacos y drogas de abuso,19,1209182,1.5713
2020,male,20-24,,Eventos de intención no determinada,0,1209182,0.0
2020,male,20-24,,Suicidio y lesiones autoinfligidas,81,1209182,6.6987
2020,male,20-24,I-XXII,Todas las causas,458,1209182,37.8768
2020,male,20-24,,"Trastornos mentales debidos al uso de drogas (drogodependencia, toxicomanía)",0,1209182,0.0
2020,male,25-29,,Accidentes de tráfico,73,1291996,5.6502
2020,male,25-29,,Agresiones (homicidio),14,1291996,1.0836
2020,male,25-29,,Envenenamiento accidental por psicofármacos y drogas de abuso,30,1291996,2.322
2020,male,25-29,,Eventos de intención no determinada,0,1291996,0.0
2020,male,25-29,,Suicidio y lesiones autoinfligidas,115,1291996,8.901
2020,male,25-29,I-XXII,Todas las causas,580,1291996,44.8918
2020,male,25-29,,"Trastornos mentales debidos al uso de drogas (drogodependencia, toxicomanía)",0,1291996,0.0
2020,male,30-34,,Accidentes de tráfico,90,1402864,6.4154
2020,male,30-34,,Agresiones (homicidio),21,1402864,1.4969
2020,male,30-34,,Envenenamiento accidental por psicofármacos y drogas de abuso,68,1402864,4.8472
2020,male,30-34,,Eventos de intención no determinada,2,1402864,0.1426
2020,male,30-34,,Suicidio y lesiones autoinfligidas,139,1402864,9.9083
2020,male,30-34,I-XXII,Todas las causas,848,1402864,60.4478
2020,male,30-34,,"Trastornos mentales debidos al uso de drogas (drogodependencia, toxicomanía)",1,1402864,0.0713
2020,male,35-39,,Accidentes de tráfico,92,1660438,5.5407
2020,male,35-39,,Agresiones (homicidio),16,1660438,0.9636
2020,male,35-39,,Envenenamiento accidental por psicofármacos y drogas de abuso,90,1660438,5.4203
2020,male,35-39,,Eventos de intención no determinada,0,1660438,0.0
2020,male,35-39,,Suicidio y lesiones autoinfligidas,174,1660438,10.4792
2020,male,35-39,I-XXII,Todas las causas,1250,1660438,75.2813
2020,male,35-39,,"Trastornos mentales debidos al uso de drogas (drogodependencia, toxicomanía)",3,1660438,0.1807
2020,male,40-44,,Accidentes de tráfico,106,2002145,5.2943
2020,male,40-44,,Agresiones (homicidio),19,2002145,0.949
2020,male,40-44,,Envenenamiento accidental por psicofármacos y drogas de abuso,113,2002145,5.6439
2020,male,40-44,,Eventos de intención no determinada,6,2002145,0.2997
2020,male,40-44,,Suicidio y lesiones autoinfligidas,275,2002145,13.7353
2020,male,40-44,I-XXII,Todas las causas,2273,2002145,113.5282
2020,male,40-44,,"Trastornos mentales debidos al uso de drogas (drogodependencia, toxicomanía)",3,2002145,0.1498
2020,male,45-49,,Accidentes de tráfico,102,1982109,5.146
2020,male,45-49,,Agresiones (homicidio),21,1982109,1.0595
2020,male,45-49,,Envenenamiento accidental por psicofármacos y drogas de abuso,114,1982109,5.7514
2020,male,45-49,,Eventos de intención no determinada,6,1982109,0.3027
2020,male,45-49,,Suicidio y lesiones autoinfligidas,301,1982109,15.1858
2020,male,45-49,I-XXII,Todas las causas,3912,1982109,197.3655
2020,male,45-49,,"Trastornos mentales debidos al uso de drogas (drogodependencia, toxicomanía)",6,1982109,0.3027
2020,male,5-9,,Accidentes de tráfico,3,1183133,0.2536
2020,male,5-9,,Agresiones (homicidio),1,1183133,0.0845
2020,male,5-9,,Envenenamiento accidental por psicofármacos y drogas de abuso,0,1183133,0.0
2020,male,5-9,,Eventos de intención no determinada,0,1183133,0.0
2020,male,5-9,,Suicidio y lesiones autoinfligidas,1,1183133,0.0845
2020,male,5-9,I-XXII,Todas las causas,67,1183133,5.6629
2020,male,5-9,,"Trastornos mentales debidos al uso de drogas (drogodependencia, toxicomanía)",0,1183133,0.0
2020,male,50-54,,Accidentes de tráfico,101,1839099,5.4918
2020,male,50-54,,Agresiones (homicidio),13,1839099,0.7069
2020,male,50-54,,Envenenamiento accidental por psicofármacos y drogas de abuso,100,1839099,5.4374
2020,male,50-54,,Eventos de intención no determinada,4,1839099,0.2175
2020,male,50-54,,Suicidio y lesiones autoinfligidas,323,1839099,17.5629
2020,male,50-54,I-XXII,Todas las causas,6909,1839099,375.6731
2020,male,50-54,,"Trastornos mentales debidos al uso de drogas (drogodependencia, toxicomanía)",7,1839099,0.3806
2020,male,55-59,,Accidentes de tráfico,114,1668751,6.8315
2020,male,55-59,,Agresiones (homicidio),18,1668751,1.0787
2020,male,55-59,,Envenenamiento accidental por psicofármacos y drogas de abuso,51,1668751,3.0562
2020,male,55-59,,Eventos de intención no determinada,1,1668751,0.0599
2020,male,55-59,,Suicidio y lesiones autoinfligidas,277,1668751,16.5992
2020,male,55-59,I-XXII,Todas las causas,10547,1668751,632.0296
2020,male,55-59,,"Trastornos mentales debidos al uso de drogas (drogodependencia, toxicomanía)",7,1668751,0.4195
2020,male,60-64,,Accidentes de tráfico,78,1434198,5.4386
2020,male,60-64,,Agresiones (homicidio),13,1434198,0.9064
2020,male,60-64,,Envenenamiento accidental por psicofármacos y drogas de abuso,18,1434198,1.2551
2020,male,60-64,,Eventos de intención no determinada,2,1434198,0.1395
2020,male,60-64,,Suicidio y lesiones autoinfligidas,239,1434198,16.6644
2020,male,60-64,I-XXII,Todas las causas,14860,1434198,1036.1191
2020,male,60-64,,"Trastornos mentales debidos al uso de drogas (drogodependencia, toxicomanía)",2,1434198,0.1395
2020,male,65-69,,Accidentes de tráfico,62,1167376,5.3111
2020,male,65-69,,Agresiones (homicidio),12,1167376,1.0279
2020,male,65-69,,Envenenamiento accidental por psicofármacos y drogas de abuso,16,1167376,1.3706
2020,male,65-69,,Eventos de intención no determinada,1,1167376,0.0857
2020,male,65-69,,Suicidio y lesiones autoinfligidas,186,1167376,15.9332
2020,male,65-69,I-XXII,Todas las causas,18720,1167376,1603.5964
2020,male,65-69,,"Trastornos mentales debidos al uso de drogas (drogodependencia, toxicomanía)",1,1167376,0.0857
2020,male,70-74,,Accidentes de tráfico,53,1018822,5.2021
2020,male,70-74,,Agresiones (homicidio),6,1018822,0.5889
2020,male,70-74,,Envenenamiento accidental por psicofármacos y drogas de abuso,17,1018822,1.6686
2020,male,70-74,,Eventos de intención no determinada,1,1018822,0.0982
2020,male,70-74,,Suicidio y lesiones autoinfligidas,192,1018822,18.8453
2020,male,70-74,I-XXII,Todas las causas,25542,1018822,2507.013
2020,male,70-74,,"Trastornos mentales debidos al uso de drogas (drogodependencia, toxicomanía)",0,1018822,0.0
2020,male,75-79,,Accidentes de tráfico,61,778342,7.8372
2020,male,75-79,,Agresiones (homicidio),3,778342,0.3854
2020,male,75-79,,Envenenamiento accidental por psicofármacos y drogas de abuso,10,778342,1.2848
2020,male,75-79,,Eventos de intención no determinada,1,778342,0.1285
2020,male,75-79,,Suicidio y lesiones autoinfligidas,162,778342,20.8135
2020,male,75-79,I-XXII,Todas las causas,32183,778342,4134.8148
2020,male,75-79,,"Trastornos mentales debidos al uso de drogas (drogodependencia, toxicomanía)",0,778342,0.0
2020,male,80-84,,Accidentes de tráfico,50,518901,9.6357
2020,male,80-84,,Agresiones (homicidio),4,518901,0.7709
2020,male,80-84,,Envenenamiento accidental por psicofármacos y drogas de abuso,16,518901,3.0834
2020,male,80-84,,Eventos de intención no determinada,1,518901,0.1927
2020,male,80-84,,Suicidio y lesiones autoinfligidas,184,518901,35.4596
2020,male,80-84,I-XXII,Todas las causas,39211,518901,7556.5474
2020,male,80-84,,"Trastornos mentales debidos al uso de drogas (drogodependencia, toxicomanía)",0,518901,0.0
2020,male,85-89,,Accidentes de tráfico,49,359695,13.6227
2020,male,85-89,,Agresiones (homicidio),0,359695,0.0
2020,male,85-89,,Envenenamiento accidental por psicofármacos y drogas de abuso,18,359695,5.0042
2020,male,85-89,,Eventos de intención no determinada,1,359695,0.278
2020,male,85-89,,Suicidio y lesiones autoinfligidas,146,359695,40.5899
2020,male,85-89,I-XXII,Todas las causas,48556,359695,13499.2146
2020,male,85-89,,"Trastornos mentales debidos al uso de drogas (drogodependencia, toxicomanía)",0,359695,0.0
2020,male,90-94,,Accidentes de tráfico,10,134165,7.4535
2020,male,90-94,,Agresiones (homicidio),2,134165,1.4907
2020,male,90-94,,Envenenamiento accidental por psicofármacos y drogas de abuso,13,134165,9.6896
2020,male,90-94,,Eventos de intención no determinada,1,134165,0.7454
2020,male,90-94,,Suicidio y lesiones autoinfligidas,77,134165,57.392
2020,male,90-94,I-XXII,Todas las causas,31606,134165,23557.5597
2020,male,90-94,,"Trastornos mentales debidos al uso de drogas (drogodependencia, toxicomanía)",0,134165,0.0
2020,male,95+,,Accidentes de tráfico,5,29979,16.6783
2020,male,95+,,Agresiones (homicidio),2,29979,6.6713
2020,male,95+,,Envenenamiento accidental por psicofármacos y drogas de abuso,2,29979,6.6713
2020,male,95+,,Eventos de intención no determinada,0,29979,0.0
2020,male,95+,,Suicidio y lesiones autoinfligidas,21,29979,70.049
2020,male,95+,I-XXII,Todas las causas,11178,29979,37286.1003
2020,male,95+,,"Trastornos mentales debidos al uso de drogas (drogodependencia, toxicomanía)",0,29979,0.0
2020,male,<1,,Accidentes de tráfico,0,180193,0.0
2020,male,<1,,Agresiones (homicidio),2,180193,1.1099
2020,male,<1,,Envenenamiento accidental por psicofármacos y drogas de abuso,1,180193,0.555
2020,male,<1,,Eventos de intención no determinada,0,180193,0.0
2020,male,<1,,Suicidio y lesiones autoinfligidas,0,180193,0.0
2020,male,<1,I-XXII,Todas las causas,496,180193,275.2604
2020,male,<1,,"Trastornos mentales debidos al uso de drogas (drogodependencia, toxicomanía)",0,180193,0.0
2020,male,all,,Accidentes de tráfico,1168,23223018,5.0295
2020,male,all,,Agresiones (homicidio),187,23223018,0.8052
2020,male,all,,Envenenamiento accidental por psicofármacos y drogas de abuso,703,23223018,3.0272
2020,male,all,,Eventos de intención no determinada,27,23223018,0.1163
2020,male,all,,Suicidio y lesiones autoinfligidas,2930,23223018,12.6168
2020,male,all,I-XXII,Todas las causas,249664,23223018,1075.0713
2020,male,all,,"Trastornos mentales debidos al uso de drogas (drogodependencia, toxicomanía)",30,23223018,0.1292
2021,all,1-4,,Accidentes de tráfico,7,1533431,0.4565
2021,all,1-4,,Agresiones (homicidio),4,1533431,0.2609
2021,all,1-4,,Envenenamiento accidental por psicofármacos y drogas de abuso,0,1533431,0.0
2021,all,1-4,,Eventos de intención no determinada,0,1533431,0.0
2021,all,1-4,,Suicidio y lesiones autoinfligidas,0,1533431,0.0
2021,all,1-4,I-XXII,Todas las causas,189,1533431,12.3253
2021,all,1-4,,"Trastornos mentales debidos al uso de drogas (drogodependencia, toxicomanía)",0,1533431,0.0
2021,all,10-14,,Accidentes de tráfico,8,2516246,0.3179
2021,all,10-14,,Agresiones (homicidio),1,2516246,0.0397
2021,all,10-14,,Envenenamiento accidental por psicofármacos y drogas de abuso,0,2516246,0.0
2021,all,10-14,,Eventos de intención no determinada,0,2516246,0.0
2021,all,10-14,,Suicidio y lesiones autoinfligidas,22,2516246,0.8743
2021,all,10-14,I-XXII,Todas las causas,215,2516246,8.5445
2021,all,10-14,,"Trastornos mentales debidos al uso de drogas (drogodependencia, toxicomanía)",0,2516246,0.0
2021,all,15-19,,Accidentes de tráfico,76,2436768,3.1189
2021,all,15-19,,Agresiones (homicidio),10,2436768,0.4104
2021,all,15-19,,Envenenamiento accidental por psicofármacos y drogas de abuso,11,2436768,0.4514
2021,all,15-19,,Eventos de intención no determinada,0,2436768,0.0
2021,all,15-19,,Suicidio y lesiones autoinfligidas,53,2436768,2.175
2021,all,15-19,I-XXII,Todas las causas,438,2436768,17.9746
2021,all,15-19,,"Trastornos mentales debidos al uso de drogas (drogodependencia, toxicomanía)",0,2436768,0.0
2021,all,20-24,,Accidentes de tráfico,134,2378969,5.6327
2021,all,20-24,,Agresiones (homicidio),16,2378969,0.6726
2021,all,20-24,,Envenenamiento accidental por psicofármacos y drogas de abuso,25,2378969,1.0509
2021,all,20-24,,Eventos de intención no determinada,0,2378969,0.0
2021,all,20-24,,Suicidio y lesiones autoinfligidas,126,2378969,5.2964
2021,all,20-24,I-XXII,Todas las causas,697,2378969,29.2984
2021,all,20-24,,"Trastornos mentales debidos al uso de drogas (drogodependencia, toxicomanía)",0,2378969,0.0
2021,all,25-29,,Accidentes de tráfico,89,2517756,3.5349
2021,all,25-29,,Agresiones (homicidio),14,2517756,0.5561
2021,all,25-29,,Envenenamiento accidental por psicofármacos y drogas de abuso,37,2517756,1.4696
2021,all,25-29,,Eventos de intención no determinada,2,2517756,0.0794
2021,all,25-29,,Suicidio y lesiones autoinfligidas,137,2517756,5.4414
2021,all,25-29,I-XXII,Todas las causas,806,2517756,32.0126
2021,all,25-29,,"Trastornos mentales debidos al uso de drogas (drogodependencia, toxicomanía)",0,2517756,0.0
2021,all,30-34,,Accidentes de tráfico,106,2754706,3.848
2021,all,30-34,,Agresiones (homicidio),21,2754706,0.7623
2021,all,30-34,,Envenenamiento accidental por psicofármacos y drogas de abuso,76,2754706,2.7589
2021,all,30-34,,Eventos de intención no determinada,2,2754706,0.0726
2021,all,30-34,,Suicidio y lesiones autoinfligidas,185,2754706,6.7158
2021,all,30-34,I-XXII,Todas las causas,1206,2754706,43.7796
2021,all,30-34,,"Trastornos mentales debidos al uso de drogas (drogodependencia, toxicomanía)",0,2754706,0.0
2021,all,35-39,,Accidentes de tráfico,116,3176167,3.6522
2021,all,35-39,,Agresiones (homicidio),37,3176167,1.1649
2021,all,35-39,,Envenenamiento accidental por psicofármacos y drogas de abuso,76,3176167,2.3928
2021,all,35-39,,Eventos de intención no determinada,5,3176167,0.1574
2021,all,35-39,,Suicidio y lesiones autoinfligidas,229,3176167,7.2099
2021,all,35-39,I-XXII,Todas las causas,1898,3176167,59.7576
2021,all,35-39,,"Trastornos mentales debidos al uso de drogas (drogodependencia, toxicomanía)",4,3176167,0.1259
2021,all,40-44,,Accidentes de tráfico,122,3866751,3.1551
2021,all,40-44,,Agresiones (homicidio),30,3866751,0.7758
2021,all,40-44,,Envenenamiento accidental por psicofármacos y drogas de abuso,122,3866751,3.1551
2021,all,40-44,,Eventos de intención no determinada,4,3866751,0.1034
2021,all,40-44,,Suicidio y lesiones autoinfligidas,355,3866751,9.1808
2021,all,40-44,I-XXII,Todas las causas,3410,3866751,88.1877
2021,all,40-44,,"Trastornos mentales debidos al uso de drogas (drogodependencia, toxicomanía)",6,3866751,0.1552
2021,all,45-49,,Accidentes de tráfico,137,3971598,3.4495
2021,all,45-49,,Agresiones (homicidio),30,3971598,0.7554
2021,all,45-49,,Envenenamiento accidental por psicofármacos y drogas de abuso,135,3971598,3.3991
2021,all,45-49,,Eventos de intención no determinada,10,3971598,0.2518
2021,all,45-49,,Suicidio y lesiones autoinfligidas,438,3971598,11.0283
2021,all,45-49,I-XXII,Todas las causas,5851,3971598,147.3211
2021,all,45-49,,"Trastornos mentales debidos al uso de drogas (drogodependencia, toxicomanía)",7,3971598,0.1763
2021,all,5-9,,Accidentes de tráfico,10,2252820,0.4439
2021,all,5-9,,Agresiones (homicidio),3,2252820,0.1332
2021,all,5-9,,Envenenamiento accidental por psicofármacos y drogas de abuso,0,2252820,0.0
2021,all,5-9,,Eventos de intención no determinada,0,2252820,0.0
2021,all,5-9,,Suicidio y lesiones autoinfligidas,0,2252820,0.0
2021,all,5-9,I-XXII,Todas las causas,170,2252820,7.5461
2021,all,5-9,,"Trastornos mentales debidos al uso de drogas (drogodependencia, toxicomanía)",0,2252820,0.0
2021,all,50-54,,Accidentes de tráfico,145,3717783,3.9002
2021,all,50-54,,Agresiones (homicidio),34,3717783,0.9145
2021,all,50-54,,Envenenamiento accidental por psicofármacos y drogas de abuso,144,3717783,3.8733
2021,all,50-54,,Eventos de intención no determinada,13,3717783,0.3497
2021,all,50-54,,Suicidio y lesiones autoinfligidas,460,3717783,12.373
2021,all,50-54,I-XXII,Todas las causas,9903,3717783,266.3684
2021,all,50-54,,"Trastornos mentales debidos al uso de drogas (drogodependencia, toxicomanía)",11,3717783,0.2959
2021,all,55-59,,Accidentes de tráfico,134,3455499,3.8779
2021,all,55-59,,Agresiones (homicidio),13,3455499,0.3762
2021,all,55-59,,Envenenamiento accidental por psicofármacos y drogas de abuso,87,3455499,2.5177
2021,all,55-59,,Eventos de intención no determinada,7,3455499,0.2026
2021,all,55-59,,Suicidio y lesiones autoinfligidas,407,3455499,11.7783
2021,all,55-59,I-XXII,Todas las causas,15544,3455499,449.8337
2021,all,55-59,,"Trastornos mentales debidos al uso de drogas (drogodependencia, toxicomanía)",9,3455499,0.2605
2021,all,60-64,,Accidentes de tráfico,123,3044537,4.04
2021,all,60-64,,Agresiones (homicidio),22,3044537,0.7226
2021,all,60-64,,Envenenamiento accidental por psicofármacos y drogas de abuso,51,3044537,1.6751
2021,all,60-64,,Eventos de intención no determinada,5,3044537,0.1642
2021,all,60-64,,Suicidio y lesiones autoinfligidas,356,3044537,11.6931
2021,all,60-64,I-XXII,Todas las causas,21994,3044537,722.4087
2021,all,60-64,,"Trastornos mentales debidos al uso de drogas (drogodependencia, toxicomanía)",3,3044537,0.0985
2021,all,65-69,,Accidentes de tráfico,88,2511868,3.5034
2021,all,65-69,,Agresiones (homicidio),13,2511868,0.5175
2021,all,65-69,,Envenenamiento accidental por psicofármacos y drogas de abuso,20,2511868,0.7962
2021,all,65-69,,Eventos de intención no determinada,3,2511868,0.1194
2021,all,65-69,,Suicidio y lesiones autoinfligidas,236,2511868,9.3954
2021,all,65-69,I-XXII,Todas las causas,27465,2511868,1093.4094
2021,all,65-69,,"Trastornos mentales debidos al uso de drogas (drogodependencia, toxicomanía)",1,2511868,0.0398
2021,all,70-74,,Accidentes de tráfico,73,2213620,3.2978
2021,all,70-74,,Agresiones (homicidio),6,2213620,0.271
2021,all,70-74,,Envenenamiento accidental por psicofármacos y drogas de abuso,28,2213620,1.2649
2021,all,70-74,,Eventos de intención no determinada,1,2213620,0.0452
2021,all,70-74,,Suicidio y lesiones autoinfligidas,218,2213620,9.8481
2021,all,70-74,I-XXII,Todas las causas,36355,2213620,1642.3325
2021,all,70-74,,"Trastornos mentales debidos al uso de drogas (drogodependencia, toxicomanía)",0,2213620,0.0
2021,all,75-79,,Accidentes de tráfico,90,1805839,4.9838
2021,all,75-79,,Agresiones (homicidio),9,1805839,0.4984
2021,all,75-79,,Envenenamiento accidental por psicofármacos y drogas de abuso,27,1805839,1.4951
2021,all,75-79,,Eventos de intención no determinada,5,1805839,0.2769
2021,all,75-79,,Suicidio y lesiones autoinfligidas,262,1805839,14.5085
2021,all,75-79,I-XXII,Todas las causas,48847,1805839,2704.9477
2021,all,75-79,,"Trastornos mentales debidos al uso de drogas (drogodependencia, toxicomanía)",1,1805839,0.0554
2021,all,80-84,,Accidentes de tráfico,70,1277648,5.4788
2021,all,80-84,,Agresiones (homicidio),10,1277648,0.7827
2021,all,80-84,,Envenenamiento accidental por psicofármacos y drogas de abuso,33,1277648,2.5829
2021,all,80-84,,Eventos de intención no determinada,1,1277648,0.0783
2021,all,80-84,,Suicidio y lesiones autoinfligidas,227,1277648,17.767
2021,all,80-84,I-XXII,Todas las causas,64074,1277648,5014.9963
2021,all,80-84,,"Trastornos mentales debidos al uso de drogas (drogodependencia, toxicomanía)",1,1277648,0.0783
2021,all,85-89,,Accidentes de tráfico,53,999335,5.3035
2021,all,85-89,,Agresiones (homicidio),4,999335,0.4003
2021,all,85-89,,Envenenamiento accidental por psicofármacos y drogas de abuso,40,999335,4.0027
2021,all,85-89,,Eventos de intención no determinada,1,999335,0.1001
2021,all,85-89,,Suicidio y lesiones autoinfligidas,182,999335,18.2121
2021,all,85-89,I-XXII,Todas las causas,94365,999335,9442.7794
2021,all,85-89,,"Trastornos mentales debidos al uso de drogas (drogodependencia, toxicomanía)",0,999335,0.0
2021,all,90-94,,Accidentes de tráfico,13,457613,2.8408
2021,all,90-94,,Agresiones (homicidio),2,457613,0.4371
2021,all,90-94,,Envenenamiento accidental por psicofármacos y drogas de abuso,37,457613,8.0854
2021,all,90-94,,Eventos de intención no determinada,1,457613,0.2185
2021,all,90-94,,Suicidio y lesiones autoinfligidas,89,457613,19.4487
2021,all,90-94,I-XXII,Todas las causas,78091,457613,17064.8561
2021,all,90-94,,"Trastornos mentales debidos al uso de drogas (drogodependencia, toxicomanía)",0,457613,0.0
2021,all,95+,,Accidentes de tráfico,3,130421,2.3002
2021,all,95+,,Agresiones (homicidio),2,130421,1.5335
2021,all,95+,,Envenenamiento accidental por psicofármacos y drogas de abuso,10,130421,7.6675
2021,all,95+,,Eventos de intención no determinada,0,130421,0.0
2021,all,95+,,Suicidio y lesiones autoinfligidas,21,130421,16.1017
2021,all,95+,I-XXII,Todas las causas,38365,130421,29416.275
2021,all,95+,,"Trastornos mentales debidos al uso de drogas (drogodependencia, toxicomanía)",0,130421,0.0
2021,all,<1,,Accidentes de tráfico,2,327461,0.6108
2021,all,<1,,Agresiones (homicidio),2,327461,0.6108
2021,all,<1,,Envenenamiento accidental por psicofármacos y drogas de abuso,0,327461,0.0
2021,all,<1,,Eventos de intención no determinada,1,327461,0.3054
2021,all,<1,,Suicidio y lesiones autoinfligidas,0,327461,0.0
2021,all,<1,I-XXII,Todas las causas,861,327461,262.9321
2021,all,<1,,"Trastornos mentales debidos al uso de drogas (drogodependencia, toxicomanía)",0,327461,0.0
2021,all,all,,Accidentes de tráfico,1599,47346836,3.3772
2021,all,all,,Agresiones (homicidio),283,47346836,0.5977
2021,all,all,,Envenenamiento accidental por psicofármacos y drogas de abuso,959,47346836,2.0255
2021,all,all,,Eventos de intención no determinada,61,47346836,0.1288
2021,all,all,,Suicidio y lesiones autoinfligidas,4003,47346836,8.4546
2021,all,all,I-XXII,Todas las causas,450744,47346836,952.0045
2021,all,all,,"Trastornos mentales debidos al uso de drogas (drogodependencia, toxicomanía)",43,47346836,0.0908
2021,female,1-4,,Accidentes de tráfico,2,745443,0.2683
2021,female,1-4,,Agresiones (homicidio),2,745443,0.2683
2021,female,1-4,,Envenenamiento accidental por psicofármacos y drogas de abuso,0,745443,0.0
2021,female,1-4,,Eventos de intención no determinada,0,745443,0.0
2021,female,1-4,,Suicidio y lesiones autoinfligidas,0,745443,0.0
2021,female,1-4,I-XXII,Todas las causas,85,745443,11.4026
2021,female,1-4,,"Trastornos mentales debidos al uso de drogas (drogodependencia, toxicomanía)",0,745443,0.0
2021,female,10-14,,Accidentes de tráfico,3,1219543,0.246
2021,female,10-14,,Agresiones (homicidio),1,1219543,0.082
2021,female,10-14,,Envenenamiento accidental por psicofármacos y drogas de abuso,0,1219543,0.0
2021,female,10-14,,Eventos de intención no determinada,0,1219543,0.0
2021,female,10-14,,Suicidio y lesiones autoinfligidas,8,1219543,0.656
2021,female,10-14,I-XXII,Todas las causas,98,1219543,8.0358
2021,female,10-14,,"Trastornos mentales debidos al uso de drogas (drogodependencia, toxicomanía)",0,1219543,0.0
2021,female,15-19,,Accidentes de tráfico,14,1180935,1.1855
2021,female,15-19,,Agresiones (homicidio),3,1180935,0.254
2021,female,15-19,,Envenenamiento accidental por psicofármacos y drogas de abuso,0,1180935,0.0
2021,female,15-19,,Eventos de intención no determinada,0,1180935,0.0
2021,female,15-19,,Suicidio y lesiones autoinfligidas,25,1180935,2.117
2021,female,15-19,I-XXII,Todas las causas,133,1180935,11.2623
2021,female,15-19,,"Trastornos mentales debidos al uso de drogas (drogodependencia, toxicomanía)",0,1180935,0.0
2021,female,20-24,,Accidentes de tráfico,30,1155956,2.5953
2021,female,20-24,,Agresiones (homicidio),2,1155956,0.173
2021,female,20-24,,Envenenamiento accidental por psicofármacos y drogas de abuso,2,1155956,0.173
2021,female,20-24,,Eventos de intención no determinada,0,1155956,0.0
2021,female,20-24,,Suicidio y lesiones autoinfligidas,30,1155956,2.5953
2021,female,20-24,I-XXII,Todas las causas,189,1155956,16.3501
2021,female,20-24,,"Trastornos mentales debidos al uso de drogas (drogodependencia, toxicomanía)",0,1155956,0.0
2021,female,25-29,,Accidentes de tráfico,10,1237874,0.8078
2021,female,25-29,,Agresiones (homicidio),5,1237874,0.4039
2021,female,25-29,,Envenenamiento accidental por psicofármacos y drogas de abuso,3,1237874,0.2424
2021,female,25-29,,Eventos de intención no determinada,0,1237874,0.0
2021,female,25-29,,Suicidio y lesiones autoinfligidas,24,1237874,1.9388
2021,female,25-29,I-XXII,Todas las causas,210,1237874,16.9646
2021,female,25-29,,"Trastornos mentales debidos al uso de drogas (drogodependencia, toxicomanía)",0,1237874,0.0
2021,female,30-34,,Accidentes de tráfico,16,1371127,1.1669
2021,female,30-34,,Agresiones (homicidio),7,1371127,0.5105
2021,female,30-34,,Envenenamiento accidental por psicofármacos y drogas de abuso,13,1371127,0.9481
2021,female,30-34,,Eventos de intención no determinada,0,1371127,0.0
2021,female,30-34,,Suicidio y lesiones autoinfligidas,42,1371127,3.0632
2021,female,30-34,I-XXII,Todas las causas,365,1371127,26.6204
2021,female,30-34,,"Trastornos mentales debidos al uso de drogas (drogodependencia, toxicomanía)",0,1371127,0.0
2021,female,35-39,,Accidentes de tráfico,20,1587291,1.26
2021,female,35-39,,Agresiones (homicidio),12,1587291,0.756
2021,female,35-39,,Envenenamiento accidental por psicofármacos y drogas de abuso,15,1587291,0.945
2021,female,35-39,,Eventos de intención no determinada,2,1587291,0.126
2021,female,35-39,,Suicidio y lesiones autoinfligidas,57,1587291,3.591
2021,female,35-39,I-XXII,Todas las causas,682,1587291,42.9663
2021,female,35-39,,"Trastornos mentales debidos al uso de drogas (drogodependencia, toxicomanía)",1,1587291,0.063
2021,female,40-44,,Accidentes de tráfico,11,1914383,0.5746
2021,female,40-44,,Agresiones (homicidio),11,1914383,0.5746
2021,female,40-44,,Envenenamiento accidental por psicofármacos y drogas de abuso,27,1914383,1.4104
2021,female,40-44,,Eventos de intención no determinada,1,1914383,0.0522
2021,female,40-44,,Suicidio y lesiones autoinfligidas,74,1914383,3.8655
2021,female,40-44,I-XXII,Todas las causas,1207,1914383,63.049
2021,female,40-44,,"Trastornos mentales debidos al uso de drogas (drogodependencia, toxicomanía)",3,1914383,0.1567
2021,female,45-49,,Accidentes de tráfico,19,1962554,0.9681
2021,female,45-49,,Agresiones (homicidio),6,1962554,0.3057
2021,female,45-49,,Envenenamiento accidental por psicofármacos y drogas de abuso,28,1962554,1.4267
2021,female,45-49,,Eventos de intención no determinada,2,1962554,0.1019
2021,female,45-49,,Suicidio y lesiones autoinfligidas,120,1962554,6.1145
2021,female,45-49,I-XXII,Todas las causas,2092,1962554,106.5958
2021,female,45-49,,"Trastornos mentales debidos al uso de drogas (drogodependencia, toxicomanía)",0,1962554,0.0
2021,female,5-9,,Accidentes de tráfico,4,1092751,0.366
2021,female,5-9,,Agresiones (homicidio),1,1092751,0.0915
2021,female,5-9,,Envenenamiento accidental por psicofármacos y drogas de abuso,0,1092751,0.0
2021,female,5-9,,Eventos de intención no determinada,0,1092751,0.0
2021,female,5-9,,Suicidio y lesiones autoinfligidas,0,1092751,0.0
2021,female,5-9,I-XXII,Todas las causas,84,1092751,7.687
2021,female,5-9,,"Trastornos mentales debidos al uso de drogas (drogodependencia, toxicomanía)",0,1092751,0.0
2021,female,50-54,,Accidentes de tráfico,20,1857492,1.0767
2021,female,50-54,,Agresiones (homicidio),5,1857492,0.2692
2021,female,50-54,,Envenenamiento accidental por psicofármacos y drogas de abuso,25,1857492,1.3459
2021,female,50-54,,Eventos de intención no determinada,1,1857492,0.0538
2021,female,50-54,,Suicidio y lesiones autoinfligidas,137,1857492,7.3755
2021,female,50-54,I-XXII,Todas las causas,3407,1857492,183.4194
2021,female,50-54,,"Trastornos mentales debidos al uso de drogas (drogodependencia, toxicomanía)",0,1857492,0.0
2021,female,55-59,,Accidentes de tráfico,15,1753135,0.8556
2021,female,55-59,,Agresiones (homicidio),4,1753135,0.2282
2021,female,55-59,,Envenenamiento accidental por psicofármacos y drogas de abuso,20,1753135,1.1408
2021,female,55-59,,Eventos de intención no determinada,3,1753135,0.1711
2021,female,55-59,,Suicidio y lesiones autoinfligidas,102,1753135,5.8181
2021,female,55-59,I-XXII,Todas las causas,4993,1753135,284.8041
2021,female,55-59,,"Trastornos mentales debidos al uso de drogas (drogodependencia, toxicomanía)",1,1753135,0.057
2021,female,60-64,,Accidentes de tráfico,25,1568026,1.5944
2021,female,60-64,,Agresiones (homicidio),8,1568026,0.5102
2021,female,60-64,,Envenenamiento accidental por psicofármacos y drogas de abuso,11,1568026,0.7015
2021,female,60-64,,Eventos de intención no determinada,2,1568026,0.1275
2021,female,60-64,,Suicidio y lesiones autoinfligidas,88,1568026,5.6122
2021,female,60-64,I-XXII,Todas las causas,7056,1568026,449.9925
2021,female,60-64,,"Trastornos mentales debidos al uso de drogas (drogodependencia, toxicomanía)",1,1568026,0.0638
2021,female,65-69,,Accidentes de tráfico,24,1314990,1.8251
2021,female,65-69,,Agresiones (homicidio),3,1314990,0.2281
2021,female,65-69,,Envenenamiento accidental por psicofármacos y drogas de abuso,8,1314990,0.6084
2021,female,65-69,,Eventos de intención no determinada,2,1314990,0.1521
2021,female,65-69,,Suicidio y lesiones autoinfligidas,75,1314990,5.7035
2021,female,65-69,I-XXII,Todas las causas,8834,1314990,671.7922
2021,female,65-69,,"Trastornos mentales debidos al uso de drogas (drogodependencia, toxicomanía)",0,1314990,0.0
2021,female,70-74,,Accidentes de tráfico,23,1189678,1.9333
2021,female,70-74,,Agresiones (homicidio),3,1189678,0.2522
2021,female,70-74,,Envenenamiento accidental por psicofármacos y drogas de abuso,14,1189678,1.1768
2021,female,70-74,,Eventos de intención no determinada,0,1189678,0.0
2021,female,70-74,,Suicidio y lesiones autoinfligidas,56,1189678,4.7072
2021,female,70-74,I-XXII,Todas las causas,12455,1189678,1046.9219
2021,female,70-74,,"Trastornos mentales debidos al uso de drogas (drogodependencia, toxicomanía)",0,1189678,0.0
2021,female,75-79,,Accidentes de tráfico,30,1005618,2.9832
2021,female,75-79,,Agresiones (homicidio),4,1005618,0.3978
2021,female,75-79,,Envenenamiento accidental por psicofármacos y drogas de abuso,14,1005618,1.3922
2021,female,75-79,,Eventos de intención no determinada,3,1005618,0.2983
2021,female,75-79,,Suicidio y lesiones autoinfligidas,65,1005618,6.4637
2021,female,75-79,I-XXII,Todas las causas,18951,1005618,1884.5128
2021,female,75-79,,"Trastornos mentales debidos al uso de drogas (drogodependencia, toxicomanía)",0,1005618,0.0
2021,female,80-84,,Accidentes de tráfico,20,756010,2.6455
2021,female,80-84,,Agresiones (homicidio),4,756010,0.5291
2021,female,80-84,,Envenenamiento accidental por psicofármacos y drogas de abuso,14,756010,1.8518
2021,female,80-84,,Eventos de intención no determinada,0,756010,0.0
2021,female,80-84,,Suicidio y lesiones autoinfligidas,59,756010,7.8041
2021,female,80-84,I-XXII,Todas las causas,29634,756010,3919.7894
2021,female,80-84,,"Trastornos mentales debidos al uso de drogas (drogodependencia, toxicomanía)",0,756010,0.0
2021,female,85-89,,Accidentes de tráfico,23,635225,3.6208
2021,female,85-89,,Agresiones (homicidio),2,635225,0.3148
2021,female,85-89,,Envenenamiento accidental por psicofármacos y drogas de abuso,23,635225,3.6208
2021,female,85-89,,Eventos de intención no determinada,0,635225,0.0
2021,female,85-89,,Suicidio y lesiones autoinfligidas,41,635225,6.4544
2021,female,85-89,I-XXII,Todas las causas,51232,635225,8065.1738
2021,female,85-89,,"Trastornos mentales debidos al uso de drogas (drogodependencia, toxicomanía)",0,635225,0.0
2021,female,90-94,,Accidentes de tráfico,5,316965,1.5775
2021,female,90-94,,Agresiones (homicidio),1,316965,0.3155
2021,female,90-94,,Envenenamiento accidental por psicofármacos y drogas de abuso,22,316965,6.9408
2021,female,90-94,,Eventos de intención no determinada,1,316965,0.3155
2021,female,90-94,,Suicidio y lesiones autoinfligidas,15,316965,4.7324
2021,female,90-94,I-XXII,Todas las causas,49254,316965,15539.2551
2021,female,90-94,,"Trastornos mentales debidos al uso de drogas (drogodependencia, toxicomanía)",0,316965,0.0
2021,female,95+,,Accidentes de tráfico,2,99306,2.014
2021,female,95+,,Agresiones (homicidio),1,99306,1.007
2021,female,95+,,Envenenamiento accidental por psicofármacos y drogas de abuso,9,99306,9.0629
2021,female,95+,,Eventos de intención no determinada,0,99306,0.0
2021,female,95+,,Suicidio y lesiones autoinfligidas,3,99306,3.021
2021,female,95+,I-XXII,Todas las causas,27990,99306,28185.6081
2021,female,95+,,"Trastornos mentales debidos al uso de drogas (drogodependencia, toxicomanía)",0,99306,0.0
2021,female,<1,,Accidentes de tráfico,0,159144,0.0
2021,female,<1,,Agresiones (homicidio),1,159144,0.6284
2021,female,<1,,Envenenamiento accidental por psicofármacos y drogas de abuso,0,159144,0.0
2021,female,<1,,Eventos de intención no determinada,0,159144,0.0
2021,female,<1,,Suicidio y lesiones autoinfligidas,0,159144,0.0
2021,female,<1,I-XXII,Todas las causas,383,159144,240.6625
2021,female,<1,,"Trastornos mentales debidos al uso de drogas (drogodependencia, toxicomanía)",0,159144,0.0
2021,female,all,,Accidentes de tráfico,316,24123446,1.3099
2021,female,all,,Agresiones (homicidio),86,24123446,0.3565
2021,female,all,,Envenenamiento accidental por psicofármacos y drogas de abuso,248,24123446,1.028
2021,female,all,,Eventos de intención no determinada,17,24123446,0.0705
2021,female,all,,Suicidio y lesiones autoinfligidas,1021,24123446,4.2324
2021,female,all,I-XXII,Todas las causas,219334,24123446,909.215
2021,female,all,,"Trastornos mentales debidos al uso de drogas (drogodependencia, toxicomanía)",6,24123446,0.0249
2021,male,1-4,,Accidentes de tráfico,5,787988,0.6345
2021,male,1-4,,Agresiones (homicidio),2,787988,0.2538
2021,male,1-4,,Envenenamiento accidental por psicofármacos y drogas de abuso,0,787988,0.0
2021,male,1-4,,Eventos de intención no determinada,0,787988,0.0
2021,male,1-4,,Suicidio y lesiones autoinfligidas,0,787988,0.0
2021,male,1-4,I-XXII,Todas las causas,104,787988,13.1982
2021,male,1-4,,"Trastornos mentales debidos al uso de drogas (drogodependencia, toxicomanía)",0,787988,0.0
2021,male,10-14,,Accidentes de tráfico,5,1296703,0.3856
2021,male,10-14,,Agresiones (homicidio),0,1296703,0.0
2021,male,10-14,,Envenenamiento accidental por psicofármacos y drogas de abuso,0,1296703,0.0
2021,male,10-14,,Eventos de intención no determinada,0,1296703,0.0
2021,male,10-14,,Suicidio y lesiones autoinfligidas,14,1296703,1.0797
2021,male,10-14,I-XXII,Todas las causas,117,1296703,9.0229
2021,male,10-14,,"Trastornos mentales debidos al uso de drogas (drogodependencia, toxicomanía)",0,1296703,0.0
2021,male,15-19,,Accidentes de tráfico,62,1255833,4.937
2021,male,15-19,,Agresiones (homicidio),7,1255833,0.5574
2021,male,15-19,,Envenenamiento accidental por psicofármacos y drogas de abuso,11,1255833,0.8759
2021,male,15-19,,Eventos de intención no determinada,0,1255833,0.0
2021,male,15-19,,Suicidio y lesiones autoinfligidas,28,1255833,2.2296
2021,male,15-19,I-XXII,Todas las causas,305,1255833,24.2867
2021,male,15-19,,"Trastornos mentales debidos al uso de drogas (drogodependencia, toxicomanía)",0,1255833,0.0
2021,male,20-24,,Accidentes de tráfico,104,1223013,8.5036
2021,male,20-24,,Agresiones (homicidio),14,1223013,1.1447
2021,male,20-24,,Envenenamiento accidental por psicofármacos y drogas de abuso,23,1223013,1.8806
2021,male,20-24,,Eventos de intención no determinada,0,1223013,0.0
2021,male,20-24,,Suicidio y lesiones autoinfligidas,96,1223013,7.8495
2021,male,20-24,I-XXII,Todas las causas,508,1223013,41.5368
2021,male,20-24,,"Trastornos mentales debidos al uso de drogas (drogodependencia, toxicomanía)",0,1223013,0.0
2021,male,25-29,,Accidentes de tráfico,79,1279882,6.1724
2021,male,25-29,,Agresiones (homicidio),9,1279882,0.7032
2021,male,25-29,,Envenenamiento accidental por psicofármacos y drogas de abuso,34,1279882,2.6565
2021,male,25-29,,Eventos de intención no determinada,2,1279882,0.1563
2021,male,25-29,,Suicidio y lesiones autoinfligidas,113,1279882,8.8289
2021,male,25-29,I-XXII,Todas las causas,596,1279882,46.5668
2021,male,25-29,,"Trastornos mentales debidos al uso de drogas (drogodependencia, toxicomanía)",0,1279882,0.0
2021,male,30-34,,Accidentes de tráfico,90,1383579,6.5049
2021,male,30-34,,Agresiones (homicidio),14,1383579,1.0119
2021,male,30-34,,Envenenamiento accidental por psicofármacos y drogas de abuso,63,1383579,4.5534
2021,male,30-34,,Eventos de intención no determinada,2,1383579,0.1446
2021,male,30-34,,Suicidio y lesiones autoinfligidas,143,1383579,10.3355
2021,male,30-34,I-XXII,Todas las causas,841,1383579,60.7844
2021,male,30-34,,"Trastornos mentales debidos al uso de drogas (drogodependencia, toxicomanía)",0,1383579,0.0
2021,male,35-39,,Accidentes de tráfico,96,1588876,6.042
2021,male,35-39,,Agresiones (homicidio),25,1588876,1.5734
2021,male,35-39,,Envenenamiento accidental por psicofármacos y drogas de abuso,61,1588876,3.8392
2021,male,35-39,,Eventos de intención no determinada,3,1588876,0.1888
2021,male,35-39,,Suicidio y lesiones autoinfligidas,172,1588876,10.8253
2021,male,35-39,I-XXII,Todas las causas,1216,1588876,76.5321
2021,male,35-39,,"Trastornos mentales debidos al uso de drogas (drogodependencia, toxicomanía)",3,1588876,0.1888
2021,male,40-44,,Accidentes de tráfico,111,1952368,5.6854
2021,male,40-44,,Agresiones (homicidio),19,1952368,0.9732
2021,male,40-44,,Envenenamiento accidental por psicofármacos y drogas de abuso,95,1952368,4.8659
2021,male,40-44,,Eventos de intención no determinada,3,1952368,0.1537
2021,male,40-44,,Suicidio y lesiones autoinfligidas,281,1952368,14.3928
2021,male,40-44,I-XXII,Todas las causas,2203,1952368,112.8373
2021,male,40-44,,"Trastornos mentales debidos al uso de drogas (drogodependencia, toxicomanía)",3,1952368,0.1537
2021,male,45-49,,Accidentes de tráfico,118,2009044,5.8734
2021,male,45-49,,Agresiones (homicidio),24,2009044,1.1946
2021,male,45-49,,Envenenamiento accidental por psicofármacos y drogas de abuso,107,2009044,5.3259
2021,male,45-49,,Eventos de intención no determinada,8,2009044,0.3982
2021,male,45-49,,Suicidio y lesiones autoinfligidas,318,2009044,15.8284
2021,male,45-49,I-XXII,Todas las causas,3759,2009044,187.1039
2021,male,45-49,,"Trastornos mentales debidos al uso de drogas (drogodependencia, toxicomanía)",7,2009044,0.3484
2021,male,5-9,,Accidentes de tráfico,6,1160069,0.5172
2021,male,5-9,,Agresiones (homicidio),2,1160069,0.1724
2021,male,5-9,,Envenenamiento accidental por psicofármacos y drogas de abuso,0,1160069,0.0
2021,male,5-9,,Eventos de intención no determinada,0,1160069,0.0
2021,male,5-9,,Suicidio y lesiones autoinfligidas,0,1160069,0.0
2021,male,5-9,I-XXII,Todas las causas,86,1160069,7.4134
2021,male,5-9,,"Trastornos mentales debidos al uso de drogas (drogodependencia, toxicomanía)",0,1160069,0.0
2021,male,50-54,,Accidentes de tráfico,125,1860291,6.7194
2021,male,50-54,,Agresiones (homicidio),29,1860291,1.5589
2021,male,50-54,,Envenenamiento accidental por psicofármacos y drogas de abuso,119,1860291,6.3968
2021,male,50-54,,Eventos de intención no determinada,12,1860291,0.6451
2021,male,50-54,,Suicidio y lesiones autoinfligidas,323,1860291,17.3629
2021,male,50-54,I-XXII,Todas las causas,6496,1860291,349.1927
2021,male,50-54,,"Trastornos mentales debidos al uso de drogas (drogodependencia, toxicomanía)",11,1860291,0.5913
2021,male,55-59,,Accidentes de tráfico,119,1702364,6.9903
2021,male,55-59,,Agresiones (homicidio),9,1702364,0.5287
2021,male,55-59,,Envenenamiento accidental por psicofármacos y drogas de abuso,67,1702364,3.9357
2021,male,55-59,,Eventos de intención no determinada,4,1702364,0.235
2021,male,55-59,,Suicidio y lesiones autoinfligidas,305,1702364,17.9163
2021,male,55-59,I-XXII,Todas las causas,10551,1702364,619.7852
2021,male,55-59,,"Trastornos mentales debidos al uso de drogas (drogodependencia, toxicomanía)",8,1702364,0.4699
2021,male,60-64,,Accidentes de tráfico,98,1476511,6.6373
2021,male,60-64,,Agresiones (homicidio),14,1476511,0.9482
2021,male,60-64,,Envenenamiento accidental por psicofármacos y drogas de abuso,40,1476511,2.7091
2021,male,60-64,,Eventos de intención no determinada,3,1476511,0.2032
2021,male,60-64,,Suicidio y lesiones autoinfligidas,268,1476511,18.1509
2021,male,60-64,I-XXII,Todas las causas,14938,1476511,1011.7094
2021,male,60-64,,"Trastornos mentales debidos al uso de drogas (drogodependencia, toxicomanía)",2,1476511,0.1355
2021,male,65-69,,Accidentes de tráfico,64,1196878,5.3472
2021,male,65-69,,Agresiones (homicidio),10,1196878,0.8355
2021,male,65-69,,Envenenamiento accidental por psicofármacos y drogas de abuso,12,1196878,1.0026
2021,male,65-69,,Eventos de intención no determinada,1,1196878,0.0836
2021,male,65-69,,Suicidio y lesiones autoinfligidas,161,1196878,13.4517
2021,male,65-69,I-XXII,Todas las causas,18631,1196878,1556.6332
2021,male,65-69,,"Trastornos mentales debidos al uso de drogas (drogodependencia, toxicomanía)",1,1196878,0.0836
2021,male,70-74,,Accidentes de tráfico,50,1023942,4.8831
2021,male,70-74,,Agresiones (homicidio),3,1023942,0.293
2021,male,70-74,,Envenenamiento accidental por psicofármacos y drogas de abuso,14,1023942,1.3673
2021,male,70-74,,Eventos de intención no determinada,1,1023942,0.0977
2021,male,70-74,,Suicidio y lesiones autoinfligidas,162,1023942,15.8212
2021,male,70-74,I-XXII,Todas las causas,23900,1023942,2334.1166
2021,male,70-74,,"Trastornos mentales debidos al uso de drogas (drogodependencia, toxicomanía)",0,1023942,0.0
2021,male,75-79,,Accidentes de tráfico,60,800221,7.4979
2021,male,75-79,,Agresiones (homicidio),5,800221,0.6248
2021,male,75-79,,Envenenamiento accidental por psicofármacos y drogas de abuso,13,800221,1.6246
2021,male,75-79,,Eventos de intención no determinada,2,800221,0.2499
2021,male,75-79,,Suicidio y lesiones autoinfligidas,197,800221,24.6182
2021,male,75-79,I-XXII,Todas las causas,29896,800221,3735.9679
2021,male,75-79,,"Trastornos mentales debidos al uso de drogas (drogodependencia, toxicomanía)",1,800221,0.125
2021,male,80-84,,Accidentes de tráfico,50,521638,9.5852
2021,male,80-84,,Agresiones (homicidio),6,521638,1.1502
2021,male,80-84,,Envenenamiento accidental por psicofármacos y drogas de abuso,19,521638,3.6424
2021,male,80-84,,Eventos de intención no determinada,1,521638,0.1917
2021,male,80-84,,Suicidio y lesiones autoinfligidas,168,521638,32.2062
2021,male,80-84,I-XXII,Todas las causas,34440,521638,6602.2797
2021,male,80-84,,"Trastornos mentales debidos al uso de drogas (drogodependencia, toxicomanía)",1,521638,0.1917
2021,male,85-89,,Accidentes de tráfico,30,364110,8.2393
2021,male,85-89,,Agresiones (homicidio),2,364110,0.5493
2021,male,85-89,,Envenenamiento accidental por psicofármacos y drogas de abuso,17,364110,4.6689
2021,male,85-89,,Eventos de intención no determinada,1,364110,0.2746
2021,male,85-89,,Suicidio y lesiones autoinfligidas,141,364110,38.7246
2021,male,85-89,I-XXII,Todas las causas,43133,364110,11846.1454
2021,male,85-89,,"Trastornos mentales debidos al uso de drogas (drogodependencia, toxicomanía)",0,364110,0.0
2021,male,90-94,,Accidentes de tráfico,8,140648,5.688
2021,male,90-94,,Agresiones (homicidio),1,140648,0.711
2021,male,90-94,,Envenenamiento accidental por psicofármacos y drogas de abuso,15,140648,10.6649
2021,male,90-94,,Eventos de intención no determinada,0,140648,0.0
2021,male,90-94,,Suicidio y lesiones autoinfligidas,74,140648,52.6136
2021,male,90-94,I-XXII,Todas las causas,28837,140648,20502.9577
2021,male,90-94,,"Trastornos mentales debidos al uso de drogas (drogodependencia, toxicomanía)",0,140648,0.0
2021,male,95+,,Accidentes de tráfico,1,31115,3.2139
2021,male,95+,,Agresiones (homicidio),1,31115,3.2139
2021,male,95+,,Envenenamiento accidental por psicofármacos y drogas de abuso,1,31115,3.2139
2021,male,95+,,Eventos de intención no determinada,0,31115,0.0
2021,male,95+,,Suicidio y lesiones autoinfligidas,18,31115,57.8499
2021,male,95+,I-XXII,Todas las causas,10375,31115,33344.0463
2021,male,95+,,"Trastornos mentales debidos al uso de drogas (drogodependencia, toxicomanía)",0,31115,0.0
2021,male,<1,,Accidentes de tráfico,2,168317,1.1882
2021,male,<1,,Agresiones (homicidio),1,168317,0.5941
2021,male,<1,,Envenenamiento accidental por psicofármacos y drogas de abuso,0,168317,0.0
2021,male,<1,,Eventos de intención no determinada,1,168317,0.5941
2021,male,<1,,Suicidio y lesiones autoinfligidas,0,168317,0.0
2021,male,<1,I-XXII,Todas las causas,478,168317,283.988
2021,male,<1,,"Trastornos mentales debidos al uso de drogas (drogodependencia, toxicomanía)",0,168317,0.0
2021,male,all,,Accidentes de tráfico,1283,23223390,5.5246
2021,male,all,,Agresiones (homicidio),197,23223390,0.8483
2021,male,all,,Envenenamiento accidental por psicofármacos y drogas de abuso,711,23223390,3.0616
2021,male,all,,Eventos de intención no determinada,44,23223390,0.1895
2021,male,all,,Suicidio y lesiones autoinfligidas,2982,23223390,12.8405
2021,male,all,I-XXII,Todas las causas,231410,23223390,996.4523
2021,male,all,,"Trastornos mentales debidos al uso de drogas (drogodependencia, toxicomanía)",37,23223390,0.1593
2022,all,1-4,,Accidentes de tráfico,7,1472575,0.4754
2022,all,1-4,,Agresiones (homicidio),2,1472575,0.1358
2022,all,1-4,,Envenenamiento accidental por psicofármacos y drogas de abuso,0,1472575,0.0
2022,all,1-4,,Eventos de intención no determinada,0,1472575,0.0
2022,all,1-4,,Suicidio y lesiones autoinfligidas,0,1472575,0.0
2022,all,1-4,I-XXII,Todas las causas,257,1472575,17.4524
2022,all,1-4,,"Trastornos mentales debidos al uso de drogas (drogodependencia, toxicomanía)",0,1472575,0.0
2022,all,10-14,,Accidentes de tráfico,7,2529213,0.2768
2022,all,10-14,,Agresiones (homicidio),6,2529213,0.2372
2022,all,10-14,,Envenenamiento accidental por psicofármacos y drogas de abuso,0,2529213,0.0
2022,all,10-14,,Eventos de intención no determinada,0,2529213,0.0
2022,all,10-14,,Suicidio y lesiones autoinfligidas,12,2529213,0.4745
2022,all,10-14,I-XXII,Todas las causas,247,2529213,9.7659
2022,all,10-14,,"Trastornos mentales debidos al uso de drogas (drogodependencia, toxicomanía)",0,2529213,0.0
2022,all,15-19,,Accidentes de tráfico,74,2515898,2.9413
2022,all,15-19,,Agresiones (homicidio),19,2515898,0.7552
2022,all,15-19,,Envenenamiento accidental por psicofármacos y drogas de abuso,10,2515898,0.3975
2022,all,15-19,,Eventos de intención no determinada,2,2515898,0.0795
2022,all,15-19,,Suicidio y lesiones autoinfligidas,75,2515898,2.981
2022,all,15-19,I-XXII,Todas las causas,475,2515898,18.8799
2022,all,15-19,,"Trastornos mentales debidos al uso de drogas (drogodependencia, toxicomanía)",0,2515898,0.0
2022,all,20-24,,Accidentes de tráfico,126,2448982,5.145
2022,all,20-24,,Agresiones (homicidio),16,2448982,0.6533
2022,all,20-24,,Envenenamiento accidental por psicofármacos y drogas de abuso,36,2448982,1.47
2022,all,20-24,,Eventos de intención no determinada,4,2448982,0.1633
2022,all,20-24,,Suicidio y lesiones autoinfligidas,131,2448982,5.3492
2022,all,20-24,I-XXII,Todas las causas,744,2448982,30.38
2022,all,20-24,,"Trastornos mentales debidos al uso de drogas (drogodependencia, toxicomanía)",2,2448982,0.0817
2022,all,25-29,,Accidentes de tráfico,120,2548679,4.7083
2022,all,25-29,,Agresiones (homicidio),22,2548679,0.8632
2022,all,25-29,,Envenenamiento accidental por psicofármacos y drogas de abuso,45,2548679,1.7656
2022,all,25-29,,Eventos de intención no determinada,5,2548679,0.1962
2022,all,25-29,,Suicidio y lesiones autoinfligidas,135,2548679,5.2969
2022,all,25-29,I-XXII,Todas las causas,785,2548679,30.8003
2022,all,25-29,,"Trastornos mentales debidos al uso de drogas (drogodependencia, toxicomanía)",0,2548679,0.0
2022,all,30-34,,Accidentes de tráfico,107,2768924,3.8643
2022,all,30-34,,Agresiones (homicidio),23,2768924,0.8306
2022,all,30-34,,Envenenamiento accidental por psicofármacos y drogas de abuso,69,2768924,2.4919
2022,all,30-34,,Eventos de intención no determinada,4,2768924,0.1445
2022,all,30-34,,Suicidio y lesiones autoinfligidas,201,2768924,7.2591
2022,all,30-34,I-XXII,Todas las causas,1214,2768924,43.8437
2022,all,30-34,,"Trastornos mentales debidos al uso de drogas (drogodependencia, toxicomanía)",2,2768924,0.0722
2022,all,35-39,,Accidentes de tráfico,114,3104551,3.672
2022,all,35-39,,Agresiones (homicidio),23,3104551,0.7408
2022,all,35-39,,Envenenamiento accidental por psicofármacos y drogas de abuso,98,3104551,3.1567
2022,all,35-39,,Eventos de intención no determinada,5,3104551,0.1611
2022,all,35-39,,Suicidio y lesiones autoinfligidas,235,3104551,7.5695
2022,all,35-39,I-XXII,Todas las causas,1790,3104551,57.6573
2022,all,35-39,,"Trastornos mentales debidos al uso de drogas (drogodependencia, toxicomanía)",1,3104551,0.0322
2022,all,40-44,,Accidentes de tráfico,158,3775481,4.1849
2022,all,40-44,,Agresiones (homicidio),32,3775481,0.8476
2022,all,40-44,,Envenenamiento accidental por psicofármacos y drogas de abuso,163,3775481,4.3173
2022,all,40-44,,Eventos de intención no determinada,7,3775481,0.1854
2022,all,40-44,,Suicidio y lesiones autoinfligidas,350,3775481,9.2703
2022,all,40-44,I-XXII,Todas las causas,3422,3775481,90.6375
2022,all,40-44,,"Trastornos mentales debidos al uso de drogas (drogodependencia, toxicomanía)",6,3775481,0.1589
2022,all,45-49,,Accidentes de tráfico,153,4029067,3.7974
2022,all,45-49,,Agresiones (homicidio),28,4029067,0.6949
2022,all,45-49,,Envenenamiento accidental por psicofármacos y drogas de abuso,147,4029067,3.6485
2022,all,45-49,,Eventos de intención no determinada,3,4029067,0.0745
2022,all,45-49,,Suicidio y lesiones autoinfligidas,444,4029067,11.0199
2022,all,45-49,I-XXII,Todas las causas,5697,4029067,141.3975
2022,all,45-49,,"Trastornos mentales debidos al uso de drogas (drogodependencia, toxicomanía)",5,4029067,0.1241
2022,all,5-9,,Accidentes de tráfico,4,2229433,0.1794
2022,all,5-9,,Agresiones (homicidio),4,2229433,0.1794
2022,all,5-9,,Envenenamiento accidental por psicofármacos y drogas de abuso,0,2229433,0.0
2022,all,5-9,,Eventos de intención no determinada,0,2229433,0.0
2022,all,5-9,,Suicidio y lesiones autoinfligidas,0,2229433,0.0
2022,all,5-9,I-XXII,Todas las causas,175,2229433,7.8495
2022,all,5-9,,"Trastornos mentales debidos al uso de drogas (drogodependencia, toxicomanía)",0,2229433,0.0
2022,all,50-54,,Accidentes de tráfico,141,3775904,3.7342
2022,all,50-54,,Agresiones (homicidio),37,3775904,0.9799
2022,all,50-54,,Envenenamiento accidental por psicofármacos y drogas de abuso,148,3775904,3.9196
2022,all,50-54,,Eventos de intención no determinada,7,3775904,0.1854
2022,all,50-54,,Suicidio y lesiones autoinfligidas,486,3775904,12.8711
2022,all,50-54,I-XXII,Todas las causas,9768,3775904,258.693
2022,all,50-54,,"Trastornos mentales debidos al uso de drogas (drogodependencia, toxicomanía)",10,3775904,0.2648
2022,all,55-59,,Accidentes de tráfico,135,3534478,3.8195
2022,all,55-59,,Agresiones (homicidio),20,3534478,0.5659
2022,all,55-59,,Envenenamiento accidental por psicofármacos y drogas de abuso,105,3534478,2.9707
2022,all,55-59,,Eventos de intención no determinada,13,3534478,0.3678
2022,all,55-59,,Suicidio y lesiones autoinfligidas,479,3534478,13.5522
2022,all,55-59,I-XXII,Todas las causas,15497,3534478,438.4523
2022,all,55-59,,"Trastornos mentales debidos al uso de drogas (drogodependencia, toxicomanía)",7,3534478,0.198
2022,all,60-64,,Accidentes de tráfico,158,3125781,5.0547
2022,all,60-64,,Agresiones (homicidio),15,3125781,0.4799
2022,all,60-64,,Envenenamiento accidental por psicofármacos y drogas de abuso,56,3125781,1.7916
2022,all,60-64,,Eventos de intención no determinada,13,3125781,0.4159
2022,all,60-64,,Suicidio y lesiones autoinfligidas,385,3125781,12.3169
2022,all,60-64,I-XXII,Todas las causas,21799,3125781,697.3937
2022,all,60-64,,"Trastornos mentales debidos al uso de drogas (drogodependencia, toxicomanía)",5,3125781,0.16
2022,all,65-69,,Accidentes de tráfico,107,2585778,4.138
2022,all,65-69,,Agresiones (homicidio),12,2585778,0.4641
2022,all,65-69,,Envenenamiento accidental por psicofármacos y drogas de abuso,27,2585778,1.0442
2022,all,65-69,,Eventos de intención no determinada,3,2585778,0.116
2022,all,65-69,,Suicidio y lesiones autoinfligidas,278,2585778,10.7511
2022,all,65-69,I-XXII,Todas las causas,27473,2585778,1062.4655
2022,all,65-69,,"Trastornos mentales debidos al uso de drogas (drogodependencia, toxicomanía)",2,2585778,0.0773
2022,all,70-74,,Accidentes de tráfico,111,2262837,4.9053
2022,all,70-74,,Agresiones (homicidio),11,2262837,0.4861
2022,all,70-74,,Envenenamiento accidental por psicofármacos y drogas de abuso,18,2262837,0.7955
2022,all,70-74,,Eventos de intención no determinada,3,2262837,0.1326
2022,all,70-74,,Suicidio y lesiones autoinfligidas,275,2262837,12.1529
2022,all,70-74,I-XXII,Todas las causas,36476,2262837,1611.9588
2022,all,70-74,,"Trastornos mentales debidos al uso de drogas (drogodependencia, toxicomanía)",0,2262837,0.0
2022,all,75-79,,Accidentes de tráfico,105,1878752,5.5888
2022,all,75-79,,Agresiones (homicidio),11,1878752,0.5855
2022,all,75-79,,Envenenamiento accidental por psicofármacos y drogas de abuso,23,1878752,1.2242
2022,all,75-79,,Eventos de intención no determinada,2,1878752,0.1065
2022,all,75-79,,Suicidio y lesiones autoinfligidas,212,1878752,11.2841
2022,all,75-79,I-XXII,Todas las causas,50617,1878752,2694.1821
2022,all,75-79,,"Trastornos mentales debidos al uso de drogas (drogodependencia, toxicomanía)",1,1878752,0.0532
2022,all,80-84,,Accidentes de tráfico,82,1249260,6.5639
2022,all,80-84,,Agresiones (homicidio),8,1249260,0.6404
2022,all,80-84,,Envenenamiento accidental por psicofármacos y drogas de abuso,28,1249260,2.2413
2022,all,80-84,,Eventos de intención no determinada,4,1249260,0.3202
2022,all,80-84,,Suicidio y lesiones autoinfligidas,216,1249260,17.2902
2022,all,80-84,I-XXII,Todas las causas,61479,1249260,4921.2334
2022,all,80-84,,"Trastornos mentales debidos al uso de drogas (drogodependencia, toxicomanía)",1,1249260,0.08
2022,all,85-89,,Accidentes de tráfico,77,998794,7.7093
2022,all,85-89,,Agresiones (homicidio),3,998794,0.3004
2022,all,85-89,,Envenenamiento accidental por psicofármacos y drogas de abuso,43,998794,4.3052
2022,all,85-89,,Eventos de intención no determinada,3,998794,0.3004
2022,all,85-89,,Suicidio y lesiones autoinfligidas,194,998794,19.4234
2022,all,85-89,I-XXII,Todas las causas,96180,998794,9629.6133
2022,all,85-89,,"Trastornos mentales debidos al uso de drogas (drogodependencia, toxicomanía)",0,998794,0.0
2022,all,90-94,,Accidentes de tráfico,25,475171,5.2613
2022,all,90-94,,Agresiones (homicidio),4,475171,0.8418
2022,all,90-94,,Envenenamiento accidental por psicofármacos y drogas de abuso,34,475171,7.1553
2022,all,90-94,,Eventos de intención no determinada,1,475171,0.2105
2022,all,90-94,,Suicidio y lesiones autoinfligidas,94,475171,19.7824
2022,all,90-94,I-XXII,Todas las causas,85890,475171,18075.598
2022,all,90-94,,"Trastornos mentales debidos al uso de drogas (drogodependencia, toxicomanía)",0,475171,0.0
2022,all,95+,,Accidentes de tráfico,3,135166,2.2195
2022,all,95+,,Agresiones (homicidio),4,135166,2.9593
2022,all,95+,,Envenenamiento accidental por psicofármacos y drogas de abuso,20,135166,14.7966
2022,all,95+,,Eventos de intención no determinada,0,135166,0.0
2022,all,95+,,Suicidio y lesiones autoinfligidas,25,135166,18.4958
2022,all,95+,I-XXII,Todas las causas,43563,135166,32229.2588
2022,all,95+,,"Trastornos mentales debidos al uso de drogas (drogodependencia, toxicomanía)",0,135166,0.0
2022,all,<1,,Accidentes de tráfico,1,336630,0.2971
2022,all,<1,,Agresiones (homicidio),5,336630,1.4853
2022,all,<1,,Envenenamiento accidental por psicofármacos y drogas de abuso,0,336630,0.0
2022,all,<1,,Eventos de intención no determinada,0,336630,0.0
2022,all,<1,,Suicidio y lesiones autoinfligidas,0,336630,0.0
2022,all,<1,I-XXII,Todas las causas,869,336630,258.1469
2022,all,<1,,"Trastornos mentales debidos al uso de drogas (drogodependencia, toxicomanía)",0,336630,0.0
2022,all,all,,Accidentes de tráfico,1815,47781354,3.7986
2022,all,all,,Agresiones (homicidio),305,47781354,0.6383
2022,all,all,,Envenenamiento accidental por psicofármacos y drogas de abuso,1070,47781354,2.2394
2022,all,all,,Eventos de intención no determinada,79,47781354,0.1653
2022,all,all,,Suicidio y lesiones autoinfligidas,4227,47781354,8.8465
2022,all,all,I-XXII,Todas las causas,464417,47781354,971.9628
2022,all,all,,"Trastornos mentales debidos al uso de drogas (drogodependencia, toxicomanía)",42,47781354,0.0879
2022,female,1-4,,Accidentes de tráfico,3,715949,0.419
2022,female,1-4,,Agresiones (homicidio),0,715949,0.0
2022,female,1-4,,Envenenamiento accidental por psicofármacos y drogas de abuso,0,715949,0.0
2022,female,1-4,,Eventos de intención no determinada,0,715949,0.0
2022,female,1-4,,Suicidio y lesiones autoinfligidas,0,715949,0.0
2022,female,1-4,I-XXII,Todas las causas,106,715949,14.8055
2022,female,1-4,,"Trastornos mentales debidos al uso de drogas (drogodependencia, toxicomanía)",0,715949,0.0
2022,female,10-14,,Accidentes de tráfico,4,1226187,0.3262
2022,female,10-14,,Agresiones (homicidio),3,1226187,0.2447
2022,female,10-14,,Envenenamiento accidental por psicofármacos y drogas de abuso,0,1226187,0.0
2022,female,10-14,,Eventos de intención no determinada,0,1226187,0.0
2022,female,10-14,,Suicidio y lesiones autoinfligidas,3,1226187,0.2447
2022,female,10-14,I-XXII,Todas las causas,94,1226187,7.666
2022,female,10-14,,"Trastornos mentales debidos al uso de drogas (drogodependencia, toxicomanía)",0,1226187,0.0
2022,female,15-19,,Accidentes de tráfico,15,1218148,1.2314
2022,female,15-19,,Agresiones (homicidio),3,1218148,0.2463
2022,female,15-19,,Envenenamiento accidental por psicofármacos y drogas de abuso,3,1218148,0.2463
2022,female,15-19,,Eventos de intención no determinada,1,1218148,0.0821
2022,female,15-19,,Suicidio y lesiones autoinfligidas,31,1218148,2.5448
2022,female,15-19,I-XXII,Todas las causas,144,1218148,11.8212
2022,female,15-19,,"Trastornos mentales debidos al uso de drogas (drogodependencia, toxicomanía)",0,1218148,0.0
2022,female,20-24,,Accidentes de tráfico,24,1188096,2.02
2022,female,20-24,,Agresiones (homicidio),3,1188096,0.2525
2022,female,20-24,,Envenenamiento accidental por psicofármacos y drogas de abuso,6,1188096,0.505
2022,female,20-24,,Eventos de intención no determinada,1,1188096,0.0842
2022,female,20-24,,Suicidio y lesiones autoinfligidas,39,1188096,3.2826
2022,female,20-24,I-XXII,Todas las causas,211,1188096,17.7595
2022,female,20-24,,"Trastornos mentales debidos al uso de drogas (drogodependencia, toxicomanía)",0,1188096,0.0
2022,female,25-29,,Accidentes de tráfico,24,1253319,1.9149
2022,female,25-29,,Agresiones (homicidio),4,1253319,0.3192
2022,female,25-29,,Envenenamiento accidental por psicofármacos y drogas de abuso,13,1253319,1.0372
2022,female,25-29,,Eventos de intención no determinada,1,1253319,0.0798
2022,female,25-29,,Suicidio y lesiones autoinfligidas,47,1253319,3.75
2022,female,25-29,I-XXII,Todas las causas,231,1253319,18.4311
2022,female,25-29,,"Trastornos mentales debidos al uso de drogas (drogodependencia, toxicomanía)",0,1253319,0.0
2022,female,30-34,,Accidentes de tráfico,12,1375513,0.8724
2022,female,30-34,,Agresiones (homicidio),10,1375513,0.727
2022,female,30-34,,Envenenamiento accidental por psicofármacos y drogas de abuso,16,1375513,1.1632
2022,female,30-34,,Eventos de intención no determinada,1,1375513,0.0727
2022,female,30-34,,Suicidio y lesiones autoinfligidas,40,1375513,2.908
2022,female,30-34,I-XXII,Todas las causas,363,1375513,26.3902
2022,female,30-34,,"Trastornos mentales debidos al uso de drogas (drogodependencia, toxicomanía)",0,1375513,0.0
2022,female,35-39,,Accidentes de tráfico,22,1556881,1.4131
2022,female,35-39,,Agresiones (homicidio),6,1556881,0.3854
2022,female,35-39,,Envenenamiento accidental por psicofármacos y drogas de abuso,21,1556881,1.3489
2022,female,35-39,,Eventos de intención no determinada,2,1556881,0.1285
2022,female,35-39,,Suicidio y lesiones autoinfligidas,60,1556881,3.8539
2022,female,35-39,I-XXII,Todas las causas,621,1556881,39.8874
2022,female,35-39,,"Trastornos mentales debidos al uso de drogas (drogodependencia, toxicomanía)",1,1556881,0.0642
2022,female,40-44,,Accidentes de tráfico,20,1877876,1.065
2022,female,40-44,,Agresiones (homicidio),7,1877876,0.3728
2022,female,40-44,,Envenenamiento accidental por psicofármacos y drogas de abuso,29,1877876,1.5443
2022,female,40-44,,Eventos de intención no determinada,4,1877876,0.213
2022,female,40-44,,Suicidio y lesiones autoinfligidas,77,1877876,4.1004
2022,female,40-44,I-XXII,Todas las causas,1194,1877876,63.5825
2022,female,40-44,,"Trastornos mentales debidos al uso de drogas (drogodependencia, toxicomanía)",0,1877876,0.0
2022,female,45-49,,Accidentes de tráfico,21,1992798,1.0538
2022,female,45-49,,Agresiones (homicidio),8,1992798,0.4014
2022,female,45-49,,Envenenamiento accidental por psicofármacos y drogas de abuso,29,1992798,1.4552
2022,female,45-49,,Eventos de intención no determinada,2,1992798,0.1004
2022,female,45-49,,Suicidio y lesiones autoinfligidas,112,1992798,5.6202
2022,female,45-49,I-XXII,Todas las causas,2084,1992798,104.5766
2022,female,45-49,,"Trastornos mentales debidos al uso de drogas (drogodependencia, toxicomanía)",0,1992798,0.0
2022,female,5-9,,Accidentes de tráfico,2,1082217,0.1848
2022,female,5-9,,Agresiones (homicidio),3,1082217,0.2772
2022,female,5-9,,Envenenamiento accidental por psicofármacos y drogas de abuso,0,1082217,0.0
2022,female,5-9,,Eventos de intención no determinada,0,1082217,0.0
2022,female,5-9,,Suicidio y lesiones autoinfligidas,0,1082217,0.0
2022,female,5-9,I-XXII,Todas las causas,76,1082217,7.0226
2022,female,5-9,,"Trastornos mentales debidos al uso de drogas (drogodependencia, toxicomanía)",0,1082217,0.0
2022,female,50-54,,Accidentes de tráfico,23,1886845,1.219
2022,female,50-54,,Agresiones (homicidio),15,1886845,0.795
2022,female,50-54,,Envenenamiento accidental por psicofármacos y drogas de abuso,25,1886845,1.325
2022,female,50-54,,Eventos de intención no determinada,4,1886845,0.212
2022,female,50-54,,Suicidio y lesiones autoinfligidas,134,1886845,7.1018
2022,female,50-54,I-XXII,Todas las causas,3410,1886845,180.725
2022,female,50-54,,"Trastornos mentales debidos al uso de drogas (drogodependencia, toxicomanía)",1,1886845,0.053
2022,female,55-59,,Accidentes de tráfico,24,1793288,1.3383
2022,female,55-59,,Agresiones (homicidio),6,1793288,0.3346
2022,female,55-59,,Envenenamiento accidental por psicofármacos y drogas de abuso,16,1793288,0.8922
2022,female,55-59,,Eventos de intención no determinada,4,1793288,0.2231
2022,female,55-59,,Suicidio y lesiones autoinfligidas,125,1793288,6.9704
2022,female,55-59,I-XXII,Todas las causas,5131,1793288,286.1225
2022,female,55-59,,"Trastornos mentales debidos al uso de drogas (drogodependencia, toxicomanía)",1,1793288,0.0558
2022,female,60-64,,Accidentes de tráfico,35,1609859,2.1741
2022,female,60-64,,Agresiones (homicidio),6,1609859,0.3727
2022,female,60-64,,Envenenamiento accidental por psicofármacos y drogas de abuso,17,1609859,1.056
2022,female,60-64,,Eventos de intención no determinada,7,1609859,0.4348
2022,female,60-64,,Suicidio y lesiones autoinfligidas,88,1609859,5.4663
2022,female,60-64,I-XXII,Todas las causas,7227,1609859,448.9213
2022,female,60-64,,"Trastornos mentales debidos al uso de drogas (drogodependencia, toxicomanía)",1,1609859,0.0621
2022,female,65-69,,Accidentes de tráfico,28,1355931,2.065
2022,female,65-69,,Agresiones (homicidio),7,1355931,0.5163
2022,female,65-69,,Envenenamiento accidental por psicofármacos y drogas de abuso,14,1355931,1.0325
2022,female,65-69,,Eventos de intención no determinada,2,1355931,0.1475
2022,female,65-69,,Suicidio y lesiones autoinfligidas,81,1355931,5.9738
2022,female,65-69,I-XXII,Todas las causas,9075,1355931,669.2818
2022,female,65-69,,"Trastornos mentales debidos al uso de drogas (drogodependencia, toxicomanía)",0,1355931,0.0
2022,female,70-74,,Accidentes de tráfico,36,1215360,2.9621
2022,female,70-74,,Agresiones (homicidio),3,1215360,0.2468
2022,female,70-74,,Envenenamiento accidental por psicofármacos y drogas de abuso,9,1215360,0.7405
2022,female,70-74,,Eventos de intención no determinada,2,1215360,0.1646
2022,female,70-74,,Suicidio y lesiones autoinfligidas,87,1215360,7.1584
2022,female,70-74,I-XXII,Todas las causas,12667,1215360,1042.2426
2022,female,70-74,,"Trastornos mentales debidos al uso de drogas (drogodependencia, toxicomanía)",0,1215360,0.0
2022,female,75-79,,Accidentes de tráfico,34,1047548,3.2457
2022,female,75-79,,Agresiones (homicidio),3,1047548,0.2864
2022,female,75-79,,Envenenamiento accidental por psicofármacos y drogas de abuso,16,1047548,1.5274
2022,female,75-79,,Eventos de intención no determinada,0,1047548,0.0
2022,female,75-79,,Suicidio y lesiones autoinfligidas,50,1047548,4.7731
2022,female,75-79,I-XXII,Todas las causas,19885,1047548,1898.2424
2022,female,75-79,,"Trastornos mentales debidos al uso de drogas (drogodependencia, toxicomanía)",0,1047548,0.0
2022,female,80-84,,Accidentes de tráfico,38,735013,5.17
2022,female,80-84,,Agresiones (homicidio),6,735013,0.8163
2022,female,80-84,,Envenenamiento accidental por psicofármacos y drogas de abuso,19,735013,2.585
2022,female,80-84,,Eventos de intención no determinada,1,735013,0.1361
2022,female,80-84,,Suicidio y lesiones autoinfligidas,61,735013,8.2992
2022,female,80-84,I-XXII,Todas las causas,28517,735013,3879.7953
2022,female,80-84,,"Trastornos mentales debidos al uso de drogas (drogodependencia, toxicomanía)",1,735013,0.1361
2022,female,85-89,,Accidentes de tráfico,24,634737,3.7811
2022,female,85-89,,Agresiones (homicidio),3,634737,0.4726
2022,female,85-89,,Envenenamiento accidental por psicofármacos y drogas de abuso,29,634737,4.5688
2022,female,85-89,,Eventos de intención no determinada,1,634737,0.1575
2022,female,85-89,,Suicidio y lesiones autoinfligidas,35,634737,5.5141
2022,female,85-89,I-XXII,Todas las causas,52390,634737,8253.8122
2022,female,85-89,,"Trastornos mentales debidos al uso de drogas (drogodependencia, toxicomanía)",0,634737,0.0
2022,female,90-94,,Accidentes de tráfico,12,327693,3.662
2022,female,90-94,,Agresiones (homicidio),3,327693,0.9155
2022,female,90-94,,Envenenamiento accidental por psicofármacos y drogas de abuso,25,327693,7.6291
2022,female,90-94,,Eventos de intención no determinada,0,327693,0.0
2022,female,90-94,,Suicidio y lesiones autoinfligidas,22,327693,6.7136
2022,female,90-94,I-XXII,Todas las causas,54179,327693,16533.4627
2022,female,90-94,,"Trastornos mentales debidos al uso de drogas (drogodependencia, toxicomanía)",0,327693,0.0
2022,female,95+,,Accidentes de tráfico,2,103140,1.9391
2022,female,95+,,Agresiones (homicidio),4,103140,3.8782
2022,female,95+,,Envenenamiento accidental por psicofármacos y drogas de abuso,15,103140,14.5433
2022,female,95+,,Eventos de intención no determinada,0,103140,0.0
2022,female,95+,,Suicidio y lesiones autoinfligidas,9,103140,8.726
2022,female,95+,I-XXII,Todas las causas,32080,103140,31103.3547
2022,female,95+,,"Trastornos mentales debidos al uso de drogas (drogodependencia, toxicomanía)",0,103140,0.0
2022,female,<1,,Accidentes de tráfico,1,163031,0.6134
2022,female,<1,,Agresiones (homicidio),3,163031,1.8401
2022,female,<1,,Envenenamiento accidental por psicofármacos y drogas de abuso,0,163031,0.0
2022,female,<1,,Eventos de intención no determinada,0,163031,0.0
2022,female,<1,,Suicidio y lesiones autoinfligidas,0,163031,0.0
2022,female,<1,I-XXII,Todas las causas,370,163031,226.9507
2022,female,<1,,"Trastornos mentales debidos al uso de drogas (drogodependencia, toxicomanía)",0,163031,0.0
2022,female,all,,Accidentes de tráfico,404,24359429,1.6585
2022,female,all,,Agresiones (homicidio),106,24359429,0.4351
2022,female,all,,Envenenamiento accidental por psicofármacos y drogas de abuso,302,24359429,1.2398
2022,female,all,,Eventos de intención no determinada,33,24359429,0.1355
2022,female,all,,Suicidio y lesiones autoinfligidas,1101,24359429,4.5198
2022,female,all,I-XXII,Todas las causas,230055,24359429,944.4187
2022,female,all,,"Trastornos mentales debidos al uso de drogas (drogodependencia, toxicomanía)",5,24359429,0.0205
2022,male,1-4,,Accidentes de tráfico,4,756626,0.5287
2022,male,1-4,,Agresiones (homicidio),2,756626,0.2643
2022,male,1-4,,Envenenamiento accidental por psicofármacos y drogas de abuso,0,756626,0.0
2022,male,1-4,,Eventos de intención no determinada,0,756626,0.0
2022,male,1-4,,Suicidio y lesiones autoinfligidas,0,756626,0.0
2022,male,1-4,I-XXII,Todas las causas,151,756626,19.957
2022,male,1-4,,"Trastornos mentales debidos al uso de drogas (drogodependencia, toxicomanía)",0,756626,0.0
2022,male,10-14,,Accidentes de tráfico,3,1303026,0.2302
2022,male,10-14,,Agresiones (homicidio),3,1303026,0.2302
2022,male,10-14,,Envenenamiento accidental por psicofármacos y drogas de abuso,0,1303026,0.0
2022,male,10-14,,Eventos de intención no determinada,0,1303026,0.0
2022,male,10-14,,Suicidio y lesiones autoinfligidas,9,1303026,0.6907
2022,male,10-14,I-XXII,Todas las causas,153,1303026,11.7419
2022,male,10-14,,"Trastornos mentales debidos al uso de drogas (drogodependencia, toxicomanía)",0,1303026,0.0
2022,male,15-19,,Accidentes de tráfico,59,1297750,4.5463
2022,male,15-19,,Agresiones (homicidio),16,1297750,1.2329
2022,male,15-19,,Envenenamiento accidental por psicofármacos y drogas de abuso,7,1297750,0.5394
2022,male,15-19,,Eventos de intención no determinada,1,1297750,0.0771
2022,male,15-19,,Suicidio y lesiones autoinfligidas,44,1297750,3.3905
2022,male,15-19,I-XXII,Todas las causas,331,1297750,25.5057
2022,male,15-19,,"Trastornos mentales debidos al uso de drogas (drogodependencia, toxicomanía)",0,1297750,0.0
2022,male,20-24,,Accidentes de tráfico,102,1260886,8.0895
2022,male,20-24,,Agresiones (homicidio),13,1260886,1.031
2022,male,20-24,,Envenenamiento accidental por psicofármacos y drogas de abuso,30,1260886,2.3793
2022,male,20-24,,Eventos de intención no determinada,3,1260886,0.2379
2022,male,20-24,,Suicidio y lesiones autoinfligidas,92,1260886,7.2965
2022,male,20-24,I-XXII,Todas las causas,533,1260886,42.2719
2022,male,20-24,,"Trastornos mentales debidos al uso de drogas (drogodependencia, toxicomanía)",2,1260886,0.1586
2022,male,25-29,,Accidentes de tráfico,96,1295360,7.4111
2022,male,25-29,,Agresiones (homicidio),18,1295360,1.3896
2022,male,25-29,,Envenenamiento accidental por psicofármacos y drogas de abuso,32,1295360,2.4704
2022,male,25-29,,Eventos de intención no determinada,4,1295360,0.3088
2022,male,25-29,,Suicidio y lesiones autoinfligidas,88,1295360,6.7935
2022,male,25-29,I-XXII,Todas las causas,554,1295360,42.768
2022,male,25-29,,"Trastornos mentales debidos al uso de drogas (drogodependencia, toxicomanía)",0,1295360,0.0
2022,male,30-34,,Accidentes de tráfico,95,1393411,6.8178
2022,male,30-34,,Agresiones (homicidio),13,1393411,0.933
2022,male,30-34,,Envenenamiento accidental por psicofármacos y drogas de abuso,53,1393411,3.8036
2022,male,30-34,,Eventos de intención no determinada,3,1393411,0.2153
2022,male,30-34,,Suicidio y lesiones autoinfligidas,161,1393411,11.5544
2022,male,30-34,I-XXII,Todas las causas,851,1393411,61.0732
2022,male,30-34,,"Trastornos mentales debidos al uso de drogas (drogodependencia, toxicomanía)",2,1393411,0.1435
2022,male,35-39,,Accidentes de tráfico,92,1547670,5.9444
2022,male,35-39,,Agresiones (homicidio),17,1547670,1.0984
2022,male,35-39,,Envenenamiento accidental por psicofármacos y drogas de abuso,77,1547670,4.9752
2022,male,35-39,,Eventos de intención no determinada,3,1547670,0.1938
2022,male,35-39,,Suicidio y lesiones autoinfligidas,175,1547670,11.3073
2022,male,35-39,I-XXII,Todas las causas,1169,1547670,75.5329
2022,male,35-39,,"Trastornos mentales debidos al uso de drogas (drogodependencia, toxicomanía)",0,1547670,0.0
2022,male,40-44,,Accidentes de tráfico,138,1897605,7.2723
2022,male,40-44,,Agresiones (homicidio),25,1897605,1.3175
2022,male,40-44,,Envenenamiento accidental por psicofármacos y drogas de abuso,134,1897605,7.0615
2022,male,40-44,,Eventos de intención no determinada,3,1897605,0.1581
2022,male,40-44,,Suicidio y lesiones autoinfligidas,273,1897605,14.3866
2022,male,40-44,I-XXII,Todas las causas,2228,1897605,117.4112
2022,male,40-44,,"Trastornos mentales debidos al uso de drogas (drogodependencia, toxicomanía)",6,1897605,0.3162
2022,male,45-49,,Accidentes de tráfico,132,2036269,6.4824
2022,male,45-49,,Agresiones (homicidio),20,2036269,0.9822
2022,male,45-49,,Envenenamiento accidental por psicofármacos y drogas de abuso,118,2036269,5.7949
2022,male,45-49,,Eventos de intención no determinada,1,2036269,0.0491
2022,male,45-49,,Suicidio y lesiones autoinfligidas,332,2036269,16.3043
2022,male,45-49,I-XXII,Todas las causas,3613,2036269,177.4324
2022,male,45-49,,"Trastornos mentales debidos al uso de drogas (drogodependencia, toxicomanía)",5,2036269,0.2455
2022,male,5-9,,Accidentes de tráfico,2,1147216,0.1743
2022,male,5-9,,Agresiones (homicidio),1,1147216,0.0872
2022,male,5-9,,Envenenamiento accidental por psicofármacos y drogas de abuso,0,1147216,0.0
2022,male,5-9,,Eventos de intención no determinada,0,1147216,0.0
2022,male,5-9,,Suicidio y lesiones autoinfligidas,0,1147216,0.0
2022,male,5-9,I-XXII,Todas las causas,99,1147216,8.6296
2022,male,5-9,,"Trastornos mentales debidos al uso de drogas (drogodependencia, toxicomanía)",0,1147216,0.0
2022,male,50-54,,Accidentes de tráfico,118,1889059,6.2465
2022,male,50-54,,Agresiones (homicidio),22,1889059,1.1646
2022,male,50-54,,Envenenamiento accidental por psicofármacos y drogas de abuso,123,1889059,6.5112
2022,male,50-54,,Eventos de intención no determinada,3,1889059,0.1588
2022,male,50-54,,Suicidio y lesiones autoinfligidas,352,1889059,18.6336
2022,male,50-54,I-XXII,Todas las causas,6358,1889059,336.5697
2022,male,50-54,,"Trastornos mentales debidos al uso de drogas (drogodependencia, toxicomanía)",9,1889059,0.4764
2022,male,55-59,,Accidentes de tráfico,111,1741190,6.375
2022,male,55-59,,Agresiones (homicidio),14,1741190,0.804
2022,male,55-59,,Envenenamiento accidental por psicofármacos y drogas de abuso,89,1741190,5.1114
2022,male,55-59,,Eventos de intención no determinada,9,1741190,0.5169
2022,male,55-59,,Suicidio y lesiones autoinfligidas,354,1741190,20.3309
2022,male,55-59,I-XXII,Todas las causas,10366,1741190,595.34
2022,male,55-59,,"Trastornos mentales debidos al uso de drogas (drogodependencia, toxicomanía)",6,1741190,0.3446
2022,male,60-64,,Accidentes de tráfico,123,1515922,8.1139
2022,male,60-64,,Agresiones (homicidio),9,1515922,0.5937
2022,male,60-64,,Envenenamiento accidental por psicofármacos y drogas de abuso,39,1515922,2.5727
2022,male,60-64,,Eventos de intención no determinada,6,1515922,0.3958
2022,male,60-64,,Suicidio y lesiones autoinfligidas,297,1515922,19.592
2022,male,60-64,I-XXII,Todas las causas,14572,1515922,961.2632
2022,male,60-64,,"Trastornos mentales debidos al uso de drogas (drogodependencia, toxicomanía)",4,1515922,0.2639
2022,male,65-69,,Accidentes de tráfico,79,1229847,6.4236
2022,male,65-69,,Agresiones (homicidio),5,1229847,0.4066
2022,male,65-69,,Envenenamiento accidental por psicofármacos y drogas de abuso,13,1229847,1.057
2022,male,65-69,,Eventos de intención no determinada,1,1229847,0.0813
2022,male,65-69,,Suicidio y lesiones autoinfligidas,197,1229847,16.0183
2022,male,65-69,I-XXII,Todas las causas,18398,1229847,1495.9584
2022,male,65-69,,"Trastornos mentales debidos al uso de drogas (drogodependencia, toxicomanía)",2,1229847,0.1626
2022,male,70-74,,Accidentes de tráfico,75,1047477,7.1601
2022,male,70-74,,Agresiones (homicidio),8,1047477,0.7637
2022,male,70-74,,Envenenamiento accidental por psicofármacos y drogas de abuso,9,1047477,0.8592
2022,male,70-74,,Eventos de intención no determinada,1,1047477,0.0955
2022,male,70-74,,Suicidio y lesiones autoinfligidas,188,1047477,17.9479
2022,male,70-74,I-XXII,Todas las causas,23809,1047477,2272.9855
2022,male,70-74,,"Trastornos mentales debidos al uso de drogas (drogodependencia, toxicomanía)",0,1047477,0.0
2022,male,75-79,,Accidentes de tráfico,71,831204,8.5418
2022,male,75-79,,Agresiones (homicidio),8,831204,0.9625
2022,male,75-79,,Envenenamiento accidental por psicofármacos y drogas de abuso,7,831204,0.8422
2022,male,75-79,,Eventos de intención no determinada,2,831204,0.2406
2022,male,75-79,,Suicidio y lesiones autoinfligidas,162,831204,19.4898
2022,male,75-79,I-XXII,Todas las causas,30732,831204,3697.2873
2022,male,75-79,,"Trastornos mentales debidos al uso de drogas (drogodependencia, toxicomanía)",1,831204,0.1203
2022,male,80-84,,Accidentes de tráfico,44,514247,8.5562
2022,male,80-84,,Agresiones (homicidio),2,514247,0.3889
2022,male,80-84,,Envenenamiento accidental por psicofármacos y drogas de abuso,9,514247,1.7501
2022,male,80-84,,Eventos de intención no determinada,3,514247,0.5834
2022,male,80-84,,Suicidio y lesiones autoinfligidas,155,514247,30.1412
2022,male,80-84,I-XXII,Todas las causas,32962,514247,6409.7603
2022,male,80-84,,"Trastornos mentales debidos al uso de drogas (drogodependencia, toxicomanía)",0,514247,0.0
2022,male,85-89,,Accidentes de tráfico,53,364057,14.5582
2022,male,85-89,,Agresiones (homicidio),0,364057,0.0
2022,male,85-89,,Envenenamiento accidental por psicofármacos y drogas de abuso,14,364057,3.8456
2022,male,85-89,,Eventos de intención no determinada,2,364057,0.5494
2022,male,85-89,,Suicidio y lesiones autoinfligidas,159,364057,43.6745
2022,male,85-89,I-XXII,Todas las causas,43790,364057,12028.3362
2022,male,85-89,,"Trastornos mentales debidos al uso de drogas (drogodependencia, toxicomanía)",0,364057,0.0
2022,male,90-94,,Accidentes de tráfico,13,147478,8.8149
2022,male,90-94,,Agresiones (homicidio),1,147478,0.6781
2022,male,90-94,,Envenenamiento accidental por psicofármacos y drogas de abuso,9,147478,6.1026
2022,male,90-94,,Eventos de intención no determinada,1,147478,0.6781
2022,male,90-94,,Suicidio y lesiones autoinfligidas,72,147478,48.8208
2022,male,90-94,I-XXII,Todas las causas,31711,147478,21502.1902
2022,male,90-94,,"Trastornos mentales debidos al uso de drogas (drogodependencia, toxicomanía)",0,147478,0.0
2022,male,95+,,Accidentes de tráfico,1,32026,3.1225
2022,male,95+,,Agresiones (homicidio),0,32026,0.0
2022,male,95+,,Envenenamiento accidental por psicofármacos y drogas de abuso,5,32026,15.6123
2022,male,95+,,Eventos de intención no determinada,0,32026,0.0
2022,male,95+,,Suicidio y lesiones autoinfligidas,16,32026,49.9594
2022,male,95+,I-XXII,Todas las causas,11483,32026,35855.2426
2022,male,95+,,"Trastornos mentales debidos al uso de drogas (drogodependencia, toxicomanía)",0,32026,0.0
2022,male,<1,,Accidentes de tráfico,0,173599,0.0
2022,male,<1,,Agresiones (homicidio),2,173599,1.1521
2022,male,<1,,Envenenamiento accidental por psicofármacos y drogas de abuso,0,173599,0.0
2022,male,<1,,Eventos de intención no determinada,0,173599,0.0
2022,male,<1,,Suicidio y lesiones autoinfligidas,0,173599,0.0
2022,male,<1,I-XXII,Todas las causas,499,173599,287.4441
2022,male,<1,,"Trastornos mentales debidos al uso de drogas (drogodependencia, toxicomanía)",0,173599,0.0
2022,male,all,,Accidentes de tráfico,1411,23421925,6.0243
2022,male,all,,Agresiones (homicidio),199,23421925,0.8496
2022,male,all,,Envenenamiento accidental por psicofármacos y drogas de abuso,768,23421925,3.279
2022,male,all,,Eventos de intención no determinada,46,23421925,0.1964
2022,male,all,,Suicidio y lesiones autoinfligidas,3126,23421925,13.3465
2022,male,all,I-XXII,Todas las causas,234362,23421925,1000.6095
2022,male,all,,"Trastornos mentales debidos al uso de drogas (drogodependencia, toxicomanía)",37,23421925,0.158
2023,all,1-4,,Accidentes de tráfico,13,1440199,0.9027
2023,all,1-4,,Agresiones (homicidio),2,1440199,0.1389
2023,all,1-4,,Envenenamiento accidental por psicofármacos y drogas de abuso,0,1440199,0.0
2023,all,1-4,,Eventos de intención no determinada,0,1440199,0.0
2023,all,1-4,,Suicidio y lesiones autoinfligidas,0,1440199,0.0
2023,all,1-4,I-XXII,Todas las causas,229,1440199,15.9006
2023,all,1-4,,"Trastornos mentales debidos al uso de drogas (drogodependencia, toxicomanía)",0,1440199,0.0
2023,all,10-14,,Accidentes de tráfico,14,2505799,0.5587
2023,all,10-14,,Agresiones (homicidio),0,2505799,0.0
2023,all,10-14,,Envenenamiento accidental por psicofármacos y drogas de abuso,0,2505799,0.0
2023,all,10-14,,Eventos de intención no determinada,0,2505799,0.0
2023,all,10-14,,Suicidio y lesiones autoinfligidas,10,2505799,0.3991
2023,all,10-14,I-XXII,Todas las causas,188,2505799,7.5026
2023,all,10-14,,"Trastornos mentales debidos al uso de drogas (drogodependencia, toxicomanía)",0,2505799,0.0
2023,all,15-19,,Accidentes de tráfico,89,2596832,3.4273
2023,all,15-19,,Agresiones (homicidio),4,2596832,0.154
2023,all,15-19,,Envenenamiento accidental por psicofármacos y drogas de abuso,9,2596832,0.3466
2023,all,15-19,,Eventos de intención no determinada,1,2596832,0.0385
2023,all,15-19,,Suicidio y lesiones autoinfligidas,66,2596832,2.5416
2023,all,15-19,I-XXII,Todas las causas,444,2596832,17.0978
2023,all,15-19,,"Trastornos mentales debidos al uso de drogas (drogodependencia, toxicomanía)",0,2596832,0.0
2023,all,20-24,,Accidentes de tráfico,124,2548090,4.8664
2023,all,20-24,,Agresiones (homicidio),13,2548090,0.5102
2023,all,20-24,,Envenenamiento accidental por psicofármacos y drogas de abuso,28,2548090,1.0989
2023,all,20-24,,Eventos de intención no determinada,0,2548090,0.0
2023,all,20-24,,Suicidio y lesiones autoinfligidas,127,2548090,4.9841
2023,all,20-24,I-XXII,Todas las causas,728,2548090,28.5704
2023,all,20-24,,"Trastornos mentales debidos al uso de drogas (drogodependencia, toxicomanía)",0,2548090,0.0
2023,all,25-29,,Accidentes de tráfico,108,2593315,4.1646
2023,all,25-29,,Agresiones (homicidio),26,2593315,1.0026
2023,all,25-29,,Envenenamiento accidental por psicofármacos y drogas de abuso,39,2593315,1.5039
2023,all,25-29,,Eventos de intención no determinada,10,2593315,0.3856
2023,all,25-29,,Suicidio y lesiones autoinfligidas,161,2593315,6.2083
2023,all,25-29,I-XXII,Todas las causas,825,2593315,31.8126
2023,all,25-29,,"Trastornos mentales debidos al uso de drogas (drogodependencia, toxicomanía)",0,2593315,0.0
2023,all,30-34,,Accidentes de tráfico,108,2819626,3.8303
2023,all,30-34,,Agresiones (homicidio),26,2819626,0.9221
2023,all,30-34,,Envenenamiento accidental por psicofármacos y drogas de abuso,62,2819626,2.1989
2023,all,30-34,,Eventos de intención no determinada,5,2819626,0.1773
2023,all,30-34,,Suicidio y lesiones autoinfligidas,210,2819626,7.4478
2023,all,30-34,I-XXII,Todas las causas,1168,2819626,41.4239
2023,all,30-34,,"Trastornos mentales debidos al uso de drogas (drogodependencia, toxicomanía)",1,2819626,0.0355
2023,all,35-39,,Accidentes de tráfico,112,3073085,3.6445
2023,all,35-39,,Agresiones (homicidio),34,3073085,1.1064
2023,all,35-39,,Envenenamiento accidental por psicofármacos y drogas de abuso,95,3073085,3.0914
2023,all,35-39,,Eventos de intención no determinada,12,3073085,0.3905
2023,all,35-39,,Suicidio y lesiones autoinfligidas,251,3073085,8.1677
2023,all,35-39,I-XXII,Todas las causas,1722,3073085,56.0349
2023,all,35-39,,"Trastornos mentales debidos al uso de drogas (drogodependencia, toxicomanía)",3,3073085,0.0976
2023,all,40-44,,Accidentes de tráfico,129,3681171,3.5043
2023,all,40-44,,Agresiones (homicidio),41,3681171,1.1138
2023,all,40-44,,Envenenamiento accidental por psicofármacos y drogas de abuso,140,3681171,3.8031
2023,all,40-44,,Eventos de intención no determinada,11,3681171,0.2988
2023,all,40-44,,Suicidio y lesiones autoinfligidas,355,3681171,9.6437
2023,all,40-44,I-XXII,Todas las causas,3170,3681171,86.1139
2023,all,40-44,,"Trastornos mentales debidos al uso de drogas (drogodependencia, toxicomanía)",5,3681171,0.1358
2023,all,45-49,,Accidentes de tráfico,142,4080337,3.4801
2023,all,45-49,,Agresiones (homicidio),40,4080337,0.9803
2023,all,45-49,,Envenenamiento accidental por psicofármacos y drogas de abuso,154,4080337,3.7742
2023,all,45-49,,Eventos de intención no determinada,22,4080337,0.5392
2023,all,45-49,,Suicidio y lesiones autoinfligidas,445,4080337,10.906
2023,all,45-49,I-XXII,Todas las causas,5520,4080337,135.2829
2023,all,45-49,,"Trastornos mentales debidos al uso de drogas (drogodependencia, toxicomanía)",8,4080337,0.1961
2023,all,5-9,,Accidentes de tráfico,5,2209380,0.2263
2023,all,5-9,,Agresiones (homicidio),3,2209380,0.1358
2023,all,5-9,,Envenenamiento accidental por psicofármacos y drogas de abuso,0,2209380,0.0
2023,all,5-9,,Eventos de intención no determinada,0,2209380,0.0
2023,all,5-9,,Suicidio y lesiones autoinfligidas,0,2209380,0.0
2023,all,5-9,I-XXII,Todas las causas,169,2209380,7.6492
2023,all,5-9,,"Trastornos mentales debidos al uso de drogas (drogodependencia, toxicomanía)",0,2209380,0.0
2023,all,50-54,,Accidentes de tráfico,167,3828620,4.3619
2023,all,50-54,,Agresiones (homicidio),25,3828620,0.653
2023,all,50-54,,Envenenamiento accidental por psicofármacos y drogas de abuso,154,3828620,4.0223
2023,all,50-54,,Eventos de intención no determinada,16,3828620,0.4179
2023,all,50-54,,Suicidio y lesiones autoinfligidas,441,3828620,11.5185
2023,all,50-54,I-XXII,Todas las causas,9069,3828620,236.8739
2023,all,50-54,,"Trastornos mentales debidos al uso de drogas (drogodependencia, toxicomanía)",7,3828620,0.1828
2023,all,55-59,,Accidentes de tráfico,183,3619018,5.0566
2023,all,55-59,,Agresiones (homicidio),15,3619018,0.4145
2023,all,55-59,,Envenenamiento accidental por psicofármacos y drogas de abuso,140,3619018,3.8685
2023,all,55-59,,Eventos de intención no determinada,14,3619018,0.3868
2023,all,55-59,,Suicidio y lesiones autoinfligidas,457,3619018,12.6277
2023,all,55-59,I-XXII,Todas las causas,14901,3619018,411.7415
2023,all,55-59,,"Trastornos mentales debidos al uso de drogas (drogodependencia, toxicomanía)",11,3619018,0.3039
2023,all,60-64,,Accidentes de tráfico,132,3193073,4.1339
2023,all,60-64,,Agresiones (homicidio),17,3193073,0.5324
2023,all,60-64,,Envenenamiento accidental por psicofármacos y drogas de abuso,63,3193073,1.973
2023,all,60-64,,Eventos de intención no determinada,8,3193073,0.2505
2023,all,60-64,,Suicidio y lesiones autoinfligidas,362,3193073,11.337
2023,all,60-64,I-XXII,Todas las causas,20953,3193073,656.2017
2023,all,60-64,,"Trastornos mentales debidos al uso de drogas (drogodependencia, toxicomanía)",4,3193073,0.1253
2023,all,65-69,,Accidentes de tráfico,108,2679653,4.0304
2023,all,65-69,,Agresiones (homicidio),21,2679653,0.7837
2023,all,65-69,,Envenenamiento accidental por psicofármacos y drogas de abuso,34,2679653,1.2688
2023,all,65-69,,Eventos de intención no determinada,6,2679653,0.2239
2023,all,65-69,,Suicidio y lesiones autoinfligidas,292,2679653,10.8969
2023,all,65-69,I-XXII,Todas las causas,26669,2679653,995.2408
2023,all,65-69,,"Trastornos mentales debidos al uso de drogas (drogodependencia, toxicomanía)",0,2679653,0.0
2023,all,70-74,,Accidentes de tráfico,102,2267496,4.4984
2023,all,70-74,,Agresiones (homicidio),3,2267496,0.1323
2023,all,70-74,,Envenenamiento accidental por psicofármacos y drogas de abuso,19,2267496,0.8379
2023,all,70-74,,Eventos de intención no determinada,9,2267496,0.3969
2023,all,70-74,,Suicidio y lesiones autoinfligidas,216,2267496,9.5259
2023,all,70-74,I-XXII,Todas las causas,34329,2267496,1513.9608
2023,all,70-74,,"Trastornos mentales debidos al uso de drogas (drogodependencia, toxicomanía)",3,2267496,0.1323
2023,all,75-79,,Accidentes de tráfico,113,1954224,5.7823
2023,all,75-79,,Agresiones (homicidio),18,1954224,0.9211
2023,all,75-79,,Envenenamiento accidental por psicofármacos y drogas de abuso,17,1954224,0.8699
2023,all,75-79,,Eventos de intención no determinada,6,1954224,0.307
2023,all,75-79,,Suicidio y lesiones autoinfligidas,250,1954224,12.7928
2023,all,75-79,I-XXII,Todas las causas,49031,1954224,2508.9754
2023,all,75-79,,"Trastornos mentales debidos al uso de drogas (drogodependencia, toxicomanía)",1,1954224,0.0512
2023,all,80-84,,Accidentes de tráfico,76,1302917,5.8331
2023,all,80-84,,Agresiones (homicidio),13,1302917,0.9978
2023,all,80-84,,Envenenamiento accidental por psicofármacos y drogas de abuso,22,1302917,1.6885
2023,all,80-84,,Eventos de intención no determinada,3,1302917,0.2303
2023,all,80-84,,Suicidio y lesiones autoinfligidas,204,1302917,15.6572
2023,all,80-84,I-XXII,Todas las causas,58334,1302917,4477.1847
2023,all,80-84,,"Trastornos mentales debidos al uso de drogas (drogodependencia, toxicomanía)",0,1302917,0.0
2023,all,85-89,,Accidentes de tráfico,72,970537,7.4186
2023,all,85-89,,Agresiones (homicidio),5,970537,0.5152
2023,all,85-89,,Envenenamiento accidental por psicofármacos y drogas de abuso,34,970537,3.5032
2023,all,85-89,,Eventos de intención no determinada,2,970537,0.2061
2023,all,85-89,,Suicidio y lesiones autoinfligidas,166,970537,17.1039
2023,all,85-89,I-XXII,Todas las causas,85598,970537,8819.6534
2023,all,85-89,,"Trastornos mentales debidos al uso de drogas (drogodependencia, toxicomanía)",0,970537,0.0
2023,all,90-94,,Accidentes de tráfico,26,492778,5.2762
2023,all,90-94,,Agresiones (homicidio),3,492778,0.6088
2023,all,90-94,,Envenenamiento accidental por psicofármacos y drogas de abuso,35,492778,7.1026
2023,all,90-94,,Eventos de intención no determinada,3,492778,0.6088
2023,all,90-94,,Suicidio y lesiones autoinfligidas,86,492778,17.4521
2023,all,90-94,I-XXII,Todas las causas,80923,492778,16421.7964
2023,all,90-94,,"Trastornos mentales debidos al uso de drogas (drogodependencia, toxicomanía)",0,492778,0.0
2023,all,95+,,Accidentes de tráfico,4,140426,2.8485
2023,all,95+,,Agresiones (homicidio),0,140426,0.0
2023,all,95+,,Envenenamiento accidental por psicofármacos y drogas de abuso,13,140426,9.2575
2023,all,95+,,Eventos de intención no determinada,0,140426,0.0
2023,all,95+,,Suicidio y lesiones autoinfligidas,17,140426,12.106
2023,all,95+,I-XXII,Todas las causas,41306,140426,29414.7807
2023,all,95+,,"Trastornos mentales debidos al uso de drogas (drogodependencia, toxicomanía)",0,140426,0.0
2023,all,<1,,Accidentes de tráfico,0,323944,0.0
2023,all,<1,,Agresiones (homicidio),7,323944,2.1609
2023,all,<1,,Envenenamiento accidental por psicofármacos y drogas de abuso,0,323944,0.0
2023,all,<1,,Eventos de intención no determinada,2,323944,0.6174
2023,all,<1,,Suicidio y lesiones autoinfligidas,0,323944,0.0
2023,all,<1,I-XXII,Todas las causas,848,323944,261.7736
2023,all,<1,,"Trastornos mentales debidos al uso de drogas (drogodependencia, toxicomanía)",0,323944,0.0
2023,all,all,,Accidentes de tráfico,1827,48320520,3.781
2023,all,all,,Agresiones (homicidio),316,48320520,0.654
2023,all,all,,Envenenamiento accidental por psicofármacos y drogas de abuso,1058,48320520,2.1895
2023,all,all,,Eventos de intención no determinada,130,48320520,0.269
2023,all,all,,Suicidio y lesiones autoinfligidas,4116,48320520,8.5181
2023,all,all,I-XXII,Todas las causas,436124,48320520,902.5648
2023,all,all,,"Trastornos mentales debidos al uso de drogas (drogodependencia, toxicomanía)",43,48320520,0.089
2023,female,1-4,,Accidentes de tráfico,4,700199,0.5713
2023,female,1-4,,Agresiones (homicidio),0,700199,0.0
2023,female,1-4,,Envenenamiento accidental por psicofármacos y drogas de abuso,0,700199,0.0
2023,female,1-4,,Eventos de intención no determinada,0,700199,0.0
2023,female,1-4,,Suicidio y lesiones autoinfligidas,0,700199,0.0
2023,female,1-4,I-XXII,Todas las causas,92,700199,13.1391
2023,female,1-4,,"Trastornos mentales debidos al uso de drogas (drogodependencia, toxicomanía)",0,700199,0.0
2023,female,10-14,,Accidentes de tráfico,4,1214971,0.3292
2023,female,10-14,,Agresiones (homicidio),0,1214971,0.0
2023,female,10-14,,Envenenamiento accidental por psicofármacos y drogas de abuso,0,1214971,0.0
2023,female,10-14,,Eventos de intención no determinada,0,1214971,0.0
2023,female,10-14,,Suicidio y lesiones autoinfligidas,7,1214971,0.5761
2023,female,10-14,I-XXII,Todas las causas,86,1214971,7.0784
2023,female,10-14,,"Trastornos mentales debidos al uso de drogas (drogodependencia, toxicomanía)",0,1214971,0.0
2023,female,15-19,,Accidentes de tráfico,27,1257128,2.1478
2023,female,15-19,,Agresiones (homicidio),1,1257128,0.0795
2023,female,15-19,,Envenenamiento accidental por psicofármacos y drogas de abuso,1,1257128,0.0795
2023,female,15-19,,Eventos de intención no determinada,0,1257128,0.0
2023,female,15-19,,Suicidio y lesiones autoinfligidas,29,1257128,2.3068
2023,female,15-19,I-XXII,Todas las causas,164,1257128,13.0456
2023,female,15-19,,"Trastornos mentales debidos al uso de drogas (drogodependencia, toxicomanía)",0,1257128,0.0
2023,female,20-24,,Accidentes de tráfico,25,1235708,2.0231
2023,female,20-24,,Agresiones (homicidio),2,1235708,0.1619
2023,female,20-24,,Envenenamiento accidental por psicofármacos y drogas de abuso,2,1235708,0.1619
2023,female,20-24,,Eventos de intención no determinada,0,1235708,0.0
2023,female,20-24,,Suicidio y lesiones autoinfligidas,32,1235708,2.5896
2023,female,20-24,I-XXII,Todas las causas,186,1235708,15.0521
2023,female,20-24,,"Trastornos mentales debidos al uso de drogas (drogodependencia, toxicomanía)",0,1235708,0.0
2023,female,25-29,,Accidentes de tráfico,25,1272248,1.965
2023,female,25-29,,Agresiones (homicidio),8,1272248,0.6288
2023,female,25-29,,Envenenamiento accidental por psicofármacos y drogas de abuso,7,1272248,0.5502
2023,female,25-29,,Eventos de intención no determinada,2,1272248,0.1572
2023,female,25-29,,Suicidio y lesiones autoinfligidas,37,1272248,2.9082
2023,female,25-29,I-XXII,Todas las causas,239,1272248,18.7856
2023,female,25-29,,"Trastornos mentales debidos al uso de drogas (drogodependencia, toxicomanía)",0,1272248,0.0
2023,female,30-34,,Accidentes de tráfico,19,1397777,1.3593
2023,female,30-34,,Agresiones (homicidio),5,1397777,0.3577
2023,female,30-34,,Envenenamiento accidental por psicofármacos y drogas de abuso,13,1397777,0.93
2023,female,30-34,,Eventos de intención no determinada,0,1397777,0.0
2023,female,30-34,,Suicidio y lesiones autoinfligidas,59,1397777,4.221
2023,female,30-34,I-XXII,Todas las causas,351,1397777,25.1113
2023,female,30-34,,"Trastornos mentales debidos al uso de drogas (drogodependencia, toxicomanía)",0,1397777,0.0
2023,female,35-39,,Accidentes de tráfico,17,1541200,1.103
2023,female,35-39,,Agresiones (homicidio),16,1541200,1.0382
2023,female,35-39,,Envenenamiento accidental por psicofármacos y drogas de abuso,15,1541200,0.9733
2023,female,35-39,,Eventos de intención no determinada,3,1541200,0.1947
2023,female,35-39,,Suicidio y lesiones autoinfligidas,60,1541200,3.8931
2023,female,35-39,I-XXII,Todas las causas,567,1541200,36.7895
2023,female,35-39,,"Trastornos mentales debidos al uso de drogas (drogodependencia, toxicomanía)",0,1541200,0.0
2023,female,40-44,,Accidentes de tráfico,23,1837023,1.252
2023,female,40-44,,Agresiones (homicidio),10,1837023,0.5444
2023,female,40-44,,Envenenamiento accidental por psicofármacos y drogas de abuso,22,1837023,1.1976
2023,female,40-44,,Eventos de intención no determinada,2,1837023,0.1089
2023,female,40-44,,Suicidio y lesiones autoinfligidas,91,1837023,4.9537
2023,female,40-44,I-XXII,Todas las causas,1144,1837023,62.2747
2023,female,40-44,,"Trastornos mentales debidos al uso de drogas (drogodependencia, toxicomanía)",0,1837023,0.0
2023,female,45-49,,Accidentes de tráfico,21,2023009,1.0381
2023,female,45-49,,Agresiones (homicidio),13,2023009,0.6426
2023,female,45-49,,Envenenamiento accidental por psicofármacos y drogas de abuso,34,2023009,1.6807
2023,female,45-49,,Eventos de intención no determinada,5,2023009,0.2472
2023,female,45-49,,Suicidio y lesiones autoinfligidas,108,2023009,5.3386
2023,female,45-49,I-XXII,Todas las causas,1979,2023009,97.8246
2023,female,45-49,,"Trastornos mentales debidos al uso de drogas (drogodependencia, toxicomanía)",2,2023009,0.0989
2023,female,5-9,,Accidentes de tráfico,2,1072276,0.1865
2023,female,5-9,,Agresiones (homicidio),2,1072276,0.1865
2023,female,5-9,,Envenenamiento accidental por psicofármacos y drogas de abuso,0,1072276,0.0
2023,female,5-9,,Eventos de intención no determinada,0,1072276,0.0
2023,female,5-9,,Suicidio y lesiones autoinfligidas,0,1072276,0.0
2023,female,5-9,I-XXII,Todas las causas,85,1072276,7.9271
2023,female,5-9,,"Trastornos mentales debidos al uso de drogas (drogodependencia, toxicomanía)",0,1072276,0.0
2023,female,50-54,,Accidentes de tráfico,23,1912440,1.2027
2023,female,50-54,,Agresiones (homicidio),7,1912440,0.366
2023,female,50-54,,Envenenamiento accidental por psicofármacos y drogas de abuso,31,1912440,1.621
2023,female,50-54,,Eventos de intención no determinada,3,1912440,0.1569
2023,female,50-54,,Suicidio y lesiones autoinfligidas,121,1912440,6.327
2023,female,50-54,I-XXII,Todas las causas,3125,1912440,163.4038
2023,female,50-54,,"Trastornos mentales debidos al uso de drogas (drogodependencia, toxicomanía)",0,1912440,0.0
2023,female,55-59,,Accidentes de tráfico,33,1835987,1.7974
2023,female,55-59,,Agresiones (homicidio),3,1835987,0.1634
2023,female,55-59,,Envenenamiento accidental por psicofármacos y drogas de abuso,16,1835987,0.8715
2023,female,55-59,,Eventos de intención no determinada,7,1835987,0.3813
2023,female,55-59,,Suicidio y lesiones autoinfligidas,122,1835987,6.6449
2023,female,55-59,I-XXII,Todas las causas,5016,1835987,273.2045
2023,female,55-59,,"Trastornos mentales debidos al uso de drogas (drogodependencia, toxicomanía)",0,1835987,0.0
2023,female,60-64,,Accidentes de tráfico,23,1644037,1.399
2023,female,60-64,,Agresiones (homicidio),7,1644037,0.4258
2023,female,60-64,,Envenenamiento accidental por psicofármacos y drogas de abuso,16,1644037,0.9732
2023,female,60-64,,Eventos de intención no determinada,4,1644037,0.2433
2023,female,60-64,,Suicidio y lesiones autoinfligidas,93,1644037,5.6568
2023,female,60-64,I-XXII,Todas las causas,6957,1644037,423.1657
2023,female,60-64,,"Trastornos mentales debidos al uso de drogas (drogodependencia, toxicomanía)",0,1644037,0.0
2023,female,65-69,,Accidentes de tráfico,25,1406358,1.7776
2023,female,65-69,,Agresiones (homicidio),6,1406358,0.4266
2023,female,65-69,,Envenenamiento accidental por psicofármacos y drogas de abuso,10,1406358,0.7111
2023,female,65-69,,Eventos de intención no determinada,1,1406358,0.0711
2023,female,65-69,,Suicidio y lesiones autoinfligidas,78,1406358,5.5462
2023,female,65-69,I-XXII,Todas las causas,8918,1406358,634.1202
2023,female,65-69,,"Trastornos mentales debidos al uso de drogas (drogodependencia, toxicomanía)",0,1406358,0.0
2023,female,70-74,,Accidentes de tráfico,27,1217316,2.218
2023,female,70-74,,Agresiones (homicidio),2,1217316,0.1643
2023,female,70-74,,Envenenamiento accidental por psicofármacos y drogas de abuso,10,1217316,0.8215
2023,female,70-74,,Eventos de intención no determinada,2,1217316,0.1643
2023,female,70-74,,Suicidio y lesiones autoinfligidas,53,1217316,4.3538
2023,female,70-74,I-XXII,Todas las causas,11988,1217316,984.7895
2023,female,70-74,,"Trastornos mentales debidos al uso de drogas (drogodependencia, toxicomanía)",2,1217316,0.1643
2023,female,75-79,,Accidentes de tráfico,38,1089068,3.4892
2023,female,75-79,,Agresiones (homicidio),5,1089068,0.4591
2023,female,75-79,,Envenenamiento accidental por psicofármacos y drogas de abuso,10,1089068,0.9182
2023,female,75-79,,Eventos de intención no determinada,1,1089068,0.0918
2023,female,75-79,,Suicidio y lesiones autoinfligidas,77,1089068,7.0703
2023,female,75-79,I-XXII,Todas las causas,19180,1089068,1761.1389
2023,female,75-79,,"Trastornos mentales debidos al uso de drogas (drogodependencia, toxicomanía)",1,1089068,0.0918
2023,female,80-84,,Accidentes de tráfico,24,762959,3.1456
2023,female,80-84,,Agresiones (homicidio),6,762959,0.7864
2023,female,80-84,,Envenenamiento accidental por psicofármacos y drogas de abuso,12,762959,1.5728
2023,female,80-84,,Eventos de intención no determinada,2,762959,0.2621
2023,female,80-84,,Suicidio y lesiones autoinfligidas,50,762959,6.5534
2023,female,80-84,I-XXII,Todas las causas,26657,762959,3493.8968
2023,female,80-84,,"Trastornos mentales debidos al uso de drogas (drogodependencia, toxicomanía)",0,762959,0.0
2023,female,85-89,,Accidentes de tráfico,27,615550,4.3863
2023,female,85-89,,Agresiones (homicidio),2,615550,0.3249
2023,female,85-89,,Envenenamiento accidental por psicofármacos y drogas de abuso,27,615550,4.3863
2023,female,85-89,,Eventos de intención no determinada,1,615550,0.1625
2023,female,85-89,,Suicidio y lesiones autoinfligidas,36,615550,5.8484
2023,female,85-89,I-XXII,Todas las causas,47100,615550,7651.6936
2023,female,85-89,,"Trastornos mentales debidos al uso de drogas (drogodependencia, toxicomanía)",0,615550,0.0
2023,female,90-94,,Accidentes de tráfico,14,338935,4.1306
2023,female,90-94,,Agresiones (homicidio),1,338935,0.295
2023,female,90-94,,Envenenamiento accidental por psicofármacos y drogas de abuso,26,338935,7.6711
2023,female,90-94,,Eventos de intención no determinada,1,338935,0.295
2023,female,90-94,,Suicidio y lesiones autoinfligidas,15,338935,4.4256
2023,female,90-94,I-XXII,Todas las causas,50883,338935,15012.613
2023,female,90-94,,"Trastornos mentales debidos al uso de drogas (drogodependencia, toxicomanía)",0,338935,0.0
2023,female,95+,,Accidentes de tráfico,2,106653,1.8752
2023,female,95+,,Agresiones (homicidio),0,106653,0.0
2023,female,95+,,Envenenamiento accidental por psicofármacos y drogas de abuso,7,106653,6.5633
2023,female,95+,,Eventos de intención no determinada,0,106653,0.0
2023,female,95+,,Suicidio y lesiones autoinfligidas,4,106653,3.7505
2023,female,95+,I-XXII,Todas las causas,30277,106653,28388.3248
2023,female,95+,,"Trastornos mentales debidos al uso de drogas (drogodependencia, toxicomanía)",0,106653,0.0
2023,female,<1,,Accidentes de tráfico,0,157747,0.0
2023,female,<1,,Agresiones (homicidio),3,157747,1.9018
2023,female,<1,,Envenenamiento accidental por psicofármacos y drogas de abuso,0,157747,0.0
2023,female,<1,,Eventos de intención no determinada,1,157747,0.6339
2023,female,<1,,Suicidio y lesiones autoinfligidas,0,157747,0.0
2023,female,<1,I-XXII,Todas las causas,388,157747,245.9635
2023,female,<1,,"Trastornos mentales debidos al uso de drogas (drogodependencia, toxicomanía)",0,157747,0.0
2023,female,all,,Accidentes de tráfico,403,24638589,1.6356
2023,female,all,,Agresiones (homicidio),99,24638589,0.4018
2023,female,all,,Envenenamiento accidental por psicofármacos y drogas de abuso,259,24638589,1.0512
2023,female,all,,Eventos de intención no determinada,35,24638589,0.1421
2023,female,all,,Suicidio y lesiones autoinfligidas,1072,24638589,4.3509
2023,female,all,I-XXII,Todas las causas,215382,24638589,874.1653
2023,female,all,,"Trastornos mentales debidos al uso de drogas (drogodependencia, toxicomanía)",5,24638589,0.0203
2023,male,1-4,,Accidentes de tráfico,9,740000,1.2162
2023,male,1-4,,Agresiones (homicidio),2,740000,0.2703
2023,male,1-4,,Envenenamiento accidental por psicofármacos y drogas de abuso,0,740000,0.0
2023,male,1-4,,Eventos de intención no determinada,0,740000,0.0
2023,male,1-4,,Suicidio y lesiones autoinfligidas,0,740000,0.0
2023,male,1-4,I-XXII,Todas las causas,137,740000,18.5135
2023,male,1-4,,"Trastornos mentales debidos al uso de drogas (drogodependencia, toxicomanía)",0,740000,0.0
2023,male,10-14,,Accidentes de tráfico,10,1290828,0.7747
2023,male,10-14,,Agresiones (homicidio),0,1290828,0.0
2023,male,10-14,,Envenenamiento accidental por psicofármacos y drogas de abuso,0,1290828,0.0
2023,male,10-14,,Eventos de intención no determinada,0,1290828,0.0
2023,male,10-14,,Suicidio y lesiones autoinfligidas,3,1290828,0.2324
2023,male,10-14,I-XXII,Todas las causas,102,1290828,7.9019
2023,male,10-14,,"Trastornos mentales debidos al uso de drogas (drogodependencia, toxicomanía)",0,1290828,0.0
2023,male,15-19,,Accidentes de tráfico,62,1339704,4.6279
2023,male,15-19,,Agresiones (homicidio),3,1339704,0.2239
2023,male,15-19,,Envenenamiento accidental por psicofármacos y drogas de abuso,8,1339704,0.5971
2023,male,15-19,,Eventos de intención no determinada,1,1339704,0.0746
2023,male,15-19,,Suicidio y lesiones autoinfligidas,37,1339704,2.7618
2023,male,15-19,I-XXII,Todas las causas,280,1339704,20.9001
2023,male,15-19,,"Trastornos mentales debidos al uso de drogas (drogodependencia, toxicomanía)",0,1339704,0.0
2023,male,20-24,,Accidentes de tráfico,99,1312382,7.5435
2023,male,20-24,,Agresiones (homicidio),11,1312382,0.8382
2023,male,20-24,,Envenenamiento accidental por psicofármacos y drogas de abuso,26,1312382,1.9811
2023,male,20-24,,Eventos de intención no determinada,0,1312382,0.0
2023,male,20-24,,Suicidio y lesiones autoinfligidas,95,1312382,7.2387
2023,male,20-24,I-XXII,Todas las causas,542,1312382,41.299
2023,male,20-24,,"Trastornos mentales debidos al uso de drogas (drogodependencia, toxicomanía)",0,1312382,0.0
2023,male,25-29,,Accidentes de tráfico,83,1321067,6.2828
2023,male,25-29,,Agresiones (homicidio),18,1321067,1.3625
2023,male,25-29,,Envenenamiento accidental por psicofármacos y drogas de abuso,32,1321067,2.4223
2023,male,25-29,,Eventos de intención no determinada,8,1321067,0.6056
2023,male,25-29,,Suicidio y lesiones autoinfligidas,124,1321067,9.3864
2023,male,25-29,I-XXII,Todas las causas,586,1321067,44.3581
2023,male,25-29,,"Trastornos mentales debidos al uso de drogas (drogodependencia, toxicomanía)",0,1321067,0.0
2023,male,30-34,,Accidentes de tráfico,89,1421849,6.2595
2023,male,30-34,,Agresiones (homicidio),21,1421849,1.477
2023,male,30-34,,Envenenamiento accidental por psicofármacos y drogas de abuso,49,1421849,3.4462
2023,male,30-34,,Eventos de intención no determinada,5,1421849,0.3517
2023,male,30-34,,Suicidio y lesiones autoinfligidas,151,1421849,10.62
2023,male,30-34,I-XXII,Todas las causas,817,1421849,57.4604
2023,male,30-34,,"Trastornos mentales debidos al uso de drogas (drogodependencia, toxicomanía)",1,1421849,0.0703
2023,male,35-39,,Accidentes de tráfico,95,1531885,6.2015
2023,male,35-39,,Agresiones (homicidio),18,1531885,1.175
2023,male,35-39,,Envenenamiento accidental por psicofármacos y drogas de abuso,80,1531885,5.2223
2023,male,35-39,,Eventos de intención no determinada,9,1531885,0.5875
2023,male,35-39,,Suicidio y lesiones autoinfligidas,191,1531885,12.4683
2023,male,35-39,I-XXII,Todas las causas,1155,1531885,75.3973
2023,male,35-39,,"Trastornos mentales debidos al uso de drogas (drogodependencia, toxicomanía)",3,1531885,0.1958
2023,male,40-44,,Accidentes de tráfico,106,1844148,5.7479
2023,male,40-44,,Agresiones (homicidio),31,1844148,1.681
2023,male,40-44,,Envenenamiento accidental por psicofármacos y drogas de abuso,118,1844148,6.3986
2023,male,40-44,,Eventos de intención no determinada,9,1844148,0.488
2023,male,40-44,,Suicidio y lesiones autoinfligidas,264,1844148,14.3156
2023,male,40-44,I-XXII,Todas las causas,2026,1844148,109.861
2023,male,40-44,,"Trastornos mentales debidos al uso de drogas (drogodependencia, toxicomanía)",5,1844148,0.2711
2023,male,45-49,,Accidentes de tráfico,121,2057328,5.8814
2023,male,45-49,,Agresiones (homicidio),27,2057328,1.3124
2023,male,45-49,,Envenenamiento accidental por psicofármacos y drogas de abuso,120,2057328,5.8328
2023,male,45-49,,Eventos de intención no determinada,17,2057328,0.8263
2023,male,45-49,,Suicidio y lesiones autoinfligidas,337,2057328,16.3805
2023,male,45-49,I-XXII,Todas las causas,3541,2057328,172.1165
2023,male,45-49,,"Trastornos mentales debidos al uso de drogas (drogodependencia, toxicomanía)",6,2057328,0.2916
2023,male,5-9,,Accidentes de tráfico,3,1137104,0.2638
2023,male,5-9,,Agresiones (homicidio),1,1137104,0.0879
2023,male,5-9,,Envenenamiento accidental por psicofármacos y drogas de abuso,0,1137104,0.0
2023,male,5-9,,Eventos de intención no determinada,0,1137104,0.0
2023,male,5-9,,Suicidio y lesiones autoinfligidas,0,1137104,0.0
2023,male,5-9,I-XXII,Todas las causas,84,1137104,7.3872
2023,male,5-9,,"Trastornos mentales debidos al uso de drogas (drogodependencia, toxicomanía)",0,1137104,0.0
2023,male,50-54,,Accidentes de tráfico,144,1916180,7.515
2023,male,50-54,,Agresiones (homicidio),18,1916180,0.9394
2023,male,50-54,,Envenenamiento accidental por psicofármacos y drogas de abuso,123,1916180,6.419
2023,male,50-54,,Eventos de intención no determinada,13,1916180,0.6784
2023,male,50-54,,Suicidio y lesiones autoinfligidas,320,1916180,16.6999
2023,male,50-54,I-XXII,Todas las causas,5944,1916180,310.2005
2023,male,50-54,,"Trastornos mentales debidos al uso de drogas (drogodependencia, toxicomanía)",7,1916180,0.3653
2023,male,55-59,,Accidentes de tráfico,150,1783031,8.4126
2023,male,55-59,,Agresiones (homicidio),12,1783031,0.673
2023,male,55-59,,Envenenamiento accidental por psicofármacos y drogas de abuso,124,1783031,6.9545
2023,male,55-59,,Eventos de intención no determinada,7,1783031,0.3926
2023,male,55-59,,Suicidio y lesiones autoinfligidas,335,1783031,18.7882
2023,male,55-59,I-XXII,Todas las causas,9885,1783031,554.3931
2023,male,55-59,,"Trastornos mentales debidos al uso de drogas (drogodependencia, toxicomanía)",11,1783031,0.6169
2023,male,60-64,,Accidentes de tráfico,109,1549036,7.0366
2023,male,60-64,,Agresiones (homicidio),10,1549036,0.6456
2023,male,60-64,,Envenenamiento accidental por psicofármacos y drogas de abuso,47,1549036,3.0341
2023,male,60-64,,Eventos de intención no determinada,4,1549036,0.2582
2023,male,60-64,,Suicidio y lesiones autoinfligidas,269,1549036,17.3656
2023,male,60-64,I-XXII,Todas las causas,13996,1549036,903.5297
2023,male,60-64,,"Trastornos mentales debidos al uso de drogas (drogodependencia, toxicomanía)",4,1549036,0.2582
2023,male,65-69,,Accidentes de tráfico,83,1273295,6.5185
2023,male,65-69,,Agresiones (homicidio),15,1273295,1.178
2023,male,65-69,,Envenenamiento accidental por psicofármacos y drogas de abuso,24,1273295,1.8849
2023,male,65-69,,Eventos de intención no determinada,5,1273295,0.3927
2023,male,65-69,,Suicidio y lesiones autoinfligidas,214,1273295,16.8068
2023,male,65-69,I-XXII,Todas las causas,17751,1273295,1394.0996
2023,male,65-69,,"Trastornos mentales debidos al uso de drogas (drogodependencia, toxicomanía)",0,1273295,0.0
2023,male,70-74,,Accidentes de tráfico,75,1050180,7.1416
2023,male,70-74,,Agresiones (homicidio),1,1050180,0.0952
2023,male,70-74,,Envenenamiento accidental por psicofármacos y drogas de abuso,9,1050180,0.857
2023,male,70-74,,Eventos de intención no determinada,7,1050180,0.6666
2023,male,70-74,,Suicidio y lesiones autoinfligidas,163,1050180,15.5211
2023,male,70-74,I-XXII,Todas las causas,22341,1050180,2127.3496
2023,male,70-74,,"Trastornos mentales debidos al uso de drogas (drogodependencia, toxicomanía)",1,1050180,0.0952
2023,male,75-79,,Accidentes de tráfico,75,865156,8.669
2023,male,75-79,,Agresiones (homicidio),13,865156,1.5026
2023,male,75-79,,Envenenamiento accidental por psicofármacos y drogas de abuso,7,865156,0.8091
2023,male,75-79,,Eventos de intención no determinada,5,865156,0.5779
2023,male,75-79,,Suicidio y lesiones autoinfligidas,173,865156,19.9964
2023,male,75-79,I-XXII,Todas las causas,29851,865156,3450.3604
2023,male,75-79,,"Trastornos mentales debidos al uso de drogas (drogodependencia, toxicomanía)",0,865156,0.0
2023,male,80-84,,Accidentes de tráfico,52,539958,9.6304
2023,male,80-84,,Agresiones (homicidio),7,539958,1.2964
2023,male,80-84,,Envenenamiento accidental por psicofármacos y drogas de abuso,10,539958,1.852
2023,male,80-84,,Eventos de intención no determinada,1,539958,0.1852
2023,male,80-84,,Suicidio y lesiones autoinfligidas,154,539958,28.5207
2023,male,80-84,I-XXII,Todas las causas,31677,539958,5866.5674
2023,male,80-84,,"Trastornos mentales debidos al uso de drogas (drogodependencia, toxicomanía)",0,539958,0.0
2023,male,85-89,,Accidentes de tráfico,45,354987,12.6765
2023,male,85-89,,Agresiones (homicidio),3,354987,0.8451
2023,male,85-89,,Envenenamiento accidental por psicofármacos y drogas de abuso,7,354987,1.9719
2023,male,85-89,,Eventos de intención no determinada,1,354987,0.2817
2023,male,85-89,,Suicidio y lesiones autoinfligidas,130,354987,36.6211
2023,male,85-89,I-XXII,Todas las causas,38498,354987,10844.9042
2023,male,85-89,,"Trastornos mentales debidos al uso de drogas (drogodependencia, toxicomanía)",0,354987,0.0
2023,male,90-94,,Accidentes de tráfico,12,153843,7.8002
2023,male,90-94,,Agresiones (homicidio),2,153843,1.3
2023,male,90-94,,Envenenamiento accidental por psicofármacos y drogas de abuso,9,153843,5.8501
2023,male,90-94,,Eventos de intención no determinada,2,153843,1.3
2023,male,90-94,,Suicidio y lesiones autoinfligidas,71,153843,46.1509
2023,male,90-94,I-XXII,Todas las causas,30040,153843,19526.4003
2023,male,90-94,,"Trastornos mentales debidos al uso de drogas (drogodependencia, toxicomanía)",0,153843,0.0
2023,male,95+,,Accidentes de tráfico,2,33773,5.9219
2023,male,95+,,Agresiones (homicidio),0,33773,0.0
2023,male,95+,,Envenenamiento accidental por psicofármacos y drogas de abuso,6,33773,17.7657
2023,male,95+,,Eventos de intención no determinada,0,33773,0.0
2023,male,95+,,Suicidio y lesiones autoinfligidas,13,33773,38.4923
2023,male,95+,I-XXII,Todas las causas,11029,33773,32656.2639
2023,male,95+,,"Trastornos mentales debidos al uso de drogas (drogodependencia, toxicomanía)",0,33773,0.0
2023,male,<1,,Accidentes de tráfico,0,166197,0.0
2023,male,<1,,Agresiones (homicidio),4,166197,2.4068
2023,male,<1,,Envenenamiento accidental por psicofármacos y drogas de abuso,0,166197,0.0
2023,male,<1,,Eventos de intención no determinada,1,166197,0.6017
2023,male,<1,,Suicidio y lesiones autoinfligidas,0,166197,0.0
2023,male,<1,I-XXII,Todas las causas,460,166197,276.78
2023,male,<1,,"Trastornos mentales debidos al uso de drogas (drogodependencia, toxicomanía)",0,166197,0.0
2023,male,all,,Accidentes de tráfico,1424,23681931,6.013
2023,male,all,,Agresiones (homicidio),217,23681931,0.9163
2023,male,all,,Envenenamiento accidental por psicofármacos y drogas de abuso,799,23681931,3.3739
2023,male,all,,Eventos de intención no determinada,95,23681931,0.4011
2023,male,all,,Suicidio y lesiones autoinfligidas,3044,23681931,12.8537
2023,male,all,I-XXII,Todas las causas,220742,23681931,932.1115
2023,male,all,,"Trastornos mentales debidos al uso de drogas (drogodependencia, toxicomanía)",38,23681931,0.1605
2024,all,1-4,,Accidentes de tráfico,7,1409470,0.4966
2024,all,1-4,,Agresiones (homicidio),4,1409470,0.2838
2024,all,1-4,,Envenenamiento accidental por psicofármacos y drogas de abuso,0,1409470,0.0
2024,all,1-4,,Eventos de intención no determinada,0,1409470,0.0
2024,all,1-4,,Suicidio y lesiones autoinfligidas,0,1409470,0.0
2024,all,1-4,I-XXII,Todas las causas,201,1409470,14.2607
2024,all,1-4,,"Trastornos mentales debidos al uso de drogas (drogodependencia, toxicomanía)",0,1409470,0.0
2024,all,10-14,,Accidentes de tráfico,9,2480540,0.3628
2024,all,10-14,,Agresiones (homicidio),3,2480540,0.1209
2024,all,10-14,,Envenenamiento accidental por psicofármacos y drogas de abuso,1,2480540,0.0403
2024,all,10-14,,Eventos de intención no determinada,0,2480540,0.0
2024,all,10-14,,Suicidio y lesiones autoinfligidas,12,2480540,0.4838
2024,all,10-14,I-XXII,Todas las causas,210,2480540,8.4659
2024,all,10-14,,"Trastornos mentales debidos al uso de drogas (drogodependencia, toxicomanía)",0,2480540,0.0
2024,all,15-19,,Accidentes de tráfico,65,2667627,2.4366
2024,all,15-19,,Agresiones (homicidio),6,2667627,0.2249
2024,all,15-19,,Envenenamiento accidental por psicofármacos y drogas de abuso,6,2667627,0.2249
2024,all,15-19,,Eventos de intención no determinada,2,2667627,0.075
2024,all,15-19,,Suicidio y lesiones autoinfligidas,78,2667627,2.9239
2024,all,15-19,I-XXII,Todas las causas,432,2667627,16.1942
2024,all,15-19,,"Trastornos mentales debidos al uso de drogas (drogodependencia, toxicomanía)",0,2667627,0.0
2024,all,20-24,,Accidentes de tráfico,132,2637908,5.004
2024,all,20-24,,Agresiones (homicidio),17,2637908,0.6445
2024,all,20-24,,Envenenamiento accidental por psicofármacos y drogas de abuso,26,2637908,0.9856
2024,all,20-24,,Eventos de intención no determinada,3,2637908,0.1137
2024,all,20-24,,Suicidio y lesiones autoinfligidas,120,2637908,4.5491
2024,all,20-24,I-XXII,Todas las causas,661,2637908,25.0577
2024,all,20-24,,"Trastornos mentales debidos al uso de drogas (drogodependencia, toxicomanía)",1,2637908,0.0379
2024,all,25-29,,Accidentes de tráfico,105,2648465,3.9646
2024,all,25-29,,Agresiones (homicidio),19,2648465,0.7174
2024,all,25-29,,Envenenamiento accidental por psicofármacos y drogas de abuso,35,2648465,1.3215
2024,all,25-29,,Eventos de intención no determinada,2,2648465,0.0755
2024,all,25-29,,Suicidio y lesiones autoinfligidas,134,2648465,5.0595
2024,all,25-29,I-XXII,Todas las causas,808,2648465,30.5082
2024,all,25-29,,"Trastornos mentales debidos al uso de drogas (drogodependencia, toxicomanía)",1,2648465,0.0378
2024,all,30-34,,Accidentes de tráfico,104,2855718,3.6418
2024,all,30-34,,Agresiones (homicidio),33,2855718,1.1556
2024,all,30-34,,Envenenamiento accidental por psicofármacos y drogas de abuso,60,2855718,2.101
2024,all,30-34,,Eventos de intención no determinada,6,2855718,0.2101
2024,all,30-34,,Suicidio y lesiones autoinfligidas,161,2855718,5.6378
2024,all,30-34,I-XXII,Todas las causas,1127,2855718,39.4647
2024,all,30-34,,"Trastornos mentales debidos al uso de drogas (drogodependencia, toxicomanía)",1,2855718,0.035
2024,all,35-39,,Accidentes de tráfico,116,3057268,3.7942
2024,all,35-39,,Agresiones (homicidio),31,3057268,1.014
2024,all,35-39,,Envenenamiento accidental por psicofármacos y drogas de abuso,95,3057268,3.1073
2024,all,35-39,,Eventos de intención no determinada,8,3057268,0.2617
2024,all,35-39,,Suicidio y lesiones autoinfligidas,230,3057268,7.5231
2024,all,35-39,I-XXII,Todas las causas,1671,3057268,54.6566
2024,all,35-39,,"Trastornos mentales debidos al uso de drogas (drogodependencia, toxicomanía)",3,3057268,0.0981
2024,all,40-44,,Accidentes de tráfico,147,3587933,4.0971
2024,all,40-44,,Agresiones (homicidio),35,3587933,0.9755
2024,all,40-44,,Envenenamiento accidental por psicofármacos y drogas de abuso,108,3587933,3.0101
2024,all,40-44,,Eventos de intención no determinada,6,3587933,0.1672
2024,all,40-44,,Suicidio y lesiones autoinfligidas,314,3587933,8.7516
2024,all,40-44,I-XXII,Todas las causas,3055,3587933,85.1465
2024,all,40-44,,"Trastornos mentales debidos al uso de drogas (drogodependencia, toxicomanía)",6,3587933,0.1672
2024,all,45-49,,Accidentes de tráfico,175,4096700,4.2717
2024,all,45-49,,Agresiones (homicidio),34,4096700,0.8299
2024,all,45-49,,Envenenamiento accidental por psicofármacos y drogas de abuso,138,4096700,3.3686
2024,all,45-49,,Eventos de intención no determinada,16,4096700,0.3906
2024,all,45-49,,Suicidio y lesiones autoinfligidas,465,4096700,11.3506
2024,all,45-49,I-XXII,Todas las causas,5450,4096700,133.0339
2024,all,45-49,,"Trastornos mentales debidos al uso de drogas (drogodependencia, toxicomanía)",7,4096700,0.1709
2024,all,5-9,,Accidentes de tráfico,8,2171243,0.3685
2024,all,5-9,,Agresiones (homicidio),6,2171243,0.2763
2024,all,5-9,,Envenenamiento accidental por psicofármacos y drogas de abuso,0,2171243,0.0
2024,all,5-9,,Eventos de intención no determinada,1,2171243,0.0461
2024,all,5-9,,Suicidio y lesiones autoinfligidas,0,2171243,0.0
2024,all,5-9,I-XXII,Todas las causas,171,2171243,7.8757
2024,all,5-9,,"Trastornos mentales debidos al uso de drogas (drogodependencia, toxicomanía)",0,2171243,0.0
2024,all,50-54,,Accidentes de tráfico,158,3901279,4.05
2024,all,50-54,,Agresiones (homicidio),21,3901279,0.5383
2024,all,50-54,,Envenenamiento accidental por psicofármacos y drogas de abuso,144,3901279,3.6911
2024,all,50-54,,Eventos de intención no determinada,14,3901279,0.3589
2024,all,50-54,,Suicidio y lesiones autoinfligidas,468,3901279,11.9961
2024,all,50-54,I-XXII,Todas las causas,8831,3901279,226.3617
2024,all,50-54,,"Trastornos mentales debidos al uso de drogas (drogodependencia, toxicomanía)",14,3901279,0.3589
2024,all,55-59,,Accidentes de tráfico,144,3655824,3.9389
2024,all,55-59,,Agresiones (homicidio),24,3655824,0.6565
2024,all,55-59,,Envenenamiento accidental por psicofármacos y drogas de abuso,140,3655824,3.8295
2024,all,55-59,,Eventos de intención no determinada,24,3655824,0.6565
2024,all,55-59,,Suicidio y lesiones autoinfligidas,444,3655824,12.145
2024,all,55-59,I-XXII,Todas las causas,14389,3655824,393.5912
2024,all,55-59,,"Trastornos mentales debidos al uso de drogas (drogodependencia, toxicomanía)",6,3655824,0.1641
2024,all,60-64,,Accidentes de tráfico,134,3281220,4.0838
2024,all,60-64,,Agresiones (homicidio),23,3281220,0.701
2024,all,60-64,,Envenenamiento accidental por psicofármacos y drogas de abuso,82,3281220,2.4991
2024,all,60-64,,Eventos de intención no determinada,8,3281220,0.2438
2024,all,60-64,,Suicidio y lesiones autoinfligidas,365,3281220,11.1239
2024,all,60-64,I-XXII,Todas las causas,20963,3281220,638.8782
2024,all,60-64,,"Trastornos mentales debidos al uso de drogas (drogodependencia, toxicomanía)",7,3281220,0.2133
2024,all,65-69,,Accidentes de tráfico,118,2782612,4.2406
2024,all,65-69,,Agresiones (homicidio),14,2782612,0.5031
2024,all,65-69,,Envenenamiento accidental por psicofármacos y drogas de abuso,42,2782612,1.5094
2024,all,65-69,,Eventos de intención no determinada,8,2782612,0.2875
2024,all,65-69,,Suicidio y lesiones autoinfligidas,278,2782612,9.9906
2024,all,65-69,I-XXII,Todas las causas,27004,2782612,970.4551
2024,all,65-69,,"Trastornos mentales debidos al uso de drogas (drogodependencia, toxicomanía)",3,2782612,0.1078
2024,all,70-74,,Accidentes de tráfico,106,2285944,4.637
2024,all,70-74,,Agresiones (homicidio),11,2285944,0.4812
2024,all,70-74,,Envenenamiento accidental por psicofármacos y drogas de abuso,21,2285944,0.9187
2024,all,70-74,,Eventos de intención no determinada,6,2285944,0.2625
2024,all,70-74,,Suicidio y lesiones autoinfligidas,218,2285944,9.5365
2024,all,70-74,I-XXII,Todas las causas,33622,2285944,1470.8147
2024,all,70-74,,"Trastornos mentales debidos al uso de drogas (drogodependencia, toxicomanía)",2,2285944,0.0875
2024,all,75-79,,Accidentes de tráfico,109,1992787,5.4697
2024,all,75-79,,Agresiones (homicidio),11,1992787,0.552
2024,all,75-79,,Envenenamiento accidental por psicofármacos y drogas de abuso,15,1992787,0.7527
2024,all,75-79,,Eventos de intención no determinada,6,1992787,0.3011
2024,all,75-79,,Suicidio y lesiones autoinfligidas,216,1992787,10.8391
2024,all,75-79,I-XXII,Todas las causas,48173,1992787,2417.3682
2024,all,75-79,,"Trastornos mentales debidos al uso de drogas (drogodependencia, toxicomanía)",1,1992787,0.0502
2024,all,80-84,,Accidentes de tráfico,94,1406469,6.6834
2024,all,80-84,,Agresiones (homicidio),7,1406469,0.4977
2024,all,80-84,,Envenenamiento accidental por psicofármacos y drogas de abuso,21,1406469,1.4931
2024,all,80-84,,Eventos de intención no determinada,6,1406469,0.4266
2024,all,80-84,,Suicidio y lesiones autoinfligidas,186,1406469,13.2246
2024,all,80-84,I-XXII,Todas las causas,61177,1406469,4349.6871
2024,all,80-84,,"Trastornos mentales debidos al uso de drogas (drogodependencia, toxicomanía)",0,1406469,0.0
2024,all,85-89,,Accidentes de tráfico,78,921872,8.461
2024,all,85-89,,Agresiones (homicidio),4,921872,0.4339
2024,all,85-89,,Envenenamiento accidental por psicofármacos y drogas de abuso,31,921872,3.3627
2024,all,85-89,,Eventos de intención no determinada,2,921872,0.2169
2024,all,85-89,,Suicidio y lesiones autoinfligidas,158,921872,17.139
2024,all,85-89,I-XXII,Todas las causas,80436,921872,8725.2894
2024,all,85-89,,"Trastornos mentales debidos al uso de drogas (drogodependencia, toxicomanía)",0,921872,0.0
2024,all,90-94,,Accidentes de tráfico,32,511049,6.2616
2024,all,90-94,,Agresiones (homicidio),7,511049,1.3697
2024,all,90-94,,Envenenamiento accidental por psicofármacos y drogas de abuso,23,511049,4.5005
2024,all,90-94,,Eventos de intención no determinada,1,511049,0.1957
2024,all,90-94,,Suicidio y lesiones autoinfligidas,88,511049,17.2195
2024,all,90-94,I-XXII,Todas las causas,82931,511049,16227.6024
2024,all,90-94,,"Trastornos mentales debidos al uso de drogas (drogodependencia, toxicomanía)",0,511049,0.0
2024,all,95+,,Accidentes de tráfico,8,149492,5.3515
2024,all,95+,,Agresiones (homicidio),2,149492,1.3379
2024,all,95+,,Envenenamiento accidental por psicofármacos y drogas de abuso,10,149492,6.6893
2024,all,95+,,Eventos de intención no determinada,0,149492,0.0
2024,all,95+,,Suicidio y lesiones autoinfligidas,18,149492,12.0408
2024,all,95+,I-XXII,Todas las causas,43836,149492,29323.3083
2024,all,95+,,"Trastornos mentales debidos al uso de drogas (drogodependencia, toxicomanía)",0,149492,0.0
2024,all,<1,,Accidentes de tráfico,4,320516,1.248
2024,all,<1,,Agresiones (homicidio),12,320516,3.744
2024,all,<1,,Envenenamiento accidental por psicofármacos y drogas de abuso,0,320516,0.0
2024,all,<1,,Eventos de intención no determinada,0,320516,0.0
2024,all,<1,,Suicidio y lesiones autoinfligidas,0,320516,0.0
2024,all,<1,I-XXII,Todas las causas,970,320516,302.637
2024,all,<1,,"Trastornos mentales debidos al uso de drogas (drogodependencia, toxicomanía)",0,320516,0.0
2024,all,all,,Accidentes de tráfico,1853,48821936,3.7954
2024,all,all,,Agresiones (homicidio),324,48821936,0.6636
2024,all,all,,Envenenamiento accidental por psicofármacos y drogas de abuso,998,48821936,2.0442
2024,all,all,,Eventos de intención no determinada,119,48821936,0.2437
2024,all,all,,Suicidio y lesiones autoinfligidas,3953,48821936,8.0968
2024,all,all,I-XXII,Todas las causas,436118,48821936,893.2829
2024,all,all,,"Trastornos mentales debidos al uso de drogas (drogodependencia, toxicomanía)",52,48821936,0.1065
2024,female,1-4,,Accidentes de tráfico,2,685056,0.2919
2024,female,1-4,,Agresiones (homicidio),3,685056,0.4379
2024,female,1-4,,Envenenamiento accidental por psicofármacos y drogas de abuso,0,685056,0.0
2024,female,1-4,,Eventos de intención no determinada,0,685056,0.0
2024,female,1-4,,Suicidio y lesiones autoinfligidas,0,685056,0.0
2024,female,1-4,I-XXII,Todas las causas,89,685056,12.9916
2024,female,1-4,,"Trastornos mentales debidos al uso de drogas (drogodependencia, toxicomanía)",0,685056,0.0
2024,female,10-14,,Accidentes de tráfico,3,1202941,0.2494
2024,female,10-14,,Agresiones (homicidio),0,1202941,0.0
2024,female,10-14,,Envenenamiento accidental por psicofármacos y drogas de abuso,0,1202941,0.0
2024,female,10-14,,Eventos de intención no determinada,0,1202941,0.0
2024,female,10-14,,Suicidio y lesiones autoinfligidas,6,1202941,0.4988
2024,female,10-14,I-XXII,Todas las causas,90,1202941,7.4817
2024,female,10-14,,"Trastornos mentales debidos al uso de drogas (drogodependencia, toxicomanía)",0,1202941,0.0
2024,female,15-19,,Accidentes de tráfico,22,1287752,1.7084
2024,female,15-19,,Agresiones (homicidio),3,1287752,0.233
2024,female,15-19,,Envenenamiento accidental por psicofármacos y drogas de abuso,1,1287752,0.0777
2024,female,15-19,,Eventos de intención no determinada,1,1287752,0.0777
2024,female,15-19,,Suicidio y lesiones autoinfligidas,31,1287752,2.4073
2024,female,15-19,I-XXII,Todas las causas,143,1287752,11.1046
2024,female,15-19,,"Trastornos mentales debidos al uso de drogas (drogodependencia, toxicomanía)",0,1287752,0.0
2024,female,20-24,,Accidentes de tráfico,23,1278031,1.7996
2024,female,20-24,,Agresiones (homicidio),6,1278031,0.4695
2024,female,20-24,,Envenenamiento accidental por psicofármacos y drogas de abuso,3,1278031,0.2347
2024,female,20-24,,Eventos de intención no determinada,1,1278031,0.0782
2024,female,20-24,,Suicidio y lesiones autoinfligidas,38,1278031,2.9733
2024,female,20-24,I-XXII,Todas las causas,191,1278031,14.9449
2024,female,20-24,,"Trastornos mentales debidos al uso de drogas (drogodependencia, toxicomanía)",1,1278031,0.0782
2024,female,25-29,,Accidentes de tráfico,13,1294695,1.0041
2024,female,25-29,,Agresiones (homicidio),3,1294695,0.2317
2024,female,25-29,,Envenenamiento accidental por psicofármacos y drogas de abuso,4,1294695,0.309
2024,female,25-29,,Eventos de intención no determinada,0,1294695,0.0
2024,female,25-29,,Suicidio y lesiones autoinfligidas,33,1294695,2.5489
2024,female,25-29,I-XXII,Todas las causas,238,1294695,18.3827
2024,female,25-29,,"Trastornos mentales debidos al uso de drogas (drogodependencia, toxicomanía)",0,1294695,0.0
2024,female,30-34,,Accidentes de tráfico,14,1409729,0.9931
2024,female,30-34,,Agresiones (homicidio),8,1409729,0.5675
2024,female,30-34,,Envenenamiento accidental por psicofármacos y drogas de abuso,14,1409729,0.9931
2024,female,30-34,,Eventos de intención no determinada,2,1409729,0.1419
2024,female,30-34,,Suicidio y lesiones autoinfligidas,37,1409729,2.6246
2024,female,30-34,I-XXII,Todas las causas,355,1409729,25.1821
2024,female,30-34,,"Trastornos mentales debidos al uso de drogas (drogodependencia, toxicomanía)",1,1409729,0.0709
2024,female,35-39,,Accidentes de tráfico,17,1529441,1.1115
2024,female,35-39,,Agresiones (homicidio),5,1529441,0.3269
2024,female,35-39,,Envenenamiento accidental por psicofármacos y drogas de abuso,15,1529441,0.9808
2024,female,35-39,,Eventos de intención no determinada,3,1529441,0.1962
2024,female,35-39,,Suicidio y lesiones autoinfligidas,38,1529441,2.4846
2024,female,35-39,I-XXII,Todas las causas,532,1529441,34.784
2024,female,35-39,,"Trastornos mentales debidos al uso de drogas (drogodependencia, toxicomanía)",0,1529441,0.0
2024,female,40-44,,Accidentes de tráfico,26,1794391,1.449
2024,female,40-44,,Agresiones (homicidio),10,1794391,0.5573
2024,female,40-44,,Envenenamiento accidental por psicofármacos y drogas de abuso,19,1794391,1.0589
2024,female,40-44,,Eventos de intención no determinada,2,1794391,0.1115
2024,female,40-44,,Suicidio y lesiones autoinfligidas,71,1794391,3.9568
2024,female,40-44,I-XXII,Todas las causas,1046,1794391,58.2928
2024,female,40-44,,"Trastornos mentales debidos al uso de drogas (drogodependencia, toxicomanía)",0,1794391,0.0
2024,female,45-49,,Accidentes de tráfico,23,2034828,1.1303
2024,female,45-49,,Agresiones (homicidio),12,2034828,0.5897
2024,female,45-49,,Envenenamiento accidental por psicofármacos y drogas de abuso,28,2034828,1.376
2024,female,45-49,,Eventos de intención no determinada,7,2034828,0.344
2024,female,45-49,,Suicidio y lesiones autoinfligidas,129,2034828,6.3396
2024,female,45-49,I-XXII,Todas las causas,1957,2034828,96.1752
2024,female,45-49,,"Trastornos mentales debidos al uso de drogas (drogodependencia, toxicomanía)",2,2034828,0.0983
2024,female,5-9,,Accidentes de tráfico,4,1055116,0.3791
2024,female,5-9,,Agresiones (homicidio),2,1055116,0.1896
2024,female,5-9,,Envenenamiento accidental por psicofármacos y drogas de abuso,0,1055116,0.0
2024,female,5-9,,Eventos de intención no determinada,0,1055116,0.0
2024,female,5-9,,Suicidio y lesiones autoinfligidas,0,1055116,0.0
2024,female,5-9,I-XXII,Todas las causas,65,1055116,6.1605
2024,female,5-9,,"Trastornos mentales debidos al uso de drogas (drogodependencia, toxicomanía)",0,1055116,0.0
2024,female,50-54,,Accidentes de tráfico,24,1947620,1.2323
2024,female,50-54,,Agresiones (homicidio),6,1947620,0.3081
2024,female,50-54,,Envenenamiento accidental por psicofármacos y drogas de abuso,30,1947620,1.5403
2024,female,50-54,,Eventos de intención no determinada,3,1947620,0.154
2024,female,50-54,,Suicidio y lesiones autoinfligidas,140,1947620,7.1883
2024,female,50-54,I-XXII,Todas las causas,3132,1947620,160.8117
2024,female,50-54,,"Trastornos mentales debidos al uso de drogas (drogodependencia, toxicomanía)",2,1947620,0.1027
2024,female,55-59,,Accidentes de tráfico,25,1853354,1.3489
2024,female,55-59,,Agresiones (homicidio),5,1853354,0.2698
2024,female,55-59,,Envenenamiento accidental por psicofármacos y drogas de abuso,37,1853354,1.9964
2024,female,55-59,,Eventos de intención no determinada,10,1853354,0.5396
2024,female,55-59,,Suicidio y lesiones autoinfligidas,141,1853354,7.6078
2024,female,55-59,I-XXII,Todas las causas,4893,1853354,264.0078
2024,female,55-59,,"Trastornos mentales debidos al uso de drogas (drogodependencia, toxicomanía)",0,1853354,0.0
2024,female,60-64,,Accidentes de tráfico,23,1689221,1.3616
2024,female,60-64,,Agresiones (homicidio),9,1689221,0.5328
2024,female,60-64,,Envenenamiento accidental por psicofármacos y drogas de abuso,26,1689221,1.5392
2024,female,60-64,,Eventos de intención no determinada,4,1689221,0.2368
2024,female,60-64,,Suicidio y lesiones autoinfligidas,92,1689221,5.4463
2024,female,60-64,I-XXII,Todas las causas,6967,1689221,412.4386
2024,female,60-64,,"Trastornos mentales debidos al uso de drogas (drogodependencia, toxicomanía)",1,1689221,0.0592
2024,female,65-69,,Accidentes de tráfico,22,1459256,1.5076
2024,female,65-69,,Agresiones (homicidio),6,1459256,0.4112
2024,female,65-69,,Envenenamiento accidental por psicofármacos y drogas de abuso,9,1459256,0.6168
2024,female,65-69,,Eventos de intención no determinada,4,1459256,0.2741
2024,female,65-69,,Suicidio y lesiones autoinfligidas,87,1459256,5.9619
2024,female,65-69,I-XXII,Todas las causas,9373,1459256,642.3136
2024,female,65-69,,"Trastornos mentales debidos al uso de drogas (drogodependencia, toxicomanía)",0,1459256,0.0
2024,female,70-74,,Accidentes de tráfico,32,1226257,2.6096
2024,female,70-74,,Agresiones (homicidio),4,1226257,0.3262
2024,female,70-74,,Envenenamiento accidental por psicofármacos y drogas de abuso,10,1226257,0.8155
2024,female,70-74,,Eventos de intención no determinada,2,1226257,0.1631
2024,female,70-74,,Suicidio y lesiones autoinfligidas,58,1226257,4.7298
2024,female,70-74,I-XXII,Todas las causas,11879,1226257,968.7203
2024,female,70-74,,"Trastornos mentales debidos al uso de drogas (drogodependencia, toxicomanía)",1,1226257,0.0815
2024,female,75-79,,Accidentes de tráfico,25,1110132,2.252
2024,female,75-79,,Agresiones (homicidio),3,1110132,0.2702
2024,female,75-79,,Envenenamiento accidental por psicofármacos y drogas de abuso,8,1110132,0.7206
2024,female,75-79,,Eventos de intención no determinada,4,1110132,0.3603
2024,female,75-79,,Suicidio y lesiones autoinfligidas,63,1110132,5.675
2024,female,75-79,I-XXII,Todas las causas,18640,1110132,1679.0796
2024,female,75-79,,"Trastornos mentales debidos al uso de drogas (drogodependencia, toxicomanía)",0,1110132,0.0
2024,female,80-84,,Accidentes de tráfico,26,820971,3.167
2024,female,80-84,,Agresiones (homicidio),4,820971,0.4872
2024,female,80-84,,Envenenamiento accidental por psicofármacos y drogas de abuso,15,820971,1.8271
2024,female,80-84,,Eventos de intención no determinada,1,820971,0.1218
2024,female,80-84,,Suicidio y lesiones autoinfligidas,46,820971,5.6031
2024,female,80-84,I-XXII,Todas las causas,27754,820971,3380.631
2024,female,80-84,,"Trastornos mentales debidos al uso de drogas (drogodependencia, toxicomanía)",0,820971,0.0
2024,female,85-89,,Accidentes de tráfico,32,583900,5.4804
2024,female,85-89,,Agresiones (homicidio),2,583900,0.3425
2024,female,85-89,,Envenenamiento accidental por psicofármacos y drogas de abuso,18,583900,3.0827
2024,female,85-89,,Eventos de intención no determinada,1,583900,0.1713
2024,female,85-89,,Suicidio y lesiones autoinfligidas,22,583900,3.7678
2024,female,85-89,I-XXII,Todas las causas,43964,583900,7529.3715
2024,female,85-89,,"Trastornos mentales debidos al uso de drogas (drogodependencia, toxicomanía)",0,583900,0.0
2024,female,90-94,,Accidentes de tráfico,13,350145,3.7127
2024,female,90-94,,Agresiones (homicidio),5,350145,1.428
2024,female,90-94,,Envenenamiento accidental por psicofármacos y drogas de abuso,15,350145,4.2839
2024,female,90-94,,Eventos de intención no determinada,0,350145,0.0
2024,female,90-94,,Suicidio y lesiones autoinfligidas,16,350145,4.5695
2024,female,90-94,I-XXII,Todas las causas,52142,350145,14891.5449
2024,female,90-94,,"Trastornos mentales debidos al uso de drogas (drogodependencia, toxicomanía)",0,350145,0.0
2024,female,95+,,Accidentes de tráfico,3,113032,2.6541
2024,female,95+,,Agresiones (homicidio),0,113032,0.0
2024,female,95+,,Envenenamiento accidental por psicofármacos y drogas de abuso,9,113032,7.9623
2024,female,95+,,Eventos de intención no determinada,0,113032,0.0
2024,female,95+,,Suicidio y lesiones autoinfligidas,3,113032,2.6541
2024,female,95+,I-XXII,Todas las causas,32163,113032,28454.7739
2024,female,95+,,"Trastornos mentales debidos al uso de drogas (drogodependencia, toxicomanía)",0,113032,0.0
2024,female,<1,,Accidentes de tráfico,2,155756,1.2841
2024,female,<1,,Agresiones (homicidio),5,155756,3.2101
2024,female,<1,,Envenenamiento accidental por psicofármacos y drogas de abuso,0,155756,0.0
2024,female,<1,,Eventos de intención no determinada,0,155756,0.0
2024,female,<1,,Suicidio y lesiones autoinfligidas,0,155756,0.0
2024,female,<1,I-XXII,Todas las causas,415,155756,266.4424
2024,female,<1,,"Trastornos mentales debidos al uso de drogas (drogodependencia, toxicomanía)",0,155756,0.0
2024,female,all,,Accidentes de tráfico,374,24881624,1.5031
2024,female,all,,Agresiones (homicidio),101,24881624,0.4059
2024,female,all,,Envenenamiento accidental por psicofármacos y drogas de abuso,261,24881624,1.049
2024,female,all,,Eventos de intención no determinada,45,24881624,0.1809
2024,female,all,,Suicidio y lesiones autoinfligidas,1051,24881624,4.224
2024,female,all,I-XXII,Todas las causas,216028,24881624,868.2231
2024,female,all,,"Trastornos mentales debidos al uso de drogas (drogodependencia, toxicomanía)",8,24881624,0.0322
2024,male,1-4,,Accidentes de tráfico,5,724414,0.6902
2024,male,1-4,,Agresiones (homicidio),1,724414,0.138
2024,male,1-4,,Envenenamiento accidental por psicofármacos y drogas de abuso,0,724414,0.0
2024,male,1-4,,Eventos de intención no determinada,0,724414,0.0
2024,male,1-4,,Suicidio y lesiones autoinfligidas,0,724414,0.0
2024,male,1-4,I-XXII,Todas las causas,112,724414,15.4608
2024,male,1-4,,"Trastornos mentales debidos al uso de drogas (drogodependencia, toxicomanía)",0,724414,0.0
2024,male,10-14,,Accidentes de tráfico,6,1277599,0.4696
2024,male,10-14,,Agresiones (homicidio),3,1277599,0.2348
2024,male,10-14,,Envenenamiento accidental por psicofármacos y drogas de abuso,1,1277599,0.0783
2024,male,10-14,,Eventos de intención no determinada,0,1277599,0.0
2024,male,10-14,,Suicidio y lesiones autoinfligidas,6,1277599,0.4696
2024,male,10-14,I-XXII,Todas las causas,120,1277599,9.3926
2024,male,10-14,,"Trastornos mentales debidos al uso de drogas (drogodependencia, toxicomanía)",0,1277599,0.0
2024,male,15-19,,Accidentes de tráfico,43,1379875,3.1162
2024,male,15-19,,Agresiones (homicidio),3,1379875,0.2174
2024,male,15-19,,Envenenamiento accidental por psicofármacos y drogas de abuso,5,1379875,0.3624
2024,male,15-19,,Eventos de intención no determinada,1,1379875,0.0725
2024,male,15-19,,Suicidio y lesiones autoinfligidas,47,1379875,3.4061
2024,male,15-19,I-XXII,Todas las causas,289,1379875,20.9439
2024,male,15-19,,"Trastornos mentales debidos al uso de drogas (drogodependencia, toxicomanía)",0,1379875,0.0
2024,male,20-24,,Accidentes de tráfico,109,1359877,8.0154
2024,male,20-24,,Agresiones (homicidio),11,1359877,0.8089
2024,male,20-24,,Envenenamiento accidental por psicofármacos y drogas de abuso,23,1359877,1.6913
2024,male,20-24,,Eventos de intención no determinada,2,1359877,0.1471
2024,male,20-24,,Suicidio y lesiones autoinfligidas,82,1359877,6.03
2024,male,20-24,I-XXII,Todas las causas,470,1359877,34.5619
2024,male,20-24,,"Trastornos mentales debidos al uso de drogas (drogodependencia, toxicomanía)",0,1359877,0.0
2024,male,25-29,,Accidentes de tráfico,92,1353770,6.7958
2024,male,25-29,,Agresiones (homicidio),16,1353770,1.1819
2024,male,25-29,,Envenenamiento accidental por psicofármacos y drogas de abuso,31,1353770,2.2899
2024,male,25-29,,Eventos de intención no determinada,2,1353770,0.1477
2024,male,25-29,,Suicidio y lesiones autoinfligidas,101,1353770,7.4606
2024,male,25-29,I-XXII,Todas las causas,570,1353770,42.1046
2024,male,25-29,,"Trastornos mentales debidos al uso de drogas (drogodependencia, toxicomanía)",1,1353770,0.0739
2024,male,30-34,,Accidentes de tráfico,90,1445989,6.2241
2024,male,30-34,,Agresiones (homicidio),25,1445989,1.7289
2024,male,30-34,,Envenenamiento accidental por psicofármacos y drogas de abuso,46,1445989,3.1812
2024,male,30-34,,Eventos de intención no determinada,4,1445989,0.2766
2024,male,30-34,,Suicidio y lesiones autoinfligidas,124,1445989,8.5754
2024,male,30-34,I-XXII,Todas las causas,772,1445989,53.3891
2024,male,30-34,,"Trastornos mentales debidos al uso de drogas (drogodependencia, toxicomanía)",0,1445989,0.0
2024,male,35-39,,Accidentes de tráfico,99,1527827,6.4798
2024,male,35-39,,Agresiones (homicidio),26,1527827,1.7018
2024,male,35-39,,Envenenamiento accidental por psicofármacos y drogas de abuso,80,1527827,5.2362
2024,male,35-39,,Eventos de intención no determinada,5,1527827,0.3273
2024,male,35-39,,Suicidio y lesiones autoinfligidas,192,1527827,12.5669
2024,male,35-39,I-XXII,Todas las causas,1139,1527827,74.5503
2024,male,35-39,,"Trastornos mentales debidos al uso de drogas (drogodependencia, toxicomanía)",3,1527827,0.1964
2024,male,40-44,,Accidentes de tráfico,121,1793542,6.7464
2024,male,40-44,,Agresiones (homicidio),25,1793542,1.3939
2024,male,40-44,,Envenenamiento accidental por psicofármacos y drogas de abuso,89,1793542,4.9622
2024,male,40-44,,Eventos de intención no determinada,4,1793542,0.223
2024,male,40-44,,Suicidio y lesiones autoinfligidas,243,1793542,13.5486
2024,male,40-44,I-XXII,Todas las causas,2009,1793542,112.013
2024,male,40-44,,"Trastornos mentales debidos al uso de drogas (drogodependencia, toxicomanía)",6,1793542,0.3345
2024,male,45-49,,Accidentes de tráfico,152,2061872,7.3719
2024,male,45-49,,Agresiones (homicidio),22,2061872,1.067
2024,male,45-49,,Envenenamiento accidental por psicofármacos y drogas de abuso,110,2061872,5.335
2024,male,45-49,,Eventos de intención no determinada,9,2061872,0.4365
2024,male,45-49,,Suicidio y lesiones autoinfligidas,336,2061872,16.2959
2024,male,45-49,I-XXII,Todas las causas,3493,2061872,169.4092
2024,male,45-49,,"Trastornos mentales debidos al uso de drogas (drogodependencia, toxicomanía)",5,2061872,0.2425
2024,male,5-9,,Accidentes de tráfico,4,1116127,0.3584
2024,male,5-9,,Agresiones (homicidio),4,1116127,0.3584
2024,male,5-9,,Envenenamiento accidental por psicofármacos y drogas de abuso,0,1116127,0.0
2024,male,5-9,,Eventos de intención no determinada,1,1116127,0.0896
2024,male,5-9,,Suicidio y lesiones autoinfligidas,0,1116127,0.0
2024,male,5-9,I-XXII,Todas las causas,106,1116127,9.4971
2024,male,5-9,,"Trastornos mentales debidos al uso de drogas (drogodependencia, toxicomanía)",0,1116127,0.0
2024,male,50-54,,Accidentes de tráfico,134,1953659,6.8589
2024,male,50-54,,Agresiones (homicidio),15,1953659,0.7678
2024,male,50-54,,Envenenamiento accidental por psicofármacos y drogas de abuso,114,1953659,5.8352
2024,male,50-54,,Eventos de intención no determinada,11,1953659,0.563
2024,male,50-54,,Suicidio y lesiones autoinfligidas,328,1953659,16.789
2024,male,50-54,I-XXII,Todas las causas,5699,1953659,291.709
2024,male,50-54,,"Trastornos mentales debidos al uso de drogas (drogodependencia, toxicomanía)",12,1953659,0.6142
2024,male,55-59,,Accidentes de tráfico,119,1802470,6.6021
2024,male,55-59,,Agresiones (homicidio),19,1802470,1.0541
2024,male,55-59,,Envenenamiento accidental por psicofármacos y drogas de abuso,103,1802470,5.7144
2024,male,55-59,,Eventos de intención no determinada,14,1802470,0.7767
2024,male,55-59,,Suicidio y lesiones autoinfligidas,303,1802470,16.8103
2024,male,55-59,I-XXII,Todas las causas,9496,1802470,526.8326
2024,male,55-59,,"Trastornos mentales debidos al uso de drogas (drogodependencia, toxicomanía)",6,1802470,0.3329
2024,male,60-64,,Accidentes de tráfico,111,1591999,6.9724
2024,male,60-64,,Agresiones (homicidio),14,1591999,0.8794
2024,male,60-64,,Envenenamiento accidental por psicofármacos y drogas de abuso,56,1591999,3.5176
2024,male,60-64,,Eventos de intención no determinada,4,1591999,0.2513
2024,male,60-64,,Suicidio y lesiones autoinfligidas,273,1591999,17.1483
2024,male,60-64,I-XXII,Todas las causas,13996,1591999,879.1463
2024,male,60-64,,"Trastornos mentales debidos al uso de drogas (drogodependencia, toxicomanía)",6,1591999,0.3769
2024,male,65-69,,Accidentes de tráfico,96,1323356,7.2543
2024,male,65-69,,Agresiones (homicidio),8,1323356,0.6045
2024,male,65-69,,Envenenamiento accidental por psicofármacos y drogas de abuso,33,1323356,2.4937
2024,male,65-69,,Eventos de intención no determinada,4,1323356,0.3023
2024,male,65-69,,Suicidio y lesiones autoinfligidas,191,1323356,14.433
2024,male,65-69,I-XXII,Todas las causas,17631,1323356,1332.2946
2024,male,65-69,,"Trastornos mentales debidos al uso de drogas (drogodependencia, toxicomanía)",3,1323356,0.2267
2024,male,70-74,,Accidentes de tráfico,74,1059687,6.9832
2024,male,70-74,,Agresiones (homicidio),7,1059687,0.6606
2024,male,70-74,,Envenenamiento accidental por psicofármacos y drogas de abuso,11,1059687,1.038
2024,male,70-74,,Eventos de intención no determinada,4,1059687,0.3775
2024,male,70-74,,Suicidio y lesiones autoinfligidas,160,1059687,15.0988
2024,male,70-74,I-XXII,Todas las causas,21743,1059687,2051.8323
2024,male,70-74,,"Trastornos mentales debidos al uso de drogas (drogodependencia, toxicomanía)",1,1059687,0.0944
2024,male,75-79,,Accidentes de tráfico,84,882655,9.5167
2024,male,75-79,,Agresiones (homicidio),8,882655,0.9064
2024,male,75-79,,Envenenamiento accidental por psicofármacos y drogas de abuso,7,882655,0.7931
2024,male,75-79,,Eventos de intención no determinada,2,882655,0.2266
2024,male,75-79,,Suicidio y lesiones autoinfligidas,153,882655,17.3341
2024,male,75-79,I-XXII,Todas las causas,29533,882655,3345.9279
2024,male,75-79,,"Trastornos mentales debidos al uso de drogas (drogodependencia, toxicomanía)",1,882655,0.1133
2024,male,80-84,,Accidentes de tráfico,68,585498,11.614
2024,male,80-84,,Agresiones (homicidio),3,585498,0.5124
2024,male,80-84,,Envenenamiento accidental por psicofármacos y drogas de abuso,6,585498,1.0248
2024,male,80-84,,Eventos de intención no determinada,5,585498,0.854
2024,male,80-84,,Suicidio y lesiones autoinfligidas,140,585498,23.9113
2024,male,80-84,I-XXII,Todas las causas,33423,585498,5708.4738
2024,male,80-84,,"Trastornos mentales debidos al uso de drogas (drogodependencia, toxicomanía)",0,585498,0.0
2024,male,85-89,,Accidentes de tráfico,46,337972,13.6106
2024,male,85-89,,Agresiones (homicidio),2,337972,0.5918
2024,male,85-89,,Envenenamiento accidental por psicofármacos y drogas de abuso,13,337972,3.8465
2024,male,85-89,,Eventos de intención no determinada,1,337972,0.2959
2024,male,85-89,,Suicidio y lesiones autoinfligidas,136,337972,40.24
2024,male,85-89,I-XXII,Todas las causas,36472,337972,10791.4265
2024,male,85-89,,"Trastornos mentales debidos al uso de drogas (drogodependencia, toxicomanía)",0,337972,0.0
2024,male,90-94,,Accidentes de tráfico,19,160904,11.8083
2024,male,90-94,,Agresiones (homicidio),2,160904,1.243
2024,male,90-94,,Envenenamiento accidental por psicofármacos y drogas de abuso,8,160904,4.9719
2024,male,90-94,,Eventos de intención no determinada,1,160904,0.6215
2024,male,90-94,,Suicidio y lesiones autoinfligidas,72,160904,44.7472
2024,male,90-94,I-XXII,Todas las causas,30789,160904,19135.0122
2024,male,90-94,,"Trastornos mentales debidos al uso de drogas (drogodependencia, toxicomanía)",0,160904,0.0
2024,male,95+,,Accidentes de tráfico,5,36460,13.7137
2024,male,95+,,Agresiones (homicidio),2,36460,5.4855
2024,male,95+,,Envenenamiento accidental por psicofármacos y drogas de abuso,1,36460,2.7427
2024,male,95+,,Eventos de intención no determinada,0,36460,0.0
2024,male,95+,,Suicidio y lesiones autoinfligidas,15,36460,41.141
2024,male,95+,I-XXII,Todas las causas,11673,36460,32015.9078
2024,male,95+,,"Trastornos mentales debidos al uso de drogas (drogodependencia, toxicomanía)",0,36460,0.0
2024,male,<1,,Accidentes de tráfico,2,164760,1.2139
2024,male,<1,,Agresiones (homicidio),7,164760,4.2486
2024,male,<1,,Envenenamiento accidental por psicofármacos y drogas de abuso,0,164760,0.0
2024,male,<1,,Eventos de intención no determinada,0,164760,0.0
2024,male,<1,,Suicidio y lesiones autoinfligidas,0,164760,0.0
2024,male,<1,I-XXII,Todas las causas,555,164760,336.8536
2024,male,<1,,"Trastornos mentales debidos al uso de drogas (drogodependencia, toxicomanía)",0,164760,0.0
2024,male,all,,Accidentes de tráfico,1479,23940312,6.1779
2024,male,all,,Agresiones (homicidio),223,23940312,0.9315
2024,male,all,,Envenenamiento accidental por psicofármacos y drogas de abuso,737,23940312,3.0785
2024,male,all,,Eventos de intención no determinada,74,23940312,0.3091
2024,male,all,,Suicidio y lesiones autoinfligidas,2902,23940312,12.1218
2024,male,all,I-XXII,Todas las causas,220090,23940312,919.328
2024,male,all,,"Trastornos mentales debidos al uso de drogas (drogodependencia, toxicomanía)",44,23940312,0.1838
