year,sex,age_group,cause,deaths
2000,all,1-4,Accidentes de tráfico,38
2000,all,1-4,Agresiones (homicidio),2
2000,all,1-4,Envenenamiento accidental por psicofármacos y drogas de abuso,1
2000,all,1-4,Eventos de intención no determinada,0
2000,all,1-4,Suicidio y lesiones autoinfligidas,0
2000,all,1-4,Todas las causas,383
2000,all,1-4,"Trastornos mentales debidos al uso de drogas (drogodependencia, toxicomanía)",0
2000,all,10-14,Accidentes de tráfico,110
2000,all,10-14,Agresiones (homicidio),1
2000,all,10-14,Envenenamiento accidental por psicofármacos y drogas de abuso,2
2000,all,10-14,Eventos de intención no determinada,0
2000,all,10-14,Suicidio y lesiones autoinfligidas,9
2000,all,10-14,Todas las causas,365
2000,all,10-14,"Trastornos mentales debidos al uso de drogas (drogodependencia, toxicomanía)",0
2000,all,15-19,Accidentes de tráfico,525
2000,all,15-19,Agresiones (homicidio),8
2000,all,15-19,Envenenamiento accidental por psicofármacos y drogas de abuso,21
2000,all,15-19,Eventos de intención no determinada,2
2000,all,15-19,Suicidio y lesiones autoinfligidas,89
2000,all,15-19,Todas las causas,1198
2000,all,15-19,"Trastornos mentales debidos al uso de drogas (drogodependencia, toxicomanía)",0
2000,all,20-24,Accidentes de tráfico,829
2000,all,20-24,Agresiones (homicidio),30
2000,all,20-24,Envenenamiento accidental por psicofármacos y drogas de abuso,72
2000,all,20-24,Eventos de intención no determinada,7
2000,all,20-24,Suicidio y lesiones autoinfligidas,183
2000,all,20-24,Todas las causas,1996
2000,all,20-24,"Trastornos mentales debidos al uso de drogas (drogodependencia, toxicomanía)",2
2000,all,25-29,Accidentes de tráfico,683
2000,all,25-29,Agresiones (homicidio),52
2000,all,25-29,Envenenamiento accidental por psicofármacos y drogas de abuso,136
2000,all,25-29,Eventos de intención no determinada,10
2000,all,25-29,Suicidio y lesiones autoinfligidas,273
2000,all,25-29,Todas las causas,2339
2000,all,25-29,"Trastornos mentales debidos al uso de drogas (drogodependencia, toxicomanía)",8
2000,all,30-34,Accidentes de tráfico,517
2000,all,30-34,Agresiones (homicidio),75
2000,all,30-34,Envenenamiento accidental por psicofármacos y drogas de abuso,189
2000,all,30-34,Eventos de intención no determinada,6
2000,all,30-34,Suicidio y lesiones autoinfligidas,234
2000,all,30-34,Todas las causas,2975
2000,all,30-34,"Trastornos mentales debidos al uso de drogas (drogodependencia, toxicomanía)",6
2000,all,35-39,Accidentes de tráfico,445
2000,all,35-39,Agresiones (homicidio),46
2000,all,35-39,Envenenamiento accidental por psicofármacos y drogas de abuso,162
2000,all,35-39,Eventos de intención no determinada,14
2000,all,35-39,Suicidio y lesiones autoinfligidas,268
2000,all,35-39,Todas las causas,4052
2000,all,35-39,"Trastornos mentales debidos al uso de drogas (drogodependencia, toxicomanía)",7
2000,all,40-44,Accidentes de tráfico,413
2000,all,40-44,Agresiones (homicidio),50
2000,all,40-44,Envenenamiento accidental por psicofármacos y drogas de abuso,58
2000,all,40-44,Eventos de intención no determinada,12
2000,all,40-44,Suicidio y lesiones autoinfligidas,246
2000,all,40-44,Todas las causas,5267
2000,all,40-44,"Trastornos mentales debidos al uso de drogas (drogodependencia, toxicomanía)",6
2000,all,45-49,Accidentes de tráfico,337
2000,all,45-49,Agresiones (homicidio),34
2000,all,45-49,Envenenamiento accidental por psicofármacos y drogas de abuso,23
2000,all,45-49,Eventos de intención no determinada,6
2000,all,45-49,Suicidio y lesiones autoinfligidas,225
2000,all,45-49,Todas las causas,6523
2000,all,45-49,"Trastornos mentales debidos al uso de drogas (drogodependencia, toxicomanía)",2
2000,all,5-9,Accidentes de tráfico,50
2000,all,5-9,Agresiones (homicidio),1
2000,all,5-9,Envenenamiento accidental por psicofármacos y drogas de abuso,0
2000,all,5-9,Eventos de intención no determinada,0
2000,all,5-9,Suicidio y lesiones autoinfligidas,0
2000,all,5-9,Todas las causas,300
2000,all,5-9,"Trastornos mentales debidos al uso de drogas (drogodependencia, toxicomanía)",0
2000,all,50-54,Accidentes de tráfico,320
2000,all,50-54,Agresiones (homicidio),26
2000,all,50-54,Envenenamiento accidental por psicofármacos y drogas de abuso,12
2000,all,50-54,Eventos de intención no determinada,3
2000,all,50-54,Suicidio y lesiones autoinfligidas,219
2000,all,50-54,Todas las causas,9331
2000,all,50-54,"Trastornos mentales debidos al uso de drogas (drogodependencia, toxicomanía)",2
2000,all,55-59,Accidentes de tráfico,314
2000,all,55-59,Agresiones (homicidio),22
2000,all,55-59,Envenenamiento accidental por psicofármacos y drogas de abuso,4
2000,all,55-59,Eventos de intención no determinada,5
2000,all,55-59,Suicidio y lesiones autoinfligidas,202
2000,all,55-59,Todas las causas,12024
2000,all,55-59,"Trastornos mentales debidos al uso de drogas (drogodependencia, toxicomanía)",0
2000,all,60-64,Accidentes de tráfico,279
2000,all,60-64,Agresiones (homicidio),18
2000,all,60-64,Envenenamiento accidental por psicofármacos y drogas de abuso,4
2000,all,60-64,Eventos de intención no determinada,8
2000,all,60-64,Suicidio y lesiones autoinfligidas,222
2000,all,60-64,Todas las causas,17127
2000,all,60-64,"Trastornos mentales debidos al uso de drogas (drogodependencia, toxicomanía)",1
2000,all,65-69,Accidentes de tráfico,330
2000,all,65-69,Agresiones (homicidio),13
2000,all,65-69,Envenenamiento accidental por psicofármacos y drogas de abuso,2
2000,all,65-69,Eventos de intención no determinada,4
2000,all,65-69,Suicidio y lesiones autoinfligidas,279
2000,all,65-69,Todas las causas,29420
2000,all,65-69,"Trastornos mentales debidos al uso de drogas (drogodependencia, toxicomanía)",0
2000,all,70-74,Accidentes de tráfico,331
2000,all,70-74,Agresiones (homicidio),7
2000,all,70-74,Envenenamiento accidental por psicofármacos y drogas de abuso,3
2000,all,70-74,Eventos de intención no determinada,7
2000,all,70-74,Suicidio y lesiones autoinfligidas,292
2000,all,70-74,Todas las causas,41327
2000,all,70-74,"Trastornos mentales debidos al uso de drogas (drogodependencia, toxicomanía)",0
2000,all,75-79,Accidentes de tráfico,284
2000,all,75-79,Agresiones (homicidio),12
2000,all,75-79,Envenenamiento accidental por psicofármacos y drogas de abuso,2
2000,all,75-79,Eventos de intención no determinada,4
2000,all,75-79,Suicidio y lesiones autoinfligidas,266
2000,all,75-79,Todas las causas,55264
2000,all,75-79,"Trastornos mentales debidos al uso de drogas (drogodependencia, toxicomanía)",0
2000,all,80-84,Accidentes de tráfico,150
2000,all,80-84,Agresiones (homicidio),2
2000,all,80-84,Envenenamiento accidental por psicofármacos y drogas de abuso,3
2000,all,80-84,Eventos de intención no determinada,4
2000,all,80-84,Suicidio y lesiones autoinfligidas,203
2000,all,80-84,Todas las causas,58873
2000,all,80-84,"Trastornos mentales debidos al uso de drogas (drogodependencia, toxicomanía)",0
2000,all,85-89,Accidentes de tráfico,94
2000,all,85-89,Agresiones (homicidio),6
2000,all,85-89,Envenenamiento accidental por psicofármacos y drogas de abuso,2
2000,all,85-89,Eventos de intención no determinada,2
2000,all,85-89,Suicidio y lesiones autoinfligidas,135
2000,all,85-89,Todas las causas,59660
2000,all,85-89,"Trastornos mentales debidos al uso de drogas (drogodependencia, toxicomanía)",0
2000,all,90-94,Accidentes de tráfico,30
2000,all,90-94,Agresiones (homicidio),2
2000,all,90-94,Envenenamiento accidental por psicofármacos y drogas de abuso,1
2000,all,90-94,Eventos de intención no determinada,4
2000,all,90-94,Suicidio y lesiones autoinfligidas,42
2000,all,90-94,Todas las causas,37319
2000,all,90-94,"Trastornos mentales debidos al uso de drogas (drogodependencia, toxicomanía)",0
2000,all,95+,Accidentes de tráfico,9
2000,all,95+,Agresiones (homicidio),0
2000,all,95+,Envenenamiento accidental por psicofármacos y drogas de abuso,1
2000,all,95+,Eventos de intención no determinada,0
2000,all,95+,Suicidio y lesiones autoinfligidas,6
2000,all,95+,Todas las causas,12908
2000,all,95+,"Trastornos mentales debidos al uso de drogas (drogodependencia, toxicomanía)",0
2000,all,<1,Accidentes de tráfico,10
2000,all,<1,Agresiones (homicidio),4
2000,all,<1,Envenenamiento accidental por psicofármacos y drogas de abuso,0
2000,all,<1,Eventos de intención no determinada,0
2000,all,<1,Suicidio y lesiones autoinfligidas,0
2000,all,<1,Todas las causas,1740
2000,all,<1,"Trastornos mentales debidos al uso de drogas (drogodependencia, toxicomanía)",0
2000,all,all,Accidentes de tráfico,6098
2000,all,all,Agresiones (homicidio),411
2000,all,all,Envenenamiento accidental por psicofármacos y drogas de abuso,698
2000,all,all,Eventos de intención no determinada,98
2000,all,all,Suicidio y lesiones autoinfligidas,3393
2000,all,all,Todas las causas,360391
2000,all,all,"Trastornos mentales debidos al uso de drogas (drogodependencia, toxicomanía)",34
2000,female,1-4,Accidentes de tráfico,19
2000,female,1-4,Agresiones (homicidio),2
2000,female,1-4,Envenenamiento accidental por psicofármacos y drogas de abuso,1
2000,female,1-4,Eventos de intención no determinada,0
2000,female,1-4,Suicidio y lesiones autoinfligidas,0
2000,female,1-4,Todas las causas,163
2000,female,1-4,"Trastornos mentales debidos al uso de drogas (drogodependencia, toxicomanía)",0
2000,female,10-14,Accidentes de tráfico,37
2000,female,10-14,Agresiones (homicidio),1
2000,female,10-14,Envenenamiento accidental por psicofármacos y drogas de abuso,0
2000,female,10-14,Eventos de intención no determinada,0
2000,female,10-14,Suicidio y lesiones autoinfligidas,3
2000,female,10-14,Todas las causas,145
2000,female,10-14,"Trastornos mentales debidos al uso de drogas (drogodependencia, toxicomanía)",0
2000,female,15-19,Accidentes de tráfico,125
2000,female,15-19,Agresiones (homicidio),4
2000,female,15-19,Envenenamiento accidental por psicofármacos y drogas de abuso,4
2000,female,15-19,Eventos de intención no determinada,2
2000,female,15-19,Suicidio y lesiones autoinfligidas,18
2000,female,15-19,Todas las causas,336
2000,female,15-19,"Trastornos mentales debidos al uso de drogas (drogodependencia, toxicomanía)",0
2000,female,20-24,Accidentes de tráfico,165
2000,female,20-24,Agresiones (homicidio),4
2000,female,20-24,Envenenamiento accidental por psicofármacos y drogas de abuso,10
2000,female,20-24,Eventos de intención no determinada,0
2000,female,20-24,Suicidio y lesiones autoinfligidas,25
2000,female,20-24,Todas las causas,463
2000,female,20-24,"Trastornos mentales debidos al uso de drogas (drogodependencia, toxicomanía)",0
2000,female,25-29,Accidentes de tráfico,113
2000,female,25-29,Agresiones (homicidio),11
2000,female,25-29,Envenenamiento accidental por psicofármacos y drogas de abuso,11
2000,female,25-29,Eventos de intención no determinada,2
2000,female,25-29,Suicidio y lesiones autoinfligidas,48
2000,female,25-29,Todas las causas,533
2000,female,25-29,"Trastornos mentales debidos al uso de drogas (drogodependencia, toxicomanía)",1
2000,female,30-34,Accidentes de tráfico,90
2000,female,30-34,Agresiones (homicidio),23
2000,female,30-34,Envenenamiento accidental por psicofármacos y drogas de abuso,25
2000,female,30-34,Eventos de intención no determinada,1
2000,female,30-34,Suicidio y lesiones autoinfligidas,59
2000,female,30-34,Todas las causas,784
2000,female,30-34,"Trastornos mentales debidos al uso de drogas (drogodependencia, toxicomanía)",0
2000,female,35-39,Accidentes de tráfico,73
2000,female,35-39,Agresiones (homicidio),12
2000,female,35-39,Envenenamiento accidental por psicofármacos y drogas de abuso,18
2000,female,35-39,Eventos de intención no determinada,5
2000,female,35-39,Suicidio y lesiones autoinfligidas,47
2000,female,35-39,Todas las causas,1117
2000,female,35-39,"Trastornos mentales debidos al uso de drogas (drogodependencia, toxicomanía)",2
2000,female,40-44,Accidentes de tráfico,82
2000,female,40-44,Agresiones (homicidio),12
2000,female,40-44,Envenenamiento accidental por psicofármacos y drogas de abuso,7
2000,female,40-44,Eventos de intención no determinada,3
2000,female,40-44,Suicidio y lesiones autoinfligidas,53
2000,female,40-44,Todas las causas,1589
2000,female,40-44,"Trastornos mentales debidos al uso de drogas (drogodependencia, toxicomanía)",1
2000,female,45-49,Accidentes de tráfico,69
2000,female,45-49,Agresiones (homicidio),6
2000,female,45-49,Envenenamiento accidental por psicofármacos y drogas de abuso,2
2000,female,45-49,Eventos de intención no determinada,2
2000,female,45-49,Suicidio y lesiones autoinfligidas,52
2000,female,45-49,Todas las causas,1920
2000,female,45-49,"Trastornos mentales debidos al uso de drogas (drogodependencia, toxicomanía)",0
2000,female,5-9,Accidentes de tráfico,18
2000,female,5-9,Agresiones (homicidio),0
2000,female,5-9,Envenenamiento accidental por psicofármacos y drogas de abuso,0
2000,female,5-9,Eventos de intención no determinada,0
2000,female,5-9,Suicidio y lesiones autoinfligidas,0
2000,female,5-9,Todas las causas,119
2000,female,5-9,"Trastornos mentales debidos al uso de drogas (drogodependencia, toxicomanía)",0
2000,female,50-54,Accidentes de tráfico,75
2000,female,50-54,Agresiones (homicidio),8
2000,female,50-54,Envenenamiento accidental por psicofármacos y drogas de abuso,3
2000,female,50-54,Eventos de intención no determinada,1
2000,female,50-54,Suicidio y lesiones autoinfligidas,64
2000,female,50-54,Todas las causas,2640
2000,female,50-54,"Trastornos mentales debidos al uso de drogas (drogodependencia, toxicomanía)",0
2000,female,55-59,Accidentes de tráfico,67
2000,female,55-59,Agresiones (homicidio),5
2000,female,55-59,Envenenamiento accidental por psicofármacos y drogas de abuso,2
2000,female,55-59,Eventos de intención no determinada,1
2000,female,55-59,Suicidio y lesiones autoinfligidas,53
2000,female,55-59,Todas las causas,3402
2000,female,55-59,"Trastornos mentales debidos al uso de drogas (drogodependencia, toxicomanía)",0
2000,female,60-64,Accidentes de tráfico,65
2000,female,60-64,Agresiones (homicidio),2
2000,female,60-64,Envenenamiento accidental por psicofármacos y drogas de abuso,4
2000,female,60-64,Eventos de intención no determinada,2
2000,female,60-64,Suicidio y lesiones autoinfligidas,67
2000,female,60-64,Todas las causas,5002
2000,female,60-64,"Trastornos mentales debidos al uso de drogas (drogodependencia, toxicomanía)",0
2000,female,65-69,Accidentes de tráfico,102
2000,female,65-69,Agresiones (homicidio),4
2000,female,65-69,Envenenamiento accidental por psicofármacos y drogas de abuso,0
2000,female,65-69,Eventos de intención no determinada,1
2000,female,65-69,Suicidio y lesiones autoinfligidas,78
2000,female,65-69,Todas las causas,9412
2000,female,65-69,"Trastornos mentales debidos al uso de drogas (drogodependencia, toxicomanía)",0
2000,female,70-74,Accidentes de tráfico,108
2000,female,70-74,Agresiones (homicidio),5
2000,female,70-74,Envenenamiento accidental por psicofármacos y drogas de abuso,3
2000,female,70-74,Eventos de intención no determinada,1
2000,female,70-74,Suicidio y lesiones autoinfligidas,87
2000,female,70-74,Todas las causas,15027
2000,female,70-74,"Trastornos mentales debidos al uso de drogas (drogodependencia, toxicomanía)",0
2000,female,75-79,Accidentes de tráfico,108
2000,female,75-79,Agresiones (homicidio),8
2000,female,75-79,Envenenamiento accidental por psicofármacos y drogas de abuso,1
2000,female,75-79,Eventos de intención no determinada,3
2000,female,75-79,Suicidio y lesiones autoinfligidas,70
2000,female,75-79,Todas las causas,23757
2000,female,75-79,"Trastornos mentales debidos al uso de drogas (drogodependencia, toxicomanía)",0
2000,female,80-84,Accidentes de tráfico,69
2000,female,80-84,Agresiones (homicidio),0
2000,female,80-84,Envenenamiento accidental por psicofármacos y drogas de abuso,1
2000,female,80-84,Eventos de intención no determinada,1
2000,female,80-84,Suicidio y lesiones autoinfligidas,51
2000,female,80-84,Todas las causas,31801
2000,female,80-84,"Trastornos mentales debidos al uso de drogas (drogodependencia, toxicomanía)",0
2000,female,85-89,Accidentes de tráfico,41
2000,female,85-89,Agresiones (homicidio),3
2000,female,85-89,Envenenamiento accidental por psicofármacos y drogas de abuso,0
2000,female,85-89,Eventos de intención no determinada,0
2000,female,85-89,Suicidio y lesiones autoinfligidas,33
2000,female,85-89,Todas las causas,36969
2000,female,85-89,"Trastornos mentales debidos al uso de drogas (drogodependencia, toxicomanía)",0
2000,female,90-94,Accidentes de tráfico,11
2000,female,90-94,Agresiones (homicidio),1
2000,female,90-94,Envenenamiento accidental por psicofármacos y drogas de abuso,0
2000,female,90-94,Eventos de intención no determinada,2
2000,female,90-94,Suicidio y lesiones autoinfligidas,8
2000,female,90-94,Todas las causas,25485
2000,female,90-94,"Trastornos mentales debidos al uso de drogas (drogodependencia, toxicomanía)",0
2000,female,95+,Accidentes de tráfico,5
2000,female,95+,Agresiones (homicidio),0
2000,female,95+,Envenenamiento accidental por psicofármacos y drogas de abuso,1
2000,female,95+,Eventos de intención no determinada,0
2000,female,95+,Suicidio y lesiones autoinfligidas,3
2000,female,95+,Todas las causas,9478
2000,female,95+,"Trastornos mentales debidos al uso de drogas (drogodependencia, toxicomanía)",0
2000,female,<1,Accidentes de tráfico,3
2000,female,<1,Agresiones (homicidio),2
2000,female,<1,Envenenamiento accidental por psicofármacos y drogas de abuso,0
2000,female,<1,Eventos de intención no determinada,0
2000,female,<1,Suicidio y lesiones autoinfligidas,0
2000,female,<1,Todas las causas,781
2000,female,<1,"Trastornos mentales debidos al uso de drogas (drogodependencia, toxicomanía)",0
2000,female,all,Accidentes de tráfico,1445
2000,female,all,Agresiones (homicidio),113
2000,female,all,Envenenamiento accidental por psicofármacos y drogas de abuso,93
2000,female,all,Eventos de intención no determinada,27
2000,female,all,Suicidio y lesiones autoinfligidas,819
2000,female,all,Todas las causas,170923
2000,female,all,"Trastornos mentales debidos al uso de drogas (drogodependencia, toxicomanía)",4
2000,male,1-4,Accidentes de tráfico,19
2000,male,1-4,Agresiones (homicidio),0
2000,male,1-4,Envenenamiento accidental por psicofármacos y drogas de abuso,0
2000,male,1-4,Eventos de intención no determinada,0
2000,male,1-4,Suicidio y lesiones autoinfligidas,0
2000,male,1-4,Todas las causas,220
2000,male,1-4,"Trastornos mentales debidos al uso de drogas (drogodependencia, toxicomanía)",0
2000,male,10-14,Accidentes de tráfico,73
2000,male,10-14,Agresiones (homicidio),0
2000,male,10-14,Envenenamiento accidental por psicofármacos y drogas de abuso,2
2000,male,10-14,Eventos de intención no determinada,0
2000,male,10-14,Suicidio y lesiones autoinfligidas,6
2000,male,10-14,Todas las causas,220
2000,male,10-14,"Trastornos mentales debidos al uso de drogas (drogodependencia, toxicomanía)",0
2000,male,15-19,Accidentes de tráfico,400
2000,male,15-19,Agresiones (homicidio),4
2000,male,15-19,Envenenamiento accidental por psicofármacos y drogas de abuso,17
2000,male,15-19,Eventos de intención no determinada,0
2000,male,15-19,Suicidio y lesiones autoinfligidas,71
2000,male,15-19,Todas las causas,862
2000,male,15-19,"Trastornos mentales debidos al uso de drogas (drogodependencia, toxicomanía)",0
2000,male,20-24,Accidentes de tráfico,664
2000,male,20-24,Agresiones (homicidio),26
2000,male,20-24,Envenenamiento accidental por psicofármacos y drogas de abuso,62
2000,male,20-24,Eventos de intención no determinada,7
2000,male,20-24,Suicidio y lesiones autoinfligidas,158
2000,male,20-24,Todas las causas,1533
2000,male,20-24,"Trastornos mentales debidos al uso de drogas (drogodependencia, toxicomanía)",2
2000,male,25-29,Accidentes de tráfico,570
2000,male,25-29,Agresiones (homicidio),41
2000,male,25-29,Envenenamiento accidental por psicofármacos y drogas de abuso,125
2000,male,25-29,Eventos de intención no determinada,8
2000,male,25-29,Suicidio y lesiones autoinfligidas,225
2000,male,25-29,Todas las causas,1806
2000,male,25-29,"Trastornos mentales debidos al uso de drogas (drogodependencia, toxicomanía)",7
2000,male,30-34,Accidentes de tráfico,427
2000,male,30-34,Agresiones (homicidio),52
2000,male,30-34,Envenenamiento accidental por psicofármacos y drogas de abuso,164
2000,male,30-34,Eventos de intención no determinada,5
2000,male,30-34,Suicidio y lesiones autoinfligidas,175
2000,male,30-34,Todas las causas,2191
2000,male,30-34,"Trastornos mentales debidos al uso de drogas (drogodependencia, toxicomanía)",6
2000,male,35-39,Accidentes de tráfico,372
2000,male,35-39,Agresiones (homicidio),34
2000,male,35-39,Envenenamiento accidental por psicofármacos y drogas de abuso,144
2000,male,35-39,Eventos de intención no determinada,9
2000,male,35-39,Suicidio y lesiones autoinfligidas,221
2000,male,35-39,Todas las causas,2935
2000,male,35-39,"Trastornos mentales debidos al uso de drogas (drogodependencia, toxicomanía)",5
2000,male,40-44,Accidentes de tráfico,331
2000,male,40-44,Agresiones (homicidio),38
2000,male,40-44,Envenenamiento accidental por psicofármacos y drogas de abuso,51
2000,male,40-44,Eventos de intención no determinada,9
2000,male,40-44,Suicidio y lesiones autoinfligidas,193
2000,male,40-44,Todas las causas,3678
2000,male,40-44,"Trastornos mentales debidos al uso de drogas (drogodependencia, toxicomanía)",5
2000,male,45-49,Accidentes de tráfico,268
2000,male,45-49,Agresiones (homicidio),28
2000,male,45-49,Envenenamiento accidental por psicofármacos y drogas de abuso,21
2000,male,45-49,Eventos de intención no determinada,4
2000,male,45-49,Suicidio y lesiones autoinfligidas,173
2000,male,45-49,Todas las causas,4603
2000,male,45-49,"Trastornos mentales debidos al uso de drogas (drogodependencia, toxicomanía)",2
2000,male,5-9,Accidentes de tráfico,32
2000,male,5-9,Agresiones (homicidio),1
2000,male,5-9,Envenenamiento accidental por psicofármacos y drogas de abuso,0
2000,male,5-9,Eventos de intención no determinada,0
2000,male,5-9,Suicidio y lesiones autoinfligidas,0
2000,male,5-9,Todas las causas,181
2000,male,5-9,"Trastornos mentales debidos al uso de drogas (drogodependencia, toxicomanía)",0
2000,male,50-54,Accidentes de tráfico,245
2000,male,50-54,Agresiones (homicidio),18
2000,male,50-54,Envenenamiento accidental por psicofármacos y drogas de abuso,9
2000,male,50-54,Eventos de intención no determinada,2
2000,male,50-54,Suicidio y lesiones autoinfligidas,155
2000,male,50-54,Todas las causas,6691
2000,male,50-54,"Trastornos mentales debidos al uso de drogas (drogodependencia, toxicomanía)",2
2000,male,55-59,Accidentes de tráfico,247
2000,male,55-59,Agresiones (homicidio),17
2000,male,55-59,Envenenamiento accidental por psicofármacos y drogas de abuso,2
2000,male,55-59,Eventos de intención no determinada,4
2000,male,55-59,Suicidio y lesiones autoinfligidas,149
2000,male,55-59,Todas las causas,8622
2000,male,55-59,"Trastornos mentales debidos al uso de drogas (drogodependencia, toxicomanía)",0
2000,male,60-64,Accidentes de tráfico,214
2000,male,60-64,Agresiones (homicidio),16
2000,male,60-64,Envenenamiento accidental por psicofármacos y drogas de abuso,0
2000,male,60-64,Eventos de intención no determinada,6
2000,male,60-64,Suicidio y lesiones autoinfligidas,155
2000,male,60-64,Todas las causas,12125
2000,male,60-64,"Trastornos mentales debidos al uso de drogas (drogodependencia, toxicomanía)",1
2000,male,65-69,Accidentes de tráfico,228
2000,male,65-69,Agresiones (homicidio),9
2000,male,65-69,Envenenamiento accidental por psicofármacos y drogas de abuso,2
2000,male,65-69,Eventos de intención no determinada,3
2000,male,65-69,Suicidio y lesiones autoinfligidas,201
2000,male,65-69,Todas las causas,20008
2000,male,65-69,"Trastornos mentales debidos al uso de drogas (drogodependencia, toxicomanía)",0
2000,male,70-74,Accidentes de tráfico,223
2000,male,70-74,Agresiones (homicidio),2
2000,male,70-74,Envenenamiento accidental por psicofármacos y drogas de abuso,0
2000,male,70-74,Eventos de intención no determinada,6
2000,male,70-74,Suicidio y lesiones autoinfligidas,205
2000,male,70-74,Todas las causas,26300
2000,male,70-74,"Trastornos mentales debidos al uso de drogas (drogodependencia, toxicomanía)",0
2000,male,75-79,Accidentes de tráfico,176
2000,male,75-79,Agresiones (homicidio),4
2000,male,75-79,Envenenamiento accidental por psicofármacos y drogas de abuso,1
2000,male,75-79,Eventos de intención no determinada,1
2000,male,75-79,Suicidio y lesiones autoinfligidas,196
2000,male,75-79,Todas las causas,31507
2000,male,75-79,"Trastornos mentales debidos al uso de drogas (drogodependencia, toxicomanía)",0
2000,male,80-84,Accidentes de tráfico,81
2000,male,80-84,Agresiones (homicidio),2
2000,male,80-84,Envenenamiento accidental por psicofármacos y drogas de abuso,2
2000,male,80-84,Eventos de intención no determinada,3
2000,male,80-84,Suicidio y lesiones autoinfligidas,152
2000,male,80-84,Todas las causas,27072
2000,male,80-84,"Trastornos mentales debidos al uso de drogas (drogodependencia, toxicomanía)",0
2000,male,85-89,Accidentes de tráfico,53
2000,male,85-89,Agresiones (homicidio),3
2000,male,85-89,Envenenamiento accidental por psicofármacos y drogas de abuso,2
2000,male,85-89,Eventos de intención no determinada,2
2000,male,85-89,Suicidio y lesiones autoinfligidas,102
2000,male,85-89,Todas las causas,22691
2000,male,85-89,"Trastornos mentales debidos al uso de drogas (drogodependencia, toxicomanía)",0
2000,male,90-94,Accidentes de tráfico,19
2000,male,90-94,Agresiones (homicidio),1
2000,male,90-94,Envenenamiento accidental por psicofármacos y drogas de abuso,1
2000,male,90-94,Eventos de intención no determinada,2
2000,male,90-94,Suicidio y lesiones autoinfligidas,34
2000,male,90-94,Todas las causas,11834
2000,male,90-94,"Trastornos mentales debidos al uso de drogas (drogodependencia, toxicomanía)",0
2000,male,95+,Accidentes de tráfico,4
2000,male,95+,Agresiones (homicidio),0
2000,male,95+,Envenenamiento accidental por psicofármacos y drogas de abuso,0
2000,male,95+,Eventos de intención no determinada,0
2000,male,95+,Suicidio y lesiones autoinfligidas,3
2000,male,95+,Todas las causas,3430
2000,male,95+,"Trastornos mentales debidos al uso de drogas (drogodependencia, toxicomanía)",0
2000,male,<1,Accidentes de tráfico,7
2000,male,<1,Agresiones (homicidio),2
2000,male,<1,Envenenamiento accidental por psicofármacos y drogas de abuso,0
2000,male,<1,Eventos de intención no determinada,0
2000,male,<1,Suicidio y lesiones autoinfligidas,0
2000,male,<1,Todas las causas,959
2000,male,<1,"Trastornos mentales debidos al uso de drogas (drogodependencia, toxicomanía)",0
2000,male,all,Accidentes de tráfico,4653
2000,male,all,Agresiones (homicidio),298
2000,male,all,Envenenamiento accidental por psicofármacos y drogas de abuso,605
2000,male,all,Eventos de intención no determinada,71
2000,male,all,Suicidio y lesiones autoinfligidas,2574
2000,male,all,Todas las causas,189468
2000,male,all,"Trastornos mentales debidos al uso de drogas (drogodependencia, toxicomanía)",30
2001,all,1-4,Accidentes de tráfico,44
2001,all,1-4,Agresiones (homicidio),2
2001,all,1-4,Envenenamiento accidental por psicofármacos y drogas de abuso,2
2001,all,1-4,Eventos de intención no determinada,0
2001,all,1-4,Suicidio y lesiones autoinfligidas,0
2001,all,1-4,Todas las causas,370
2001,all,1-4,"Trastornos mentales debidos al uso de drogas (drogodependencia, toxicomanía)",0
2001,all,10-14,Accidentes de tráfico,59
2001,all,10-14,Agresiones (homicidio),1
2001,all,10-14,Envenenamiento accidental por psicofármacos y drogas de abuso,0
2001,all,10-14,Eventos de intención no determinada,0
2001,all,10-14,Suicidio y lesiones autoinfligidas,11
2001,all,10-14,Todas las causas,346
2001,all,10-14,"Trastornos mentales debidos al uso de drogas (drogodependencia, toxicomanía)",0
2001,all,15-19,Accidentes de tráfico,499
2001,all,15-19,Agresiones (homicidio),15
2001,all,15-19,Envenenamiento accidental por psicofármacos y drogas de abuso,20
2001,all,15-19,Eventos de intención no determinada,2
2001,all,15-19,Suicidio y lesiones autoinfligidas,49
2001,all,15-19,Todas las causas,1043
2001,all,15-19,"Trastornos mentales debidos al uso de drogas (drogodependencia, toxicomanía)",1
2001,all,20-24,Accidentes de tráfico,706
2001,all,20-24,Agresiones (homicidio),39
2001,all,20-24,Envenenamiento accidental por psicofármacos y drogas de abuso,64
2001,all,20-24,Eventos de intención no determinada,7
2001,all,20-24,Suicidio y lesiones autoinfligidas,185
2001,all,20-24,Todas las causas,1794
2001,all,20-24,"Trastornos mentales debidos al uso de drogas (drogodependencia, toxicomanía)",6
2001,all,25-29,Accidentes de tráfico,650
2001,all,25-29,Agresiones (homicidio),55
2001,all,25-29,Envenenamiento accidental por psicofármacos y drogas de abuso,106
2001,all,25-29,Eventos de intención no determinada,10
2001,all,25-29,Suicidio y lesiones autoinfligidas,221
2001,all,25-29,Todas las causas,2179
2001,all,25-29,"Trastornos mentales debidos al uso de drogas (drogodependencia, toxicomanía)",7
2001,all,30-34,Accidentes de tráfico,494
2001,all,30-34,Agresiones (homicidio),63
2001,all,30-34,Envenenamiento accidental por psicofármacos y drogas de abuso,190
2001,all,30-34,Eventos de intención no determinada,5
2001,all,30-34,Suicidio y lesiones autoinfligidas,279
2001,all,30-34,Todas las causas,2993
2001,all,30-34,"Trastornos mentales debidos al uso de drogas (drogodependencia, toxicomanía)",4
2001,all,35-39,Accidentes de tráfico,444
2001,all,35-39,Agresiones (homicidio),49
2001,all,35-39,Envenenamiento accidental por psicofármacos y drogas de abuso,139
2001,all,35-39,Eventos de intención no determinada,10
2001,all,35-39,Suicidio y lesiones autoinfligidas,271
2001,all,35-39,Todas las causas,4084
2001,all,35-39,"Trastornos mentales debidos al uso de drogas (drogodependencia, toxicomanía)",15
2001,all,40-44,Accidentes de tráfico,389
2001,all,40-44,Agresiones (homicidio),38
2001,all,40-44,Envenenamiento accidental por psicofármacos y drogas de abuso,71
2001,all,40-44,Eventos de intención no determinada,9
2001,all,40-44,Suicidio y lesiones autoinfligidas,253
2001,all,40-44,Todas las causas,5069
2001,all,40-44,"Trastornos mentales debidos al uso de drogas (drogodependencia, toxicomanía)",3
2001,all,45-49,Accidentes de tráfico,367
2001,all,45-49,Agresiones (homicidio),25
2001,all,45-49,Envenenamiento accidental por psicofármacos y drogas de abuso,23
2001,all,45-49,Eventos de intención no determinada,10
2001,all,45-49,Suicidio y lesiones autoinfligidas,207
2001,all,45-49,Todas las causas,6663
2001,all,45-49,"Trastornos mentales debidos al uso de drogas (drogodependencia, toxicomanía)",1
2001,all,5-9,Accidentes de tráfico,36
2001,all,5-9,Agresiones (homicidio),3
2001,all,5-9,Envenenamiento accidental por psicofármacos y drogas de abuso,0
2001,all,5-9,Eventos de intención no determinada,0
2001,all,5-9,Suicidio y lesiones autoinfligidas,0
2001,all,5-9,Todas las causas,259
2001,all,5-9,"Trastornos mentales debidos al uso de drogas (drogodependencia, toxicomanía)",0
2001,all,50-54,Accidentes de tráfico,311
2001,all,50-54,Agresiones (homicidio),32
2001,all,50-54,Envenenamiento accidental por psicofármacos y drogas de abuso,17
2001,all,50-54,Eventos de intención no determinada,5
2001,all,50-54,Suicidio y lesiones autoinfligidas,205
2001,all,50-54,Todas las causas,9342
2001,all,50-54,"Trastornos mentales debidos al uso de drogas (drogodependencia, toxicomanía)",0
2001,all,55-59,Accidentes de tráfico,316
2001,all,55-59,Agresiones (homicidio),15
2001,all,55-59,Envenenamiento accidental por psicofármacos y drogas de abuso,11
2001,all,55-59,Eventos de intención no determinada,8
2001,all,55-59,Suicidio y lesiones autoinfligidas,180
2001,all,55-59,Todas las causas,12468
2001,all,55-59,"Trastornos mentales debidos al uso de drogas (drogodependencia, toxicomanía)",0
2001,all,60-64,Accidentes de tráfico,250
2001,all,60-64,Agresiones (homicidio),19
2001,all,60-64,Envenenamiento accidental por psicofármacos y drogas de abuso,4
2001,all,60-64,Eventos de intención no determinada,6
2001,all,60-64,Suicidio y lesiones autoinfligidas,192
2001,all,60-64,Todas las causas,16389
2001,all,60-64,"Trastornos mentales debidos al uso de drogas (drogodependencia, toxicomanía)",0
2001,all,65-69,Accidentes de tráfico,299
2001,all,65-69,Agresiones (homicidio),12
2001,all,65-69,Envenenamiento accidental por psicofármacos y drogas de abuso,5
2001,all,65-69,Eventos de intención no determinada,5
2001,all,65-69,Suicidio y lesiones autoinfligidas,264
2001,all,65-69,Todas las causas,28259
2001,all,65-69,"Trastornos mentales debidos al uso de drogas (drogodependencia, toxicomanía)",0
2001,all,70-74,Accidentes de tráfico,282
2001,all,70-74,Agresiones (homicidio),17
2001,all,70-74,Envenenamiento accidental por psicofármacos y drogas de abuso,4
2001,all,70-74,Eventos de intención no determinada,4
2001,all,70-74,Suicidio y lesiones autoinfligidas,250
2001,all,70-74,Todas las causas,41353
2001,all,70-74,"Trastornos mentales debidos al uso de drogas (drogodependencia, toxicomanía)",0
2001,all,75-79,Accidentes de tráfico,306
2001,all,75-79,Agresiones (homicidio),15
2001,all,75-79,Envenenamiento accidental por psicofármacos y drogas de abuso,3
2001,all,75-79,Eventos de intención no determinada,4
2001,all,75-79,Suicidio y lesiones autoinfligidas,260
2001,all,75-79,Todas las causas,55099
2001,all,75-79,"Trastornos mentales debidos al uso de drogas (drogodependencia, toxicomanía)",0
2001,all,80-84,Accidentes de tráfico,154
2001,all,80-84,Agresiones (homicidio),7
2001,all,80-84,Envenenamiento accidental por psicofármacos y drogas de abuso,2
2001,all,80-84,Eventos de intención no determinada,5
2001,all,80-84,Suicidio y lesiones autoinfligidas,173
2001,all,80-84,Todas las causas,59497
2001,all,80-84,"Trastornos mentales debidos al uso de drogas (drogodependencia, toxicomanía)",1
2001,all,85-89,Accidentes de tráfico,96
2001,all,85-89,Agresiones (homicidio),7
2001,all,85-89,Envenenamiento accidental por psicofármacos y drogas de abuso,4
2001,all,85-89,Eventos de intención no determinada,6
2001,all,85-89,Suicidio y lesiones autoinfligidas,144
2001,all,85-89,Todas las causas,59209
2001,all,85-89,"Trastornos mentales debidos al uso de drogas (drogodependencia, toxicomanía)",0
2001,all,90-94,Accidentes de tráfico,29
2001,all,90-94,Agresiones (homicidio),1
2001,all,90-94,Envenenamiento accidental por psicofármacos y drogas de abuso,1
2001,all,90-94,Eventos de intención no determinada,7
2001,all,90-94,Suicidio y lesiones autoinfligidas,36
2001,all,90-94,Todas las causas,38089
2001,all,90-94,"Trastornos mentales debidos al uso de drogas (drogodependencia, toxicomanía)",1
2001,all,95+,Accidentes de tráfico,5
2001,all,95+,Agresiones (homicidio),0
2001,all,95+,Envenenamiento accidental por psicofármacos y drogas de abuso,0
2001,all,95+,Eventos de intención no determinada,0
2001,all,95+,Suicidio y lesiones autoinfligidas,9
2001,all,95+,Todas las causas,13969
2001,all,95+,"Trastornos mentales debidos al uso de drogas (drogodependencia, toxicomanía)",0
2001,all,<1,Accidentes de tráfico,8
2001,all,<1,Agresiones (homicidio),3
2001,all,<1,Envenenamiento accidental por psicofármacos y drogas de abuso,0
2001,all,<1,Eventos de intención no determinada,0
2001,all,<1,Suicidio y lesiones autoinfligidas,0
2001,all,<1,Todas las causas,1657
2001,all,<1,"Trastornos mentales debidos al uso de drogas (drogodependencia, toxicomanía)",0
2001,all,all,Accidentes de tráfico,5744
2001,all,all,Agresiones (homicidio),418
2001,all,all,Envenenamiento accidental por psicofármacos y drogas de abuso,666
2001,all,all,Eventos de intención no determinada,103
2001,all,all,Suicidio y lesiones autoinfligidas,3189
2001,all,all,Todas las causas,360131
2001,all,all,"Trastornos mentales debidos al uso de drogas (drogodependencia, toxicomanía)",39
2001,female,1-4,Accidentes de tráfico,18
2001,female,1-4,Agresiones (homicidio),2
2001,female,1-4,Envenenamiento accidental por psicofármacos y drogas de abuso,1
2001,female,1-4,Eventos de intención no determinada,0
2001,female,1-4,Suicidio y lesiones autoinfligidas,0
2001,female,1-4,Todas las causas,151
2001,female,1-4,"Trastornos mentales debidos al uso de drogas (drogodependencia, toxicomanía)",0
2001,female,10-14,Accidentes de tráfico,22
2001,female,10-14,Agresiones (homicidio),1
2001,female,10-14,Envenenamiento accidental por psicofármacos y drogas de abuso,0
2001,female,10-14,Eventos de intención no determinada,0
2001,female,10-14,Suicidio y lesiones autoinfligidas,4
2001,female,10-14,Todas las causas,142
2001,female,10-14,"Trastornos mentales debidos al uso de drogas (drogodependencia, toxicomanía)",0
2001,female,15-19,Accidentes de tráfico,109
2001,female,15-19,Agresiones (homicidio),3
2001,female,15-19,Envenenamiento accidental por psicofármacos y drogas de abuso,6
2001,female,15-19,Eventos de intención no determinada,0
2001,female,15-19,Suicidio y lesiones autoinfligidas,12
2001,female,15-19,Todas las causas,283
2001,female,15-19,"Trastornos mentales debidos al uso de drogas (drogodependencia, toxicomanía)",0
2001,female,20-24,Accidentes de tráfico,123
2001,female,20-24,Agresiones (homicidio),10
2001,female,20-24,Envenenamiento accidental por psicofármacos y drogas de abuso,17
2001,female,20-24,Eventos de intención no determinada,2
2001,female,20-24,Suicidio y lesiones autoinfligidas,28
2001,female,20-24,Todas las causas,404
2001,female,20-24,"Trastornos mentales debidos al uso de drogas (drogodependencia, toxicomanía)",3
2001,female,25-29,Accidentes de tráfico,125
2001,female,25-29,Agresiones (homicidio),11
2001,female,25-29,Envenenamiento accidental por psicofármacos y drogas de abuso,13
2001,female,25-29,Eventos de intención no determinada,4
2001,female,25-29,Suicidio y lesiones autoinfligidas,35
2001,female,25-29,Todas las causas,570
2001,female,25-29,"Trastornos mentales debidos al uso de drogas (drogodependencia, toxicomanía)",0
2001,female,30-34,Accidentes de tráfico,97
2001,female,30-34,Agresiones (homicidio),8
2001,female,30-34,Envenenamiento accidental por psicofármacos y drogas de abuso,15
2001,female,30-34,Eventos de intención no determinada,2
2001,female,30-34,Suicidio y lesiones autoinfligidas,58
2001,female,30-34,Todas las causas,805
2001,female,30-34,"Trastornos mentales debidos al uso de drogas (drogodependencia, toxicomanía)",0
2001,female,35-39,Accidentes de tráfico,74
2001,female,35-39,Agresiones (homicidio),8
2001,female,35-39,Envenenamiento accidental por psicofármacos y drogas de abuso,22
2001,female,35-39,Eventos de intención no determinada,1
2001,female,35-39,Suicidio y lesiones autoinfligidas,62
2001,female,35-39,Todas las causas,1149
2001,female,35-39,"Trastornos mentales debidos al uso de drogas (drogodependencia, toxicomanía)",2
2001,female,40-44,Accidentes de tráfico,67
2001,female,40-44,Agresiones (homicidio),8
2001,female,40-44,Envenenamiento accidental por psicofármacos y drogas de abuso,10
2001,female,40-44,Eventos de intención no determinada,4
2001,female,40-44,Suicidio y lesiones autoinfligidas,60
2001,female,40-44,Todas las causas,1535
2001,female,40-44,"Trastornos mentales debidos al uso de drogas (drogodependencia, toxicomanía)",0
2001,female,45-49,Accidentes de tráfico,77
2001,female,45-49,Agresiones (homicidio),6
2001,female,45-49,Envenenamiento accidental por psicofármacos y drogas de abuso,5
2001,female,45-49,Eventos de intención no determinada,3
2001,female,45-49,Suicidio y lesiones autoinfligidas,59
2001,female,45-49,Todas las causas,2036
2001,female,45-49,"Trastornos mentales debidos al uso de drogas (drogodependencia, toxicomanía)",0
2001,female,5-9,Accidentes de tráfico,13
2001,female,5-9,Agresiones (homicidio),2
2001,female,5-9,Envenenamiento accidental por psicofármacos y drogas de abuso,0
2001,female,5-9,Eventos de intención no determinada,0
2001,female,5-9,Suicidio y lesiones autoinfligidas,0
2001,female,5-9,Todas las causas,103
2001,female,5-9,"Trastornos mentales debidos al uso de drogas (drogodependencia, toxicomanía)",0
2001,female,50-54,Accidentes de tráfico,63
2001,female,50-54,Agresiones (homicidio),6
2001,female,50-54,Envenenamiento accidental por psicofármacos y drogas de abuso,7
2001,female,50-54,Eventos de intención no determinada,0
2001,female,50-54,Suicidio y lesiones autoinfligidas,53
2001,female,50-54,Todas las causas,2674
2001,female,50-54,"Trastornos mentales debidos al uso de drogas (drogodependencia, toxicomanía)",0
2001,female,55-59,Accidentes de tráfico,73
2001,female,55-59,Agresiones (homicidio),2
2001,female,55-59,Envenenamiento accidental por psicofármacos y drogas de abuso,5
2001,female,55-59,Eventos de intención no determinada,4
2001,female,55-59,Suicidio y lesiones autoinfligidas,43
2001,female,55-59,Todas las causas,3452
2001,female,55-59,"Trastornos mentales debidos al uso de drogas (drogodependencia, toxicomanía)",0
2001,female,60-64,Accidentes de tráfico,69
2001,female,60-64,Agresiones (homicidio),5
2001,female,60-64,Envenenamiento accidental por psicofármacos y drogas de abuso,2
2001,female,60-64,Eventos de intención no determinada,2
2001,female,60-64,Suicidio y lesiones autoinfligidas,43
2001,female,60-64,Todas las causas,4731
2001,female,60-64,"Trastornos mentales debidos al uso de drogas (drogodependencia, toxicomanía)",0
2001,female,65-69,Accidentes de tráfico,89
2001,female,65-69,Agresiones (homicidio),4
2001,female,65-69,Envenenamiento accidental por psicofármacos y drogas de abuso,1
2001,female,65-69,Eventos de intención no determinada,2
2001,female,65-69,Suicidio y lesiones autoinfligidas,66
2001,female,65-69,Todas las causas,9074
2001,female,65-69,"Trastornos mentales debidos al uso de drogas (drogodependencia, toxicomanía)",0
2001,female,70-74,Accidentes de tráfico,98
2001,female,70-74,Agresiones (homicidio),4
2001,female,70-74,Envenenamiento accidental por psicofármacos y drogas de abuso,2
2001,female,70-74,Eventos de intención no determinada,3
2001,female,70-74,Suicidio y lesiones autoinfligidas,76
2001,female,70-74,Todas las causas,14889
2001,female,70-74,"Trastornos mentales debidos al uso de drogas (drogodependencia, toxicomanía)",0
2001,female,75-79,Accidentes de tráfico,109
2001,female,75-79,Agresiones (homicidio),7
2001,female,75-79,Envenenamiento accidental por psicofármacos y drogas de abuso,1
2001,female,75-79,Eventos de intención no determinada,3
2001,female,75-79,Suicidio y lesiones autoinfligidas,63
2001,female,75-79,Todas las causas,23482
2001,female,75-79,"Trastornos mentales debidos al uso de drogas (drogodependencia, toxicomanía)",0
2001,female,80-84,Accidentes de tráfico,75
2001,female,80-84,Agresiones (homicidio),2
2001,female,80-84,Envenenamiento accidental por psicofármacos y drogas de abuso,1
2001,female,80-84,Eventos de intención no determinada,3
2001,female,80-84,Suicidio y lesiones autoinfligidas,52
2001,female,80-84,Todas las causas,31449
2001,female,80-84,"Trastornos mentales debidos al uso de drogas (drogodependencia, toxicomanía)",1
2001,female,85-89,Accidentes de tráfico,40
2001,female,85-89,Agresiones (homicidio),5
2001,female,85-89,Envenenamiento accidental por psicofármacos y drogas de abuso,3
2001,female,85-89,Eventos de intención no determinada,3
2001,female,85-89,Suicidio y lesiones autoinfligidas,34
2001,female,85-89,Todas las causas,36506
2001,female,85-89,"Trastornos mentales debidos al uso de drogas (drogodependencia, toxicomanía)",0
2001,female,90-94,Accidentes de tráfico,14
2001,female,90-94,Agresiones (homicidio),1
2001,female,90-94,Envenenamiento accidental por psicofármacos y drogas de abuso,0
2001,female,90-94,Eventos de intención no determinada,3
2001,female,90-94,Suicidio y lesiones autoinfligidas,9
2001,female,90-94,Todas las causas,25882
2001,female,90-94,"Trastornos mentales debidos al uso de drogas (drogodependencia, toxicomanía)",0
2001,female,95+,Accidentes de tráfico,2
2001,female,95+,Agresiones (homicidio),0
2001,female,95+,Envenenamiento accidental por psicofármacos y drogas de abuso,0
2001,female,95+,Eventos de intención no determinada,0
2001,female,95+,Suicidio y lesiones autoinfligidas,2
2001,female,95+,Todas las causas,10365
2001,female,95+,"Trastornos mentales debidos al uso de drogas (drogodependencia, toxicomanía)",0
2001,female,<1,Accidentes de tráfico,3
2001,female,<1,Agresiones (homicidio),1
2001,female,<1,Envenenamiento accidental por psicofármacos y drogas de abuso,0
2001,female,<1,Eventos de intención no determinada,0
2001,female,<1,Suicidio y lesiones autoinfligidas,0
2001,female,<1,Todas las causas,735
2001,female,<1,"Trastornos mentales debidos al uso de drogas (drogodependencia, toxicomanía)",0
2001,female,all,Accidentes de tráfico,1360
2001,female,all,Agresiones (homicidio),96
2001,female,all,Envenenamiento accidental por psicofármacos y drogas de abuso,111
2001,female,all,Eventos de intención no determinada,39
2001,female,all,Suicidio y lesiones autoinfligidas,759
2001,female,all,Todas las causas,170417
2001,female,all,"Trastornos mentales debidos al uso de drogas (drogodependencia, toxicomanía)",6
2001,male,1-4,Accidentes de tráfico,26
2001,male,1-4,Agresiones (homicidio),0
2001,male,1-4,Envenenamiento accidental por psicofármacos y drogas de abuso,1
2001,male,1-4,Eventos de intención no determinada,0
2001,male,1-4,Suicidio y lesiones autoinfligidas,0
2001,male,1-4,Todas las causas,219
2001,male,1-4,"Trastornos mentales debidos al uso de drogas (drogodependencia, toxicomanía)",0
2001,male,10-14,Accidentes de tráfico,37
2001,male,10-14,Agresiones (homicidio),0
2001,male,10-14,Envenenamiento accidental por psicofármacos y drogas de abuso,0
2001,male,10-14,Eventos de intención no determinada,0
2001,male,10-14,Suicidio y lesiones autoinfligidas,7
2001,male,10-14,Todas las causas,204
2001,male,10-14,"Trastornos mentales debidos al uso de drogas (drogodependencia, toxicomanía)",0
2001,male,15-19,Accidentes de tráfico,390
2001,male,15-19,Agresiones (homicidio),12
2001,male,15-19,Envenenamiento accidental por psicofármacos y drogas de abuso,14
2001,male,15-19,Eventos de intención no determinada,2
2001,male,15-19,Suicidio y lesiones autoinfligidas,37
2001,male,15-19,Todas las causas,760
2001,male,15-19,"Trastornos mentales debidos al uso de drogas (drogodependencia, toxicomanía)",1
2001,male,20-24,Accidentes de tráfico,583
2001,male,20-24,Agresiones (homicidio),29
2001,male,20-24,Envenenamiento accidental por psicofármacos y drogas de abuso,47
2001,male,20-24,Eventos de intención no determinada,5
2001,male,20-24,Suicidio y lesiones autoinfligidas,157
2001,male,20-24,Todas las causas,1390
2001,male,20-24,"Trastornos mentales debidos al uso de drogas (drogodependencia, toxicomanía)",3
2001,male,25-29,Accidentes de tráfico,525
2001,male,25-29,Agresiones (homicidio),44
2001,male,25-29,Envenenamiento accidental por psicofármacos y drogas de abuso,93
2001,male,25-29,Eventos de intención no determinada,6
2001,male,25-29,Suicidio y lesiones autoinfligidas,186
2001,male,25-29,Todas las causas,1609
2001,male,25-29,"Trastornos mentales debidos al uso de drogas (drogodependencia, toxicomanía)",7
2001,male,30-34,Accidentes de tráfico,397
2001,male,30-34,Agresiones (homicidio),55
2001,male,30-34,Envenenamiento accidental por psicofármacos y drogas de abuso,175
2001,male,30-34,Eventos de intención no determinada,3
2001,male,30-34,Suicidio y lesiones autoinfligidas,221
2001,male,30-34,Todas las causas,2188
2001,male,30-34,"Trastornos mentales debidos al uso de drogas (drogodependencia, toxicomanía)",4
2001,male,35-39,Accidentes de tráfico,370
2001,male,35-39,Agresiones (homicidio),41
2001,male,35-39,Envenenamiento accidental por psicofármacos y drogas de abuso,117
2001,male,35-39,Eventos de intención no determinada,9
2001,male,35-39,Suicidio y lesiones autoinfligidas,209
2001,male,35-39,Todas las causas,2935
2001,male,35-39,"Trastornos mentales debidos al uso de drogas (drogodependencia, toxicomanía)",13
2001,male,40-44,Accidentes de tráfico,322
2001,male,40-44,Agresiones (homicidio),30
2001,male,40-44,Envenenamiento accidental por psicofármacos y drogas de abuso,61
2001,male,40-44,Eventos de intención no determinada,5
2001,male,40-44,Suicidio y lesiones autoinfligidas,193
2001,male,40-44,Todas las causas,3534
2001,male,40-44,"Trastornos mentales debidos al uso de drogas (drogodependencia, toxicomanía)",3
2001,male,45-49,Accidentes de tráfico,290
2001,male,45-49,Agresiones (homicidio),19
2001,male,45-49,Envenenamiento accidental por psicofármacos y drogas de abuso,18
2001,male,45-49,Eventos de intención no determinada,7
2001,male,45-49,Suicidio y lesiones autoinfligidas,148
2001,male,45-49,Todas las causas,4627
2001,male,45-49,"Trastornos mentales debidos al uso de drogas (drogodependencia, toxicomanía)",1
2001,male,5-9,Accidentes de tráfico,23
2001,male,5-9,Agresiones (homicidio),1
2001,male,5-9,Envenenamiento accidental por psicofármacos y drogas de abuso,0
2001,male,5-9,Eventos de intención no determinada,0
2001,male,5-9,Suicidio y lesiones autoinfligidas,0
2001,male,5-9,Todas las causas,156
2001,male,5-9,"Trastornos mentales debidos al uso de drogas (drogodependencia, toxicomanía)",0
2001,male,50-54,Accidentes de tráfico,248
2001,male,50-54,Agresiones (homicidio),26
2001,male,50-54,Envenenamiento accidental por psicofármacos y drogas de abuso,10
2001,male,50-54,Eventos de intención no determinada,5
2001,male,50-54,Suicidio y lesiones autoinfligidas,152
2001,male,50-54,Todas las causas,6668
2001,male,50-54,"Trastornos mentales debidos al uso de drogas (drogodependencia, toxicomanía)",0
2001,male,55-59,Accidentes de tráfico,243
2001,male,55-59,Agresiones (homicidio),13
2001,male,55-59,Envenenamiento accidental por psicofármacos y drogas de abuso,6
2001,male,55-59,Eventos de intención no determinada,4
2001,male,55-59,Suicidio y lesiones autoinfligidas,137
2001,male,55-59,Todas las causas,9016
2001,male,55-59,"Trastornos mentales debidos al uso de drogas (drogodependencia, toxicomanía)",0
2001,male,60-64,Accidentes de tráfico,181
2001,male,60-64,Agresiones (homicidio),14
2001,male,60-64,Envenenamiento accidental por psicofármacos y drogas de abuso,2
2001,male,60-64,Eventos de intención no determinada,4
2001,male,60-64,Suicidio y lesiones autoinfligidas,149
2001,male,60-64,Todas las causas,11658
2001,male,60-64,"Trastornos mentales debidos al uso de drogas (drogodependencia, toxicomanía)",0
2001,male,65-69,Accidentes de tráfico,210
2001,male,65-69,Agresiones (homicidio),8
2001,male,65-69,Envenenamiento accidental por psicofármacos y drogas de abuso,4
2001,male,65-69,Eventos de intención no determinada,3
2001,male,65-69,Suicidio y lesiones autoinfligidas,198
2001,male,65-69,Todas las causas,19185
2001,male,65-69,"Trastornos mentales debidos al uso de drogas (drogodependencia, toxicomanía)",0
2001,male,70-74,Accidentes de tráfico,184
2001,male,70-74,Agresiones (homicidio),13
2001,male,70-74,Envenenamiento accidental por psicofármacos y drogas de abuso,2
2001,male,70-74,Eventos de intención no determinada,1
2001,male,70-74,Suicidio y lesiones autoinfligidas,174
2001,male,70-74,Todas las causas,26464
2001,male,70-74,"Trastornos mentales debidos al uso de drogas (drogodependencia, toxicomanía)",0
2001,male,75-79,Accidentes de tráfico,197
2001,male,75-79,Agresiones (homicidio),8
2001,male,75-79,Envenenamiento accidental por psicofármacos y drogas de abuso,2
2001,male,75-79,Eventos de intención no determinada,1
2001,male,75-79,Suicidio y lesiones autoinfligidas,197
2001,male,75-79,Todas las causas,31617
2001,male,75-79,"Trastornos mentales debidos al uso de drogas (drogodependencia, toxicomanía)",0
2001,male,80-84,Accidentes de tráfico,79
2001,male,80-84,Agresiones (homicidio),5
2001,male,80-84,Envenenamiento accidental por psicofármacos y drogas de abuso,1
2001,male,80-84,Eventos de intención no determinada,2
2001,male,80-84,Suicidio y lesiones autoinfligidas,121
2001,male,80-84,Todas las causas,28048
2001,male,80-84,"Trastornos mentales debidos al uso de drogas (drogodependencia, toxicomanía)",0
2001,male,85-89,Accidentes de tráfico,56
2001,male,85-89,Agresiones (homicidio),2
2001,male,85-89,Envenenamiento accidental por psicofármacos y drogas de abuso,1
2001,male,85-89,Eventos de intención no determinada,3
2001,male,85-89,Suicidio y lesiones autoinfligidas,110
2001,male,85-89,Todas las causas,22703
2001,male,85-89,"Trastornos mentales debidos al uso de drogas (drogodependencia, toxicomanía)",0
2001,male,90-94,Accidentes de tráfico,15
2001,male,90-94,Agresiones (homicidio),0
2001,male,90-94,Envenenamiento accidental por psicofármacos y drogas de abuso,1
2001,male,90-94,Eventos de intención no determinada,4
2001,male,90-94,Suicidio y lesiones autoinfligidas,27
2001,male,90-94,Todas las causas,12207
2001,male,90-94,"Trastornos mentales debidos al uso de drogas (drogodependencia, toxicomanía)",1
2001,male,95+,Accidentes de tráfico,3
2001,male,95+,Agresiones (homicidio),0
2001,male,95+,Envenenamiento accidental por psicofármacos y drogas de abuso,0
2001,male,95+,Eventos de intención no determinada,0
2001,male,95+,Suicidio y lesiones autoinfligidas,7
2001,male,95+,Todas las causas,3604
2001,male,95+,"Trastornos mentales debidos al uso de drogas (drogodependencia, toxicomanía)",0
2001,male,<1,Accidentes de tráfico,5
2001,male,<1,Agresiones (homicidio),2
2001,male,<1,Envenenamiento accidental por psicofármacos y drogas de abuso,0
2001,male,<1,Eventos de intención no determinada,0
2001,male,<1,Suicidio y lesiones autoinfligidas,0
2001,male,<1,Todas las causas,922
2001,male,<1,"Trastornos mentales debidos al uso de drogas (drogodependencia, toxicomanía)",0
2001,male,all,Accidentes de tráfico,4384
2001,male,all,Agresiones (homicidio),322
2001,male,all,Envenenamiento accidental por psicofármacos y drogas de abuso,555
2001,male,all,Eventos de intención no determinada,64
2001,male,all,Suicidio y lesiones autoinfligidas,2430
2001,male,all,Todas las causas,189714
2001,male,all,"Trastornos mentales debidos al uso de drogas (drogodependencia, toxicomanía)",33
2002,all,1-4,Accidentes de tráfico,45
2002,all,1-4,Agresiones (homicidio),5
2002,all,1-4,Envenenamiento accidental por psicofármacos y drogas de abuso,0
2002,all,1-4,Eventos de intención no determinada,0
2002,all,1-4,Suicidio y lesiones autoinfligidas,0
2002,all,1-4,Todas las causas,396
2002,all,1-4,"Trastornos mentales debidos al uso de drogas (drogodependencia, toxicomanía)",0
2002,all,10-14,Accidentes de tráfico,60
2002,all,10-14,Agresiones (homicidio),2
2002,all,10-14,Envenenamiento accidental por psicofármacos y drogas de abuso,1
2002,all,10-14,Eventos de intención no determinada,0
2002,all,10-14,Suicidio y lesiones autoinfligidas,8
2002,all,10-14,Todas las causas,320
2002,all,10-14,"Trastornos mentales debidos al uso de drogas (drogodependencia, toxicomanía)",0
2002,all,15-19,Accidentes de tráfico,399
2002,all,15-19,Agresiones (homicidio),14
2002,all,15-19,Envenenamiento accidental por psicofármacos y drogas de abuso,10
2002,all,15-19,Eventos de intención no determinada,1
2002,all,15-19,Suicidio y lesiones autoinfligidas,66
2002,all,15-19,Todas las causas,972
2002,all,15-19,"Trastornos mentales debidos al uso de drogas (drogodependencia, toxicomanía)",2
2002,all,20-24,Accidentes de tráfico,709
2002,all,20-24,Agresiones (homicidio),38
2002,all,20-24,Envenenamiento accidental por psicofármacos y drogas de abuso,49
2002,all,20-24,Eventos de intención no determinada,7
2002,all,20-24,Suicidio y lesiones autoinfligidas,176
2002,all,20-24,Todas las causas,1816
2002,all,20-24,"Trastornos mentales debidos al uso de drogas (drogodependencia, toxicomanía)",10
2002,all,25-29,Accidentes de tráfico,625
2002,all,25-29,Agresiones (homicidio),39
2002,all,25-29,Envenenamiento accidental por psicofármacos y drogas de abuso,100
2002,all,25-29,Eventos de intención no determinada,10
2002,all,25-29,Suicidio y lesiones autoinfligidas,240
2002,all,25-29,Todas las causas,2180
2002,all,25-29,"Trastornos mentales debidos al uso de drogas (drogodependencia, toxicomanía)",22
2002,all,30-34,Accidentes de tráfico,481
2002,all,30-34,Agresiones (homicidio),59
2002,all,30-34,Envenenamiento accidental por psicofármacos y drogas de abuso,136
2002,all,30-34,Eventos de intención no determinada,8
2002,all,30-34,Suicidio y lesiones autoinfligidas,277
2002,all,30-34,Todas las causas,2848
2002,all,30-34,"Trastornos mentales debidos al uso de drogas (drogodependencia, toxicomanía)",34
2002,all,35-39,Accidentes de tráfico,424
2002,all,35-39,Agresiones (homicidio),58
2002,all,35-39,Envenenamiento accidental por psicofármacos y drogas de abuso,120
2002,all,35-39,Eventos de intención no determinada,14
2002,all,35-39,Suicidio y lesiones autoinfligidas,269
2002,all,35-39,Todas las causas,3963
2002,all,35-39,"Trastornos mentales debidos al uso de drogas (drogodependencia, toxicomanía)",32
2002,all,40-44,Accidentes de tráfico,364
2002,all,40-44,Agresiones (homicidio),40
2002,all,40-44,Envenenamiento accidental por psicofármacos y drogas de abuso,78
2002,all,40-44,Eventos de intención no determinada,8
2002,all,40-44,Suicidio y lesiones autoinfligidas,242
2002,all,40-44,Todas las causas,5276
2002,all,40-44,"Trastornos mentales debidos al uso de drogas (drogodependencia, toxicomanía)",16
2002,all,45-49,Accidentes de tráfico,306
2002,all,45-49,Agresiones (homicidio),39
2002,all,45-49,Envenenamiento accidental por psicofármacos y drogas de abuso,26
2002,all,45-49,Eventos de intención no determinada,8
2002,all,45-49,Suicidio y lesiones autoinfligidas,242
2002,all,45-49,Todas las causas,6950
2002,all,45-49,"Trastornos mentales debidos al uso de drogas (drogodependencia, toxicomanía)",7
2002,all,5-9,Accidentes de tráfico,45
2002,all,5-9,Agresiones (homicidio),4
2002,all,5-9,Envenenamiento accidental por psicofármacos y drogas de abuso,0
2002,all,5-9,Eventos de intención no determinada,0
2002,all,5-9,Suicidio y lesiones autoinfligidas,0
2002,all,5-9,Todas las causas,278
2002,all,5-9,"Trastornos mentales debidos al uso de drogas (drogodependencia, toxicomanía)",0
2002,all,50-54,Accidentes de tráfico,305
2002,all,50-54,Agresiones (homicidio),36
2002,all,50-54,Envenenamiento accidental por psicofármacos y drogas de abuso,19
2002,all,50-54,Eventos de intención no determinada,3
2002,all,50-54,Suicidio y lesiones autoinfligidas,243
2002,all,50-54,Todas las causas,9381
2002,all,50-54,"Trastornos mentales debidos al uso de drogas (drogodependencia, toxicomanía)",2
2002,all,55-59,Accidentes de tráfico,284
2002,all,55-59,Agresiones (homicidio),23
2002,all,55-59,Envenenamiento accidental por psicofármacos y drogas de abuso,8
2002,all,55-59,Eventos de intención no determinada,7
2002,all,55-59,Suicidio y lesiones autoinfligidas,236
2002,all,55-59,Todas las causas,12664
2002,all,55-59,"Trastornos mentales debidos al uso de drogas (drogodependencia, toxicomanía)",2
2002,all,60-64,Accidentes de tráfico,250
2002,all,60-64,Agresiones (homicidio),23
2002,all,60-64,Envenenamiento accidental por psicofármacos y drogas de abuso,4
2002,all,60-64,Eventos de intención no determinada,4
2002,all,60-64,Suicidio y lesiones autoinfligidas,191
2002,all,60-64,Todas las causas,15761
2002,all,60-64,"Trastornos mentales debidos al uso de drogas (drogodependencia, toxicomanía)",0
2002,all,65-69,Accidentes de tráfico,332
2002,all,65-69,Agresiones (homicidio),22
2002,all,65-69,Envenenamiento accidental por psicofármacos y drogas de abuso,6
2002,all,65-69,Eventos de intención no determinada,13
2002,all,65-69,Suicidio y lesiones autoinfligidas,268
2002,all,65-69,Todas las causas,27619
2002,all,65-69,"Trastornos mentales debidos al uso de drogas (drogodependencia, toxicomanía)",0
2002,all,70-74,Accidentes de tráfico,316
2002,all,70-74,Agresiones (homicidio),11
2002,all,70-74,Envenenamiento accidental por psicofármacos y drogas de abuso,2
2002,all,70-74,Eventos de intención no determinada,6
2002,all,70-74,Suicidio y lesiones autoinfligidas,261
2002,all,70-74,Todas las causas,41042
2002,all,70-74,"Trastornos mentales debidos al uso de drogas (drogodependencia, toxicomanía)",0
2002,all,75-79,Accidentes de tráfico,252
2002,all,75-79,Agresiones (homicidio),10
2002,all,75-79,Envenenamiento accidental por psicofármacos y drogas de abuso,7
2002,all,75-79,Eventos de intención no determinada,9
2002,all,75-79,Suicidio y lesiones autoinfligidas,277
2002,all,75-79,Todas las causas,56332
2002,all,75-79,"Trastornos mentales debidos al uso de drogas (drogodependencia, toxicomanía)",0
2002,all,80-84,Accidentes de tráfico,172
2002,all,80-84,Agresiones (homicidio),4
2002,all,80-84,Envenenamiento accidental por psicofármacos y drogas de abuso,3
2002,all,80-84,Eventos de intención no determinada,3
2002,all,80-84,Suicidio y lesiones autoinfligidas,190
2002,all,80-84,Todas las causas,63052
2002,all,80-84,"Trastornos mentales debidos al uso de drogas (drogodependencia, toxicomanía)",0
2002,all,85-89,Accidentes de tráfico,84
2002,all,85-89,Agresiones (homicidio),1
2002,all,85-89,Envenenamiento accidental por psicofármacos y drogas de abuso,1
2002,all,85-89,Eventos de intención no determinada,4
2002,all,85-89,Suicidio y lesiones autoinfligidas,130
2002,all,85-89,Todas las causas,60360
2002,all,85-89,"Trastornos mentales debidos al uso de drogas (drogodependencia, toxicomanía)",0
2002,all,90-94,Accidentes de tráfico,27
2002,all,90-94,Agresiones (homicidio),2
2002,all,90-94,Envenenamiento accidental por psicofármacos y drogas de abuso,2
2002,all,90-94,Eventos de intención no determinada,0
2002,all,90-94,Suicidio y lesiones autoinfligidas,45
2002,all,90-94,Todas las causas,40554
2002,all,90-94,"Trastornos mentales debidos al uso de drogas (drogodependencia, toxicomanía)",0
2002,all,95+,Accidentes de tráfico,4
2002,all,95+,Agresiones (homicidio),1
2002,all,95+,Envenenamiento accidental por psicofármacos y drogas de abuso,0
2002,all,95+,Eventos de intención no determinada,0
2002,all,95+,Suicidio y lesiones autoinfligidas,10
2002,all,95+,Todas las causas,15117
2002,all,95+,"Trastornos mentales debidos al uso de drogas (drogodependencia, toxicomanía)",0
2002,all,<1,Accidentes de tráfico,12
2002,all,<1,Agresiones (homicidio),2
2002,all,<1,Envenenamiento accidental por psicofármacos y drogas de abuso,0
2002,all,<1,Eventos de intención no determinada,0
2002,all,<1,Suicidio y lesiones autoinfligidas,0
2002,all,<1,Todas las causas,1737
2002,all,<1,"Trastornos mentales debidos al uso de drogas (drogodependencia, toxicomanía)",0
2002,all,all,Accidentes de tráfico,5496
2002,all,all,Agresiones (homicidio),433
2002,all,all,Envenenamiento accidental por psicofármacos y drogas de abuso,572
2002,all,all,Eventos de intención no determinada,105
2002,all,all,Suicidio y lesiones autoinfligidas,3371
2002,all,all,Todas las causas,368618
2002,all,all,"Trastornos mentales debidos al uso de drogas (drogodependencia, toxicomanía)",127
2002,female,1-4,Accidentes de tráfico,19
2002,female,1-4,Agresiones (homicidio),0
2002,female,1-4,Envenenamiento accidental por psicofármacos y drogas de abuso,0
2002,female,1-4,Eventos de intención no determinada,0
2002,female,1-4,Suicidio y lesiones autoinfligidas,0
2002,female,1-4,Todas las causas,174
2002,female,1-4,"Trastornos mentales debidos al uso de drogas (drogodependencia, toxicomanía)",0
2002,female,10-14,Accidentes de tráfico,26
2002,female,10-14,Agresiones (homicidio),0
2002,female,10-14,Envenenamiento accidental por psicofármacos y drogas de abuso,0
2002,female,10-14,Eventos de intención no determinada,0
2002,female,10-14,Suicidio y lesiones autoinfligidas,1
2002,female,10-14,Todas las causas,122
2002,female,10-14,"Trastornos mentales debidos al uso de drogas (drogodependencia, toxicomanía)",0
2002,female,15-19,Accidentes de tráfico,85
2002,female,15-19,Agresiones (homicidio),5
2002,female,15-19,Envenenamiento accidental por psicofármacos y drogas de abuso,0
2002,female,15-19,Eventos de intención no determinada,1
2002,female,15-19,Suicidio y lesiones autoinfligidas,20
2002,female,15-19,Todas las causas,268
2002,female,15-19,"Trastornos mentales debidos al uso de drogas (drogodependencia, toxicomanía)",0
2002,female,20-24,Accidentes de tráfico,132
2002,female,20-24,Agresiones (homicidio),10
2002,female,20-24,Envenenamiento accidental por psicofármacos y drogas de abuso,11
2002,female,20-24,Eventos de intención no determinada,4
2002,female,20-24,Suicidio y lesiones autoinfligidas,26
2002,female,20-24,Todas las causas,425
2002,female,20-24,"Trastornos mentales debidos al uso de drogas (drogodependencia, toxicomanía)",1
2002,female,25-29,Accidentes de tráfico,112
2002,female,25-29,Agresiones (homicidio),9
2002,female,25-29,Envenenamiento accidental por psicofármacos y drogas de abuso,11
2002,female,25-29,Eventos de intención no determinada,1
2002,female,25-29,Suicidio y lesiones autoinfligidas,47
2002,female,25-29,Todas las causas,532
2002,female,25-29,"Trastornos mentales debidos al uso de drogas (drogodependencia, toxicomanía)",2
2002,female,30-34,Accidentes de tráfico,89
2002,female,30-34,Agresiones (homicidio),9
2002,female,30-34,Envenenamiento accidental por psicofármacos y drogas de abuso,13
2002,female,30-34,Eventos de intención no determinada,2
2002,female,30-34,Suicidio y lesiones autoinfligidas,56
2002,female,30-34,Todas las causas,746
2002,female,30-34,"Trastornos mentales debidos al uso de drogas (drogodependencia, toxicomanía)",4
2002,female,35-39,Accidentes de tráfico,68
2002,female,35-39,Agresiones (homicidio),9
2002,female,35-39,Envenenamiento accidental por psicofármacos y drogas de abuso,12
2002,female,35-39,Eventos de intención no determinada,2
2002,female,35-39,Suicidio y lesiones autoinfligidas,56
2002,female,35-39,Todas las causas,1142
2002,female,35-39,"Trastornos mentales debidos al uso de drogas (drogodependencia, toxicomanía)",3
2002,female,40-44,Accidentes de tráfico,56
2002,female,40-44,Agresiones (homicidio),5
2002,female,40-44,Envenenamiento accidental por psicofármacos y drogas de abuso,9
2002,female,40-44,Eventos de intención no determinada,3
2002,female,40-44,Suicidio y lesiones autoinfligidas,66
2002,female,40-44,Todas las causas,1541
2002,female,40-44,"Trastornos mentales debidos al uso de drogas (drogodependencia, toxicomanía)",5
2002,female,45-49,Accidentes de tráfico,68
2002,female,45-49,Agresiones (homicidio),8
2002,female,45-49,Envenenamiento accidental por psicofármacos y drogas de abuso,4
2002,female,45-49,Eventos de intención no determinada,1
2002,female,45-49,Suicidio y lesiones autoinfligidas,65
2002,female,45-49,Todas las causas,2103
2002,female,45-49,"Trastornos mentales debidos al uso de drogas (drogodependencia, toxicomanía)",2
2002,female,5-9,Accidentes de tráfico,22
2002,female,5-9,Agresiones (homicidio),2
2002,female,5-9,Envenenamiento accidental por psicofármacos y drogas de abuso,0
2002,female,5-9,Eventos de intención no determinada,0
2002,female,5-9,Suicidio y lesiones autoinfligidas,0
2002,female,5-9,Todas las causas,122
2002,female,5-9,"Trastornos mentales debidos al uso de drogas (drogodependencia, toxicomanía)",0
2002,female,50-54,Accidentes de tráfico,75
2002,female,50-54,Agresiones (homicidio),8
2002,female,50-54,Envenenamiento accidental por psicofármacos y drogas de abuso,6
2002,female,50-54,Eventos de intención no determinada,1
2002,female,50-54,Suicidio y lesiones autoinfligidas,58
2002,female,50-54,Todas las causas,2708
2002,female,50-54,"Trastornos mentales debidos al uso de drogas (drogodependencia, toxicomanía)",0
2002,female,55-59,Accidentes de tráfico,66
2002,female,55-59,Agresiones (homicidio),5
2002,female,55-59,Envenenamiento accidental por psicofármacos y drogas de abuso,4
2002,female,55-59,Eventos de intención no determinada,3
2002,female,55-59,Suicidio y lesiones autoinfligidas,55
2002,female,55-59,Todas las causas,3558
2002,female,55-59,"Trastornos mentales debidos al uso de drogas (drogodependencia, toxicomanía)",0
2002,female,60-64,Accidentes de tráfico,61
2002,female,60-64,Agresiones (homicidio),9
2002,female,60-64,Envenenamiento accidental por psicofármacos y drogas de abuso,0
2002,female,60-64,Eventos de intención no determinada,2
2002,female,60-64,Suicidio y lesiones autoinfligidas,63
2002,female,60-64,Todas las causas,4568
2002,female,60-64,"Trastornos mentales debidos al uso de drogas (drogodependencia, toxicomanía)",0
2002,female,65-69,Accidentes de tráfico,104
2002,female,65-69,Agresiones (homicidio),7
2002,female,65-69,Envenenamiento accidental por psicofármacos y drogas de abuso,4
2002,female,65-69,Eventos de intención no determinada,5
2002,female,65-69,Suicidio y lesiones autoinfligidas,80
2002,female,65-69,Todas las causas,8604
2002,female,65-69,"Trastornos mentales debidos al uso de drogas (drogodependencia, toxicomanía)",0
2002,female,70-74,Accidentes de tráfico,103
2002,female,70-74,Agresiones (homicidio),4
2002,female,70-74,Envenenamiento accidental por psicofármacos y drogas de abuso,2
2002,female,70-74,Eventos de intención no determinada,2
2002,female,70-74,Suicidio y lesiones autoinfligidas,70
2002,female,70-74,Todas las causas,14744
2002,female,70-74,"Trastornos mentales debidos al uso de drogas (drogodependencia, toxicomanía)",0
2002,female,75-79,Accidentes de tráfico,91
2002,female,75-79,Agresiones (homicidio),7
2002,female,75-79,Envenenamiento accidental por psicofármacos y drogas de abuso,4
2002,female,75-79,Eventos de intención no determinada,2
2002,female,75-79,Suicidio y lesiones autoinfligidas,62
2002,female,75-79,Todas las causas,23843
2002,female,75-79,"Trastornos mentales debidos al uso de drogas (drogodependencia, toxicomanía)",0
2002,female,80-84,Accidentes de tráfico,64
2002,female,80-84,Agresiones (homicidio),4
2002,female,80-84,Envenenamiento accidental por psicofármacos y drogas de abuso,1
2002,female,80-84,Eventos de intención no determinada,0
2002,female,80-84,Suicidio y lesiones autoinfligidas,41
2002,female,80-84,Todas las causas,32878
2002,female,80-84,"Trastornos mentales debidos al uso de drogas (drogodependencia, toxicomanía)",0
2002,female,85-89,Accidentes de tráfico,36
2002,female,85-89,Agresiones (homicidio),0
2002,female,85-89,Envenenamiento accidental por psicofármacos y drogas de abuso,1
2002,female,85-89,Eventos de intención no determinada,1
2002,female,85-89,Suicidio y lesiones autoinfligidas,39
2002,female,85-89,Todas las causas,37309
2002,female,85-89,"Trastornos mentales debidos al uso de drogas (drogodependencia, toxicomanía)",0
2002,female,90-94,Accidentes de tráfico,8
2002,female,90-94,Agresiones (homicidio),1
2002,female,90-94,Envenenamiento accidental por psicofármacos y drogas de abuso,2
2002,female,90-94,Eventos de intención no determinada,0
2002,female,90-94,Suicidio y lesiones autoinfligidas,11
2002,female,90-94,Todas las causas,27891
2002,female,90-94,"Trastornos mentales debidos al uso de drogas (drogodependencia, toxicomanía)",0
2002,female,95+,Accidentes de tráfico,2
2002,female,95+,Agresiones (homicidio),1
2002,female,95+,Envenenamiento accidental por psicofármacos y drogas de abuso,0
2002,female,95+,Eventos de intención no determinada,0
2002,female,95+,Suicidio y lesiones autoinfligidas,1
2002,female,95+,Todas las causas,11325
2002,female,95+,"Trastornos mentales debidos al uso de drogas (drogodependencia, toxicomanía)",0
2002,female,<1,Accidentes de tráfico,4
2002,female,<1,Agresiones (homicidio),0
2002,female,<1,Envenenamiento accidental por psicofármacos y drogas de abuso,0
2002,female,<1,Eventos de intención no determinada,0
2002,female,<1,Suicidio y lesiones autoinfligidas,0
2002,female,<1,Todas las causas,746
2002,female,<1,"Trastornos mentales debidos al uso de drogas (drogodependencia, toxicomanía)",0
2002,female,all,Accidentes de tráfico,1291
2002,female,all,Agresiones (homicidio),103
2002,female,all,Envenenamiento accidental por psicofármacos y drogas de abuso,84
2002,female,all,Eventos de intención no determinada,30
2002,female,all,Suicidio y lesiones autoinfligidas,817
2002,female,all,Todas las causas,175349
2002,female,all,"Trastornos mentales debidos al uso de drogas (drogodependencia, toxicomanía)",17
2002,male,1-4,Accidentes de tráfico,26
2002,male,1-4,Agresiones (homicidio),5
2002,male,1-4,Envenenamiento accidental por psicofármacos y drogas de abuso,0
2002,male,1-4,Eventos de intención no determinada,0
2002,male,1-4,Suicidio y lesiones autoinfligidas,0
2002,male,1-4,Todas las causas,222
2002,male,1-4,"Trastornos mentales debidos al uso de drogas (drogodependencia, toxicomanía)",0
2002,male,10-14,Accidentes de tráfico,34
2002,male,10-14,Agresiones (homicidio),2
2002,male,10-14,Envenenamiento accidental por psicofármacos y drogas de abuso,1
2002,male,10-14,Eventos de intención no determinada,0
2002,male,10-14,Suicidio y lesiones autoinfligidas,7
2002,male,10-14,Todas las causas,198
2002,male,10-14,"Trastornos mentales debidos al uso de drogas (drogodependencia, toxicomanía)",0
2002,male,15-19,Accidentes de tráfico,314
2002,male,15-19,Agresiones (homicidio),9
2002,male,15-19,Envenenamiento accidental por psicofármacos y drogas de abuso,10
2002,male,15-19,Eventos de intención no determinada,0
2002,male,15-19,Suicidio y lesiones autoinfligidas,46
2002,male,15-19,Todas las causas,704
2002,male,15-19,"Trastornos mentales debidos al uso de drogas (drogodependencia, toxicomanía)",2
2002,male,20-24,Accidentes de tráfico,577
2002,male,20-24,Agresiones (homicidio),28
2002,male,20-24,Envenenamiento accidental por psicofármacos y drogas de abuso,38
2002,male,20-24,Eventos de intención no determinada,3
2002,male,20-24,Suicidio y lesiones autoinfligidas,150
2002,male,20-24,Todas las causas,1391
2002,male,20-24,"Trastornos mentales debidos al uso de drogas (drogodependencia, toxicomanía)",9
2002,male,25-29,Accidentes de tráfico,513
2002,male,25-29,Agresiones (homicidio),30
2002,male,25-29,Envenenamiento accidental por psicofármacos y drogas de abuso,89
2002,male,25-29,Eventos de intención no determinada,9
2002,male,25-29,Suicidio y lesiones autoinfligidas,193
2002,male,25-29,Todas las causas,1648
2002,male,25-29,"Trastornos mentales debidos al uso de drogas (drogodependencia, toxicomanía)",20
2002,male,30-34,Accidentes de tráfico,392
2002,male,30-34,Agresiones (homicidio),50
2002,male,30-34,Envenenamiento accidental por psicofármacos y drogas de abuso,123
2002,male,30-34,Eventos de intención no determinada,6
2002,male,30-34,Suicidio y lesiones autoinfligidas,221
2002,male,30-34,Todas las causas,2102
2002,male,30-34,"Trastornos mentales debidos al uso de drogas (drogodependencia, toxicomanía)",30
2002,male,35-39,Accidentes de tráfico,356
2002,male,35-39,Agresiones (homicidio),49
2002,male,35-39,Envenenamiento accidental por psicofármacos y drogas de abuso,108
2002,male,35-39,Eventos de intención no determinada,12
2002,male,35-39,Suicidio y lesiones autoinfligidas,213
2002,male,35-39,Todas las causas,2821
2002,male,35-39,"Trastornos mentales debidos al uso de drogas (drogodependencia, toxicomanía)",29
2002,male,40-44,Accidentes de tráfico,308
2002,male,40-44,Agresiones (homicidio),35
2002,male,40-44,Envenenamiento accidental por psicofármacos y drogas de abuso,69
2002,male,40-44,Eventos de intención no determinada,5
2002,male,40-44,Suicidio y lesiones autoinfligidas,176
2002,male,40-44,Todas las causas,3735
2002,male,40-44,"Trastornos mentales debidos al uso de drogas (drogodependencia, toxicomanía)",11
2002,male,45-49,Accidentes de tráfico,238
2002,male,45-49,Agresiones (homicidio),31
2002,male,45-49,Envenenamiento accidental por psicofármacos y drogas de abuso,22
2002,male,45-49,Eventos de intención no determinada,7
2002,male,45-49,Suicidio y lesiones autoinfligidas,177
2002,male,45-49,Todas las causas,4847
2002,male,45-49,"Trastornos mentales debidos al uso de drogas (drogodependencia, toxicomanía)",5
2002,male,5-9,Accidentes de tráfico,23
2002,male,5-9,Agresiones (homicidio),2
2002,male,5-9,Envenenamiento accidental por psicofármacos y drogas de abuso,0
2002,male,5-9,Eventos de intención no determinada,0
2002,male,5-9,Suicidio y lesiones autoinfligidas,0
2002,male,5-9,Todas las causas,156
2002,male,5-9,"Trastornos mentales debidos al uso de drogas (drogodependencia, toxicomanía)",0
2002,male,50-54,Accidentes de tráfico,230
2002,male,50-54,Agresiones (homicidio),28
2002,male,50-54,Envenenamiento accidental por psicofármacos y drogas de abuso,13
2002,male,50-54,Eventos de intención no determinada,2
2002,male,50-54,Suicidio y lesiones autoinfligidas,185
2002,male,50-54,Todas las causas,6673
2002,male,50-54,"Trastornos mentales debidos al uso de drogas (drogodependencia, toxicomanía)",2
2002,male,55-59,Accidentes de tráfico,218
2002,male,55-59,Agresiones (homicidio),18
2002,male,55-59,Envenenamiento accidental por psicofármacos y drogas de abuso,4
2002,male,55-59,Eventos de intención no determinada,4
2002,male,55-59,Suicidio y lesiones autoinfligidas,181
2002,male,55-59,Todas las causas,9106
2002,male,55-59,"Trastornos mentales debidos al uso de drogas (drogodependencia, toxicomanía)",2
2002,male,60-64,Accidentes de tráfico,189
2002,male,60-64,Agresiones (homicidio),14
2002,male,60-64,Envenenamiento accidental por psicofármacos y drogas de abuso,4
2002,male,60-64,Eventos de intención no determinada,2
2002,male,60-64,Suicidio y lesiones autoinfligidas,128
2002,male,60-64,Todas las causas,11193
2002,male,60-64,"Trastornos mentales debidos al uso de drogas (drogodependencia, toxicomanía)",0
2002,male,65-69,Accidentes de tráfico,228
2002,male,65-69,Agresiones (homicidio),15
2002,male,65-69,Envenenamiento accidental por psicofármacos y drogas de abuso,2
2002,male,65-69,Eventos de intención no determinada,8
2002,male,65-69,Suicidio y lesiones autoinfligidas,188
2002,male,65-69,Todas las causas,19015
2002,male,65-69,"Trastornos mentales debidos al uso de drogas (drogodependencia, toxicomanía)",0
2002,male,70-74,Accidentes de tráfico,213
2002,male,70-74,Agresiones (homicidio),7
2002,male,70-74,Envenenamiento accidental por psicofármacos y drogas de abuso,0
2002,male,70-74,Eventos de intención no determinada,4
2002,male,70-74,Suicidio y lesiones autoinfligidas,191
2002,male,70-74,Todas las causas,26298
2002,male,70-74,"Trastornos mentales debidos al uso de drogas (drogodependencia, toxicomanía)",0
2002,male,75-79,Accidentes de tráfico,161
2002,male,75-79,Agresiones (homicidio),3
2002,male,75-79,Envenenamiento accidental por psicofármacos y drogas de abuso,3
2002,male,75-79,Eventos de intención no determinada,7
2002,male,75-79,Suicidio y lesiones autoinfligidas,215
2002,male,75-79,Todas las causas,32489
2002,male,75-79,"Trastornos mentales debidos al uso de drogas (drogodependencia, toxicomanía)",0
2002,male,80-84,Accidentes de tráfico,108
2002,male,80-84,Agresiones (homicidio),0
2002,male,80-84,Envenenamiento accidental por psicofármacos y drogas de abuso,2
2002,male,80-84,Eventos de intención no determinada,3
2002,male,80-84,Suicidio y lesiones autoinfligidas,149
2002,male,80-84,Todas las causas,30174
2002,male,80-84,"Trastornos mentales debidos al uso de drogas (drogodependencia, toxicomanía)",0
2002,male,85-89,Accidentes de tráfico,48
2002,male,85-89,Agresiones (homicidio),1
2002,male,85-89,Envenenamiento accidental por psicofármacos y drogas de abuso,0
2002,male,85-89,Eventos de intención no determinada,3
2002,male,85-89,Suicidio y lesiones autoinfligidas,91
2002,male,85-89,Todas las causas,23051
2002,male,85-89,"Trastornos mentales debidos al uso de drogas (drogodependencia, toxicomanía)",0
2002,male,90-94,Accidentes de tráfico,19
2002,male,90-94,Agresiones (homicidio),1
2002,male,90-94,Envenenamiento accidental por psicofármacos y drogas de abuso,0
2002,male,90-94,Eventos de intención no determinada,0
2002,male,90-94,Suicidio y lesiones autoinfligidas,34
2002,male,90-94,Todas las causas,12663
2002,male,90-94,"Trastornos mentales debidos al uso de drogas (drogodependencia, toxicomanía)",0
2002,male,95+,Accidentes de tráfico,2
2002,male,95+,Agresiones (homicidio),0
2002,male,95+,Envenenamiento accidental por psicofármacos y drogas de abuso,0
2002,male,95+,Eventos de intención no determinada,0
2002,male,95+,Suicidio y lesiones autoinfligidas,9
2002,male,95+,Todas las causas,3792
2002,male,95+,"Trastornos mentales debidos al uso de drogas (drogodependencia, toxicomanía)",0
2002,male,<1,Accidentes de tráfico,8
2002,male,<1,Agresiones (homicidio),2
2002,male,<1,Envenenamiento accidental por psicofármacos y drogas de abuso,0
2002,male,<1,Eventos de intención no determinada,0
2002,male,<1,Suicidio y lesiones autoinfligidas,0
2002,male,<1,Todas las causas,991
2002,male,<1,"Trastornos mentales debidos al uso de drogas (drogodependencia, toxicomanía)",0
2002,male,all,Accidentes de tráfico,4205
2002,male,all,Agresiones (homicidio),330
2002,male,all,Envenenamiento accidental por psicofármacos y drogas de abuso,488
2002,male,all,Eventos de intención no determinada,75
2002,male,all,Suicidio y lesiones autoinfligidas,2554
2002,male,all,Todas las causas,193269
2002,male,all,"Trastornos mentales debidos al uso de drogas (drogodependencia, toxicomanía)",110
2003,all,1-4,Accidentes de tráfico,45
2003,all,1-4,Agresiones (homicidio),2
2003,all,1-4,Envenenamiento accidental por psicofármacos y drogas de abuso,0
2003,all,1-4,Eventos de intención no determinada,0
2003,all,1-4,Suicidio y lesiones autoinfligidas,0
2003,all,1-4,Todas las causas,442
2003,all,1-4,"Trastornos mentales debidos al uso de drogas (drogodependencia, toxicomanía)",0
2003,all,10-14,Accidentes de tráfico,64
2003,all,10-14,Agresiones (homicidio),1
2003,all,10-14,Envenenamiento accidental por psicofármacos y drogas de abuso,0
2003,all,10-14,Eventos de intención no determinada,1
2003,all,10-14,Suicidio y lesiones autoinfligidas,3
2003,all,10-14,Todas las causas,341
2003,all,10-14,"Trastornos mentales debidos al uso de drogas (drogodependencia, toxicomanía)",0
2003,all,15-19,Accidentes de tráfico,470
2003,all,15-19,Agresiones (homicidio),15
2003,all,15-19,Envenenamiento accidental por psicofármacos y drogas de abuso,3
2003,all,15-19,Eventos de intención no determinada,4
2003,all,15-19,Suicidio y lesiones autoinfligidas,63
2003,all,15-19,Todas las causas,1032
2003,all,15-19,"Trastornos mentales debidos al uso de drogas (drogodependencia, toxicomanía)",2
2003,all,20-24,Accidentes de tráfico,675
2003,all,20-24,Agresiones (homicidio),33
2003,all,20-24,Envenenamiento accidental por psicofármacos y drogas de abuso,35
2003,all,20-24,Eventos de intención no determinada,4
2003,all,20-24,Suicidio y lesiones autoinfligidas,184
2003,all,20-24,Todas las causas,1746
2003,all,20-24,"Trastornos mentales debidos al uso de drogas (drogodependencia, toxicomanía)",15
2003,all,25-29,Accidentes de tráfico,659
2003,all,25-29,Agresiones (homicidio),61
2003,all,25-29,Envenenamiento accidental por psicofármacos y drogas de abuso,73
2003,all,25-29,Eventos de intención no determinada,12
2003,all,25-29,Suicidio y lesiones autoinfligidas,218
2003,all,25-29,Todas las causas,2136
2003,all,25-29,"Trastornos mentales debidos al uso de drogas (drogodependencia, toxicomanía)",20
2003,all,30-34,Accidentes de tráfico,524
2003,all,30-34,Agresiones (homicidio),67
2003,all,30-34,Envenenamiento accidental por psicofármacos y drogas de abuso,123
2003,all,30-34,Eventos de intención no determinada,8
2003,all,30-34,Suicidio y lesiones autoinfligidas,334
2003,all,30-34,Todas las causas,2872
2003,all,30-34,"Trastornos mentales debidos al uso de drogas (drogodependencia, toxicomanía)",44
2003,all,35-39,Accidentes de tráfico,408
2003,all,35-39,Agresiones (homicidio),61
2003,all,35-39,Envenenamiento accidental por psicofármacos y drogas de abuso,119
2003,all,35-39,Eventos de intención no determinada,8
2003,all,35-39,Suicidio y lesiones autoinfligidas,287
2003,all,35-39,Todas las causas,3933
2003,all,35-39,"Trastornos mentales debidos al uso de drogas (drogodependencia, toxicomanía)",39
2003,all,40-44,Accidentes de tráfico,382
2003,all,40-44,Agresiones (homicidio),40
2003,all,40-44,Envenenamiento accidental por psicofármacos y drogas de abuso,97
2003,all,40-44,Eventos de intención no determinada,9
2003,all,40-44,Suicidio y lesiones autoinfligidas,269
2003,all,40-44,Todas las causas,5545
2003,all,40-44,"Trastornos mentales debidos al uso de drogas (drogodependencia, toxicomanía)",26
2003,all,45-49,Accidentes de tráfico,333
2003,all,45-49,Agresiones (homicidio),43
2003,all,45-49,Envenenamiento accidental por psicofármacos y drogas de abuso,30
2003,all,45-49,Eventos de intención no determinada,7
2003,all,45-49,Suicidio y lesiones autoinfligidas,251
2003,all,45-49,Todas las causas,7193
2003,all,45-49,"Trastornos mentales debidos al uso de drogas (drogodependencia, toxicomanía)",6
2003,all,5-9,Accidentes de tráfico,42
2003,all,5-9,Agresiones (homicidio),1
2003,all,5-9,Envenenamiento accidental por psicofármacos y drogas de abuso,1
2003,all,5-9,Eventos de intención no determinada,0
2003,all,5-9,Suicidio y lesiones autoinfligidas,0
2003,all,5-9,Todas las causas,254
2003,all,5-9,"Trastornos mentales debidos al uso de drogas (drogodependencia, toxicomanía)",0
2003,all,50-54,Accidentes de tráfico,271
2003,all,50-54,Agresiones (homicidio),19
2003,all,50-54,Envenenamiento accidental por psicofármacos y drogas de abuso,14
2003,all,50-54,Eventos de intención no determinada,8
2003,all,50-54,Suicidio y lesiones autoinfligidas,258
2003,all,50-54,Todas las causas,9401
2003,all,50-54,"Trastornos mentales debidos al uso de drogas (drogodependencia, toxicomanía)",3
2003,all,55-59,Accidentes de tráfico,269
2003,all,55-59,Agresiones (homicidio),33
2003,all,55-59,Envenenamiento accidental por psicofármacos y drogas de abuso,9
2003,all,55-59,Eventos de intención no determinada,6
2003,all,55-59,Suicidio y lesiones autoinfligidas,228
2003,all,55-59,Todas las causas,13294
2003,all,55-59,"Trastornos mentales debidos al uso de drogas (drogodependencia, toxicomanía)",2
2003,all,60-64,Accidentes de tráfico,230
2003,all,60-64,Agresiones (homicidio),17
2003,all,60-64,Envenenamiento accidental por psicofármacos y drogas de abuso,3
2003,all,60-64,Eventos de intención no determinada,3
2003,all,60-64,Suicidio y lesiones autoinfligidas,202
2003,all,60-64,Todas las causas,15972
2003,all,60-64,"Trastornos mentales debidos al uso de drogas (drogodependencia, toxicomanía)",0
2003,all,65-69,Accidentes de tráfico,278
2003,all,65-69,Agresiones (homicidio),16
2003,all,65-69,Envenenamiento accidental por psicofármacos y drogas de abuso,3
2003,all,65-69,Eventos de intención no determinada,5
2003,all,65-69,Suicidio y lesiones autoinfligidas,231
2003,all,65-69,Todas las causas,26636
2003,all,65-69,"Trastornos mentales debidos al uso de drogas (drogodependencia, toxicomanía)",1
2003,all,70-74,Accidentes de tráfico,275
2003,all,70-74,Agresiones (homicidio),16
2003,all,70-74,Envenenamiento accidental por psicofármacos y drogas de abuso,5
2003,all,70-74,Eventos de intención no determinada,8
2003,all,70-74,Suicidio y lesiones autoinfligidas,265
2003,all,70-74,Todas las causas,41879
2003,all,70-74,"Trastornos mentales debidos al uso de drogas (drogodependencia, toxicomanía)",0
2003,all,75-79,Accidentes de tráfico,260
2003,all,75-79,Agresiones (homicidio),9
2003,all,75-79,Envenenamiento accidental por psicofármacos y drogas de abuso,2
2003,all,75-79,Eventos de intención no determinada,10
2003,all,75-79,Suicidio y lesiones autoinfligidas,275
2003,all,75-79,Todas las causas,57377
2003,all,75-79,"Trastornos mentales debidos al uso de drogas (drogodependencia, toxicomanía)",0
2003,all,80-84,Accidentes de tráfico,197
2003,all,80-84,Agresiones (homicidio),5
2003,all,80-84,Envenenamiento accidental por psicofármacos y drogas de abuso,1
2003,all,80-84,Eventos de intención no determinada,5
2003,all,80-84,Suicidio y lesiones autoinfligidas,226
2003,all,80-84,Todas las causas,68007
2003,all,80-84,"Trastornos mentales debidos al uso de drogas (drogodependencia, toxicomanía)",0
2003,all,85-89,Accidentes de tráfico,86
2003,all,85-89,Agresiones (homicidio),3
2003,all,85-89,Envenenamiento accidental por psicofármacos y drogas de abuso,5
2003,all,85-89,Eventos de intención no determinada,1
2003,all,85-89,Suicidio y lesiones autoinfligidas,129
2003,all,85-89,Todas las causas,63748
2003,all,85-89,"Trastornos mentales debidos al uso de drogas (drogodependencia, toxicomanía)",0
2003,all,90-94,Accidentes de tráfico,27
2003,all,90-94,Agresiones (homicidio),2
2003,all,90-94,Envenenamiento accidental por psicofármacos y drogas de abuso,0
2003,all,90-94,Eventos de intención no determinada,1
2003,all,90-94,Suicidio y lesiones autoinfligidas,39
2003,all,90-94,Todas las causas,44198
2003,all,90-94,"Trastornos mentales debidos al uso de drogas (drogodependencia, toxicomanía)",0
2003,all,95+,Accidentes de tráfico,8
2003,all,95+,Agresiones (homicidio),1
2003,all,95+,Envenenamiento accidental por psicofármacos y drogas de abuso,0
2003,all,95+,Eventos de intención no determinada,0
2003,all,95+,Suicidio y lesiones autoinfligidas,16
2003,all,95+,Todas las causas,17089
2003,all,95+,"Trastornos mentales debidos al uso de drogas (drogodependencia, toxicomanía)",0
2003,all,<1,Accidentes de tráfico,11
2003,all,<1,Agresiones (homicidio),1
2003,all,<1,Envenenamiento accidental por psicofármacos y drogas de abuso,0
2003,all,<1,Eventos de intención no determinada,0
2003,all,<1,Suicidio y lesiones autoinfligidas,0
2003,all,<1,Todas las causas,1733
2003,all,<1,"Trastornos mentales debidos al uso de drogas (drogodependencia, toxicomanía)",0
2003,all,all,Accidentes de tráfico,5514
2003,all,all,Agresiones (homicidio),446
2003,all,all,Envenenamiento accidental por psicofármacos y drogas de abuso,523
2003,all,all,Eventos de intención no determinada,100
2003,all,all,Suicidio y lesiones autoinfligidas,3478
2003,all,all,Todas las causas,384828
2003,all,all,"Trastornos mentales debidos al uso de drogas (drogodependencia, toxicomanía)",158
2003,female,1-4,Accidentes de tráfico,23
2003,female,1-4,Agresiones (homicidio),1
2003,female,1-4,Envenenamiento accidental por psicofármacos y drogas de abuso,0
2003,female,1-4,Eventos de intención no determinada,0
2003,female,1-4,Suicidio y lesiones autoinfligidas,0
2003,female,1-4,Todas las causas,197
2003,female,1-4,"Trastornos mentales debidos al uso de drogas (drogodependencia, toxicomanía)",0
2003,female,10-14,Accidentes de tráfico,23
2003,female,10-14,Agresiones (homicidio),0
2003,female,10-14,Envenenamiento accidental por psicofármacos y drogas de abuso,0
2003,female,10-14,Eventos de intención no determinada,1
2003,female,10-14,Suicidio y lesiones autoinfligidas,1
2003,female,10-14,Todas las causas,140
2003,female,10-14,"Trastornos mentales debidos al uso de drogas (drogodependencia, toxicomanía)",0
2003,female,15-19,Accidentes de tráfico,104
2003,female,15-19,Agresiones (homicidio),2
2003,female,15-19,Envenenamiento accidental por psicofármacos y drogas de abuso,0
2003,female,15-19,Eventos de intención no determinada,0
2003,female,15-19,Suicidio y lesiones autoinfligidas,16
2003,female,15-19,Todas las causas,291
2003,female,15-19,"Trastornos mentales debidos al uso de drogas (drogodependencia, toxicomanía)",1
2003,female,20-24,Accidentes de tráfico,133
2003,female,20-24,Agresiones (homicidio),5
2003,female,20-24,Envenenamiento accidental por psicofármacos y drogas de abuso,6
2003,female,20-24,Eventos de intención no determinada,0
2003,female,20-24,Suicidio y lesiones autoinfligidas,40
2003,female,20-24,Todas las causas,410
2003,female,20-24,"Trastornos mentales debidos al uso de drogas (drogodependencia, toxicomanía)",2
2003,female,25-29,Accidentes de tráfico,113
2003,female,25-29,Agresiones (homicidio),17
2003,female,25-29,Envenenamiento accidental por psicofármacos y drogas de abuso,12
2003,female,25-29,Eventos de intención no determinada,3
2003,female,25-29,Suicidio y lesiones autoinfligidas,41
2003,female,25-29,Todas las causas,532
2003,female,25-29,"Trastornos mentales debidos al uso de drogas (drogodependencia, toxicomanía)",1
2003,female,30-34,Accidentes de tráfico,82
2003,female,30-34,Agresiones (homicidio),23
2003,female,30-34,Envenenamiento accidental por psicofármacos y drogas de abuso,13
2003,female,30-34,Eventos de intención no determinada,1
2003,female,30-34,Suicidio y lesiones autoinfligidas,52
2003,female,30-34,Todas las causas,724
2003,female,30-34,"Trastornos mentales debidos al uso de drogas (drogodependencia, toxicomanía)",6
2003,female,35-39,Accidentes de tráfico,70
2003,female,35-39,Agresiones (homicidio),18
2003,female,35-39,Envenenamiento accidental por psicofármacos y drogas de abuso,14
2003,female,35-39,Eventos de intención no determinada,1
2003,female,35-39,Suicidio y lesiones autoinfligidas,57
2003,female,35-39,Todas las causas,1176
2003,female,35-39,"Trastornos mentales debidos al uso de drogas (drogodependencia, toxicomanía)",2
2003,female,40-44,Accidentes de tráfico,66
2003,female,40-44,Agresiones (homicidio),7
2003,female,40-44,Envenenamiento accidental por psicofármacos y drogas de abuso,13
2003,female,40-44,Eventos de intención no determinada,2
2003,female,40-44,Suicidio y lesiones autoinfligidas,72
2003,female,40-44,Todas las causas,1665
2003,female,40-44,"Trastornos mentales debidos al uso de drogas (drogodependencia, toxicomanía)",3
2003,female,45-49,Accidentes de tráfico,64
2003,female,45-49,Agresiones (homicidio),18
2003,female,45-49,Envenenamiento accidental por psicofármacos y drogas de abuso,8
2003,female,45-49,Eventos de intención no determinada,2
2003,female,45-49,Suicidio y lesiones autoinfligidas,67
2003,female,45-49,Todas las causas,2299
2003,female,45-49,"Trastornos mentales debidos al uso de drogas (drogodependencia, toxicomanía)",0
2003,female,5-9,Accidentes de tráfico,16
2003,female,5-9,Agresiones (homicidio),1
2003,female,5-9,Envenenamiento accidental por psicofármacos y drogas de abuso,0
2003,female,5-9,Eventos de intención no determinada,0
2003,female,5-9,Suicidio y lesiones autoinfligidas,0
2003,female,5-9,Todas las causas,100
2003,female,5-9,"Trastornos mentales debidos al uso de drogas (drogodependencia, toxicomanía)",0
2003,female,50-54,Accidentes de tráfico,68
2003,female,50-54,Agresiones (homicidio),5
2003,female,50-54,Envenenamiento accidental por psicofármacos y drogas de abuso,3
2003,female,50-54,Eventos de intención no determinada,1
2003,female,50-54,Suicidio y lesiones autoinfligidas,70
2003,female,50-54,Todas las causas,2743
2003,female,50-54,"Trastornos mentales debidos al uso de drogas (drogodependencia, toxicomanía)",1
2003,female,55-59,Accidentes de tráfico,53
2003,female,55-59,Agresiones (homicidio),8
2003,female,55-59,Envenenamiento accidental por psicofármacos y drogas de abuso,4
2003,female,55-59,Eventos de intención no determinada,0
2003,female,55-59,Suicidio y lesiones autoinfligidas,64
2003,female,55-59,Todas las causas,3746
2003,female,55-59,"Trastornos mentales debidos al uso de drogas (drogodependencia, toxicomanía)",1
2003,female,60-64,Accidentes de tráfico,67
2003,female,60-64,Agresiones (homicidio),5
2003,female,60-64,Envenenamiento accidental por psicofármacos y drogas de abuso,3
2003,female,60-64,Eventos de intención no determinada,1
2003,female,60-64,Suicidio y lesiones autoinfligidas,60
2003,female,60-64,Todas las causas,4585
2003,female,60-64,"Trastornos mentales debidos al uso de drogas (drogodependencia, toxicomanía)",0
2003,female,65-69,Accidentes de tráfico,82
2003,female,65-69,Agresiones (homicidio),5
2003,female,65-69,Envenenamiento accidental por psicofármacos y drogas de abuso,1
2003,female,65-69,Eventos de intención no determinada,2
2003,female,65-69,Suicidio y lesiones autoinfligidas,65
2003,female,65-69,Todas las causas,8437
2003,female,65-69,"Trastornos mentales debidos al uso de drogas (drogodependencia, toxicomanía)",0
2003,female,70-74,Accidentes de tráfico,93
2003,female,70-74,Agresiones (homicidio),6
2003,female,70-74,Envenenamiento accidental por psicofármacos y drogas de abuso,3
2003,female,70-74,Eventos de intención no determinada,3
2003,female,70-74,Suicidio y lesiones autoinfligidas,61
2003,female,70-74,Todas las causas,14949
2003,female,70-74,"Trastornos mentales debidos al uso de drogas (drogodependencia, toxicomanía)",0
2003,female,75-79,Accidentes de tráfico,79
2003,female,75-79,Agresiones (homicidio),4
2003,female,75-79,Envenenamiento accidental por psicofármacos y drogas de abuso,1
2003,female,75-79,Eventos de intención no determinada,3
2003,female,75-79,Suicidio y lesiones autoinfligidas,61
2003,female,75-79,Todas las causas,24376
2003,female,75-79,"Trastornos mentales debidos al uso de drogas (drogodependencia, toxicomanía)",0
2003,female,80-84,Accidentes de tráfico,79
2003,female,80-84,Agresiones (homicidio),2
2003,female,80-84,Envenenamiento accidental por psicofármacos y drogas de abuso,0
2003,female,80-84,Eventos de intención no determinada,1
2003,female,80-84,Suicidio y lesiones autoinfligidas,47
2003,female,80-84,Todas las causas,34964
2003,female,80-84,"Trastornos mentales debidos al uso de drogas (drogodependencia, toxicomanía)",0
2003,female,85-89,Accidentes de tráfico,34
2003,female,85-89,Agresiones (homicidio),1
2003,female,85-89,Envenenamiento accidental por psicofármacos y drogas de abuso,2
2003,female,85-89,Eventos de intención no determinada,1
2003,female,85-89,Suicidio y lesiones autoinfligidas,33
2003,female,85-89,Todas las causas,39702
2003,female,85-89,"Trastornos mentales debidos al uso de drogas (drogodependencia, toxicomanía)",0
2003,female,90-94,Accidentes de tráfico,16
2003,female,90-94,Agresiones (homicidio),1
2003,female,90-94,Envenenamiento accidental por psicofármacos y drogas de abuso,0
2003,female,90-94,Eventos de intención no determinada,0
2003,female,90-94,Suicidio y lesiones autoinfligidas,17
2003,female,90-94,Todas las causas,30446
2003,female,90-94,"Trastornos mentales debidos al uso de drogas (drogodependencia, toxicomanía)",0
2003,female,95+,Accidentes de tráfico,4
2003,female,95+,Agresiones (homicidio),1
2003,female,95+,Envenenamiento accidental por psicofármacos y drogas de abuso,0
2003,female,95+,Eventos de intención no determinada,0
2003,female,95+,Suicidio y lesiones autoinfligidas,4
2003,female,95+,Todas las causas,12680
2003,female,95+,"Trastornos mentales debidos al uso de drogas (drogodependencia, toxicomanía)",0
2003,female,<1,Accidentes de tráfico,5
2003,female,<1,Agresiones (homicidio),0
2003,female,<1,Envenenamiento accidental por psicofármacos y drogas de abuso,0
2003,female,<1,Eventos de intención no determinada,0
2003,female,<1,Suicidio y lesiones autoinfligidas,0
2003,female,<1,Todas las causas,769
2003,female,<1,"Trastornos mentales debidos al uso de drogas (drogodependencia, toxicomanía)",0
2003,female,all,Accidentes de tráfico,1274
2003,female,all,Agresiones (homicidio),130
2003,female,all,Envenenamiento accidental por psicofármacos y drogas de abuso,83
2003,female,all,Eventos de intención no determinada,22
2003,female,all,Suicidio y lesiones autoinfligidas,828
2003,female,all,Todas las causas,184931
2003,female,all,"Trastornos mentales debidos al uso de drogas (drogodependencia, toxicomanía)",17
2003,male,1-4,Accidentes de tráfico,22
2003,male,1-4,Agresiones (homicidio),1
2003,male,1-4,Envenenamiento accidental por psicofármacos y drogas de abuso,0
2003,male,1-4,Eventos de intención no determinada,0
2003,male,1-4,Suicidio y lesiones autoinfligidas,0
2003,male,1-4,Todas las causas,245
2003,male,1-4,"Trastornos mentales debidos al uso de drogas (drogodependencia, toxicomanía)",0
2003,male,10-14,Accidentes de tráfico,41
2003,male,10-14,Agresiones (homicidio),1
2003,male,10-14,Envenenamiento accidental por psicofármacos y drogas de abuso,0
2003,male,10-14,Eventos de intención no determinada,0
2003,male,10-14,Suicidio y lesiones autoinfligidas,2
2003,male,10-14,Todas las causas,201
2003,male,10-14,"Trastornos mentales debidos al uso de drogas (drogodependencia, toxicomanía)",0
2003,male,15-19,Accidentes de tráfico,366
2003,male,15-19,Agresiones (homicidio),13
2003,male,15-19,Envenenamiento accidental por psicofármacos y drogas de abuso,3
2003,male,15-19,Eventos de intención no determinada,4
2003,male,15-19,Suicidio y lesiones autoinfligidas,47
2003,male,15-19,Todas las causas,741
2003,male,15-19,"Trastornos mentales debidos al uso de drogas (drogodependencia, toxicomanía)",1
2003,male,20-24,Accidentes de tráfico,542
2003,male,20-24,Agresiones (homicidio),28
2003,male,20-24,Envenenamiento accidental por psicofármacos y drogas de abuso,29
2003,male,20-24,Eventos de intención no determinada,4
2003,male,20-24,Suicidio y lesiones autoinfligidas,144
2003,male,20-24,Todas las causas,1336
2003,male,20-24,"Trastornos mentales debidos al uso de drogas (drogodependencia, toxicomanía)",13
2003,male,25-29,Accidentes de tráfico,546
2003,male,25-29,Agresiones (homicidio),44
2003,male,25-29,Envenenamiento accidental por psicofármacos y drogas de abuso,61
2003,male,25-29,Eventos de intención no determinada,9
2003,male,25-29,Suicidio y lesiones autoinfligidas,177
2003,male,25-29,Todas las causas,1604
2003,male,25-29,"Trastornos mentales debidos al uso de drogas (drogodependencia, toxicomanía)",19
2003,male,30-34,Accidentes de tráfico,442
2003,male,30-34,Agresiones (homicidio),44
2003,male,30-34,Envenenamiento accidental por psicofármacos y drogas de abuso,110
2003,male,30-34,Eventos de intención no determinada,7
2003,male,30-34,Suicidio y lesiones autoinfligidas,282
2003,male,30-34,Todas las causas,2148
2003,male,30-34,"Trastornos mentales debidos al uso de drogas (drogodependencia, toxicomanía)",38
2003,male,35-39,Accidentes de tráfico,338
2003,male,35-39,Agresiones (homicidio),43
2003,male,35-39,Envenenamiento accidental por psicofármacos y drogas de abuso,105
2003,male,35-39,Eventos de intención no determinada,7
2003,male,35-39,Suicidio y lesiones autoinfligidas,230
2003,male,35-39,Todas las causas,2757
2003,male,35-39,"Trastornos mentales debidos al uso de drogas (drogodependencia, toxicomanía)",37
2003,male,40-44,Accidentes de tráfico,316
2003,male,40-44,Agresiones (homicidio),33
2003,male,40-44,Envenenamiento accidental por psicofármacos y drogas de abuso,84
2003,male,40-44,Eventos de intención no determinada,7
2003,male,40-44,Suicidio y lesiones autoinfligidas,197
2003,male,40-44,Todas las causas,3880
2003,male,40-44,"Trastornos mentales debidos al uso de drogas (drogodependencia, toxicomanía)",23
2003,male,45-49,Accidentes de tráfico,269
2003,male,45-49,Agresiones (homicidio),25
2003,male,45-49,Envenenamiento accidental por psicofármacos y drogas de abuso,22
2003,male,45-49,Eventos de intención no determinada,5
2003,male,45-49,Suicidio y lesiones autoinfligidas,184
2003,male,45-49,Todas las causas,4894
2003,male,45-49,"Trastornos mentales debidos al uso de drogas (drogodependencia, toxicomanía)",6
2003,male,5-9,Accidentes de tráfico,26
2003,male,5-9,Agresiones (homicidio),0
2003,male,5-9,Envenenamiento accidental por psicofármacos y drogas de abuso,1
2003,male,5-9,Eventos de intención no determinada,0
2003,male,5-9,Suicidio y lesiones autoinfligidas,0
2003,male,5-9,Todas las causas,154
2003,male,5-9,"Trastornos mentales debidos al uso de drogas (drogodependencia, toxicomanía)",0
2003,male,50-54,Accidentes de tráfico,203
2003,male,50-54,Agresiones (homicidio),14
2003,male,50-54,Envenenamiento accidental por psicofármacos y drogas de abuso,11
2003,male,50-54,Eventos de intención no determinada,7
2003,male,50-54,Suicidio y lesiones autoinfligidas,188
2003,male,50-54,Todas las causas,6658
2003,male,50-54,"Trastornos mentales debidos al uso de drogas (drogodependencia, toxicomanía)",2
2003,male,55-59,Accidentes de tráfico,216
2003,male,55-59,Agresiones (homicidio),25
2003,male,55-59,Envenenamiento accidental por psicofármacos y drogas de abuso,5
2003,male,55-59,Eventos de intención no determinada,6
2003,male,55-59,Suicidio y lesiones autoinfligidas,164
2003,male,55-59,Todas las causas,9548
2003,male,55-59,"Trastornos mentales debidos al uso de drogas (drogodependencia, toxicomanía)",1
2003,male,60-64,Accidentes de tráfico,163
2003,male,60-64,Agresiones (homicidio),12
2003,male,60-64,Envenenamiento accidental por psicofármacos y drogas de abuso,0
2003,male,60-64,Eventos de intención no determinada,2
2003,male,60-64,Suicidio y lesiones autoinfligidas,142
2003,male,60-64,Todas las causas,11387
2003,male,60-64,"Trastornos mentales debidos al uso de drogas (drogodependencia, toxicomanía)",0
2003,male,65-69,Accidentes de tráfico,196
2003,male,65-69,Agresiones (homicidio),11
2003,male,65-69,Envenenamiento accidental por psicofármacos y drogas de abuso,2
2003,male,65-69,Eventos de intención no determinada,3
2003,male,65-69,Suicidio y lesiones autoinfligidas,166
2003,male,65-69,Todas las causas,18199
2003,male,65-69,"Trastornos mentales debidos al uso de drogas (drogodependencia, toxicomanía)",1
2003,male,70-74,Accidentes de tráfico,182
2003,male,70-74,Agresiones (homicidio),10
2003,male,70-74,Envenenamiento accidental por psicofármacos y drogas de abuso,2
2003,male,70-74,Eventos de intención no determinada,5
2003,male,70-74,Suicidio y lesiones autoinfligidas,204
2003,male,70-74,Todas las causas,26930
2003,male,70-74,"Trastornos mentales debidos al uso de drogas (drogodependencia, toxicomanía)",0
2003,male,75-79,Accidentes de tráfico,181
2003,male,75-79,Agresiones (homicidio),5
2003,male,75-79,Envenenamiento accidental por psicofármacos y drogas de abuso,1
2003,male,75-79,Eventos de intención no determinada,7
2003,male,75-79,Suicidio y lesiones autoinfligidas,214
2003,male,75-79,Todas las causas,33001
2003,male,75-79,"Trastornos mentales debidos al uso de drogas (drogodependencia, toxicomanía)",0
2003,male,80-84,Accidentes de tráfico,118
2003,male,80-84,Agresiones (homicidio),3
2003,male,80-84,Envenenamiento accidental por psicofármacos y drogas de abuso,1
2003,male,80-84,Eventos de intención no determinada,4
2003,male,80-84,Suicidio y lesiones autoinfligidas,179
2003,male,80-84,Todas las causas,33043
2003,male,80-84,"Trastornos mentales debidos al uso de drogas (drogodependencia, toxicomanía)",0
2003,male,85-89,Accidentes de tráfico,52
2003,male,85-89,Agresiones (homicidio),2
2003,male,85-89,Envenenamiento accidental por psicofármacos y drogas de abuso,3
2003,male,85-89,Eventos de intención no determinada,0
2003,male,85-89,Suicidio y lesiones autoinfligidas,96
2003,male,85-89,Todas las causas,24046
2003,male,85-89,"Trastornos mentales debidos al uso de drogas (drogodependencia, toxicomanía)",0
2003,male,90-94,Accidentes de tráfico,11
2003,male,90-94,Agresiones (homicidio),1
2003,male,90-94,Envenenamiento accidental por psicofármacos y drogas de abuso,0
2003,male,90-94,Eventos de intención no determinada,1
2003,male,90-94,Suicidio y lesiones autoinfligidas,22
2003,male,90-94,Todas las causas,13752
2003,male,90-94,"Trastornos mentales debidos al uso de drogas (drogodependencia, toxicomanía)",0
2003,male,95+,Accidentes de tráfico,4
2003,male,95+,Agresiones (homicidio),0
2003,male,95+,Envenenamiento accidental por psicofármacos y drogas de abuso,0
2003,male,95+,Eventos de intención no determinada,0
2003,male,95+,Suicidio y lesiones autoinfligidas,12
2003,male,95+,Todas las causas,4409
2003,male,95+,"Trastornos mentales debidos al uso de drogas (drogodependencia, toxicomanía)",0
2003,male,<1,Accidentes de tráfico,6
2003,male,<1,Agresiones (homicidio),1
2003,male,<1,Envenenamiento accidental por psicofármacos y drogas de abuso,0
2003,male,<1,Eventos de intención no determinada,0
2003,male,<1,Suicidio y lesiones autoinfligidas,0
2003,male,<1,Todas las causas,964
2003,male,<1,"Trastornos mentales debidos al uso de drogas (drogodependencia, toxicomanía)",0
2003,male,all,Accidentes de tráfico,4240
2003,male,all,Agresiones (homicidio),316
2003,male,all,Envenenamiento accidental por psicofármacos y drogas de abuso,440
2003,male,all,Eventos de intención no determinada,78
2003,male,all,Suicidio y lesiones autoinfligidas,2650
2003,male,all,Todas las causas,199897
2003,male,all,"Trastornos mentales debidos al uso de drogas (drogodependencia, toxicomanía)",141
2004,all,1-4,Accidentes de tráfico,29
2004,all,1-4,Agresiones (homicidio),4
2004,all,1-4,Envenenamiento accidental por psicofármacos y drogas de abuso,0
2004,all,1-4,Eventos de intención no determinada,0
2004,all,1-4,Suicidio y lesiones autoinfligidas,0
2004,all,1-4,Todas las causas,379
2004,all,1-4,"Trastornos mentales debidos al uso de drogas (drogodependencia, toxicomanía)",0
2004,all,10-14,Accidentes de tráfico,57
2004,all,10-14,Agresiones (homicidio),4
2004,all,10-14,Envenenamiento accidental por psicofármacos y drogas de abuso,2
2004,all,10-14,Eventos de intención no determinada,0
2004,all,10-14,Suicidio y lesiones autoinfligidas,12
2004,all,10-14,Todas las causas,308
2004,all,10-14,"Trastornos mentales debidos al uso de drogas (drogodependencia, toxicomanía)",0
2004,all,15-19,Accidentes de tráfico,398
2004,all,15-19,Agresiones (homicidio),27
2004,all,15-19,Envenenamiento accidental por psicofármacos y drogas de abuso,7
2004,all,15-19,Eventos de intención no determinada,1
2004,all,15-19,Suicidio y lesiones autoinfligidas,54
2004,all,15-19,Todas las causas,923
2004,all,15-19,"Trastornos mentales debidos al uso de drogas (drogodependencia, toxicomanía)",3
2004,all,20-24,Accidentes de tráfico,546
2004,all,20-24,Agresiones (homicidio),56
2004,all,20-24,Envenenamiento accidental por psicofármacos y drogas de abuso,33
2004,all,20-24,Eventos de intención no determinada,6
2004,all,20-24,Suicidio y lesiones autoinfligidas,177
2004,all,20-24,Todas las causas,1524
2004,all,20-24,"Trastornos mentales debidos al uso de drogas (drogodependencia, toxicomanía)",11
2004,all,25-29,Accidentes de tráfico,548
2004,all,25-29,Agresiones (homicidio),79
2004,all,25-29,Envenenamiento accidental por psicofármacos y drogas de abuso,76
2004,all,25-29,Eventos de intención no determinada,6
2004,all,25-29,Suicidio y lesiones autoinfligidas,254
2004,all,25-29,Todas las causas,2063
2004,all,25-29,"Trastornos mentales debidos al uso de drogas (drogodependencia, toxicomanía)",24
2004,all,30-34,Accidentes de tráfico,492
2004,all,30-34,Agresiones (homicidio),84
2004,all,30-34,Envenenamiento accidental por psicofármacos y drogas de abuso,106
2004,all,30-34,Eventos de intención no determinada,9
2004,all,30-34,Suicidio y lesiones autoinfligidas,256
2004,all,30-34,Todas las causas,2596
2004,all,30-34,"Trastornos mentales debidos al uso de drogas (drogodependencia, toxicomanía)",34
2004,all,35-39,Accidentes de tráfico,384
2004,all,35-39,Agresiones (homicidio),87
2004,all,35-39,Envenenamiento accidental por psicofármacos y drogas de abuso,138
2004,all,35-39,Eventos de intención no determinada,11
2004,all,35-39,Suicidio y lesiones autoinfligidas,307
2004,all,35-39,Todas las causas,3894
2004,all,35-39,"Trastornos mentales debidos al uso de drogas (drogodependencia, toxicomanía)",43
2004,all,40-44,Accidentes de tráfico,312
2004,all,40-44,Agresiones (homicidio),45
2004,all,40-44,Envenenamiento accidental por psicofármacos y drogas de abuso,94
2004,all,40-44,Eventos de intención no determinada,5
2004,all,40-44,Suicidio y lesiones autoinfligidas,296
2004,all,40-44,Todas las causas,5209
2004,all,40-44,"Trastornos mentales debidos al uso de drogas (drogodependencia, toxicomanía)",41
2004,all,45-49,Accidentes de tráfico,317
2004,all,45-49,Agresiones (homicidio),48
2004,all,45-49,Envenenamiento accidental por psicofármacos y drogas de abuso,45
2004,all,45-49,Eventos de intención no determinada,4
2004,all,45-49,Suicidio y lesiones autoinfligidas,291
2004,all,45-49,Todas las causas,7371
2004,all,45-49,"Trastornos mentales debidos al uso de drogas (drogodependencia, toxicomanía)",13
2004,all,5-9,Accidentes de tráfico,39
2004,all,5-9,Agresiones (homicidio),6
2004,all,5-9,Envenenamiento accidental por psicofármacos y drogas de abuso,0
2004,all,5-9,Eventos de intención no determinada,1
2004,all,5-9,Suicidio y lesiones autoinfligidas,0
2004,all,5-9,Todas las causas,222
2004,all,5-9,"Trastornos mentales debidos al uso de drogas (drogodependencia, toxicomanía)",0
2004,all,50-54,Accidentes de tráfico,253
2004,all,50-54,Agresiones (homicidio),37
2004,all,50-54,Envenenamiento accidental por psicofármacos y drogas de abuso,25
2004,all,50-54,Eventos de intención no determinada,6
2004,all,50-54,Suicidio y lesiones autoinfligidas,259
2004,all,50-54,Todas las causas,9442
2004,all,50-54,"Trastornos mentales debidos al uso de drogas (drogodependencia, toxicomanía)",5
2004,all,55-59,Accidentes de tráfico,260
2004,all,55-59,Agresiones (homicidio),26
2004,all,55-59,Envenenamiento accidental por psicofármacos y drogas de abuso,16
2004,all,55-59,Eventos de intención no determinada,5
2004,all,55-59,Suicidio y lesiones autoinfligidas,209
2004,all,55-59,Todas las causas,13041
2004,all,55-59,"Trastornos mentales debidos al uso de drogas (drogodependencia, toxicomanía)",2
2004,all,60-64,Accidentes de tráfico,195
2004,all,60-64,Agresiones (homicidio),27
2004,all,60-64,Envenenamiento accidental por psicofármacos y drogas de abuso,6
2004,all,60-64,Eventos de intención no determinada,5
2004,all,60-64,Suicidio y lesiones autoinfligidas,207
2004,all,60-64,Todas las causas,16184
2004,all,60-64,"Trastornos mentales debidos al uso de drogas (drogodependencia, toxicomanía)",2
2004,all,65-69,Accidentes de tráfico,222
2004,all,65-69,Agresiones (homicidio),10
2004,all,65-69,Envenenamiento accidental por psicofármacos y drogas de abuso,5
2004,all,65-69,Eventos de intención no determinada,4
2004,all,65-69,Suicidio y lesiones autoinfligidas,226
2004,all,65-69,Todas las causas,24416
2004,all,65-69,"Trastornos mentales debidos al uso de drogas (drogodependencia, toxicomanía)",1
2004,all,70-74,Accidentes de tráfico,287
2004,all,70-74,Agresiones (homicidio),9
2004,all,70-74,Envenenamiento accidental por psicofármacos y drogas de abuso,5
2004,all,70-74,Eventos de intención no determinada,16
2004,all,70-74,Suicidio y lesiones autoinfligidas,278
2004,all,70-74,Todas las causas,40026
2004,all,70-74,"Trastornos mentales debidos al uso de drogas (drogodependencia, toxicomanía)",0
2004,all,75-79,Accidentes de tráfico,247
2004,all,75-79,Agresiones (homicidio),13
2004,all,75-79,Envenenamiento accidental por psicofármacos y drogas de abuso,8
2004,all,75-79,Eventos de intención no determinada,11
2004,all,75-79,Suicidio y lesiones autoinfligidas,277
2004,all,75-79,Todas las causas,55622
2004,all,75-79,"Trastornos mentales debidos al uso de drogas (drogodependencia, toxicomanía)",1
2004,all,80-84,Accidentes de tráfico,173
2004,all,80-84,Agresiones (homicidio),7
2004,all,80-84,Envenenamiento accidental por psicofármacos y drogas de abuso,5
2004,all,80-84,Eventos de intención no determinada,7
2004,all,80-84,Suicidio y lesiones autoinfligidas,217
2004,all,80-84,Todas las causas,68011
2004,all,80-84,"Trastornos mentales debidos al uso de drogas (drogodependencia, toxicomanía)",1
2004,all,85-89,Accidentes de tráfico,88
2004,all,85-89,Agresiones (homicidio),10
2004,all,85-89,Envenenamiento accidental por psicofármacos y drogas de abuso,2
2004,all,85-89,Eventos de intención no determinada,5
2004,all,85-89,Suicidio y lesiones autoinfligidas,128
2004,all,85-89,Todas las causas,60226
2004,all,85-89,"Trastornos mentales debidos al uso de drogas (drogodependencia, toxicomanía)",0
2004,all,90-94,Accidentes de tráfico,30
2004,all,90-94,Agresiones (homicidio),2
2004,all,90-94,Envenenamiento accidental por psicofármacos y drogas de abuso,2
2004,all,90-94,Eventos de intención no determinada,1
2004,all,90-94,Suicidio y lesiones autoinfligidas,48
2004,all,90-94,Todas las causas,42271
2004,all,90-94,"Trastornos mentales debidos al uso de drogas (drogodependencia, toxicomanía)",0
2004,all,95+,Accidentes de tráfico,6
2004,all,95+,Agresiones (homicidio),0
2004,all,95+,Envenenamiento accidental por psicofármacos y drogas de abuso,0
2004,all,95+,Eventos de intención no determinada,1
2004,all,95+,Suicidio y lesiones autoinfligidas,11
2004,all,95+,Todas las causas,16393
2004,all,95+,"Trastornos mentales debidos al uso de drogas (drogodependencia, toxicomanía)",0
2004,all,<1,Accidentes de tráfico,5
2004,all,<1,Agresiones (homicidio),4
2004,all,<1,Envenenamiento accidental por psicofármacos y drogas de abuso,0
2004,all,<1,Eventos de intención no determinada,0
2004,all,<1,Suicidio y lesiones autoinfligidas,0
2004,all,<1,Todas las causas,1813
2004,all,<1,"Trastornos mentales debidos al uso de drogas (drogodependencia, toxicomanía)",0
2004,all,all,Accidentes de tráfico,4888
2004,all,all,Agresiones (homicidio),585
2004,all,all,Envenenamiento accidental por psicofármacos y drogas de abuso,575
2004,all,all,Eventos de intención no determinada,104
2004,all,all,Suicidio y lesiones autoinfligidas,3507
2004,all,all,Todas las causas,371934
2004,all,all,"Trastornos mentales debidos al uso de drogas (drogodependencia, toxicomanía)",181
2004,female,1-4,Accidentes de tráfico,15
2004,female,1-4,Agresiones (homicidio),2
2004,female,1-4,Envenenamiento accidental por psicofármacos y drogas de abuso,0
2004,female,1-4,Eventos de intención no determinada,0
2004,female,1-4,Suicidio y lesiones autoinfligidas,0
2004,female,1-4,Todas las causas,175
2004,female,1-4,"Trastornos mentales debidos al uso de drogas (drogodependencia, toxicomanía)",0
2004,female,10-14,Accidentes de tráfico,23
2004,female,10-14,Agresiones (homicidio),2
2004,female,10-14,Envenenamiento accidental por psicofármacos y drogas de abuso,0
2004,female,10-14,Eventos de intención no determinada,0
2004,female,10-14,Suicidio y lesiones autoinfligidas,1
2004,female,10-14,Todas las causas,112
2004,female,10-14,"Trastornos mentales debidos al uso de drogas (drogodependencia, toxicomanía)",0
2004,female,15-19,Accidentes de tráfico,91
2004,female,15-19,Agresiones (homicidio),15
2004,female,15-19,Envenenamiento accidental por psicofármacos y drogas de abuso,3
2004,female,15-19,Eventos de intención no determinada,1
2004,female,15-19,Suicidio y lesiones autoinfligidas,19
2004,female,15-19,Todas las causas,262
2004,female,15-19,"Trastornos mentales debidos al uso de drogas (drogodependencia, toxicomanía)",2
2004,female,20-24,Accidentes de tráfico,103
2004,female,20-24,Agresiones (homicidio),14
2004,female,20-24,Envenenamiento accidental por psicofármacos y drogas de abuso,5
2004,female,20-24,Eventos de intención no determinada,1
2004,female,20-24,Suicidio y lesiones autoinfligidas,37
2004,female,20-24,Todas las causas,369
2004,female,20-24,"Trastornos mentales debidos al uso de drogas (drogodependencia, toxicomanía)",0
2004,female,25-29,Accidentes de tráfico,98
2004,female,25-29,Agresiones (homicidio),30
2004,female,25-29,Envenenamiento accidental por psicofármacos y drogas de abuso,15
2004,female,25-29,Eventos de intención no determinada,0
2004,female,25-29,Suicidio y lesiones autoinfligidas,35
2004,female,25-29,Todas las causas,506
2004,female,25-29,"Trastornos mentales debidos al uso de drogas (drogodependencia, toxicomanía)",3
2004,female,30-34,Accidentes de tráfico,86
2004,female,30-34,Agresiones (homicidio),31
2004,female,30-34,Envenenamiento accidental por psicofármacos y drogas de abuso,15
2004,female,30-34,Eventos de intención no determinada,2
2004,female,30-34,Suicidio y lesiones autoinfligidas,54
2004,female,30-34,Todas las causas,710
2004,female,30-34,"Trastornos mentales debidos al uso de drogas (drogodependencia, toxicomanía)",2
2004,female,35-39,Accidentes de tráfico,47
2004,female,35-39,Agresiones (homicidio),26
2004,female,35-39,Envenenamiento accidental por psicofármacos y drogas de abuso,22
2004,female,35-39,Eventos de intención no determinada,1
2004,female,35-39,Suicidio y lesiones autoinfligidas,64
2004,female,35-39,Todas las causas,1062
2004,female,35-39,"Trastornos mentales debidos al uso de drogas (drogodependencia, toxicomanía)",3
2004,female,40-44,Accidentes de tráfico,53
2004,female,40-44,Agresiones (homicidio),17
2004,female,40-44,Envenenamiento accidental por psicofármacos y drogas de abuso,17
2004,female,40-44,Eventos de intención no determinada,0
2004,female,40-44,Suicidio y lesiones autoinfligidas,66
2004,female,40-44,Todas las causas,1618
2004,female,40-44,"Trastornos mentales debidos al uso de drogas (drogodependencia, toxicomanía)",5
2004,female,45-49,Accidentes de tráfico,75
2004,female,45-49,Agresiones (homicidio),16
2004,female,45-49,Envenenamiento accidental por psicofármacos y drogas de abuso,6
2004,female,45-49,Eventos de intención no determinada,1
2004,female,45-49,Suicidio y lesiones autoinfligidas,72
2004,female,45-49,Todas las causas,2210
2004,female,45-49,"Trastornos mentales debidos al uso de drogas (drogodependencia, toxicomanía)",2
2004,female,5-9,Accidentes de tráfico,15
2004,female,5-9,Agresiones (homicidio),3
2004,female,5-9,Envenenamiento accidental por psicofármacos y drogas de abuso,0
2004,female,5-9,Eventos de intención no determinada,1
2004,female,5-9,Suicidio y lesiones autoinfligidas,0
2004,female,5-9,Todas las causas,88
2004,female,5-9,"Trastornos mentales debidos al uso de drogas (drogodependencia, toxicomanía)",0
2004,female,50-54,Accidentes de tráfico,55
2004,female,50-54,Agresiones (homicidio),11
2004,female,50-54,Envenenamiento accidental por psicofármacos y drogas de abuso,6
2004,female,50-54,Eventos de intención no determinada,2
2004,female,50-54,Suicidio y lesiones autoinfligidas,64
2004,female,50-54,Todas las causas,2726
2004,female,50-54,"Trastornos mentales debidos al uso de drogas (drogodependencia, toxicomanía)",1
2004,female,55-59,Accidentes de tráfico,75
2004,female,55-59,Agresiones (homicidio),5
2004,female,55-59,Envenenamiento accidental por psicofármacos y drogas de abuso,7
2004,female,55-59,Eventos de intención no determinada,2
2004,female,55-59,Suicidio y lesiones autoinfligidas,63
2004,female,55-59,Todas las causas,3716
2004,female,55-59,"Trastornos mentales debidos al uso de drogas (drogodependencia, toxicomanía)",0
2004,female,60-64,Accidentes de tráfico,44
2004,female,60-64,Agresiones (homicidio),13
2004,female,60-64,Envenenamiento accidental por psicofármacos y drogas de abuso,2
2004,female,60-64,Eventos de intención no determinada,3
2004,female,60-64,Suicidio y lesiones autoinfligidas,65
2004,female,60-64,Todas las causas,4689
2004,female,60-64,"Trastornos mentales debidos al uso de drogas (drogodependencia, toxicomanía)",0
2004,female,65-69,Accidentes de tráfico,63
2004,female,65-69,Agresiones (homicidio),4
2004,female,65-69,Envenenamiento accidental por psicofármacos y drogas de abuso,2
2004,female,65-69,Eventos de intención no determinada,1
2004,female,65-69,Suicidio y lesiones autoinfligidas,67
2004,female,65-69,Todas las causas,7669
2004,female,65-69,"Trastornos mentales debidos al uso de drogas (drogodependencia, toxicomanía)",0
2004,female,70-74,Accidentes de tráfico,94
2004,female,70-74,Agresiones (homicidio),4
2004,female,70-74,Envenenamiento accidental por psicofármacos y drogas de abuso,3
2004,female,70-74,Eventos de intención no determinada,4
2004,female,70-74,Suicidio y lesiones autoinfligidas,66
2004,female,70-74,Todas las causas,14323
2004,female,70-74,"Trastornos mentales debidos al uso de drogas (drogodependencia, toxicomanía)",0
2004,female,75-79,Accidentes de tráfico,85
2004,female,75-79,Agresiones (homicidio),7
2004,female,75-79,Envenenamiento accidental por psicofármacos y drogas de abuso,5
2004,female,75-79,Eventos de intención no determinada,3
2004,female,75-79,Suicidio y lesiones autoinfligidas,70
2004,female,75-79,Todas las causas,23283
2004,female,75-79,"Trastornos mentales debidos al uso de drogas (drogodependencia, toxicomanía)",0
2004,female,80-84,Accidentes de tráfico,62
2004,female,80-84,Agresiones (homicidio),4
2004,female,80-84,Envenenamiento accidental por psicofármacos y drogas de abuso,4
2004,female,80-84,Eventos de intención no determinada,5
2004,female,80-84,Suicidio y lesiones autoinfligidas,60
2004,female,80-84,Todas las causas,34403
2004,female,80-84,"Trastornos mentales debidos al uso de drogas (drogodependencia, toxicomanía)",1
2004,female,85-89,Accidentes de tráfico,38
2004,female,85-89,Agresiones (homicidio),4
2004,female,85-89,Envenenamiento accidental por psicofármacos y drogas de abuso,1
2004,female,85-89,Eventos de intención no determinada,3
2004,female,85-89,Suicidio y lesiones autoinfligidas,40
2004,female,85-89,Todas las causas,37253
2004,female,85-89,"Trastornos mentales debidos al uso de drogas (drogodependencia, toxicomanía)",0
2004,female,90-94,Accidentes de tráfico,15
2004,female,90-94,Agresiones (homicidio),1
2004,female,90-94,Envenenamiento accidental por psicofármacos y drogas de abuso,1
2004,female,90-94,Eventos de intención no determinada,0
2004,female,90-94,Suicidio y lesiones autoinfligidas,13
2004,female,90-94,Todas las causas,28916
2004,female,90-94,"Trastornos mentales debidos al uso de drogas (drogodependencia, toxicomanía)",0
2004,female,95+,Accidentes de tráfico,2
2004,female,95+,Agresiones (homicidio),0
2004,female,95+,Envenenamiento accidental por psicofármacos y drogas de abuso,0
2004,female,95+,Eventos de intención no determinada,1
2004,female,95+,Suicidio y lesiones autoinfligidas,0
2004,female,95+,Todas las causas,12137
2004,female,95+,"Trastornos mentales debidos al uso de drogas (drogodependencia, toxicomanía)",0
2004,female,<1,Accidentes de tráfico,2
2004,female,<1,Agresiones (homicidio),2
2004,female,<1,Envenenamiento accidental por psicofármacos y drogas de abuso,0
2004,female,<1,Eventos de intención no determinada,0
2004,female,<1,Suicidio y lesiones autoinfligidas,0
2004,female,<1,Todas las causas,779
2004,female,<1,"Trastornos mentales debidos al uso de drogas (drogodependencia, toxicomanía)",0
2004,female,all,Accidentes de tráfico,1141
2004,female,all,Agresiones (homicidio),211
2004,female,all,Envenenamiento accidental por psicofármacos y drogas de abuso,114
2004,female,all,Eventos de intención no determinada,31
2004,female,all,Suicidio y lesiones autoinfligidas,856
2004,female,all,Todas las causas,177006
2004,female,all,"Trastornos mentales debidos al uso de drogas (drogodependencia, toxicomanía)",19
2004,male,1-4,Accidentes de tráfico,14
2004,male,1-4,Agresiones (homicidio),2
2004,male,1-4,Envenenamiento accidental por psicofármacos y drogas de abuso,0
2004,male,1-4,Eventos de intención no determinada,0
2004,male,1-4,Suicidio y lesiones autoinfligidas,0
2004,male,1-4,Todas las causas,204
2004,male,1-4,"Trastornos mentales debidos al uso de drogas (drogodependencia, toxicomanía)",0
2004,male,10-14,Accidentes de tráfico,34
2004,male,10-14,Agresiones (homicidio),2
2004,male,10-14,Envenenamiento accidental por psicofármacos y drogas de abuso,2
2004,male,10-14,Eventos de intención no determinada,0
2004,male,10-14,Suicidio y lesiones autoinfligidas,11
2004,male,10-14,Todas las causas,196
2004,male,10-14,"Trastornos mentales debidos al uso de drogas (drogodependencia, toxicomanía)",0
2004,male,15-19,Accidentes de tráfico,307
2004,male,15-19,Agresiones (homicidio),12
2004,male,15-19,Envenenamiento accidental por psicofármacos y drogas de abuso,4
2004,male,15-19,Eventos de intención no determinada,0
2004,male,15-19,Suicidio y lesiones autoinfligidas,35
2004,male,15-19,Todas las causas,661
2004,male,15-19,"Trastornos mentales debidos al uso de drogas (drogodependencia, toxicomanía)",1
2004,male,20-24,Accidentes de tráfico,443
2004,male,20-24,Agresiones (homicidio),42
2004,male,20-24,Envenenamiento accidental por psicofármacos y drogas de abuso,28
2004,male,20-24,Eventos de intención no determinada,5
2004,male,20-24,Suicidio y lesiones autoinfligidas,140
2004,male,20-24,Todas las causas,1155
2004,male,20-24,"Trastornos mentales debidos al uso de drogas (drogodependencia, toxicomanía)",11
2004,male,25-29,Accidentes de tráfico,450
2004,male,25-29,Agresiones (homicidio),49
2004,male,25-29,Envenenamiento accidental por psicofármacos y drogas de abuso,61
2004,male,25-29,Eventos de intención no determinada,6
2004,male,25-29,Suicidio y lesiones autoinfligidas,219
2004,male,25-29,Todas las causas,1557
2004,male,25-29,"Trastornos mentales debidos al uso de drogas (drogodependencia, toxicomanía)",21
2004,male,30-34,Accidentes de tráfico,406
2004,male,30-34,Agresiones (homicidio),53
2004,male,30-34,Envenenamiento accidental por psicofármacos y drogas de abuso,91
2004,male,30-34,Eventos de intención no determinada,7
2004,male,30-34,Suicidio y lesiones autoinfligidas,202
2004,male,30-34,Todas las causas,1886
2004,male,30-34,"Trastornos mentales debidos al uso de drogas (drogodependencia, toxicomanía)",32
2004,male,35-39,Accidentes de tráfico,337
2004,male,35-39,Agresiones (homicidio),61
2004,male,35-39,Envenenamiento accidental por psicofármacos y drogas de abuso,116
2004,male,35-39,Eventos de intención no determinada,10
2004,male,35-39,Suicidio y lesiones autoinfligidas,243
2004,male,35-39,Todas las causas,2832
2004,male,35-39,"Trastornos mentales debidos al uso de drogas (drogodependencia, toxicomanía)",40
2004,male,40-44,Accidentes de tráfico,259
2004,male,40-44,Agresiones (homicidio),28
2004,male,40-44,Envenenamiento accidental por psicofármacos y drogas de abuso,77
2004,male,40-44,Eventos de intención no determinada,5
2004,male,40-44,Suicidio y lesiones autoinfligidas,230
2004,male,40-44,Todas las causas,3591
2004,male,40-44,"Trastornos mentales debidos al uso de drogas (drogodependencia, toxicomanía)",36
2004,male,45-49,Accidentes de tráfico,242
2004,male,45-49,Agresiones (homicidio),32
2004,male,45-49,Envenenamiento accidental por psicofármacos y drogas de abuso,39
2004,male,45-49,Eventos de intención no determinada,3
2004,male,45-49,Suicidio y lesiones autoinfligidas,219
2004,male,45-49,Todas las causas,5161
2004,male,45-49,"Trastornos mentales debidos al uso de drogas (drogodependencia, toxicomanía)",11
2004,male,5-9,Accidentes de tráfico,24
2004,male,5-9,Agresiones (homicidio),3
2004,male,5-9,Envenenamiento accidental por psicofármacos y drogas de abuso,0
2004,male,5-9,Eventos de intención no determinada,0
2004,male,5-9,Suicidio y lesiones autoinfligidas,0
2004,male,5-9,Todas las causas,134
2004,male,5-9,"Trastornos mentales debidos al uso de drogas (drogodependencia, toxicomanía)",0
2004,male,50-54,Accidentes de tráfico,198
2004,male,50-54,Agresiones (homicidio),26
2004,male,50-54,Envenenamiento accidental por psicofármacos y drogas de abuso,19
2004,male,50-54,Eventos de intención no determinada,4
2004,male,50-54,Suicidio y lesiones autoinfligidas,195
2004,male,50-54,Todas las causas,6716
2004,male,50-54,"Trastornos mentales debidos al uso de drogas (drogodependencia, toxicomanía)",4
2004,male,55-59,Accidentes de tráfico,185
2004,male,55-59,Agresiones (homicidio),21
2004,male,55-59,Envenenamiento accidental por psicofármacos y drogas de abuso,9
2004,male,55-59,Eventos de intención no determinada,3
2004,male,55-59,Suicidio y lesiones autoinfligidas,146
2004,male,55-59,Todas las causas,9325
2004,male,55-59,"Trastornos mentales debidos al uso de drogas (drogodependencia, toxicomanía)",2
2004,male,60-64,Accidentes de tráfico,151
2004,male,60-64,Agresiones (homicidio),14
2004,male,60-64,Envenenamiento accidental por psicofármacos y drogas de abuso,4
2004,male,60-64,Eventos de intención no determinada,2
2004,male,60-64,Suicidio y lesiones autoinfligidas,142
2004,male,60-64,Todas las causas,11495
2004,male,60-64,"Trastornos mentales debidos al uso de drogas (drogodependencia, toxicomanía)",2
2004,male,65-69,Accidentes de tráfico,159
2004,male,65-69,Agresiones (homicidio),6
2004,male,65-69,Envenenamiento accidental por psicofármacos y drogas de abuso,3
2004,male,65-69,Eventos de intención no determinada,3
2004,male,65-69,Suicidio y lesiones autoinfligidas,159
2004,male,65-69,Todas las causas,16747
2004,male,65-69,"Trastornos mentales debidos al uso de drogas (drogodependencia, toxicomanía)",1
2004,male,70-74,Accidentes de tráfico,193
2004,male,70-74,Agresiones (homicidio),5
2004,male,70-74,Envenenamiento accidental por psicofármacos y drogas de abuso,2
2004,male,70-74,Eventos de intención no determinada,12
2004,male,70-74,Suicidio y lesiones autoinfligidas,212
2004,male,70-74,Todas las causas,25703
2004,male,70-74,"Trastornos mentales debidos al uso de drogas (drogodependencia, toxicomanía)",0
2004,male,75-79,Accidentes de tráfico,162
2004,male,75-79,Agresiones (homicidio),6
2004,male,75-79,Envenenamiento accidental por psicofármacos y drogas de abuso,3
2004,male,75-79,Eventos de intención no determinada,8
2004,male,75-79,Suicidio y lesiones autoinfligidas,207
2004,male,75-79,Todas las causas,32339
2004,male,75-79,"Trastornos mentales debidos al uso de drogas (drogodependencia, toxicomanía)",1
2004,male,80-84,Accidentes de tráfico,111
2004,male,80-84,Agresiones (homicidio),3
2004,male,80-84,Envenenamiento accidental por psicofármacos y drogas de abuso,1
2004,male,80-84,Eventos de intención no determinada,2
2004,male,80-84,Suicidio y lesiones autoinfligidas,157
2004,male,80-84,Todas las causas,33608
2004,male,80-84,"Trastornos mentales debidos al uso de drogas (drogodependencia, toxicomanía)",0
2004,male,85-89,Accidentes de tráfico,50
2004,male,85-89,Agresiones (homicidio),6
2004,male,85-89,Envenenamiento accidental por psicofármacos y drogas de abuso,1
2004,male,85-89,Eventos de intención no determinada,2
2004,male,85-89,Suicidio y lesiones autoinfligidas,88
2004,male,85-89,Todas las causas,22973
2004,male,85-89,"Trastornos mentales debidos al uso de drogas (drogodependencia, toxicomanía)",0
2004,male,90-94,Accidentes de tráfico,15
2004,male,90-94,Agresiones (homicidio),1
2004,male,90-94,Envenenamiento accidental por psicofármacos y drogas de abuso,1
2004,male,90-94,Eventos de intención no determinada,1
2004,male,90-94,Suicidio y lesiones autoinfligidas,35
2004,male,90-94,Todas las causas,13355
2004,male,90-94,"Trastornos mentales debidos al uso de drogas (drogodependencia, toxicomanía)",0
2004,male,95+,Accidentes de tráfico,4
2004,male,95+,Agresiones (homicidio),0
2004,male,95+,Envenenamiento accidental por psicofármacos y drogas de abuso,0
2004,male,95+,Eventos de intención no determinada,0
2004,male,95+,Suicidio y lesiones autoinfligidas,11
2004,male,95+,Todas las causas,4256
2004,male,95+,"Trastornos mentales debidos al uso de drogas (drogodependencia, toxicomanía)",0
2004,male,<1,Accidentes de tráfico,3
2004,male,<1,Agresiones (homicidio),2
2004,male,<1,Envenenamiento accidental por psicofármacos y drogas de abuso,0
2004,male,<1,Eventos de intención no determinada,0
2004,male,<1,Suicidio y lesiones autoinfligidas,0
2004,male,<1,Todas las causas,1034
2004,male,<1,"Trastornos mentales debidos al uso de drogas (drogodependencia, toxicomanía)",0
2004,male,all,Accidentes de tráfico,3747
2004,male,all,Agresiones (homicidio),374
2004,male,all,Envenenamiento accidental por psicofármacos y drogas de abuso,461
2004,male,all,Eventos de intención no determinada,73
2004,male,all,Suicidio y lesiones autoinfligidas,2651
2004,male,all,Todas las causas,194928
2004,male,all,"Trastornos mentales debidos al uso de drogas (drogodependencia, toxicomanía)",162
2005,all,1-4,Accidentes de tráfico,22
2005,all,1-4,Agresiones (homicidio),4
2005,all,1-4,Envenenamiento accidental por psicofármacos y drogas de abuso,0
2005,all,1-4,Eventos de intención no determinada,1
2005,all,1-4,Suicidio y lesiones autoinfligidas,0
2005,all,1-4,Todas las causas,380
2005,all,1-4,"Trastornos mentales debidos al uso de drogas (drogodependencia, toxicomanía)",0
2005,all,10-14,Accidentes de tráfico,53
2005,all,10-14,Agresiones (homicidio),2
2005,all,10-14,Envenenamiento accidental por psicofármacos y drogas de abuso,0
2005,all,10-14,Eventos de intención no determinada,0
2005,all,10-14,Suicidio y lesiones autoinfligidas,6
2005,all,10-14,Todas las causas,281
2005,all,10-14,"Trastornos mentales debidos al uso de drogas (drogodependencia, toxicomanía)",0
2005,all,15-19,Accidentes de tráfico,368
2005,all,15-19,Agresiones (homicidio),17
2005,all,15-19,Envenenamiento accidental por psicofármacos y drogas de abuso,7
2005,all,15-19,Eventos de intención no determinada,1
2005,all,15-19,Suicidio y lesiones autoinfligidas,66
2005,all,15-19,Todas las causas,914
2005,all,15-19,"Trastornos mentales debidos al uso de drogas (drogodependencia, toxicomanía)",1
2005,all,20-24,Accidentes de tráfico,521
2005,all,20-24,Agresiones (homicidio),43
2005,all,20-24,Envenenamiento accidental por psicofármacos y drogas de abuso,37
2005,all,20-24,Eventos de intención no determinada,2
2005,all,20-24,Suicidio y lesiones autoinfligidas,136
2005,all,20-24,Todas las causas,1430
2005,all,20-24,"Trastornos mentales debidos al uso de drogas (drogodependencia, toxicomanía)",4
2005,all,25-29,Accidentes de tráfico,497
2005,all,25-29,Agresiones (homicidio),43
2005,all,25-29,Envenenamiento accidental por psicofármacos y drogas de abuso,71
2005,all,25-29,Eventos de intención no determinada,6
2005,all,25-29,Suicidio y lesiones autoinfligidas,234
2005,all,25-29,Todas las causas,1846
2005,all,25-29,"Trastornos mentales debidos al uso de drogas (drogodependencia, toxicomanía)",16
2005,all,30-34,Accidentes de tráfico,430
2005,all,30-34,Agresiones (homicidio),50
2005,all,30-34,Envenenamiento accidental por psicofármacos y drogas de abuso,116
2005,all,30-34,Eventos de intención no determinada,4
2005,all,30-34,Suicidio y lesiones autoinfligidas,285
2005,all,30-34,Todas las causas,2568
2005,all,30-34,"Trastornos mentales debidos al uso de drogas (drogodependencia, toxicomanía)",24
2005,all,35-39,Accidentes de tráfico,363
2005,all,35-39,Agresiones (homicidio),39
2005,all,35-39,Envenenamiento accidental por psicofármacos y drogas de abuso,151
2005,all,35-39,Eventos de intención no determinada,9
2005,all,35-39,Suicidio y lesiones autoinfligidas,291
2005,all,35-39,Todas las causas,3763
2005,all,35-39,"Trastornos mentales debidos al uso de drogas (drogodependencia, toxicomanía)",29
2005,all,40-44,Accidentes de tráfico,292
2005,all,40-44,Agresiones (homicidio),37
2005,all,40-44,Envenenamiento accidental por psicofármacos y drogas de abuso,101
2005,all,40-44,Eventos de intención no determinada,9
2005,all,40-44,Suicidio y lesiones autoinfligidas,298
2005,all,40-44,Todas las causas,5310
2005,all,40-44,"Trastornos mentales debidos al uso de drogas (drogodependencia, toxicomanía)",29
2005,all,45-49,Accidentes de tráfico,290
2005,all,45-49,Agresiones (homicidio),27
2005,all,45-49,Envenenamiento accidental por psicofármacos y drogas de abuso,48
2005,all,45-49,Eventos de intención no determinada,4
2005,all,45-49,Suicidio y lesiones autoinfligidas,242
2005,all,45-49,Todas las causas,7307
2005,all,45-49,"Trastornos mentales debidos al uso de drogas (drogodependencia, toxicomanía)",12
2005,all,5-9,Accidentes de tráfico,30
2005,all,5-9,Agresiones (homicidio),3
2005,all,5-9,Envenenamiento accidental por psicofármacos y drogas de abuso,0
2005,all,5-9,Eventos de intención no determinada,1
2005,all,5-9,Suicidio y lesiones autoinfligidas,1
2005,all,5-9,Todas las causas,229
2005,all,5-9,"Trastornos mentales debidos al uso de drogas (drogodependencia, toxicomanía)",0
2005,all,50-54,Accidentes de tráfico,251
2005,all,50-54,Agresiones (homicidio),29
2005,all,50-54,Envenenamiento accidental por psicofármacos y drogas de abuso,21
2005,all,50-54,Eventos de intención no determinada,5
2005,all,50-54,Suicidio y lesiones autoinfligidas,226
2005,all,50-54,Todas las causas,9505
2005,all,50-54,"Trastornos mentales debidos al uso de drogas (drogodependencia, toxicomanía)",4
2005,all,55-59,Accidentes de tráfico,235
2005,all,55-59,Agresiones (homicidio),19
2005,all,55-59,Envenenamiento accidental por psicofármacos y drogas de abuso,13
2005,all,55-59,Eventos de intención no determinada,8
2005,all,55-59,Suicidio y lesiones autoinfligidas,223
2005,all,55-59,Todas las causas,13238
2005,all,55-59,"Trastornos mentales debidos al uso de drogas (drogodependencia, toxicomanía)",2
2005,all,60-64,Accidentes de tráfico,208
2005,all,60-64,Agresiones (homicidio),19
2005,all,60-64,Envenenamiento accidental por psicofármacos y drogas de abuso,10
2005,all,60-64,Eventos de intención no determinada,4
2005,all,60-64,Suicidio y lesiones autoinfligidas,209
2005,all,60-64,Todas las causas,16905
2005,all,60-64,"Trastornos mentales debidos al uso de drogas (drogodependencia, toxicomanía)",2
2005,all,65-69,Accidentes de tráfico,231
2005,all,65-69,Agresiones (homicidio),16
2005,all,65-69,Envenenamiento accidental por psicofármacos y drogas de abuso,9
2005,all,65-69,Eventos de intención no determinada,3
2005,all,65-69,Suicidio y lesiones autoinfligidas,216
2005,all,65-69,Todas las causas,23721
2005,all,65-69,"Trastornos mentales debidos al uso de drogas (drogodependencia, toxicomanía)",0
2005,all,70-74,Accidentes de tráfico,239
2005,all,70-74,Agresiones (homicidio),12
2005,all,70-74,Envenenamiento accidental por psicofármacos y drogas de abuso,11
2005,all,70-74,Eventos de intención no determinada,7
2005,all,70-74,Suicidio y lesiones autoinfligidas,292
2005,all,70-74,Todas las causas,40546
2005,all,70-74,"Trastornos mentales debidos al uso de drogas (drogodependencia, toxicomanía)",0
2005,all,75-79,Accidentes de tráfico,242
2005,all,75-79,Agresiones (homicidio),12
2005,all,75-79,Envenenamiento accidental por psicofármacos y drogas de abuso,10
2005,all,75-79,Eventos de intención no determinada,6
2005,all,75-79,Suicidio y lesiones autoinfligidas,268
2005,all,75-79,Todas las causas,57516
2005,all,75-79,"Trastornos mentales debidos al uso de drogas (drogodependencia, toxicomanía)",0
2005,all,80-84,Accidentes de tráfico,156
2005,all,80-84,Agresiones (homicidio),11
2005,all,80-84,Envenenamiento accidental por psicofármacos y drogas de abuso,9
2005,all,80-84,Eventos de intención no determinada,10
2005,all,80-84,Suicidio y lesiones autoinfligidas,226
2005,all,80-84,Todas las causas,73005
2005,all,80-84,"Trastornos mentales debidos al uso de drogas (drogodependencia, toxicomanía)",0
2005,all,85-89,Accidentes de tráfico,64
2005,all,85-89,Agresiones (homicidio),4
2005,all,85-89,Envenenamiento accidental por psicofármacos y drogas de abuso,4
2005,all,85-89,Eventos de intención no determinada,2
2005,all,85-89,Suicidio y lesiones autoinfligidas,115
2005,all,85-89,Todas las causas,64022
2005,all,85-89,"Trastornos mentales debidos al uso de drogas (drogodependencia, toxicomanía)",1
2005,all,90-94,Accidentes de tráfico,17
2005,all,90-94,Agresiones (homicidio),1
2005,all,90-94,Envenenamiento accidental por psicofármacos y drogas de abuso,0
2005,all,90-94,Eventos de intención no determinada,0
2005,all,90-94,Suicidio y lesiones autoinfligidas,57
2005,all,90-94,Todas las causas,44812
2005,all,90-94,"Trastornos mentales debidos al uso de drogas (drogodependencia, toxicomanía)",0
2005,all,95+,Accidentes de tráfico,4
2005,all,95+,Agresiones (homicidio),0
2005,all,95+,Envenenamiento accidental por psicofármacos y drogas de abuso,1
2005,all,95+,Eventos de intención no determinada,1
2005,all,95+,Suicidio y lesiones autoinfligidas,8
2005,all,95+,Todas las causas,18292
2005,all,95+,"Trastornos mentales debidos al uso de drogas (drogodependencia, toxicomanía)",0
2005,all,<1,Accidentes de tráfico,9
2005,all,<1,Agresiones (homicidio),1
2005,all,<1,Envenenamiento accidental por psicofármacos y drogas de abuso,0
2005,all,<1,Eventos de intención no determinada,0
2005,all,<1,Suicidio y lesiones autoinfligidas,0
2005,all,<1,Todas las causas,1765
2005,all,<1,"Trastornos mentales debidos al uso de drogas (drogodependencia, toxicomanía)",0
2005,all,all,Accidentes de tráfico,4522
2005,all,all,Agresiones (homicidio),389
2005,all,all,Envenenamiento accidental por psicofármacos y drogas de abuso,619
2005,all,all,Eventos de intención no determinada,83
2005,all,all,Suicidio y lesiones autoinfligidas,3399
2005,all,all,Todas las causas,387355
2005,all,all,"Trastornos mentales debidos al uso de drogas (drogodependencia, toxicomanía)",124
2005,female,1-4,Accidentes de tráfico,13
2005,female,1-4,Agresiones (homicidio),1
2005,female,1-4,Envenenamiento accidental por psicofármacos y drogas de abuso,0
2005,female,1-4,Eventos de intención no determinada,1
2005,female,1-4,Suicidio y lesiones autoinfligidas,0
2005,female,1-4,Todas las causas,157
2005,female,1-4,"Trastornos mentales debidos al uso de drogas (drogodependencia, toxicomanía)",0
2005,female,10-14,Accidentes de tráfico,14
2005,female,10-14,Agresiones (homicidio),1
2005,female,10-14,Envenenamiento accidental por psicofármacos y drogas de abuso,0
2005,female,10-14,Eventos de intención no determinada,0
2005,female,10-14,Suicidio y lesiones autoinfligidas,2
2005,female,10-14,Todas las causas,105
2005,female,10-14,"Trastornos mentales debidos al uso de drogas (drogodependencia, toxicomanía)",0
2005,female,15-19,Accidentes de tráfico,73
2005,female,15-19,Agresiones (homicidio),2
2005,female,15-19,Envenenamiento accidental por psicofármacos y drogas de abuso,0
2005,female,15-19,Eventos de intención no determinada,0
2005,female,15-19,Suicidio y lesiones autoinfligidas,14
2005,female,15-19,Todas las causas,234
2005,female,15-19,"Trastornos mentales debidos al uso de drogas (drogodependencia, toxicomanía)",0
2005,female,20-24,Accidentes de tráfico,92
2005,female,20-24,Agresiones (homicidio),10
2005,female,20-24,Envenenamiento accidental por psicofármacos y drogas de abuso,6
2005,female,20-24,Eventos de intención no determinada,1
2005,female,20-24,Suicidio y lesiones autoinfligidas,24
2005,female,20-24,Todas las causas,340
2005,female,20-24,"Trastornos mentales debidos al uso de drogas (drogodependencia, toxicomanía)",2
2005,female,25-29,Accidentes de tráfico,78
2005,female,25-29,Agresiones (homicidio),9
2005,female,25-29,Envenenamiento accidental por psicofármacos y drogas de abuso,11
2005,female,25-29,Eventos de intención no determinada,0
2005,female,25-29,Suicidio y lesiones autoinfligidas,55
2005,female,25-29,Todas las causas,436
2005,female,25-29,"Trastornos mentales debidos al uso de drogas (drogodependencia, toxicomanía)",2
2005,female,30-34,Accidentes de tráfico,62
2005,female,30-34,Agresiones (homicidio),15
2005,female,30-34,Envenenamiento accidental por psicofármacos y drogas de abuso,14
2005,female,30-34,Eventos de intención no determinada,0
2005,female,30-34,Suicidio y lesiones autoinfligidas,62
2005,female,30-34,Todas las causas,704
2005,female,30-34,"Trastornos mentales debidos al uso de drogas (drogodependencia, toxicomanía)",1
2005,female,35-39,Accidentes de tráfico,43
2005,female,35-39,Agresiones (homicidio),7
2005,female,35-39,Envenenamiento accidental por psicofármacos y drogas de abuso,24
2005,female,35-39,Eventos de intención no determinada,1
2005,female,35-39,Suicidio y lesiones autoinfligidas,66
2005,female,35-39,Todas las causas,1106
2005,female,35-39,"Trastornos mentales debidos al uso de drogas (drogodependencia, toxicomanía)",7
2005,female,40-44,Accidentes de tráfico,46
2005,female,40-44,Agresiones (homicidio),9
2005,female,40-44,Envenenamiento accidental por psicofármacos y drogas de abuso,19
2005,female,40-44,Eventos de intención no determinada,2
2005,female,40-44,Suicidio y lesiones autoinfligidas,49
2005,female,40-44,Todas las causas,1597
2005,female,40-44,"Trastornos mentales debidos al uso de drogas (drogodependencia, toxicomanía)",5
2005,female,45-49,Accidentes de tráfico,56
2005,female,45-49,Agresiones (homicidio),7
2005,female,45-49,Envenenamiento accidental por psicofármacos y drogas de abuso,9
2005,female,45-49,Eventos de intención no determinada,2
2005,female,45-49,Suicidio y lesiones autoinfligidas,57
2005,female,45-49,Todas las causas,2286
2005,female,45-49,"Trastornos mentales debidos al uso de drogas (drogodependencia, toxicomanía)",1
2005,female,5-9,Accidentes de tráfico,10
2005,female,5-9,Agresiones (homicidio),2
2005,female,5-9,Envenenamiento accidental por psicofármacos y drogas de abuso,0
2005,female,5-9,Eventos de intención no determinada,1
2005,female,5-9,Suicidio y lesiones autoinfligidas,1
2005,female,5-9,Todas las causas,104
2005,female,5-9,"Trastornos mentales debidos al uso de drogas (drogodependencia, toxicomanía)",0
2005,female,50-54,Accidentes de tráfico,57
2005,female,50-54,Agresiones (homicidio),4
2005,female,50-54,Envenenamiento accidental por psicofármacos y drogas de abuso,7
2005,female,50-54,Eventos de intención no determinada,3
2005,female,50-54,Suicidio y lesiones autoinfligidas,56
2005,female,50-54,Todas las causas,2699
2005,female,50-54,"Trastornos mentales debidos al uso de drogas (drogodependencia, toxicomanía)",1
2005,female,55-59,Accidentes de tráfico,53
2005,female,55-59,Agresiones (homicidio),4
2005,female,55-59,Envenenamiento accidental por psicofármacos y drogas de abuso,2
2005,female,55-59,Eventos de intención no determinada,2
2005,female,55-59,Suicidio y lesiones autoinfligidas,66
2005,female,55-59,Todas las causas,3713
2005,female,55-59,"Trastornos mentales debidos al uso de drogas (drogodependencia, toxicomanía)",0
2005,female,60-64,Accidentes de tráfico,51
2005,female,60-64,Agresiones (homicidio),5
2005,female,60-64,Envenenamiento accidental por psicofármacos y drogas de abuso,2
2005,female,60-64,Eventos de intención no determinada,3
2005,female,60-64,Suicidio y lesiones autoinfligidas,64
2005,female,60-64,Todas las causas,4903
2005,female,60-64,"Trastornos mentales debidos al uso de drogas (drogodependencia, toxicomanía)",0
2005,female,65-69,Accidentes de tráfico,67
2005,female,65-69,Agresiones (homicidio),5
2005,female,65-69,Envenenamiento accidental por psicofármacos y drogas de abuso,4
2005,female,65-69,Eventos de intención no determinada,0
2005,female,65-69,Suicidio y lesiones autoinfligidas,60
2005,female,65-69,Todas las causas,7364
2005,female,65-69,"Trastornos mentales debidos al uso de drogas (drogodependencia, toxicomanía)",0
2005,female,70-74,Accidentes de tráfico,64
2005,female,70-74,Agresiones (homicidio),6
2005,female,70-74,Envenenamiento accidental por psicofármacos y drogas de abuso,7
2005,female,70-74,Eventos de intención no determinada,3
2005,female,70-74,Suicidio y lesiones autoinfligidas,87
2005,female,70-74,Todas las causas,14387
2005,female,70-74,"Trastornos mentales debidos al uso de drogas (drogodependencia, toxicomanía)",0
2005,female,75-79,Accidentes de tráfico,76
2005,female,75-79,Agresiones (homicidio),4
2005,female,75-79,Envenenamiento accidental por psicofármacos y drogas de abuso,6
2005,female,75-79,Eventos de intención no determinada,4
2005,female,75-79,Suicidio y lesiones autoinfligidas,59
2005,female,75-79,Todas las causas,24042
2005,female,75-79,"Trastornos mentales debidos al uso de drogas (drogodependencia, toxicomanía)",0
2005,female,80-84,Accidentes de tráfico,70
2005,female,80-84,Agresiones (homicidio),5
2005,female,80-84,Envenenamiento accidental por psicofármacos y drogas de abuso,5
2005,female,80-84,Eventos de intención no determinada,2
2005,female,80-84,Suicidio y lesiones autoinfligidas,61
2005,female,80-84,Todas las causas,36848
2005,female,80-84,"Trastornos mentales debidos al uso de drogas (drogodependencia, toxicomanía)",0
2005,female,85-89,Accidentes de tráfico,31
2005,female,85-89,Agresiones (homicidio),1
2005,female,85-89,Envenenamiento accidental por psicofármacos y drogas de abuso,2
2005,female,85-89,Eventos de intención no determinada,0
2005,female,85-89,Suicidio y lesiones autoinfligidas,30
2005,female,85-89,Todas las causas,39305
2005,female,85-89,"Trastornos mentales debidos al uso de drogas (drogodependencia, toxicomanía)",1
2005,female,90-94,Accidentes de tráfico,8
2005,female,90-94,Agresiones (homicidio),0
2005,female,90-94,Envenenamiento accidental por psicofármacos y drogas de abuso,0
2005,female,90-94,Eventos de intención no determinada,0
2005,female,90-94,Suicidio y lesiones autoinfligidas,14
2005,female,90-94,Todas las causas,30812
2005,female,90-94,"Trastornos mentales debidos al uso de drogas (drogodependencia, toxicomanía)",0
2005,female,95+,Accidentes de tráfico,3
2005,female,95+,Agresiones (homicidio),0
2005,female,95+,Envenenamiento accidental por psicofármacos y drogas de abuso,1
2005,female,95+,Eventos de intención no determinada,1
2005,female,95+,Suicidio y lesiones autoinfligidas,2
2005,female,95+,Todas las causas,13696
2005,female,95+,"Trastornos mentales debidos al uso de drogas (drogodependencia, toxicomanía)",0
2005,female,<1,Accidentes de tráfico,2
2005,female,<1,Agresiones (homicidio),0
2005,female,<1,Envenenamiento accidental por psicofármacos y drogas de abuso,0
2005,female,<1,Eventos de intención no determinada,0
2005,female,<1,Suicidio y lesiones autoinfligidas,0
2005,female,<1,Todas las causas,748
2005,female,<1,"Trastornos mentales debidos al uso de drogas (drogodependencia, toxicomanía)",0
2005,female,all,Accidentes de tráfico,969
2005,female,all,Agresiones (homicidio),97
2005,female,all,Envenenamiento accidental por psicofármacos y drogas de abuso,119
2005,female,all,Eventos de intención no determinada,26
2005,female,all,Suicidio y lesiones autoinfligidas,829
2005,female,all,Todas las causas,185586
2005,female,all,"Trastornos mentales debidos al uso de drogas (drogodependencia, toxicomanía)",20
2005,male,1-4,Accidentes de tráfico,9
2005,male,1-4,Agresiones (homicidio),3
2005,male,1-4,Envenenamiento accidental por psicofármacos y drogas de abuso,0
2005,male,1-4,Eventos de intención no determinada,0
2005,male,1-4,Suicidio y lesiones autoinfligidas,0
2005,male,1-4,Todas las causas,223
2005,male,1-4,"Trastornos mentales debidos al uso de drogas (drogodependencia, toxicomanía)",0
2005,male,10-14,Accidentes de tráfico,39
2005,male,10-14,Agresiones (homicidio),1
2005,male,10-14,Envenenamiento accidental por psicofármacos y drogas de abuso,0
2005,male,10-14,Eventos de intención no determinada,0
2005,male,10-14,Suicidio y lesiones autoinfligidas,4
2005,male,10-14,Todas las causas,176
2005,male,10-14,"Trastornos mentales debidos al uso de drogas (drogodependencia, toxicomanía)",0
2005,male,15-19,Accidentes de tráfico,295
2005,male,15-19,Agresiones (homicidio),15
2005,male,15-19,Envenenamiento accidental por psicofármacos y drogas de abuso,7
2005,male,15-19,Eventos de intención no determinada,1
2005,male,15-19,Suicidio y lesiones autoinfligidas,52
2005,male,15-19,Todas las causas,680
2005,male,15-19,"Trastornos mentales debidos al uso de drogas (drogodependencia, toxicomanía)",1
2005,male,20-24,Accidentes de tráfico,429
2005,male,20-24,Agresiones (homicidio),33
2005,male,20-24,Envenenamiento accidental por psicofármacos y drogas de abuso,31
2005,male,20-24,Eventos de intención no determinada,1
2005,male,20-24,Suicidio y lesiones autoinfligidas,112
2005,male,20-24,Todas las causas,1090
2005,male,20-24,"Trastornos mentales debidos al uso de drogas (drogodependencia, toxicomanía)",2
2005,male,25-29,Accidentes de tráfico,419
2005,male,25-29,Agresiones (homicidio),34
2005,male,25-29,Envenenamiento accidental por psicofármacos y drogas de abuso,60
2005,male,25-29,Eventos de intención no determinada,6
2005,male,25-29,Suicidio y lesiones autoinfligidas,179
2005,male,25-29,Todas las causas,1410
2005,male,25-29,"Trastornos mentales debidos al uso de drogas (drogodependencia, toxicomanía)",14
2005,male,30-34,Accidentes de tráfico,368
2005,male,30-34,Agresiones (homicidio),35
2005,male,30-34,Envenenamiento accidental por psicofármacos y drogas de abuso,102
2005,male,30-34,Eventos de intención no determinada,4
2005,male,30-34,Suicidio y lesiones autoinfligidas,223
2005,male,30-34,Todas las causas,1864
2005,male,30-34,"Trastornos mentales debidos al uso de drogas (drogodependencia, toxicomanía)",23
2005,male,35-39,Accidentes de tráfico,320
2005,male,35-39,Agresiones (homicidio),32
2005,male,35-39,Envenenamiento accidental por psicofármacos y drogas de abuso,127
2005,male,35-39,Eventos de intención no determinada,8
2005,male,35-39,Suicidio y lesiones autoinfligidas,225
2005,male,35-39,Todas las causas,2657
2005,male,35-39,"Trastornos mentales debidos al uso de drogas (drogodependencia, toxicomanía)",22
2005,male,40-44,Accidentes de tráfico,246
2005,male,40-44,Agresiones (homicidio),28
2005,male,40-44,Envenenamiento accidental por psicofármacos y drogas de abuso,82
2005,male,40-44,Eventos de intención no determinada,7
2005,male,40-44,Suicidio y lesiones autoinfligidas,249
2005,male,40-44,Todas las causas,3713
2005,male,40-44,"Trastornos mentales debidos al uso de drogas (drogodependencia, toxicomanía)",24
2005,male,45-49,Accidentes de tráfico,234
2005,male,45-49,Agresiones (homicidio),20
2005,male,45-49,Envenenamiento accidental por psicofármacos y drogas de abuso,39
2005,male,45-49,Eventos de intención no determinada,2
2005,male,45-49,Suicidio y lesiones autoinfligidas,185
2005,male,45-49,Todas las causas,5021
2005,male,45-49,"Trastornos mentales debidos al uso de drogas (drogodependencia, toxicomanía)",11
2005,male,5-9,Accidentes de tráfico,20
2005,male,5-9,Agresiones (homicidio),1
2005,male,5-9,Envenenamiento accidental por psicofármacos y drogas de abuso,0
2005,male,5-9,Eventos de intención no determinada,0
2005,male,5-9,Suicidio y lesiones autoinfligidas,0
2005,male,5-9,Todas las causas,125
2005,male,5-9,"Trastornos mentales debidos al uso de drogas (drogodependencia, toxicomanía)",0
2005,male,50-54,Accidentes de tráfico,194
2005,male,50-54,Agresiones (homicidio),25
2005,male,50-54,Envenenamiento accidental por psicofármacos y drogas de abuso,14
2005,male,50-54,Eventos de intención no determinada,2
2005,male,50-54,Suicidio y lesiones autoinfligidas,170
2005,male,50-54,Todas las causas,6806
2005,male,50-54,"Trastornos mentales debidos al uso de drogas (drogodependencia, toxicomanía)",3
2005,male,55-59,Accidentes de tráfico,182
2005,male,55-59,Agresiones (homicidio),15
2005,male,55-59,Envenenamiento accidental por psicofármacos y drogas de abuso,11
2005,male,55-59,Eventos de intención no determinada,6
2005,male,55-59,Suicidio y lesiones autoinfligidas,157
2005,male,55-59,Todas las causas,9525
2005,male,55-59,"Trastornos mentales debidos al uso de drogas (drogodependencia, toxicomanía)",2
2005,male,60-64,Accidentes de tráfico,157
2005,male,60-64,Agresiones (homicidio),14
2005,male,60-64,Envenenamiento accidental por psicofármacos y drogas de abuso,8
2005,male,60-64,Eventos de intención no determinada,1
2005,male,60-64,Suicidio y lesiones autoinfligidas,145
2005,male,60-64,Todas las causas,12002
2005,male,60-64,"Trastornos mentales debidos al uso de drogas (drogodependencia, toxicomanía)",2
2005,male,65-69,Accidentes de tráfico,164
2005,male,65-69,Agresiones (homicidio),11
2005,male,65-69,Envenenamiento accidental por psicofármacos y drogas de abuso,5
2005,male,65-69,Eventos de intención no determinada,3
2005,male,65-69,Suicidio y lesiones autoinfligidas,156
2005,male,65-69,Todas las causas,16357
2005,male,65-69,"Trastornos mentales debidos al uso de drogas (drogodependencia, toxicomanía)",0
2005,male,70-74,Accidentes de tráfico,175
2005,male,70-74,Agresiones (homicidio),6
2005,male,70-74,Envenenamiento accidental por psicofármacos y drogas de abuso,4
2005,male,70-74,Eventos de intención no determinada,4
2005,male,70-74,Suicidio y lesiones autoinfligidas,205
2005,male,70-74,Todas las causas,26159
2005,male,70-74,"Trastornos mentales debidos al uso de drogas (drogodependencia, toxicomanía)",0
2005,male,75-79,Accidentes de tráfico,166
2005,male,75-79,Agresiones (homicidio),8
2005,male,75-79,Envenenamiento accidental por psicofármacos y drogas de abuso,4
2005,male,75-79,Eventos de intención no determinada,2
2005,male,75-79,Suicidio y lesiones autoinfligidas,209
2005,male,75-79,Todas las causas,33474
2005,male,75-79,"Trastornos mentales debidos al uso de drogas (drogodependencia, toxicomanía)",0
2005,male,80-84,Accidentes de tráfico,86
2005,male,80-84,Agresiones (homicidio),6
2005,male,80-84,Envenenamiento accidental por psicofármacos y drogas de abuso,4
2005,male,80-84,Eventos de intención no determinada,8
2005,male,80-84,Suicidio y lesiones autoinfligidas,165
2005,male,80-84,Todas las causas,36157
2005,male,80-84,"Trastornos mentales debidos al uso de drogas (drogodependencia, toxicomanía)",0
2005,male,85-89,Accidentes de tráfico,33
2005,male,85-89,Agresiones (homicidio),3
2005,male,85-89,Envenenamiento accidental por psicofármacos y drogas de abuso,2
2005,male,85-89,Eventos de intención no determinada,2
2005,male,85-89,Suicidio y lesiones autoinfligidas,85
2005,male,85-89,Todas las causas,24717
2005,male,85-89,"Trastornos mentales debidos al uso de drogas (drogodependencia, toxicomanía)",0
2005,male,90-94,Accidentes de tráfico,9
2005,male,90-94,Agresiones (homicidio),1
2005,male,90-94,Envenenamiento accidental por psicofármacos y drogas de abuso,0
2005,male,90-94,Eventos de intención no determinada,0
2005,male,90-94,Suicidio y lesiones autoinfligidas,43
2005,male,90-94,Todas las causas,14000
2005,male,90-94,"Trastornos mentales debidos al uso de drogas (drogodependencia, toxicomanía)",0
2005,male,95+,Accidentes de tráfico,1
2005,male,95+,Agresiones (homicidio),0
2005,male,95+,Envenenamiento accidental por psicofármacos y drogas de abuso,0
2005,male,95+,Eventos de intención no determinada,0
2005,male,95+,Suicidio y lesiones autoinfligidas,6
2005,male,95+,Todas las causas,4596
2005,male,95+,"Trastornos mentales debidos al uso de drogas (drogodependencia, toxicomanía)",0
2005,male,<1,Accidentes de tráfico,7
2005,male,<1,Agresiones (homicidio),1
2005,male,<1,Envenenamiento accidental por psicofármacos y drogas de abuso,0
2005,male,<1,Eventos de intención no determinada,0
2005,male,<1,Suicidio y lesiones autoinfligidas,0
2005,male,<1,Todas las causas,1017
2005,male,<1,"Trastornos mentales debidos al uso de drogas (drogodependencia, toxicomanía)",0
2005,male,all,Accidentes de tráfico,3553
2005,male,all,Agresiones (homicidio),292
2005,male,all,Envenenamiento accidental por psicofármacos y drogas de abuso,500
2005,male,all,Eventos de intención no determinada,57
2005,male,all,Suicidio y lesiones autoinfligidas,2570
2005,male,all,Todas las causas,201769
2005,male,all,"Trastornos mentales debidos al uso de drogas (drogodependencia, toxicomanía)",104
2006,all,1-4,Accidentes de tráfico,26
2006,all,1-4,Agresiones (homicidio),4
2006,all,1-4,Envenenamiento accidental por psicofármacos y drogas de abuso,0
2006,all,1-4,Eventos de intención no determinada,0
2006,all,1-4,Suicidio y lesiones autoinfligidas,0
2006,all,1-4,Todas las causas,357
2006,all,1-4,"Trastornos mentales debidos al uso de drogas (drogodependencia, toxicomanía)",0
2006,all,10-14,Accidentes de tráfico,37
2006,all,10-14,Agresiones (homicidio),1
2006,all,10-14,Envenenamiento accidental por psicofármacos y drogas de abuso,0
2006,all,10-14,Eventos de intención no determinada,0
2006,all,10-14,Suicidio y lesiones autoinfligidas,5
2006,all,10-14,Todas las causas,262
2006,all,10-14,"Trastornos mentales debidos al uso de drogas (drogodependencia, toxicomanía)",0
2006,all,15-19,Accidentes de tráfico,306
2006,all,15-19,Agresiones (homicidio),15
2006,all,15-19,Envenenamiento accidental por psicofármacos y drogas de abuso,6
2006,all,15-19,Eventos de intención no determinada,0
2006,all,15-19,Suicidio y lesiones autoinfligidas,50
2006,all,15-19,Todas las causas,786
2006,all,15-19,"Trastornos mentales debidos al uso de drogas (drogodependencia, toxicomanía)",0
2006,all,20-24,Accidentes de tráfico,459
2006,all,20-24,Agresiones (homicidio),34
2006,all,20-24,Envenenamiento accidental por psicofármacos y drogas de abuso,28
2006,all,20-24,Eventos de intención no determinada,5
2006,all,20-24,Suicidio y lesiones autoinfligidas,141
2006,all,20-24,Todas las causas,1270
2006,all,20-24,"Trastornos mentales debidos al uso de drogas (drogodependencia, toxicomanía)",5
2006,all,25-29,Accidentes de tráfico,461
2006,all,25-29,Agresiones (homicidio),47
2006,all,25-29,Envenenamiento accidental por psicofármacos y drogas de abuso,60
2006,all,25-29,Eventos de intención no determinada,5
2006,all,25-29,Suicidio y lesiones autoinfligidas,183
2006,all,25-29,Todas las causas,1739
2006,all,25-29,"Trastornos mentales debidos al uso de drogas (drogodependencia, toxicomanía)",15
2006,all,30-34,Accidentes de tráfico,419
2006,all,30-34,Agresiones (homicidio),46
2006,all,30-34,Envenenamiento accidental por psicofármacos y drogas de abuso,91
2006,all,30-34,Eventos de intención no determinada,6
2006,all,30-34,Suicidio y lesiones autoinfligidas,272
2006,all,30-34,Todas las causas,2358
2006,all,30-34,"Trastornos mentales debidos al uso de drogas (drogodependencia, toxicomanía)",13
2006,all,35-39,Accidentes de tráfico,357
2006,all,35-39,Agresiones (homicidio),35
2006,all,35-39,Envenenamiento accidental por psicofármacos y drogas de abuso,117
2006,all,35-39,Eventos de intención no determinada,6
2006,all,35-39,Suicidio y lesiones autoinfligidas,286
2006,all,35-39,Todas las causas,3582
2006,all,35-39,"Trastornos mentales debidos al uso de drogas (drogodependencia, toxicomanía)",17
2006,all,40-44,Accidentes de tráfico,303
2006,all,40-44,Agresiones (homicidio),42
2006,all,40-44,Envenenamiento accidental por psicofármacos y drogas de abuso,88
2006,all,40-44,Eventos de intención no determinada,8
2006,all,40-44,Suicidio y lesiones autoinfligidas,275
2006,all,40-44,Todas las causas,5282
2006,all,40-44,"Trastornos mentales debidos al uso de drogas (drogodependencia, toxicomanía)",19
2006,all,45-49,Accidentes de tráfico,257
2006,all,45-49,Agresiones (homicidio),27
2006,all,45-49,Envenenamiento accidental por psicofármacos y drogas de abuso,45
2006,all,45-49,Eventos de intención no determinada,8
2006,all,45-49,Suicidio y lesiones autoinfligidas,280
2006,all,45-49,Todas las causas,7297
2006,all,45-49,"Trastornos mentales debidos al uso de drogas (drogodependencia, toxicomanía)",8
2006,all,5-9,Accidentes de tráfico,29
2006,all,5-9,Agresiones (homicidio),1
2006,all,5-9,Envenenamiento accidental por psicofármacos y drogas de abuso,0
2006,all,5-9,Eventos de intención no determinada,1
2006,all,5-9,Suicidio y lesiones autoinfligidas,0
2006,all,5-9,Todas las causas,240
2006,all,5-9,"Trastornos mentales debidos al uso de drogas (drogodependencia, toxicomanía)",0
2006,all,50-54,Accidentes de tráfico,232
2006,all,50-54,Agresiones (homicidio),31
2006,all,50-54,Envenenamiento accidental por psicofármacos y drogas de abuso,22
2006,all,50-54,Eventos de intención no determinada,11
2006,all,50-54,Suicidio y lesiones autoinfligidas,226
2006,all,50-54,Todas las causas,9715
2006,all,50-54,"Trastornos mentales debidos al uso de drogas (drogodependencia, toxicomanía)",4
2006,all,55-59,Accidentes de tráfico,214
2006,all,55-59,Agresiones (homicidio),25
2006,all,55-59,Envenenamiento accidental por psicofármacos y drogas de abuso,10
2006,all,55-59,Eventos de intención no determinada,3
2006,all,55-59,Suicidio y lesiones autoinfligidas,222
2006,all,55-59,Todas las causas,13052
2006,all,55-59,"Trastornos mentales debidos al uso de drogas (drogodependencia, toxicomanía)",0
2006,all,60-64,Accidentes de tráfico,187
2006,all,60-64,Agresiones (homicidio),13
2006,all,60-64,Envenenamiento accidental por psicofármacos y drogas de abuso,7
2006,all,60-64,Eventos de intención no determinada,6
2006,all,60-64,Suicidio y lesiones autoinfligidas,228
2006,all,60-64,Todas las causas,17012
2006,all,60-64,"Trastornos mentales debidos al uso de drogas (drogodependencia, toxicomanía)",1
2006,all,65-69,Accidentes de tráfico,182
2006,all,65-69,Agresiones (homicidio),7
2006,all,65-69,Envenenamiento accidental por psicofármacos y drogas de abuso,4
2006,all,65-69,Eventos de intención no determinada,4
2006,all,65-69,Suicidio y lesiones autoinfligidas,181
2006,all,65-69,Todas las causas,22060
2006,all,65-69,"Trastornos mentales debidos al uso de drogas (drogodependencia, toxicomanía)",0
2006,all,70-74,Accidentes de tráfico,212
2006,all,70-74,Agresiones (homicidio),17
2006,all,70-74,Envenenamiento accidental por psicofármacos y drogas de abuso,8
2006,all,70-74,Eventos de intención no determinada,4
2006,all,70-74,Suicidio y lesiones autoinfligidas,262
2006,all,70-74,Todas las causas,37865
2006,all,70-74,"Trastornos mentales debidos al uso de drogas (drogodependencia, toxicomanía)",0
2006,all,75-79,Accidentes de tráfico,218
2006,all,75-79,Agresiones (homicidio),15
2006,all,75-79,Envenenamiento accidental por psicofármacos y drogas de abuso,9
2006,all,75-79,Eventos de intención no determinada,14
2006,all,75-79,Suicidio y lesiones autoinfligidas,240
2006,all,75-79,Todas las causas,54672
2006,all,75-79,"Trastornos mentales debidos al uso de drogas (drogodependencia, toxicomanía)",0
2006,all,80-84,Accidentes de tráfico,161
2006,all,80-84,Agresiones (homicidio),7
2006,all,80-84,Envenenamiento accidental por psicofármacos y drogas de abuso,9
2006,all,80-84,Eventos de intención no determinada,9
2006,all,80-84,Suicidio y lesiones autoinfligidas,232
2006,all,80-84,Todas las causas,69294
2006,all,80-84,"Trastornos mentales debidos al uso de drogas (drogodependencia, toxicomanía)",0
2006,all,85-89,Accidentes de tráfico,55
2006,all,85-89,Agresiones (homicidio),4
2006,all,85-89,Envenenamiento accidental por psicofármacos y drogas de abuso,10
2006,all,85-89,Eventos de intención no determinada,1
2006,all,85-89,Suicidio y lesiones autoinfligidas,113
2006,all,85-89,Todas las causas,62222
2006,all,85-89,"Trastornos mentales debidos al uso de drogas (drogodependencia, toxicomanía)",0
2006,all,90-94,Accidentes de tráfico,19
2006,all,90-94,Agresiones (homicidio),1
2006,all,90-94,Envenenamiento accidental por psicofármacos y drogas de abuso,3
2006,all,90-94,Eventos de intención no determinada,2
2006,all,90-94,Suicidio y lesiones autoinfligidas,40
2006,all,90-94,Todas las causas,42694
2006,all,90-94,"Trastornos mentales debidos al uso de drogas (drogodependencia, toxicomanía)",0
2006,all,95+,Accidentes de tráfico,3
2006,all,95+,Agresiones (homicidio),1
2006,all,95+,Envenenamiento accidental por psicofármacos y drogas de abuso,1
2006,all,95+,Eventos de intención no determinada,0
2006,all,95+,Suicidio y lesiones autoinfligidas,10
2006,all,95+,Todas las causas,18015
2006,all,95+,"Trastornos mentales debidos al uso de drogas (drogodependencia, toxicomanía)",0
2006,all,<1,Accidentes de tráfico,7
2006,all,<1,Agresiones (homicidio),3
2006,all,<1,Envenenamiento accidental por psicofármacos y drogas de abuso,0
2006,all,<1,Eventos de intención no determinada,0
2006,all,<1,Suicidio y lesiones autoinfligidas,0
2006,all,<1,Todas las causas,1704
2006,all,<1,"Trastornos mentales debidos al uso de drogas (drogodependencia, toxicomanía)",0
2006,all,all,Accidentes de tráfico,4144
2006,all,all,Agresiones (homicidio),376
2006,all,all,Envenenamiento accidental por psicofármacos y drogas de abuso,518
2006,all,all,Eventos de intención no determinada,93
2006,all,all,Suicidio y lesiones autoinfligidas,3246
2006,all,all,Todas las causas,371478
2006,all,all,"Trastornos mentales debidos al uso de drogas (drogodependencia, toxicomanía)",82
2006,female,1-4,Accidentes de tráfico,9
2006,female,1-4,Agresiones (homicidio),2
2006,female,1-4,Envenenamiento accidental por psicofármacos y drogas de abuso,0
2006,female,1-4,Eventos de intención no determinada,0
2006,female,1-4,Suicidio y lesiones autoinfligidas,0
2006,female,1-4,Todas las causas,160
2006,female,1-4,"Trastornos mentales debidos al uso de drogas (drogodependencia, toxicomanía)",0
2006,female,10-14,Accidentes de tráfico,11
2006,female,10-14,Agresiones (homicidio),0
2006,female,10-14,Envenenamiento accidental por psicofármacos y drogas de abuso,0
2006,female,10-14,Eventos de intención no determinada,0
2006,female,10-14,Suicidio y lesiones autoinfligidas,3
2006,female,10-14,Todas las causas,109
2006,female,10-14,"Trastornos mentales debidos al uso de drogas (drogodependencia, toxicomanía)",0
2006,female,15-19,Accidentes de tráfico,64
2006,female,15-19,Agresiones (homicidio),5
2006,female,15-19,Envenenamiento accidental por psicofármacos y drogas de abuso,3
2006,female,15-19,Eventos de intención no determinada,0
2006,female,15-19,Suicidio y lesiones autoinfligidas,13
2006,female,15-19,Todas las causas,204
2006,female,15-19,"Trastornos mentales debidos al uso de drogas (drogodependencia, toxicomanía)",0
2006,female,20-24,Accidentes de tráfico,89
2006,female,20-24,Agresiones (homicidio),6
2006,female,20-24,Envenenamiento accidental por psicofármacos y drogas de abuso,5
2006,female,20-24,Eventos de intención no determinada,0
2006,female,20-24,Suicidio y lesiones autoinfligidas,25
2006,female,20-24,Todas las causas,297
2006,female,20-24,"Trastornos mentales debidos al uso de drogas (drogodependencia, toxicomanía)",0
2006,female,25-29,Accidentes de tráfico,69
2006,female,25-29,Agresiones (homicidio),13
2006,female,25-29,Envenenamiento accidental por psicofármacos y drogas de abuso,11
2006,female,25-29,Eventos de intención no determinada,0
2006,female,25-29,Suicidio y lesiones autoinfligidas,33
2006,female,25-29,Todas las causas,434
2006,female,25-29,"Trastornos mentales debidos al uso de drogas (drogodependencia, toxicomanía)",1
2006,female,30-34,Accidentes de tráfico,59
2006,female,30-34,Agresiones (homicidio),15
2006,female,30-34,Envenenamiento accidental por psicofármacos y drogas de abuso,17
2006,female,30-34,Eventos de intención no determinada,1
2006,female,30-34,Suicidio y lesiones autoinfligidas,54
2006,female,30-34,Todas las causas,647
2006,female,30-34,"Trastornos mentales debidos al uso de drogas (drogodependencia, toxicomanía)",2
2006,female,35-39,Accidentes de tráfico,54
2006,female,35-39,Agresiones (homicidio),14
2006,female,35-39,Envenenamiento accidental por psicofármacos y drogas de abuso,9
2006,female,35-39,Eventos de intención no determinada,1
2006,female,35-39,Suicidio y lesiones autoinfligidas,58
2006,female,35-39,Todas las causas,1105
2006,female,35-39,"Trastornos mentales debidos al uso de drogas (drogodependencia, toxicomanía)",2
2006,female,40-44,Accidentes de tráfico,46
2006,female,40-44,Agresiones (homicidio),15
2006,female,40-44,Envenenamiento accidental por psicofármacos y drogas de abuso,15
2006,female,40-44,Eventos de intención no determinada,2
2006,female,40-44,Suicidio y lesiones autoinfligidas,56
2006,female,40-44,Todas las causas,1677
2006,female,40-44,"Trastornos mentales debidos al uso de drogas (drogodependencia, toxicomanía)",2
2006,female,45-49,Accidentes de tráfico,51
2006,female,45-49,Agresiones (homicidio),7
2006,female,45-49,Envenenamiento accidental por psicofármacos y drogas de abuso,10
2006,female,45-49,Eventos de intención no determinada,2
2006,female,45-49,Suicidio y lesiones autoinfligidas,63
2006,female,45-49,Todas las causas,2267
2006,female,45-49,"Trastornos mentales debidos al uso de drogas (drogodependencia, toxicomanía)",3
2006,female,5-9,Accidentes de tráfico,6
2006,female,5-9,Agresiones (homicidio),0
2006,female,5-9,Envenenamiento accidental por psicofármacos y drogas de abuso,0
2006,female,5-9,Eventos de intención no determinada,0
2006,female,5-9,Suicidio y lesiones autoinfligidas,0
2006,female,5-9,Todas las causas,77
2006,female,5-9,"Trastornos mentales debidos al uso de drogas (drogodependencia, toxicomanía)",0
2006,female,50-54,Accidentes de tráfico,48
2006,female,50-54,Agresiones (homicidio),7
2006,female,50-54,Envenenamiento accidental por psicofármacos y drogas de abuso,4
2006,female,50-54,Eventos de intención no determinada,3
2006,female,50-54,Suicidio y lesiones autoinfligidas,68
2006,female,50-54,Todas las causas,2820
2006,female,50-54,"Trastornos mentales debidos al uso de drogas (drogodependencia, toxicomanía)",0
2006,female,55-59,Accidentes de tráfico,40
2006,female,55-59,Agresiones (homicidio),9
2006,female,55-59,Envenenamiento accidental por psicofármacos y drogas de abuso,0
2006,female,55-59,Eventos de intención no determinada,1
2006,female,55-59,Suicidio y lesiones autoinfligidas,51
2006,female,55-59,Todas las causas,3622
2006,female,55-59,"Trastornos mentales debidos al uso de drogas (drogodependencia, toxicomanía)",0
2006,female,60-64,Accidentes de tráfico,62
2006,female,60-64,Agresiones (homicidio),4
2006,female,60-64,Envenenamiento accidental por psicofármacos y drogas de abuso,1
2006,female,60-64,Eventos de intención no determinada,1
2006,female,60-64,Suicidio y lesiones autoinfligidas,57
2006,female,60-64,Todas las causas,4856
2006,female,60-64,"Trastornos mentales debidos al uso de drogas (drogodependencia, toxicomanía)",0
2006,female,65-69,Accidentes de tráfico,68
2006,female,65-69,Agresiones (homicidio),3
2006,female,65-69,Envenenamiento accidental por psicofármacos y drogas de abuso,1
2006,female,65-69,Eventos de intención no determinada,3
2006,female,65-69,Suicidio y lesiones autoinfligidas,42
2006,female,65-69,Todas las causas,6852
2006,female,65-69,"Trastornos mentales debidos al uso de drogas (drogodependencia, toxicomanía)",0
2006,female,70-74,Accidentes de tráfico,72
2006,female,70-74,Agresiones (homicidio),8
2006,female,70-74,Envenenamiento accidental por psicofármacos y drogas de abuso,5
2006,female,70-74,Eventos de intención no determinada,1
2006,female,70-74,Suicidio y lesiones autoinfligidas,67
2006,female,70-74,Todas las causas,13406
2006,female,70-74,"Trastornos mentales debidos al uso de drogas (drogodependencia, toxicomanía)",0
2006,female,75-79,Accidentes de tráfico,80
2006,female,75-79,Agresiones (homicidio),6
2006,female,75-79,Envenenamiento accidental por psicofármacos y drogas de abuso,3
2006,female,75-79,Eventos de intención no determinada,3
2006,female,75-79,Suicidio y lesiones autoinfligidas,53
2006,female,75-79,Todas las causas,22866
2006,female,75-79,"Trastornos mentales debidos al uso de drogas (drogodependencia, toxicomanía)",0
2006,female,80-84,Accidentes de tráfico,60
2006,female,80-84,Agresiones (homicidio),6
2006,female,80-84,Envenenamiento accidental por psicofármacos y drogas de abuso,5
2006,female,80-84,Eventos de intención no determinada,2
2006,female,80-84,Suicidio y lesiones autoinfligidas,52
2006,female,80-84,Todas las causas,34705
2006,female,80-84,"Trastornos mentales debidos al uso de drogas (drogodependencia, toxicomanía)",0
2006,female,85-89,Accidentes de tráfico,21
2006,female,85-89,Agresiones (homicidio),3
2006,female,85-89,Envenenamiento accidental por psicofármacos y drogas de abuso,6
2006,female,85-89,Eventos de intención no determinada,0
2006,female,85-89,Suicidio y lesiones autoinfligidas,30
2006,female,85-89,Todas las causas,37903
2006,female,85-89,"Trastornos mentales debidos al uso de drogas (drogodependencia, toxicomanía)",0
2006,female,90-94,Accidentes de tráfico,9
2006,female,90-94,Agresiones (homicidio),0
2006,female,90-94,Envenenamiento accidental por psicofármacos y drogas de abuso,1
2006,female,90-94,Eventos de intención no determinada,0
2006,female,90-94,Suicidio y lesiones autoinfligidas,8
2006,female,90-94,Todas las causas,29129
2006,female,90-94,"Trastornos mentales debidos al uso de drogas (drogodependencia, toxicomanía)",0
2006,female,95+,Accidentes de tráfico,1
2006,female,95+,Agresiones (homicidio),1
2006,female,95+,Envenenamiento accidental por psicofármacos y drogas de abuso,1
2006,female,95+,Eventos de intención no determinada,0
2006,female,95+,Suicidio y lesiones autoinfligidas,1
2006,female,95+,Todas las causas,13466
2006,female,95+,"Trastornos mentales debidos al uso de drogas (drogodependencia, toxicomanía)",0
2006,female,<1,Accidentes de tráfico,3
2006,female,<1,Agresiones (homicidio),2
2006,female,<1,Envenenamiento accidental por psicofármacos y drogas de abuso,0
2006,female,<1,Eventos de intención no determinada,0
2006,female,<1,Suicidio y lesiones autoinfligidas,0
2006,female,<1,Todas las causas,722
2006,female,<1,"Trastornos mentales debidos al uso de drogas (drogodependencia, toxicomanía)",0
2006,female,all,Accidentes de tráfico,922
2006,female,all,Agresiones (homicidio),126
2006,female,all,Envenenamiento accidental por psicofármacos y drogas de abuso,97
2006,female,all,Eventos de intención no determinada,20
2006,female,all,Suicidio y lesiones autoinfligidas,734
2006,female,all,Todas las causas,177324
2006,female,all,"Trastornos mentales debidos al uso de drogas (drogodependencia, toxicomanía)",10
2006,male,1-4,Accidentes de tráfico,17
2006,male,1-4,Agresiones (homicidio),2
2006,male,1-4,Envenenamiento accidental por psicofármacos y drogas de abuso,0
2006,male,1-4,Eventos de intención no determinada,0
2006,male,1-4,Suicidio y lesiones autoinfligidas,0
2006,male,1-4,Todas las causas,197
2006,male,1-4,"Trastornos mentales debidos al uso de drogas (drogodependencia, toxicomanía)",0
2006,male,10-14,Accidentes de tráfico,26
2006,male,10-14,Agresiones (homicidio),1
2006,male,10-14,Envenenamiento accidental por psicofármacos y drogas de abuso,0
2006,male,10-14,Eventos de intención no determinada,0
2006,male,10-14,Suicidio y lesiones autoinfligidas,2
2006,male,10-14,Todas las causas,153
2006,male,10-14,"Trastornos mentales debidos al uso de drogas (drogodependencia, toxicomanía)",0
2006,male,15-19,Accidentes de tráfico,242
2006,male,15-19,Agresiones (homicidio),10
2006,male,15-19,Envenenamiento accidental por psicofármacos y drogas de abuso,3
2006,male,15-19,Eventos de intención no determinada,0
2006,male,15-19,Suicidio y lesiones autoinfligidas,37
2006,male,15-19,Todas las causas,582
2006,male,15-19,"Trastornos mentales debidos al uso de drogas (drogodependencia, toxicomanía)",0
2006,male,20-24,Accidentes de tráfico,370
2006,male,20-24,Agresiones (homicidio),28
2006,male,20-24,Envenenamiento accidental por psicofármacos y drogas de abuso,23
2006,male,20-24,Eventos de intención no determinada,5
2006,male,20-24,Suicidio y lesiones autoinfligidas,116
2006,male,20-24,Todas las causas,973
2006,male,20-24,"Trastornos mentales debidos al uso de drogas (drogodependencia, toxicomanía)",5
2006,male,25-29,Accidentes de tráfico,392
2006,male,25-29,Agresiones (homicidio),34
2006,male,25-29,Envenenamiento accidental por psicofármacos y drogas de abuso,49
2006,male,25-29,Eventos de intención no determinada,5
2006,male,25-29,Suicidio y lesiones autoinfligidas,150
2006,male,25-29,Todas las causas,1305
2006,male,25-29,"Trastornos mentales debidos al uso de drogas (drogodependencia, toxicomanía)",14
2006,male,30-34,Accidentes de tráfico,360
2006,male,30-34,Agresiones (homicidio),31
2006,male,30-34,Envenenamiento accidental por psicofármacos y drogas de abuso,74
2006,male,30-34,Eventos de intención no determinada,5
2006,male,30-34,Suicidio y lesiones autoinfligidas,218
2006,male,30-34,Todas las causas,1711
2006,male,30-34,"Trastornos mentales debidos al uso de drogas (drogodependencia, toxicomanía)",11
2006,male,35-39,Accidentes de tráfico,303
2006,male,35-39,Agresiones (homicidio),21
2006,male,35-39,Envenenamiento accidental por psicofármacos y drogas de abuso,108
2006,male,35-39,Eventos de intención no determinada,5
2006,male,35-39,Suicidio y lesiones autoinfligidas,228
2006,male,35-39,Todas las causas,2477
2006,male,35-39,"Trastornos mentales debidos al uso de drogas (drogodependencia, toxicomanía)",15
2006,male,40-44,Accidentes de tráfico,257
2006,male,40-44,Agresiones (homicidio),27
2006,male,40-44,Envenenamiento accidental por psicofármacos y drogas de abuso,73
2006,male,40-44,Eventos de intención no determinada,6
2006,male,40-44,Suicidio y lesiones autoinfligidas,219
2006,male,40-44,Todas las causas,3605
2006,male,40-44,"Trastornos mentales debidos al uso de drogas (drogodependencia, toxicomanía)",17
2006,male,45-49,Accidentes de tráfico,206
2006,male,45-49,Agresiones (homicidio),20
2006,male,45-49,Envenenamiento accidental por psicofármacos y drogas de abuso,35
2006,male,45-49,Eventos de intención no determinada,6
2006,male,45-49,Suicidio y lesiones autoinfligidas,217
2006,male,45-49,Todas las causas,5030
2006,male,45-49,"Trastornos mentales debidos al uso de drogas (drogodependencia, toxicomanía)",5
2006,male,5-9,Accidentes de tráfico,23
2006,male,5-9,Agresiones (homicidio),1
2006,male,5-9,Envenenamiento accidental por psicofármacos y drogas de abuso,0
2006,male,5-9,Eventos de intención no determinada,1
2006,male,5-9,Suicidio y lesiones autoinfligidas,0
2006,male,5-9,Todas las causas,163
2006,male,5-9,"Trastornos mentales debidos al uso de drogas (drogodependencia, toxicomanía)",0
2006,male,50-54,Accidentes de tráfico,184
2006,male,50-54,Agresiones (homicidio),24
2006,male,50-54,Envenenamiento accidental por psicofármacos y drogas de abuso,18
2006,male,50-54,Eventos de intención no determinada,8
2006,male,50-54,Suicidio y lesiones autoinfligidas,158
2006,male,50-54,Todas las causas,6895
2006,male,50-54,"Trastornos mentales debidos al uso de drogas (drogodependencia, toxicomanía)",4
2006,male,55-59,Accidentes de tráfico,174
2006,male,55-59,Agresiones (homicidio),16
2006,male,55-59,Envenenamiento accidental por psicofármacos y drogas de abuso,10
2006,male,55-59,Eventos de intención no determinada,2
2006,male,55-59,Suicidio y lesiones autoinfligidas,171
2006,male,55-59,Todas las causas,9430
2006,male,55-59,"Trastornos mentales debidos al uso de drogas (drogodependencia, toxicomanía)",0
2006,male,60-64,Accidentes de tráfico,125
2006,male,60-64,Agresiones (homicidio),9
2006,male,60-64,Envenenamiento accidental por psicofármacos y drogas de abuso,6
2006,male,60-64,Eventos de intención no determinada,5
2006,male,60-64,Suicidio y lesiones autoinfligidas,171
2006,male,60-64,Todas las causas,12156
2006,male,60-64,"Trastornos mentales debidos al uso de drogas (drogodependencia, toxicomanía)",1
2006,male,65-69,Accidentes de tráfico,114
2006,male,65-69,Agresiones (homicidio),4
2006,male,65-69,Envenenamiento accidental por psicofármacos y drogas de abuso,3
2006,male,65-69,Eventos de intención no determinada,1
2006,male,65-69,Suicidio y lesiones autoinfligidas,139
2006,male,65-69,Todas las causas,15208
2006,male,65-69,"Trastornos mentales debidos al uso de drogas (drogodependencia, toxicomanía)",0
2006,male,70-74,Accidentes de tráfico,140
2006,male,70-74,Agresiones (homicidio),9
2006,male,70-74,Envenenamiento accidental por psicofármacos y drogas de abuso,3
2006,male,70-74,Eventos de intención no determinada,3
2006,male,70-74,Suicidio y lesiones autoinfligidas,195
2006,male,70-74,Todas las causas,24459
2006,male,70-74,"Trastornos mentales debidos al uso de drogas (drogodependencia, toxicomanía)",0
2006,male,75-79,Accidentes de tráfico,138
2006,male,75-79,Agresiones (homicidio),9
2006,male,75-79,Envenenamiento accidental por psicofármacos y drogas de abuso,6
2006,male,75-79,Eventos de intención no determinada,11
2006,male,75-79,Suicidio y lesiones autoinfligidas,187
2006,male,75-79,Todas las causas,31806
2006,male,75-79,"Trastornos mentales debidos al uso de drogas (drogodependencia, toxicomanía)",0
2006,male,80-84,Accidentes de tráfico,101
2006,male,80-84,Agresiones (homicidio),1
2006,male,80-84,Envenenamiento accidental por psicofármacos y drogas de abuso,4
2006,male,80-84,Eventos de intención no determinada,7
2006,male,80-84,Suicidio y lesiones autoinfligidas,180
2006,male,80-84,Todas las causas,34589
2006,male,80-84,"Trastornos mentales debidos al uso de drogas (drogodependencia, toxicomanía)",0
2006,male,85-89,Accidentes de tráfico,34
2006,male,85-89,Agresiones (homicidio),1
2006,male,85-89,Envenenamiento accidental por psicofármacos y drogas de abuso,4
2006,male,85-89,Eventos de intención no determinada,1
2006,male,85-89,Suicidio y lesiones autoinfligidas,83
2006,male,85-89,Todas las causas,24319
2006,male,85-89,"Trastornos mentales debidos al uso de drogas (drogodependencia, toxicomanía)",0
2006,male,90-94,Accidentes de tráfico,10
2006,male,90-94,Agresiones (homicidio),1
2006,male,90-94,Envenenamiento accidental por psicofármacos y drogas de abuso,2
2006,male,90-94,Eventos de intención no determinada,2
2006,male,90-94,Suicidio y lesiones autoinfligidas,32
2006,male,90-94,Todas las causas,13565
2006,male,90-94,"Trastornos mentales debidos al uso de drogas (drogodependencia, toxicomanía)",0
2006,male,95+,Accidentes de tráfico,2
2006,male,95+,Agresiones (homicidio),0
2006,male,95+,Envenenamiento accidental por psicofármacos y drogas de abuso,0
2006,male,95+,Eventos de intención no determinada,0
2006,male,95+,Suicidio y lesiones autoinfligidas,9
2006,male,95+,Todas las causas,4549
2006,male,95+,"Trastornos mentales debidos al uso de drogas (drogodependencia, toxicomanía)",0
2006,male,<1,Accidentes de tráfico,4
2006,male,<1,Agresiones (homicidio),1
2006,male,<1,Envenenamiento accidental por psicofármacos y drogas de abuso,0
2006,male,<1,Eventos de intención no determinada,0
2006,male,<1,Suicidio y lesiones autoinfligidas,0
2006,male,<1,Todas las causas,982
2006,male,<1,"Trastornos mentales debidos al uso de drogas (drogodependencia, toxicomanía)",0
2006,male,all,Accidentes de tráfico,3222
2006,male,all,Agresiones (homicidio),250
2006,male,all,Envenenamiento accidental por psicofármacos y drogas de abuso,421
2006,male,all,Eventos de intención no determinada,73
2006,male,all,Suicidio y lesiones autoinfligidas,2512
2006,male,all,Todas las causas,194154
2006,male,all,"Trastornos mentales debidos al uso de drogas (drogodependencia, toxicomanía)",72
2007,all,1-4,Accidentes de tráfico,35
2007,all,1-4,Agresiones (homicidio),4
2007,all,1-4,Envenenamiento accidental por psicofármacos y drogas de abuso,0
2007,all,1-4,Eventos de intención no determinada,0
2007,all,1-4,Suicidio y lesiones autoinfligidas,0
2007,all,1-4,Todas las causas,385
2007,all,1-4,"Trastornos mentales debidos al uso de drogas (drogodependencia, toxicomanía)",0
2007,all,10-14,Accidentes de tráfico,34
2007,all,10-14,Agresiones (homicidio),0
2007,all,10-14,Envenenamiento accidental por psicofármacos y drogas de abuso,0
2007,all,10-14,Eventos de intención no determinada,2
2007,all,10-14,Suicidio y lesiones autoinfligidas,12
2007,all,10-14,Todas las causas,273
2007,all,10-14,"Trastornos mentales debidos al uso de drogas (drogodependencia, toxicomanía)",0
2007,all,15-19,Accidentes de tráfico,286
2007,all,15-19,Agresiones (homicidio),12
2007,all,15-19,Envenenamiento accidental por psicofármacos y drogas de abuso,9
2007,all,15-19,Eventos de intención no determinada,1
2007,all,15-19,Suicidio y lesiones autoinfligidas,31
2007,all,15-19,Todas las causas,789
2007,all,15-19,"Trastornos mentales debidos al uso de drogas (drogodependencia, toxicomanía)",1
2007,all,20-24,Accidentes de tráfico,377
2007,all,20-24,Agresiones (homicidio),17
2007,all,20-24,Envenenamiento accidental por psicofármacos y drogas de abuso,32
2007,all,20-24,Eventos de intención no determinada,6
2007,all,20-24,Suicidio y lesiones autoinfligidas,113
2007,all,20-24,Todas las causas,1178
2007,all,20-24,"Trastornos mentales debidos al uso de drogas (drogodependencia, toxicomanía)",2
2007,all,25-29,Accidentes de tráfico,416
2007,all,25-29,Agresiones (homicidio),39
2007,all,25-29,Envenenamiento accidental por psicofármacos y drogas de abuso,53
2007,all,25-29,Eventos de intención no determinada,6
2007,all,25-29,Suicidio y lesiones autoinfligidas,187
2007,all,25-29,Todas las causas,1688
2007,all,25-29,"Trastornos mentales debidos al uso de drogas (drogodependencia, toxicomanía)",3
2007,all,30-34,Accidentes de tráfico,379
2007,all,30-34,Agresiones (homicidio),41
2007,all,30-34,Envenenamiento accidental por psicofármacos y drogas de abuso,98
2007,all,30-34,Eventos de intención no determinada,3
2007,all,30-34,Suicidio y lesiones autoinfligidas,242
2007,all,30-34,Todas las causas,2268
2007,all,30-34,"Trastornos mentales debidos al uso de drogas (drogodependencia, toxicomanía)",7
2007,all,35-39,Accidentes de tráfico,330
2007,all,35-39,Agresiones (homicidio),40
2007,all,35-39,Envenenamiento accidental por psicofármacos y drogas de abuso,139
2007,all,35-39,Eventos de intención no determinada,5
2007,all,35-39,Suicidio y lesiones autoinfligidas,296
2007,all,35-39,Todas las causas,3422
2007,all,35-39,"Trastornos mentales debidos al uso de drogas (drogodependencia, toxicomanía)",13
2007,all,40-44,Accidentes de tráfico,287
2007,all,40-44,Agresiones (homicidio),39
2007,all,40-44,Envenenamiento accidental por psicofármacos y drogas de abuso,120
2007,all,40-44,Eventos de intención no determinada,8
2007,all,40-44,Suicidio y lesiones autoinfligidas,309
2007,all,40-44,Todas las causas,5416
2007,all,40-44,"Trastornos mentales debidos al uso de drogas (drogodependencia, toxicomanía)",9
2007,all,45-49,Accidentes de tráfico,273
2007,all,45-49,Agresiones (homicidio),33
2007,all,45-49,Envenenamiento accidental por psicofármacos y drogas de abuso,50
2007,all,45-49,Eventos de intención no determinada,8
2007,all,45-49,Suicidio y lesiones autoinfligidas,283
2007,all,45-49,Todas las causas,7475
2007,all,45-49,"Trastornos mentales debidos al uso de drogas (drogodependencia, toxicomanía)",4
2007,all,5-9,Accidentes de tráfico,27
2007,all,5-9,Agresiones (homicidio),2
2007,all,5-9,Envenenamiento accidental por psicofármacos y drogas de abuso,0
2007,all,5-9,Eventos de intención no determinada,0
2007,all,5-9,Suicidio y lesiones autoinfligidas,0
2007,all,5-9,Todas las causas,226
2007,all,5-9,"Trastornos mentales debidos al uso de drogas (drogodependencia, toxicomanía)",0
2007,all,50-54,Accidentes de tráfico,202
2007,all,50-54,Agresiones (homicidio),22
2007,all,50-54,Envenenamiento accidental por psicofármacos y drogas de abuso,16
2007,all,50-54,Eventos de intención no determinada,5
2007,all,50-54,Suicidio y lesiones autoinfligidas,228
2007,all,50-54,Todas las causas,9916
2007,all,50-54,"Trastornos mentales debidos al uso de drogas (drogodependencia, toxicomanía)",3
2007,all,55-59,Accidentes de tráfico,200
2007,all,55-59,Agresiones (homicidio),17
2007,all,55-59,Envenenamiento accidental por psicofármacos y drogas de abuso,17
2007,all,55-59,Eventos de intención no determinada,8
2007,all,55-59,Suicidio y lesiones autoinfligidas,232
2007,all,55-59,Todas las causas,13165
2007,all,55-59,"Trastornos mentales debidos al uso de drogas (drogodependencia, toxicomanía)",2
2007,all,60-64,Accidentes de tráfico,187
2007,all,60-64,Agresiones (homicidio),17
2007,all,60-64,Envenenamiento accidental por psicofármacos y drogas de abuso,2
2007,all,60-64,Eventos de intención no determinada,6
2007,all,60-64,Suicidio y lesiones autoinfligidas,225
2007,all,60-64,Todas las causas,17866
2007,all,60-64,"Trastornos mentales debidos al uso de drogas (drogodependencia, toxicomanía)",1
2007,all,65-69,Accidentes de tráfico,139
2007,all,65-69,Agresiones (homicidio),14
2007,all,65-69,Envenenamiento accidental por psicofármacos y drogas de abuso,10
2007,all,65-69,Eventos de intención no determinada,7
2007,all,65-69,Suicidio y lesiones autoinfligidas,184
2007,all,65-69,Todas las causas,21501
2007,all,65-69,"Trastornos mentales debidos al uso de drogas (drogodependencia, toxicomanía)",0
2007,all,70-74,Accidentes de tráfico,204
2007,all,70-74,Agresiones (homicidio),14
2007,all,70-74,Envenenamiento accidental por psicofármacos y drogas de abuso,9
2007,all,70-74,Eventos de intención no determinada,8
2007,all,70-74,Suicidio y lesiones autoinfligidas,239
2007,all,70-74,Todas las causas,37942
2007,all,70-74,"Trastornos mentales debidos al uso de drogas (drogodependencia, toxicomanía)",0
2007,all,75-79,Accidentes de tráfico,201
2007,all,75-79,Agresiones (homicidio),12
2007,all,75-79,Envenenamiento accidental por psicofármacos y drogas de abuso,4
2007,all,75-79,Eventos de intención no determinada,8
2007,all,75-79,Suicidio y lesiones autoinfligidas,251
2007,all,75-79,Todas las causas,55859
2007,all,75-79,"Trastornos mentales debidos al uso de drogas (drogodependencia, toxicomanía)",0
2007,all,80-84,Accidentes de tráfico,146
2007,all,80-84,Agresiones (homicidio),11
2007,all,80-84,Envenenamiento accidental por psicofármacos y drogas de abuso,11
2007,all,80-84,Eventos de intención no determinada,11
2007,all,80-84,Suicidio y lesiones autoinfligidas,238
2007,all,80-84,Todas las causas,72445
2007,all,80-84,"Trastornos mentales debidos al uso de drogas (drogodependencia, toxicomanía)",0
2007,all,85-89,Accidentes de tráfico,51
2007,all,85-89,Agresiones (homicidio),5
2007,all,85-89,Envenenamiento accidental por psicofármacos y drogas de abuso,5
2007,all,85-89,Eventos de intención no determinada,1
2007,all,85-89,Suicidio y lesiones autoinfligidas,148
2007,all,85-89,Todas las causas,67818
2007,all,85-89,"Trastornos mentales debidos al uso de drogas (drogodependencia, toxicomanía)",0
2007,all,90-94,Accidentes de tráfico,22
2007,all,90-94,Agresiones (homicidio),3
2007,all,90-94,Envenenamiento accidental por psicofármacos y drogas de abuso,3
2007,all,90-94,Eventos de intención no determinada,2
2007,all,90-94,Suicidio y lesiones autoinfligidas,37
2007,all,90-94,Todas las causas,44610
2007,all,90-94,"Trastornos mentales debidos al uso de drogas (drogodependencia, toxicomanía)",0
2007,all,95+,Accidentes de tráfico,6
2007,all,95+,Agresiones (homicidio),1
2007,all,95+,Envenenamiento accidental por psicofármacos y drogas de abuso,0
2007,all,95+,Eventos de intención no determinada,0
2007,all,95+,Suicidio y lesiones autoinfligidas,8
2007,all,95+,Todas las causas,19415
2007,all,95+,"Trastornos mentales debidos al uso de drogas (drogodependencia, toxicomanía)",0
2007,all,<1,Accidentes de tráfico,9
2007,all,<1,Agresiones (homicidio),5
2007,all,<1,Envenenamiento accidental por psicofármacos y drogas de abuso,0
2007,all,<1,Eventos de intención no determinada,1
2007,all,<1,Suicidio y lesiones autoinfligidas,0
2007,all,<1,Todas las causas,1704
2007,all,<1,"Trastornos mentales debidos al uso de drogas (drogodependencia, toxicomanía)",0
2007,all,all,Accidentes de tráfico,3811
2007,all,all,Agresiones (homicidio),348
2007,all,all,Envenenamiento accidental por psicofármacos y drogas de abuso,578
2007,all,all,Eventos de intención no determinada,96
2007,all,all,Suicidio y lesiones autoinfligidas,3263
2007,all,all,Todas las causas,385361
2007,all,all,"Trastornos mentales debidos al uso de drogas (drogodependencia, toxicomanía)",45
2007,female,1-4,Accidentes de tráfico,20
2007,female,1-4,Agresiones (homicidio),3
2007,female,1-4,Envenenamiento accidental por psicofármacos y drogas de abuso,0
2007,female,1-4,Eventos de intención no determinada,0
2007,female,1-4,Suicidio y lesiones autoinfligidas,0
2007,female,1-4,Todas las causas,181
2007,female,1-4,"Trastornos mentales debidos al uso de drogas (drogodependencia, toxicomanía)",0
2007,female,10-14,Accidentes de tráfico,10
2007,female,10-14,Agresiones (homicidio),0
2007,female,10-14,Envenenamiento accidental por psicofármacos y drogas de abuso,0
2007,female,10-14,Eventos de intención no determinada,0
2007,female,10-14,Suicidio y lesiones autoinfligidas,5
2007,female,10-14,Todas las causas,103
2007,female,10-14,"Trastornos mentales debidos al uso de drogas (drogodependencia, toxicomanía)",0
2007,female,15-19,Accidentes de tráfico,61
2007,female,15-19,Agresiones (homicidio),2
2007,female,15-19,Envenenamiento accidental por psicofármacos y drogas de abuso,0
2007,female,15-19,Eventos de intención no determinada,0
2007,female,15-19,Suicidio y lesiones autoinfligidas,9
2007,female,15-19,Todas las causas,199
2007,female,15-19,"Trastornos mentales debidos al uso de drogas (drogodependencia, toxicomanía)",0
2007,female,20-24,Accidentes de tráfico,68
2007,female,20-24,Agresiones (homicidio),5
2007,female,20-24,Envenenamiento accidental por psicofármacos y drogas de abuso,4
2007,female,20-24,Eventos de intención no determinada,2
2007,female,20-24,Suicidio y lesiones autoinfligidas,21
2007,female,20-24,Todas las causas,278
2007,female,20-24,"Trastornos mentales debidos al uso de drogas (drogodependencia, toxicomanía)",1
2007,female,25-29,Accidentes de tráfico,72
2007,female,25-29,Agresiones (homicidio),14
2007,female,25-29,Envenenamiento accidental por psicofármacos y drogas de abuso,7
2007,female,25-29,Eventos de intención no determinada,2
2007,female,25-29,Suicidio y lesiones autoinfligidas,31
2007,female,25-29,Todas las causas,393
2007,female,25-29,"Trastornos mentales debidos al uso de drogas (drogodependencia, toxicomanía)",0
2007,female,30-34,Accidentes de tráfico,36
2007,female,30-34,Agresiones (homicidio),14
2007,female,30-34,Envenenamiento accidental por psicofármacos y drogas de abuso,10
2007,female,30-34,Eventos de intención no determinada,1
2007,female,30-34,Suicidio y lesiones autoinfligidas,66
2007,female,30-34,Todas las causas,645
2007,female,30-34,"Trastornos mentales debidos al uso de drogas (drogodependencia, toxicomanía)",1
2007,female,35-39,Accidentes de tráfico,52
2007,female,35-39,Agresiones (homicidio),13
2007,female,35-39,Envenenamiento accidental por psicofármacos y drogas de abuso,24
2007,female,35-39,Eventos de intención no determinada,0
2007,female,35-39,Suicidio y lesiones autoinfligidas,72
2007,female,35-39,Todas las causas,1035
2007,female,35-39,"Trastornos mentales debidos al uso de drogas (drogodependencia, toxicomanía)",1
2007,female,40-44,Accidentes de tráfico,42
2007,female,40-44,Agresiones (homicidio),11
2007,female,40-44,Envenenamiento accidental por psicofármacos y drogas de abuso,9
2007,female,40-44,Eventos de intención no determinada,0
2007,female,40-44,Suicidio y lesiones autoinfligidas,67
2007,female,40-44,Todas las causas,1621
2007,female,40-44,"Trastornos mentales debidos al uso de drogas (drogodependencia, toxicomanía)",1
2007,female,45-49,Accidentes de tráfico,44
2007,female,45-49,Agresiones (homicidio),14
2007,female,45-49,Envenenamiento accidental por psicofármacos y drogas de abuso,7
2007,female,45-49,Eventos de intención no determinada,3
2007,female,45-49,Suicidio y lesiones autoinfligidas,75
2007,female,45-49,Todas las causas,2384
2007,female,45-49,"Trastornos mentales debidos al uso de drogas (drogodependencia, toxicomanía)",0
2007,female,5-9,Accidentes de tráfico,15
2007,female,5-9,Agresiones (homicidio),1
2007,female,5-9,Envenenamiento accidental por psicofármacos y drogas de abuso,0
2007,female,5-9,Eventos de intención no determinada,0
2007,female,5-9,Suicidio y lesiones autoinfligidas,0
2007,female,5-9,Todas las causas,99
2007,female,5-9,"Trastornos mentales debidos al uso de drogas (drogodependencia, toxicomanía)",0
2007,female,50-54,Accidentes de tráfico,37
2007,female,50-54,Agresiones (homicidio),7
2007,female,50-54,Envenenamiento accidental por psicofármacos y drogas de abuso,3
2007,female,50-54,Eventos de intención no determinada,0
2007,female,50-54,Suicidio y lesiones autoinfligidas,61
2007,female,50-54,Todas las causas,2999
2007,female,50-54,"Trastornos mentales debidos al uso de drogas (drogodependencia, toxicomanía)",1
2007,female,55-59,Accidentes de tráfico,38
2007,female,55-59,Agresiones (homicidio),7
2007,female,55-59,Envenenamiento accidental por psicofármacos y drogas de abuso,5
2007,female,55-59,Eventos de intención no determinada,2
2007,female,55-59,Suicidio y lesiones autoinfligidas,67
2007,female,55-59,Todas las causas,3737
2007,female,55-59,"Trastornos mentales debidos al uso de drogas (drogodependencia, toxicomanía)",0
2007,female,60-64,Accidentes de tráfico,45
2007,female,60-64,Agresiones (homicidio),6
2007,female,60-64,Envenenamiento accidental por psicofármacos y drogas de abuso,0
2007,female,60-64,Eventos de intención no determinada,2
2007,female,60-64,Suicidio y lesiones autoinfligidas,72
2007,female,60-64,Todas las causas,5195
2007,female,60-64,"Trastornos mentales debidos al uso de drogas (drogodependencia, toxicomanía)",0
2007,female,65-69,Accidentes de tráfico,38
2007,female,65-69,Agresiones (homicidio),7
2007,female,65-69,Envenenamiento accidental por psicofármacos y drogas de abuso,3
2007,female,65-69,Eventos de intención no determinada,4
2007,female,65-69,Suicidio y lesiones autoinfligidas,39
2007,female,65-69,Todas las causas,6646
2007,female,65-69,"Trastornos mentales debidos al uso de drogas (drogodependencia, toxicomanía)",0
2007,female,70-74,Accidentes de tráfico,67
2007,female,70-74,Agresiones (homicidio),6
2007,female,70-74,Envenenamiento accidental por psicofármacos y drogas de abuso,5
2007,female,70-74,Eventos de intención no determinada,2
2007,female,70-74,Suicidio y lesiones autoinfligidas,69
2007,female,70-74,Todas las causas,13248
2007,female,70-74,"Trastornos mentales debidos al uso de drogas (drogodependencia, toxicomanía)",0
2007,female,75-79,Accidentes de tráfico,69
2007,female,75-79,Agresiones (homicidio),1
2007,female,75-79,Envenenamiento accidental por psicofármacos y drogas de abuso,3
2007,female,75-79,Eventos de intención no determinada,2
2007,female,75-79,Suicidio y lesiones autoinfligidas,51
2007,female,75-79,Todas las causas,22992
2007,female,75-79,"Trastornos mentales debidos al uso de drogas (drogodependencia, toxicomanía)",0
2007,female,80-84,Accidentes de tráfico,56
2007,female,80-84,Agresiones (homicidio),3
2007,female,80-84,Envenenamiento accidental por psicofármacos y drogas de abuso,5
2007,female,80-84,Eventos de intención no determinada,4
2007,female,80-84,Suicidio y lesiones autoinfligidas,59
2007,female,80-84,Todas las causas,35896
2007,female,80-84,"Trastornos mentales debidos al uso de drogas (drogodependencia, toxicomanía)",0
2007,female,85-89,Accidentes de tráfico,24
2007,female,85-89,Agresiones (homicidio),3
2007,female,85-89,Envenenamiento accidental por psicofármacos y drogas de abuso,3
2007,female,85-89,Eventos de intención no determinada,1
2007,female,85-89,Suicidio y lesiones autoinfligidas,26
2007,female,85-89,Todas las causas,40705
2007,female,85-89,"Trastornos mentales debidos al uso de drogas (drogodependencia, toxicomanía)",0
2007,female,90-94,Accidentes de tráfico,11
2007,female,90-94,Agresiones (homicidio),2
2007,female,90-94,Envenenamiento accidental por psicofármacos y drogas de abuso,1
2007,female,90-94,Eventos de intención no determinada,1
2007,female,90-94,Suicidio y lesiones autoinfligidas,9
2007,female,90-94,Todas las causas,30611
2007,female,90-94,"Trastornos mentales debidos al uso de drogas (drogodependencia, toxicomanía)",0
2007,female,95+,Accidentes de tráfico,1
2007,female,95+,Agresiones (homicidio),1
2007,female,95+,Envenenamiento accidental por psicofármacos y drogas de abuso,0
2007,female,95+,Eventos de intención no determinada,0
2007,female,95+,Suicidio y lesiones autoinfligidas,1
2007,female,95+,Todas las causas,14487
2007,female,95+,"Trastornos mentales debidos al uso de drogas (drogodependencia, toxicomanía)",0
2007,female,<1,Accidentes de tráfico,0
2007,female,<1,Agresiones (homicidio),1
2007,female,<1,Envenenamiento accidental por psicofármacos y drogas de abuso,0
2007,female,<1,Eventos de intención no determinada,1
2007,female,<1,Suicidio y lesiones autoinfligidas,0
2007,female,<1,Todas las causas,771
2007,female,<1,"Trastornos mentales debidos al uso de drogas (drogodependencia, toxicomanía)",0
2007,female,all,Accidentes de tráfico,806
2007,female,all,Agresiones (homicidio),121
2007,female,all,Envenenamiento accidental por psicofármacos y drogas de abuso,89
2007,female,all,Eventos de intención no determinada,27
2007,female,all,Suicidio y lesiones autoinfligidas,800
2007,female,all,Todas las causas,184225
2007,female,all,"Trastornos mentales debidos al uso de drogas (drogodependencia, toxicomanía)",5
2007,male,1-4,Accidentes de tráfico,15
2007,male,1-4,Agresiones (homicidio),1
2007,male,1-4,Envenenamiento accidental por psicofármacos y drogas de abuso,0
2007,male,1-4,Eventos de intención no determinada,0
2007,male,1-4,Suicidio y lesiones autoinfligidas,0
2007,male,1-4,Todas las causas,204
2007,male,1-4,"Trastornos mentales debidos al uso de drogas (drogodependencia, toxicomanía)",0
2007,male,10-14,Accidentes de tráfico,24
2007,male,10-14,Agresiones (homicidio),0
2007,male,10-14,Envenenamiento accidental por psicofármacos y drogas de abuso,0
2007,male,10-14,Eventos de intención no determinada,2
2007,male,10-14,Suicidio y lesiones autoinfligidas,7
2007,male,10-14,Todas las causas,170
2007,male,10-14,"Trastornos mentales debidos al uso de drogas (drogodependencia, toxicomanía)",0
2007,male,15-19,Accidentes de tráfico,225
2007,male,15-19,Agresiones (homicidio),10
2007,male,15-19,Envenenamiento accidental por psicofármacos y drogas de abuso,9
2007,male,15-19,Eventos de intención no determinada,1
2007,male,15-19,Suicidio y lesiones autoinfligidas,22
2007,male,15-19,Todas las causas,590
2007,male,15-19,"Trastornos mentales debidos al uso de drogas (drogodependencia, toxicomanía)",1
2007,male,20-24,Accidentes de tráfico,309
2007,male,20-24,Agresiones (homicidio),12
2007,male,20-24,Envenenamiento accidental por psicofármacos y drogas de abuso,28
2007,male,20-24,Eventos de intención no determinada,4
2007,male,20-24,Suicidio y lesiones autoinfligidas,92
2007,male,20-24,Todas las causas,900
2007,male,20-24,"Trastornos mentales debidos al uso de drogas (drogodependencia, toxicomanía)",1
2007,male,25-29,Accidentes de tráfico,344
2007,male,25-29,Agresiones (homicidio),25
2007,male,25-29,Envenenamiento accidental por psicofármacos y drogas de abuso,46
2007,male,25-29,Eventos de intención no determinada,4
2007,male,25-29,Suicidio y lesiones autoinfligidas,156
2007,male,25-29,Todas las causas,1295
2007,male,25-29,"Trastornos mentales debidos al uso de drogas (drogodependencia, toxicomanía)",3
2007,male,30-34,Accidentes de tráfico,343
2007,male,30-34,Agresiones (homicidio),27
2007,male,30-34,Envenenamiento accidental por psicofármacos y drogas de abuso,88
2007,male,30-34,Eventos de intención no determinada,2
2007,male,30-34,Suicidio y lesiones autoinfligidas,176
2007,male,30-34,Todas las causas,1623
2007,male,30-34,"Trastornos mentales debidos al uso de drogas (drogodependencia, toxicomanía)",6
2007,male,35-39,Accidentes de tráfico,278
2007,male,35-39,Agresiones (homicidio),27
2007,male,35-39,Envenenamiento accidental por psicofármacos y drogas de abuso,115
2007,male,35-39,Eventos de intención no determinada,5
2007,male,35-39,Suicidio y lesiones autoinfligidas,224
2007,male,35-39,Todas las causas,2387
2007,male,35-39,"Trastornos mentales debidos al uso de drogas (drogodependencia, toxicomanía)",12
2007,male,40-44,Accidentes de tráfico,245
2007,male,40-44,Agresiones (homicidio),28
2007,male,40-44,Envenenamiento accidental por psicofármacos y drogas de abuso,111
2007,male,40-44,Eventos de intención no determinada,8
2007,male,40-44,Suicidio y lesiones autoinfligidas,242
2007,male,40-44,Todas las causas,3795
2007,male,40-44,"Trastornos mentales debidos al uso de drogas (drogodependencia, toxicomanía)",8
2007,male,45-49,Accidentes de tráfico,229
2007,male,45-49,Agresiones (homicidio),19
2007,male,45-49,Envenenamiento accidental por psicofármacos y drogas de abuso,43
2007,male,45-49,Eventos de intención no determinada,5
2007,male,45-49,Suicidio y lesiones autoinfligidas,208
2007,male,45-49,Todas las causas,5091
2007,male,45-49,"Trastornos mentales debidos al uso de drogas (drogodependencia, toxicomanía)",4
2007,male,5-9,Accidentes de tráfico,12
2007,male,5-9,Agresiones (homicidio),1
2007,male,5-9,Envenenamiento accidental por psicofármacos y drogas de abuso,0
2007,male,5-9,Eventos de intención no determinada,0
2007,male,5-9,Suicidio y lesiones autoinfligidas,0
2007,male,5-9,Todas las causas,127
2007,male,5-9,"Trastornos mentales debidos al uso de drogas (drogodependencia, toxicomanía)",0
2007,male,50-54,Accidentes de tráfico,165
2007,male,50-54,Agresiones (homicidio),15
2007,male,50-54,Envenenamiento accidental por psicofármacos y drogas de abuso,13
2007,male,50-54,Eventos de intención no determinada,5
2007,male,50-54,Suicidio y lesiones autoinfligidas,167
2007,male,50-54,Todas las causas,6917
2007,male,50-54,"Trastornos mentales debidos al uso de drogas (drogodependencia, toxicomanía)",2
2007,male,55-59,Accidentes de tráfico,162
2007,male,55-59,Agresiones (homicidio),10
2007,male,55-59,Envenenamiento accidental por psicofármacos y drogas de abuso,12
2007,male,55-59,Eventos de intención no determinada,6
2007,male,55-59,Suicidio y lesiones autoinfligidas,165
2007,male,55-59,Todas las causas,9428
2007,male,55-59,"Trastornos mentales debidos al uso de drogas (drogodependencia, toxicomanía)",2
2007,male,60-64,Accidentes de tráfico,142
2007,male,60-64,Agresiones (homicidio),11
2007,male,60-64,Envenenamiento accidental por psicofármacos y drogas de abuso,2
2007,male,60-64,Eventos de intención no determinada,4
2007,male,60-64,Suicidio y lesiones autoinfligidas,153
2007,male,60-64,Todas las causas,12671
2007,male,60-64,"Trastornos mentales debidos al uso de drogas (drogodependencia, toxicomanía)",1
2007,male,65-69,Accidentes de tráfico,101
2007,male,65-69,Agresiones (homicidio),7
2007,male,65-69,Envenenamiento accidental por psicofármacos y drogas de abuso,7
2007,male,65-69,Eventos de intención no determinada,3
2007,male,65-69,Suicidio y lesiones autoinfligidas,145
2007,male,65-69,Todas las causas,14855
2007,male,65-69,"Trastornos mentales debidos al uso de drogas (drogodependencia, toxicomanía)",0
2007,male,70-74,Accidentes de tráfico,137
2007,male,70-74,Agresiones (homicidio),8
2007,male,70-74,Envenenamiento accidental por psicofármacos y drogas de abuso,4
2007,male,70-74,Eventos de intención no determinada,6
2007,male,70-74,Suicidio y lesiones autoinfligidas,170
2007,male,70-74,Todas las causas,24694
2007,male,70-74,"Trastornos mentales debidos al uso de drogas (drogodependencia, toxicomanía)",0
2007,male,75-79,Accidentes de tráfico,132
2007,male,75-79,Agresiones (homicidio),11
2007,male,75-79,Envenenamiento accidental por psicofármacos y drogas de abuso,1
2007,male,75-79,Eventos de intención no determinada,6
2007,male,75-79,Suicidio y lesiones autoinfligidas,200
2007,male,75-79,Todas las causas,32867
2007,male,75-79,"Trastornos mentales debidos al uso de drogas (drogodependencia, toxicomanía)",0
2007,male,80-84,Accidentes de tráfico,90
2007,male,80-84,Agresiones (homicidio),8
2007,male,80-84,Envenenamiento accidental por psicofármacos y drogas de abuso,6
2007,male,80-84,Eventos de intención no determinada,7
2007,male,80-84,Suicidio y lesiones autoinfligidas,179
2007,male,80-84,Todas las causas,36549
2007,male,80-84,"Trastornos mentales debidos al uso de drogas (drogodependencia, toxicomanía)",0
2007,male,85-89,Accidentes de tráfico,27
2007,male,85-89,Agresiones (homicidio),2
2007,male,85-89,Envenenamiento accidental por psicofármacos y drogas de abuso,2
2007,male,85-89,Eventos de intención no determinada,0
2007,male,85-89,Suicidio y lesiones autoinfligidas,122
2007,male,85-89,Todas las causas,27113
2007,male,85-89,"Trastornos mentales debidos al uso de drogas (drogodependencia, toxicomanía)",0
2007,male,90-94,Accidentes de tráfico,11
2007,male,90-94,Agresiones (homicidio),1
2007,male,90-94,Envenenamiento accidental por psicofármacos y drogas de abuso,2
2007,male,90-94,Eventos de intención no determinada,1
2007,male,90-94,Suicidio y lesiones autoinfligidas,28
2007,male,90-94,Todas las causas,13999
2007,male,90-94,"Trastornos mentales debidos al uso de drogas (drogodependencia, toxicomanía)",0
2007,male,95+,Accidentes de tráfico,5
2007,male,95+,Agresiones (homicidio),0
2007,male,95+,Envenenamiento accidental por psicofármacos y drogas de abuso,0
2007,male,95+,Eventos de intención no determinada,0
2007,male,95+,Suicidio y lesiones autoinfligidas,7
2007,male,95+,Todas las causas,4928
2007,male,95+,"Trastornos mentales debidos al uso de drogas (drogodependencia, toxicomanía)",0
2007,male,<1,Accidentes de tráfico,9
2007,male,<1,Agresiones (homicidio),4
2007,male,<1,Envenenamiento accidental por psicofármacos y drogas de abuso,0
2007,male,<1,Eventos de intención no determinada,0
2007,male,<1,Suicidio y lesiones autoinfligidas,0
2007,male,<1,Todas las causas,933
2007,male,<1,"Trastornos mentales debidos al uso de drogas (drogodependencia, toxicomanía)",0
2007,male,all,Accidentes de tráfico,3005
2007,male,all,Agresiones (homicidio),227
2007,male,all,Envenenamiento accidental por psicofármacos y drogas de abuso,489
2007,male,all,Eventos de intención no determinada,69
2007,male,all,Suicidio y lesiones autoinfligidas,2463
2007,male,all,Todas las causas,201136
2007,male,all,"Trastornos mentales debidos al uso de drogas (drogodependencia, toxicomanía)",40
2008,all,1-4,Accidentes de tráfico,22
2008,all,1-4,Agresiones (homicidio),2
2008,all,1-4,Envenenamiento accidental por psicofármacos y drogas de abuso,0
2008,all,1-4,Eventos de intención no determinada,0
2008,all,1-4,Suicidio y lesiones autoinfligidas,0
2008,all,1-4,Todas las causas,345
2008,all,1-4,"Trastornos mentales debidos al uso de drogas (drogodependencia, toxicomanía)",0
2008,all,10-14,Accidentes de tráfico,26
2008,all,10-14,Agresiones (homicidio),2
2008,all,10-14,Envenenamiento accidental por psicofármacos y drogas de abuso,0
2008,all,10-14,Eventos de intención no determinada,0
2008,all,10-14,Suicidio y lesiones autoinfligidas,4
2008,all,10-14,Todas las causas,248
2008,all,10-14,"Trastornos mentales debidos al uso de drogas (drogodependencia, toxicomanía)",0
2008,all,15-19,Accidentes de tráfico,232
2008,all,15-19,Agresiones (homicidio),14
2008,all,15-19,Envenenamiento accidental por psicofármacos y drogas de abuso,9
2008,all,15-19,Eventos de intención no determinada,1
2008,all,15-19,Suicidio y lesiones autoinfligidas,41
2008,all,15-19,Todas las causas,751
2008,all,15-19,"Trastornos mentales debidos al uso de drogas (drogodependencia, toxicomanía)",0
2008,all,20-24,Accidentes de tráfico,295
2008,all,20-24,Agresiones (homicidio),32
2008,all,20-24,Envenenamiento accidental por psicofármacos y drogas de abuso,29
2008,all,20-24,Eventos de intención no determinada,8
2008,all,20-24,Suicidio y lesiones autoinfligidas,127
2008,all,20-24,Todas las causas,1090
2008,all,20-24,"Trastornos mentales debidos al uso de drogas (drogodependencia, toxicomanía)",6
2008,all,25-29,Accidentes de tráfico,300
2008,all,25-29,Agresiones (homicidio),45
2008,all,25-29,Envenenamiento accidental por psicofármacos y drogas de abuso,63
2008,all,25-29,Eventos de intención no determinada,9
2008,all,25-29,Suicidio y lesiones autoinfligidas,212
2008,all,25-29,Todas las causas,1543
2008,all,25-29,"Trastornos mentales debidos al uso de drogas (drogodependencia, toxicomanía)",2
2008,all,30-34,Accidentes de tráfico,274
2008,all,30-34,Agresiones (homicidio),42
2008,all,30-34,Envenenamiento accidental por psicofármacos y drogas de abuso,73
2008,all,30-34,Eventos de intención no determinada,10
2008,all,30-34,Suicidio y lesiones autoinfligidas,254
2008,all,30-34,Todas las causas,2141
2008,all,30-34,"Trastornos mentales debidos al uso de drogas (drogodependencia, toxicomanía)",16
2008,all,35-39,Accidentes de tráfico,243
2008,all,35-39,Agresiones (homicidio),43
2008,all,35-39,Envenenamiento accidental por psicofármacos y drogas de abuso,107
2008,all,35-39,Eventos de intención no determinada,14
2008,all,35-39,Suicidio y lesiones autoinfligidas,309
2008,all,35-39,Todas las causas,3259
2008,all,35-39,"Trastornos mentales debidos al uso de drogas (drogodependencia, toxicomanía)",18
2008,all,40-44,Accidentes de tráfico,260
2008,all,40-44,Agresiones (homicidio),43
2008,all,40-44,Envenenamiento accidental por psicofármacos y drogas de abuso,115
2008,all,40-44,Eventos de intención no determinada,13
2008,all,40-44,Suicidio y lesiones autoinfligidas,341
2008,all,40-44,Todas las causas,5205
2008,all,40-44,"Trastornos mentales debidos al uso de drogas (drogodependencia, toxicomanía)",21
2008,all,45-49,Accidentes de tráfico,219
2008,all,45-49,Agresiones (homicidio),36
2008,all,45-49,Envenenamiento accidental por psicofármacos y drogas de abuso,70
2008,all,45-49,Eventos de intención no determinada,6
2008,all,45-49,Suicidio y lesiones autoinfligidas,299
2008,all,45-49,Todas las causas,7703
2008,all,45-49,"Trastornos mentales debidos al uso de drogas (drogodependencia, toxicomanía)",9
2008,all,5-9,Accidentes de tráfico,19
2008,all,5-9,Agresiones (homicidio),3
2008,all,5-9,Envenenamiento accidental por psicofármacos y drogas de abuso,0
2008,all,5-9,Eventos de intención no determinada,0
2008,all,5-9,Suicidio y lesiones autoinfligidas,0
2008,all,5-9,Todas las causas,252
2008,all,5-9,"Trastornos mentales debidos al uso de drogas (drogodependencia, toxicomanía)",0
2008,all,50-54,Accidentes de tráfico,160
2008,all,50-54,Agresiones (homicidio),29
2008,all,50-54,Envenenamiento accidental por psicofármacos y drogas de abuso,41
2008,all,50-54,Eventos de intención no determinada,5
2008,all,50-54,Suicidio y lesiones autoinfligidas,284
2008,all,50-54,Todas las causas,10168
2008,all,50-54,"Trastornos mentales debidos al uso de drogas (drogodependencia, toxicomanía)",4
2008,all,55-59,Accidentes de tráfico,154
2008,all,55-59,Agresiones (homicidio),22
2008,all,55-59,Envenenamiento accidental por psicofármacos y drogas de abuso,18
2008,all,55-59,Eventos de intención no determinada,6
2008,all,55-59,Suicidio y lesiones autoinfligidas,266
2008,all,55-59,Todas las causas,13026
2008,all,55-59,"Trastornos mentales debidos al uso de drogas (drogodependencia, toxicomanía)",0
2008,all,60-64,Accidentes de tráfico,145
2008,all,60-64,Agresiones (homicidio),11
2008,all,60-64,Envenenamiento accidental por psicofármacos y drogas de abuso,6
2008,all,60-64,Eventos de intención no determinada,5
2008,all,60-64,Suicidio y lesiones autoinfligidas,225
2008,all,60-64,Todas las causas,17866
2008,all,60-64,"Trastornos mentales debidos al uso de drogas (drogodependencia, toxicomanía)",0
2008,all,65-69,Accidentes de tráfico,136
2008,all,65-69,Agresiones (homicidio),11
2008,all,65-69,Envenenamiento accidental por psicofármacos y drogas de abuso,6
2008,all,65-69,Eventos de intención no determinada,10
2008,all,65-69,Suicidio y lesiones autoinfligidas,226
2008,all,65-69,Todas las causas,20982
2008,all,65-69,"Trastornos mentales debidos al uso de drogas (drogodependencia, toxicomanía)",0
2008,all,70-74,Accidentes de tráfico,142
2008,all,70-74,Agresiones (homicidio),13
2008,all,70-74,Envenenamiento accidental por psicofármacos y drogas de abuso,8
2008,all,70-74,Eventos de intención no determinada,9
2008,all,70-74,Suicidio y lesiones autoinfligidas,231
2008,all,70-74,Todas las causas,35487
2008,all,70-74,"Trastornos mentales debidos al uso de drogas (drogodependencia, toxicomanía)",0
2008,all,75-79,Accidentes de tráfico,182
2008,all,75-79,Agresiones (homicidio),6
2008,all,75-79,Envenenamiento accidental por psicofármacos y drogas de abuso,16
2008,all,75-79,Eventos de intención no determinada,6
2008,all,75-79,Suicidio y lesiones autoinfligidas,255
2008,all,75-79,Todas las causas,55521
2008,all,75-79,"Trastornos mentales debidos al uso de drogas (drogodependencia, toxicomanía)",0
2008,all,80-84,Accidentes de tráfico,133
2008,all,80-84,Agresiones (homicidio),14
2008,all,80-84,Envenenamiento accidental por psicofármacos y drogas de abuso,17
2008,all,80-84,Eventos de intención no determinada,13
2008,all,80-84,Suicidio y lesiones autoinfligidas,215
2008,all,80-84,Todas las causas,72103
2008,all,80-84,"Trastornos mentales debidos al uso de drogas (drogodependencia, toxicomanía)",0
2008,all,85-89,Accidentes de tráfico,67
2008,all,85-89,Agresiones (homicidio),4
2008,all,85-89,Envenenamiento accidental por psicofármacos y drogas de abuso,12
2008,all,85-89,Eventos de intención no determinada,0
2008,all,85-89,Suicidio y lesiones autoinfligidas,120
2008,all,85-89,Todas las causas,70717
2008,all,85-89,"Trastornos mentales debidos al uso de drogas (drogodependencia, toxicomanía)",0
2008,all,90-94,Accidentes de tráfico,7
2008,all,90-94,Agresiones (homicidio),2
2008,all,90-94,Envenenamiento accidental por psicofármacos y drogas de abuso,7
2008,all,90-94,Eventos de intención no determinada,2
2008,all,90-94,Suicidio y lesiones autoinfligidas,39
2008,all,90-94,Todas las causas,45369
2008,all,90-94,"Trastornos mentales debidos al uso de drogas (drogodependencia, toxicomanía)",0
2008,all,95+,Accidentes de tráfico,5
2008,all,95+,Agresiones (homicidio),2
2008,all,95+,Envenenamiento accidental por psicofármacos y drogas de abuso,2
2008,all,95+,Eventos de intención no determinada,1
2008,all,95+,Suicidio y lesiones autoinfligidas,9
2008,all,95+,Todas las causas,20807
2008,all,95+,"Trastornos mentales debidos al uso de drogas (drogodependencia, toxicomanía)",0
2008,all,<1,Accidentes de tráfico,9
2008,all,<1,Agresiones (homicidio),2
2008,all,<1,Envenenamiento accidental por psicofármacos y drogas de abuso,0
2008,all,<1,Eventos de intención no determinada,0
2008,all,<1,Suicidio y lesiones autoinfligidas,0
2008,all,<1,Todas las causas,1741
2008,all,<1,"Trastornos mentales debidos al uso de drogas (drogodependencia, toxicomanía)",0
2008,all,all,Accidentes de tráfico,3030
2008,all,all,Agresiones (homicidio),378
2008,all,all,Envenenamiento accidental por psicofármacos y drogas de abuso,599
2008,all,all,Eventos de intención no determinada,118
2008,all,all,Suicidio y lesiones autoinfligidas,3457
2008,all,all,Todas las causas,386324
2008,all,all,"Trastornos mentales debidos al uso de drogas (drogodependencia, toxicomanía)",76
2008,female,1-4,Accidentes de tráfico,13
2008,female,1-4,Agresiones (homicidio),0
2008,female,1-4,Envenenamiento accidental por psicofármacos y drogas de abuso,0
2008,female,1-4,Eventos de intención no determinada,0
2008,female,1-4,Suicidio y lesiones autoinfligidas,0
2008,female,1-4,Todas las causas,163
2008,female,1-4,"Trastornos mentales debidos al uso de drogas (drogodependencia, toxicomanía)",0
2008,female,10-14,Accidentes de tráfico,10
2008,female,10-14,Agresiones (homicidio),1
2008,female,10-14,Envenenamiento accidental por psicofármacos y drogas de abuso,0
2008,female,10-14,Eventos de intención no determinada,0
2008,female,10-14,Suicidio y lesiones autoinfligidas,2
2008,female,10-14,Todas las causas,104
2008,female,10-14,"Trastornos mentales debidos al uso de drogas (drogodependencia, toxicomanía)",0
2008,female,15-19,Accidentes de tráfico,45
2008,female,15-19,Agresiones (homicidio),3
2008,female,15-19,Envenenamiento accidental por psicofármacos y drogas de abuso,3
2008,female,15-19,Eventos de intención no determinada,0
2008,female,15-19,Suicidio y lesiones autoinfligidas,11
2008,female,15-19,Todas las causas,223
2008,female,15-19,"Trastornos mentales debidos al uso de drogas (drogodependencia, toxicomanía)",0
2008,female,20-24,Accidentes de tráfico,51
2008,female,20-24,Agresiones (homicidio),8
2008,female,20-24,Envenenamiento accidental por psicofármacos y drogas de abuso,0
2008,female,20-24,Eventos de intención no determinada,0
2008,female,20-24,Suicidio y lesiones autoinfligidas,19
2008,female,20-24,Todas las causas,261
2008,female,20-24,"Trastornos mentales debidos al uso de drogas (drogodependencia, toxicomanía)",0
2008,female,25-29,Accidentes de tráfico,37
2008,female,25-29,Agresiones (homicidio),13
2008,female,25-29,Envenenamiento accidental por psicofármacos y drogas de abuso,14
2008,female,25-29,Eventos de intención no determinada,4
2008,female,25-29,Suicidio y lesiones autoinfligidas,42
2008,female,25-29,Todas las causas,379
2008,female,25-29,"Trastornos mentales debidos al uso de drogas (drogodependencia, toxicomanía)",0
2008,female,30-34,Accidentes de tráfico,32
2008,female,30-34,Agresiones (homicidio),10
2008,female,30-34,Envenenamiento accidental por psicofármacos y drogas de abuso,13
2008,female,30-34,Eventos de intención no determinada,1
2008,female,30-34,Suicidio y lesiones autoinfligidas,45
2008,female,30-34,Todas las causas,601
2008,female,30-34,"Trastornos mentales debidos al uso de drogas (drogodependencia, toxicomanía)",3
2008,female,35-39,Accidentes de tráfico,41
2008,female,35-39,Agresiones (homicidio),13
2008,female,35-39,Envenenamiento accidental por psicofármacos y drogas de abuso,16
2008,female,35-39,Eventos de intención no determinada,3
2008,female,35-39,Suicidio y lesiones autoinfligidas,63
2008,female,35-39,Todas las causas,1029
2008,female,35-39,"Trastornos mentales debidos al uso de drogas (drogodependencia, toxicomanía)",1
2008,female,40-44,Accidentes de tráfico,43
2008,female,40-44,Agresiones (homicidio),13
2008,female,40-44,Envenenamiento accidental por psicofármacos y drogas de abuso,15
2008,female,40-44,Eventos de intención no determinada,5
2008,female,40-44,Suicidio y lesiones autoinfligidas,79
2008,female,40-44,Todas las causas,1673
2008,female,40-44,"Trastornos mentales debidos al uso de drogas (drogodependencia, toxicomanía)",0
2008,female,45-49,Accidentes de tráfico,31
2008,female,45-49,Agresiones (homicidio),12
2008,female,45-49,Envenenamiento accidental por psicofármacos y drogas de abuso,10
2008,female,45-49,Eventos de intención no determinada,0
2008,female,45-49,Suicidio y lesiones autoinfligidas,60
2008,female,45-49,Todas las causas,2431
2008,female,45-49,"Trastornos mentales debidos al uso de drogas (drogodependencia, toxicomanía)",1
2008,female,5-9,Accidentes de tráfico,7
2008,female,5-9,Agresiones (homicidio),2
2008,female,5-9,Envenenamiento accidental por psicofármacos y drogas de abuso,0
2008,female,5-9,Eventos de intención no determinada,0
2008,female,5-9,Suicidio y lesiones autoinfligidas,0
2008,female,5-9,Todas las causas,92
2008,female,5-9,"Trastornos mentales debidos al uso de drogas (drogodependencia, toxicomanía)",0
2008,female,50-54,Accidentes de tráfico,38
2008,female,50-54,Agresiones (homicidio),9
2008,female,50-54,Envenenamiento accidental por psicofármacos y drogas de abuso,9
2008,female,50-54,Eventos de intención no determinada,1
2008,female,50-54,Suicidio y lesiones autoinfligidas,59
2008,female,50-54,Todas las causas,3129
2008,female,50-54,"Trastornos mentales debidos al uso de drogas (drogodependencia, toxicomanía)",0
2008,female,55-59,Accidentes de tráfico,44
2008,female,55-59,Agresiones (homicidio),6
2008,female,55-59,Envenenamiento accidental por psicofármacos y drogas de abuso,5
2008,female,55-59,Eventos de intención no determinada,2
2008,female,55-59,Suicidio y lesiones autoinfligidas,67
2008,female,55-59,Todas las causas,3896
2008,female,55-59,"Trastornos mentales debidos al uso de drogas (drogodependencia, toxicomanía)",0
2008,female,60-64,Accidentes de tráfico,39
2008,female,60-64,Agresiones (homicidio),4
2008,female,60-64,Envenenamiento accidental por psicofármacos y drogas de abuso,1
2008,female,60-64,Eventos de intención no determinada,3
2008,female,60-64,Suicidio y lesiones autoinfligidas,62
2008,female,60-64,Todas las causas,5106
2008,female,60-64,"Trastornos mentales debidos al uso de drogas (drogodependencia, toxicomanía)",0
2008,female,65-69,Accidentes de tráfico,38
2008,female,65-69,Agresiones (homicidio),3
2008,female,65-69,Envenenamiento accidental por psicofármacos y drogas de abuso,2
2008,female,65-69,Eventos de intención no determinada,3
2008,female,65-69,Suicidio y lesiones autoinfligidas,59
2008,female,65-69,Todas las causas,6451
2008,female,65-69,"Trastornos mentales debidos al uso de drogas (drogodependencia, toxicomanía)",0
2008,female,70-74,Accidentes de tráfico,39
2008,female,70-74,Agresiones (homicidio),4
2008,female,70-74,Envenenamiento accidental por psicofármacos y drogas de abuso,4
2008,female,70-74,Eventos de intención no determinada,3
2008,female,70-74,Suicidio y lesiones autoinfligidas,59
2008,female,70-74,Todas las causas,12563
2008,female,70-74,"Trastornos mentales debidos al uso de drogas (drogodependencia, toxicomanía)",0
2008,female,75-79,Accidentes de tráfico,72
2008,female,75-79,Agresiones (homicidio),2
2008,female,75-79,Envenenamiento accidental por psicofármacos y drogas de abuso,6
2008,female,75-79,Eventos de intención no determinada,3
2008,female,75-79,Suicidio y lesiones autoinfligidas,64
2008,female,75-79,Todas las causas,22880
2008,female,75-79,"Trastornos mentales debidos al uso de drogas (drogodependencia, toxicomanía)",0
2008,female,80-84,Accidentes de tráfico,40
2008,female,80-84,Agresiones (homicidio),6
2008,female,80-84,Envenenamiento accidental por psicofármacos y drogas de abuso,11
2008,female,80-84,Eventos de intención no determinada,5
2008,female,80-84,Suicidio y lesiones autoinfligidas,45
2008,female,80-84,Todas las causas,35893
2008,female,80-84,"Trastornos mentales debidos al uso de drogas (drogodependencia, toxicomanía)",0
2008,female,85-89,Accidentes de tráfico,25
2008,female,85-89,Agresiones (homicidio),4
2008,female,85-89,Envenenamiento accidental por psicofármacos y drogas de abuso,8
2008,female,85-89,Eventos de intención no determinada,0
2008,female,85-89,Suicidio y lesiones autoinfligidas,36
2008,female,85-89,Todas las causas,42255
2008,female,85-89,"Trastornos mentales debidos al uso de drogas (drogodependencia, toxicomanía)",0
2008,female,90-94,Accidentes de tráfico,6
2008,female,90-94,Agresiones (homicidio),2
2008,female,90-94,Envenenamiento accidental por psicofármacos y drogas de abuso,3
2008,female,90-94,Eventos de intención no determinada,0
2008,female,90-94,Suicidio y lesiones autoinfligidas,8
2008,female,90-94,Todas las causas,31169
2008,female,90-94,"Trastornos mentales debidos al uso de drogas (drogodependencia, toxicomanía)",0
2008,female,95+,Accidentes de tráfico,4
2008,female,95+,Agresiones (homicidio),2
2008,female,95+,Envenenamiento accidental por psicofármacos y drogas de abuso,1
2008,female,95+,Eventos de intención no determinada,1
2008,female,95+,Suicidio y lesiones autoinfligidas,1
2008,female,95+,Todas las causas,15627
2008,female,95+,"Trastornos mentales debidos al uso de drogas (drogodependencia, toxicomanía)",0
2008,female,<1,Accidentes de tráfico,4
2008,female,<1,Agresiones (homicidio),1
2008,female,<1,Envenenamiento accidental por psicofármacos y drogas de abuso,0
2008,female,<1,Eventos de intención no determinada,0
2008,female,<1,Suicidio y lesiones autoinfligidas,0
2008,female,<1,Todas las causas,752
2008,female,<1,"Trastornos mentales debidos al uso de drogas (drogodependencia, toxicomanía)",0
2008,female,all,Accidentes de tráfico,659
2008,female,all,Agresiones (homicidio),118
2008,female,all,Envenenamiento accidental por psicofármacos y drogas de abuso,121
2008,female,all,Eventos de intención no determinada,34
2008,female,all,Suicidio y lesiones autoinfligidas,781
2008,female,all,Todas las causas,186677
2008,female,all,"Trastornos mentales debidos al uso de drogas (drogodependencia, toxicomanía)",5
2008,male,1-4,Accidentes de tráfico,9
2008,male,1-4,Agresiones (homicidio),2
2008,male,1-4,Envenenamiento accidental por psicofármacos y drogas de abuso,0
2008,male,1-4,Eventos de intención no determinada,0
2008,male,1-4,Suicidio y lesiones autoinfligidas,0
2008,male,1-4,Todas las causas,182
2008,male,1-4,"Trastornos mentales debidos al uso de drogas (drogodependencia, toxicomanía)",0
2008,male,10-14,Accidentes de tráfico,16
2008,male,10-14,Agresiones (homicidio),1
2008,male,10-14,Envenenamiento accidental por psicofármacos y drogas de abuso,0
2008,male,10-14,Eventos de intención no determinada,0
2008,male,10-14,Suicidio y lesiones autoinfligidas,2
2008,male,10-14,Todas las causas,144
2008,male,10-14,"Trastornos mentales debidos al uso de drogas (drogodependencia, toxicomanía)",0
2008,male,15-19,Accidentes de tráfico,187
2008,male,15-19,Agresiones (homicidio),11
2008,male,15-19,Envenenamiento accidental por psicofármacos y drogas de abuso,6
2008,male,15-19,Eventos de intención no determinada,1
2008,male,15-19,Suicidio y lesiones autoinfligidas,30
2008,male,15-19,Todas las causas,528
2008,male,15-19,"Trastornos mentales debidos al uso de drogas (drogodependencia, toxicomanía)",0
2008,male,20-24,Accidentes de tráfico,244
2008,male,20-24,Agresiones (homicidio),24
2008,male,20-24,Envenenamiento accidental por psicofármacos y drogas de abuso,29
2008,male,20-24,Eventos de intención no determinada,8
2008,male,20-24,Suicidio y lesiones autoinfligidas,108
2008,male,20-24,Todas las causas,829
2008,male,20-24,"Trastornos mentales debidos al uso de drogas (drogodependencia, toxicomanía)",6
2008,male,25-29,Accidentes de tráfico,263
2008,male,25-29,Agresiones (homicidio),32
2008,male,25-29,Envenenamiento accidental por psicofármacos y drogas de abuso,49
2008,male,25-29,Eventos de intención no determinada,5
2008,male,25-29,Suicidio y lesiones autoinfligidas,170
2008,male,25-29,Todas las causas,1164
2008,male,25-29,"Trastornos mentales debidos al uso de drogas (drogodependencia, toxicomanía)",2
2008,male,30-34,Accidentes de tráfico,242
2008,male,30-34,Agresiones (homicidio),32
2008,male,30-34,Envenenamiento accidental por psicofármacos y drogas de abuso,60
2008,male,30-34,Eventos de intención no determinada,9
2008,male,30-34,Suicidio y lesiones autoinfligidas,209
2008,male,30-34,Todas las causas,1540
2008,male,30-34,"Trastornos mentales debidos al uso de drogas (drogodependencia, toxicomanía)",13
2008,male,35-39,Accidentes de tráfico,202
2008,male,35-39,Agresiones (homicidio),30
2008,male,35-39,Envenenamiento accidental por psicofármacos y drogas de abuso,91
2008,male,35-39,Eventos de intención no determinada,11
2008,male,35-39,Suicidio y lesiones autoinfligidas,246
2008,male,35-39,Todas las causas,2230
2008,male,35-39,"Trastornos mentales debidos al uso de drogas (drogodependencia, toxicomanía)",17
2008,male,40-44,Accidentes de tráfico,217
2008,male,40-44,Agresiones (homicidio),30
2008,male,40-44,Envenenamiento accidental por psicofármacos y drogas de abuso,100
2008,male,40-44,Eventos de intención no determinada,8
2008,male,40-44,Suicidio y lesiones autoinfligidas,262
2008,male,40-44,Todas las causas,3532
2008,male,40-44,"Trastornos mentales debidos al uso de drogas (drogodependencia, toxicomanía)",21
2008,male,45-49,Accidentes de tráfico,188
2008,male,45-49,Agresiones (homicidio),24
2008,male,45-49,Envenenamiento accidental por psicofármacos y drogas de abuso,60
2008,male,45-49,Eventos de intención no determinada,6
2008,male,45-49,Suicidio y lesiones autoinfligidas,239
2008,male,45-49,Todas las causas,5272
2008,male,45-49,"Trastornos mentales debidos al uso de drogas (drogodependencia, toxicomanía)",8
2008,male,5-9,Accidentes de tráfico,12
2008,male,5-9,Agresiones (homicidio),1
2008,male,5-9,Envenenamiento accidental por psicofármacos y drogas de abuso,0
2008,male,5-9,Eventos de intención no determinada,0
2008,male,5-9,Suicidio y lesiones autoinfligidas,0
2008,male,5-9,Todas las causas,160
2008,male,5-9,"Trastornos mentales debidos al uso de drogas (drogodependencia, toxicomanía)",0
2008,male,50-54,Accidentes de tráfico,122
2008,male,50-54,Agresiones (homicidio),20
2008,male,50-54,Envenenamiento accidental por psicofármacos y drogas de abuso,32
2008,male,50-54,Eventos de intención no determinada,4
2008,male,50-54,Suicidio y lesiones autoinfligidas,225
2008,male,50-54,Todas las causas,7039
2008,male,50-54,"Trastornos mentales debidos al uso de drogas (drogodependencia, toxicomanía)",4
2008,male,55-59,Accidentes de tráfico,110
2008,male,55-59,Agresiones (homicidio),16
2008,male,55-59,Envenenamiento accidental por psicofármacos y drogas de abuso,13
2008,male,55-59,Eventos de intención no determinada,4
2008,male,55-59,Suicidio y lesiones autoinfligidas,199
2008,male,55-59,Todas las causas,9130
2008,male,55-59,"Trastornos mentales debidos al uso de drogas (drogodependencia, toxicomanía)",0
2008,male,60-64,Accidentes de tráfico,106
2008,male,60-64,Agresiones (homicidio),7
2008,male,60-64,Envenenamiento accidental por psicofármacos y drogas de abuso,5
2008,male,60-64,Eventos de intención no determinada,2
2008,male,60-64,Suicidio y lesiones autoinfligidas,163
2008,male,60-64,Todas las causas,12760
2008,male,60-64,"Trastornos mentales debidos al uso de drogas (drogodependencia, toxicomanía)",0
2008,male,65-69,Accidentes de tráfico,98
2008,male,65-69,Agresiones (homicidio),8
2008,male,65-69,Envenenamiento accidental por psicofármacos y drogas de abuso,4
2008,male,65-69,Eventos de intención no determinada,7
2008,male,65-69,Suicidio y lesiones autoinfligidas,167
2008,male,65-69,Todas las causas,14531
2008,male,65-69,"Trastornos mentales debidos al uso de drogas (drogodependencia, toxicomanía)",0
2008,male,70-74,Accidentes de tráfico,103
2008,male,70-74,Agresiones (homicidio),9
2008,male,70-74,Envenenamiento accidental por psicofármacos y drogas de abuso,4
2008,male,70-74,Eventos de intención no determinada,6
2008,male,70-74,Suicidio y lesiones autoinfligidas,172
2008,male,70-74,Todas las causas,22924
2008,male,70-74,"Trastornos mentales debidos al uso de drogas (drogodependencia, toxicomanía)",0
2008,male,75-79,Accidentes de tráfico,110
2008,male,75-79,Agresiones (homicidio),4
2008,male,75-79,Envenenamiento accidental por psicofármacos y drogas de abuso,10
2008,male,75-79,Eventos de intención no determinada,3
2008,male,75-79,Suicidio y lesiones autoinfligidas,191
2008,male,75-79,Todas las causas,32641
2008,male,75-79,"Trastornos mentales debidos al uso de drogas (drogodependencia, toxicomanía)",0
2008,male,80-84,Accidentes de tráfico,93
2008,male,80-84,Agresiones (homicidio),8
2008,male,80-84,Envenenamiento accidental por psicofármacos y drogas de abuso,6
2008,male,80-84,Eventos de intención no determinada,8
2008,male,80-84,Suicidio y lesiones autoinfligidas,170
2008,male,80-84,Todas las causas,36210
2008,male,80-84,"Trastornos mentales debidos al uso de drogas (drogodependencia, toxicomanía)",0
2008,male,85-89,Accidentes de tráfico,42
2008,male,85-89,Agresiones (homicidio),0
2008,male,85-89,Envenenamiento accidental por psicofármacos y drogas de abuso,4
2008,male,85-89,Eventos de intención no determinada,0
2008,male,85-89,Suicidio y lesiones autoinfligidas,84
2008,male,85-89,Todas las causas,28462
2008,male,85-89,"Trastornos mentales debidos al uso de drogas (drogodependencia, toxicomanía)",0
2008,male,90-94,Accidentes de tráfico,1
2008,male,90-94,Agresiones (homicidio),0
2008,male,90-94,Envenenamiento accidental por psicofármacos y drogas de abuso,4
2008,male,90-94,Eventos de intención no determinada,2
2008,male,90-94,Suicidio y lesiones autoinfligidas,31
2008,male,90-94,Todas las causas,14200
2008,male,90-94,"Trastornos mentales debidos al uso de drogas (drogodependencia, toxicomanía)",0
2008,male,95+,Accidentes de tráfico,1
2008,male,95+,Agresiones (homicidio),0
2008,male,95+,Envenenamiento accidental por psicofármacos y drogas de abuso,1
2008,male,95+,Eventos de intención no determinada,0
2008,male,95+,Suicidio y lesiones autoinfligidas,8
2008,male,95+,Todas las causas,5180
2008,male,95+,"Trastornos mentales debidos al uso de drogas (drogodependencia, toxicomanía)",0
2008,male,<1,Accidentes de tráfico,5
2008,male,<1,Agresiones (homicidio),1
2008,male,<1,Envenenamiento accidental por psicofármacos y drogas de abuso,0
2008,male,<1,Eventos de intención no determinada,0
2008,male,<1,Suicidio y lesiones autoinfligidas,0
2008,male,<1,Todas las causas,989
2008,male,<1,"Trastornos mentales debidos al uso de drogas (drogodependencia, toxicomanía)",0
2008,male,all,Accidentes de tráfico,2371
2008,male,all,Agresiones (homicidio),260
2008,male,all,Envenenamiento accidental por psicofármacos y drogas de abuso,478
2008,male,all,Eventos de intención no determinada,84
2008,male,all,Suicidio y lesiones autoinfligidas,2676
2008,male,all,Todas las causas,199647
2008,male,all,"Trastornos mentales debidos al uso de drogas (drogodependencia, toxicomanía)",71
2009,all,1-4,Accidentes de tráfico,22
2009,all,1-4,Agresiones (homicidio),2
2009,all,1-4,Envenenamiento accidental por psicofármacos y drogas de abuso,0
2009,all,1-4,Eventos de intención no determinada,0
2009,all,1-4,Suicidio y lesiones autoinfligidas,0
2009,all,1-4,Todas las causas,396
2009,all,1-4,"Trastornos mentales debidos al uso de drogas (drogodependencia, toxicomanía)",0
2009,all,10-14,Accidentes de tráfico,16
2009,all,10-14,Agresiones (homicidio),1
2009,all,10-14,Envenenamiento accidental por psicofármacos y drogas de abuso,0
2009,all,10-14,Eventos de intención no determinada,0
2009,all,10-14,Suicidio y lesiones autoinfligidas,8
2009,all,10-14,Todas las causas,228
2009,all,10-14,"Trastornos mentales debidos al uso de drogas (drogodependencia, toxicomanía)",0
2009,all,15-19,Accidentes de tráfico,178
2009,all,15-19,Agresiones (homicidio),13
2009,all,15-19,Envenenamiento accidental por psicofármacos y drogas de abuso,4
2009,all,15-19,Eventos de intención no determinada,0
2009,all,15-19,Suicidio y lesiones autoinfligidas,47
2009,all,15-19,Todas las causas,616
2009,all,15-19,"Trastornos mentales debidos al uso de drogas (drogodependencia, toxicomanía)",0
2009,all,20-24,Accidentes de tráfico,215
2009,all,20-24,Agresiones (homicidio),24
2009,all,20-24,Envenenamiento accidental por psicofármacos y drogas de abuso,29
2009,all,20-24,Eventos de intención no determinada,1
2009,all,20-24,Suicidio y lesiones autoinfligidas,124
2009,all,20-24,Todas las causas,921
2009,all,20-24,"Trastornos mentales debidos al uso de drogas (drogodependencia, toxicomanía)",2
2009,all,25-29,Accidentes de tráfico,239
2009,all,25-29,Agresiones (homicidio),29
2009,all,25-29,Envenenamiento accidental por psicofármacos y drogas de abuso,42
2009,all,25-29,Eventos de intención no determinada,4
2009,all,25-29,Suicidio y lesiones autoinfligidas,199
2009,all,25-29,Todas las causas,1426
2009,all,25-29,"Trastornos mentales debidos al uso de drogas (drogodependencia, toxicomanía)",6
2009,all,30-34,Accidentes de tráfico,248
2009,all,30-34,Agresiones (homicidio),50
2009,all,30-34,Envenenamiento accidental por psicofármacos y drogas de abuso,80
2009,all,30-34,Eventos de intención no determinada,7
2009,all,30-34,Suicidio y lesiones autoinfligidas,225
2009,all,30-34,Todas las causas,2013
2009,all,30-34,"Trastornos mentales debidos al uso de drogas (drogodependencia, toxicomanía)",7
2009,all,35-39,Accidentes de tráfico,205
2009,all,35-39,Agresiones (homicidio),34
2009,all,35-39,Envenenamiento accidental por psicofármacos y drogas de abuso,92
2009,all,35-39,Eventos de intención no determinada,5
2009,all,35-39,Suicidio y lesiones autoinfligidas,294
2009,all,35-39,Todas las causas,2966
2009,all,35-39,"Trastornos mentales debidos al uso de drogas (drogodependencia, toxicomanía)",7
2009,all,40-44,Accidentes de tráfico,213
2009,all,40-44,Agresiones (homicidio),42
2009,all,40-44,Envenenamiento accidental por psicofármacos y drogas de abuso,94
2009,all,40-44,Eventos de intención no determinada,10
2009,all,40-44,Suicidio y lesiones autoinfligidas,320
2009,all,40-44,Todas las causas,4830
2009,all,40-44,"Trastornos mentales debidos al uso de drogas (drogodependencia, toxicomanía)",17
2009,all,45-49,Accidentes de tráfico,191
2009,all,45-49,Agresiones (homicidio),32
2009,all,45-49,Envenenamiento accidental por psicofármacos y drogas de abuso,69
2009,all,45-49,Eventos de intención no determinada,10
2009,all,45-49,Suicidio y lesiones autoinfligidas,340
2009,all,45-49,Todas las causas,7467
2009,all,45-49,"Trastornos mentales debidos al uso de drogas (drogodependencia, toxicomanía)",8
2009,all,5-9,Accidentes de tráfico,19
2009,all,5-9,Agresiones (homicidio),0
2009,all,5-9,Envenenamiento accidental por psicofármacos y drogas de abuso,0
2009,all,5-9,Eventos de intención no determinada,0
2009,all,5-9,Suicidio y lesiones autoinfligidas,0
2009,all,5-9,Todas las causas,206
2009,all,5-9,"Trastornos mentales debidos al uso de drogas (drogodependencia, toxicomanía)",0
2009,all,50-54,Accidentes de tráfico,158
2009,all,50-54,Agresiones (homicidio),24
2009,all,50-54,Envenenamiento accidental por psicofármacos y drogas de abuso,23
2009,all,50-54,Eventos de intención no determinada,7
2009,all,50-54,Suicidio y lesiones autoinfligidas,265
2009,all,50-54,Todas las causas,10114
2009,all,50-54,"Trastornos mentales debidos al uso de drogas (drogodependencia, toxicomanía)",3
2009,all,55-59,Accidentes de tráfico,132
2009,all,55-59,Agresiones (homicidio),21
2009,all,55-59,Envenenamiento accidental por psicofármacos y drogas de abuso,16
2009,all,55-59,Eventos de intención no determinada,4
2009,all,55-59,Suicidio y lesiones autoinfligidas,253
2009,all,55-59,Todas las causas,12887
2009,all,55-59,"Trastornos mentales debidos al uso de drogas (drogodependencia, toxicomanía)",0
2009,all,60-64,Accidentes de tráfico,141
2009,all,60-64,Agresiones (homicidio),13
2009,all,60-64,Envenenamiento accidental por psicofármacos y drogas de abuso,9
2009,all,60-64,Eventos de intención no determinada,7
2009,all,60-64,Suicidio y lesiones autoinfligidas,253
2009,all,60-64,Todas las causas,17743
2009,all,60-64,"Trastornos mentales debidos al uso de drogas (drogodependencia, toxicomanía)",0
2009,all,65-69,Accidentes de tráfico,131
2009,all,65-69,Agresiones (homicidio),22
2009,all,65-69,Envenenamiento accidental por psicofármacos y drogas de abuso,9
2009,all,65-69,Eventos de intención no determinada,6
2009,all,65-69,Suicidio y lesiones autoinfligidas,209
2009,all,65-69,Todas las causas,22262
2009,all,65-69,"Trastornos mentales debidos al uso de drogas (drogodependencia, toxicomanía)",0
2009,all,70-74,Accidentes de tráfico,124
2009,all,70-74,Agresiones (homicidio),7
2009,all,70-74,Envenenamiento accidental por psicofármacos y drogas de abuso,7
2009,all,70-74,Eventos de intención no determinada,5
2009,all,70-74,Suicidio y lesiones autoinfligidas,226
2009,all,70-74,Todas las causas,32883
2009,all,70-74,"Trastornos mentales debidos al uso de drogas (drogodependencia, toxicomanía)",0
2009,all,75-79,Accidentes de tráfico,150
2009,all,75-79,Agresiones (homicidio),10
2009,all,75-79,Envenenamiento accidental por psicofármacos y drogas de abuso,9
2009,all,75-79,Eventos de intención no determinada,12
2009,all,75-79,Suicidio y lesiones autoinfligidas,281
2009,all,75-79,Todas las causas,54576
2009,all,75-79,"Trastornos mentales debidos al uso de drogas (drogodependencia, toxicomanía)",0
2009,all,80-84,Accidentes de tráfico,104
2009,all,80-84,Agresiones (homicidio),6
2009,all,80-84,Envenenamiento accidental por psicofármacos y drogas de abuso,13
2009,all,80-84,Eventos de intención no determinada,6
2009,all,80-84,Suicidio y lesiones autoinfligidas,201
2009,all,80-84,Todas las causas,71705
2009,all,80-84,"Trastornos mentales debidos al uso de drogas (drogodependencia, toxicomanía)",0
2009,all,85-89,Accidentes de tráfico,64
2009,all,85-89,Agresiones (homicidio),5
2009,all,85-89,Envenenamiento accidental por psicofármacos y drogas de abuso,22
2009,all,85-89,Eventos de intención no determinada,5
2009,all,85-89,Suicidio y lesiones autoinfligidas,138
2009,all,85-89,Todas las causas,73552
2009,all,85-89,"Trastornos mentales debidos al uso de drogas (drogodependencia, toxicomanía)",0
2009,all,90-94,Accidentes de tráfico,22
2009,all,90-94,Agresiones (homicidio),1
2009,all,90-94,Envenenamiento accidental por psicofármacos y drogas de abuso,4
2009,all,90-94,Eventos de intención no determinada,1
2009,all,90-94,Suicidio y lesiones autoinfligidas,40
2009,all,90-94,Todas las causas,45201
2009,all,90-94,"Trastornos mentales debidos al uso de drogas (drogodependencia, toxicomanía)",0
2009,all,95+,Accidentes de tráfico,5
2009,all,95+,Agresiones (homicidio),0
2009,all,95+,Envenenamiento accidental por psicofármacos y drogas de abuso,0
2009,all,95+,Eventos de intención no determinada,1
2009,all,95+,Suicidio y lesiones autoinfligidas,6
2009,all,95+,Todas las causas,21332
2009,all,95+,"Trastornos mentales debidos al uso de drogas (drogodependencia, toxicomanía)",0
2009,all,<1,Accidentes de tráfico,11
2009,all,<1,Agresiones (homicidio),1
2009,all,<1,Envenenamiento accidental por psicofármacos y drogas de abuso,0
2009,all,<1,Eventos de intención no determinada,0
2009,all,<1,Suicidio y lesiones autoinfligidas,0
2009,all,<1,Todas las causas,1609
2009,all,<1,"Trastornos mentales debidos al uso de drogas (drogodependencia, toxicomanía)",0
2009,all,all,Accidentes de tráfico,2588
2009,all,all,Agresiones (homicidio),337
2009,all,all,Envenenamiento accidental por psicofármacos y drogas de abuso,522
2009,all,all,Eventos de intención no determinada,91
2009,all,all,Suicidio y lesiones autoinfligidas,3429
2009,all,all,Todas las causas,384933
2009,all,all,"Trastornos mentales debidos al uso de drogas (drogodependencia, toxicomanía)",50
2009,female,1-4,Accidentes de tráfico,6
2009,female,1-4,Agresiones (homicidio),0
2009,female,1-4,Envenenamiento accidental por psicofármacos y drogas de abuso,0
2009,female,1-4,Eventos de intención no determinada,0
2009,female,1-4,Suicidio y lesiones autoinfligidas,0
2009,female,1-4,Todas las causas,173
2009,female,1-4,"Trastornos mentales debidos al uso de drogas (drogodependencia, toxicomanía)",0
2009,female,10-14,Accidentes de tráfico,6
2009,female,10-14,Agresiones (homicidio),1
2009,female,10-14,Envenenamiento accidental por psicofármacos y drogas de abuso,0
2009,female,10-14,Eventos de intención no determinada,0
2009,female,10-14,Suicidio y lesiones autoinfligidas,1
2009,female,10-14,Todas las causas,82
2009,female,10-14,"Trastornos mentales debidos al uso de drogas (drogodependencia, toxicomanía)",0
2009,female,15-19,Accidentes de tráfico,41
2009,female,15-19,Agresiones (homicidio),3
2009,female,15-19,Envenenamiento accidental por psicofármacos y drogas de abuso,0
2009,female,15-19,Eventos de intención no determinada,0
2009,female,15-19,Suicidio y lesiones autoinfligidas,6
2009,female,15-19,Todas las causas,191
2009,female,15-19,"Trastornos mentales debidos al uso de drogas (drogodependencia, toxicomanía)",0
2009,female,20-24,Accidentes de tráfico,40
2009,female,20-24,Agresiones (homicidio),8
2009,female,20-24,Envenenamiento accidental por psicofármacos y drogas de abuso,11
2009,female,20-24,Eventos de intención no determinada,1
2009,female,20-24,Suicidio y lesiones autoinfligidas,26
2009,female,20-24,Todas las causas,282
2009,female,20-24,"Trastornos mentales debidos al uso de drogas (drogodependencia, toxicomanía)",0
2009,female,25-29,Accidentes de tráfico,45
2009,female,25-29,Agresiones (homicidio),8
2009,female,25-29,Envenenamiento accidental por psicofármacos y drogas de abuso,6
2009,female,25-29,Eventos de intención no determinada,1
2009,female,25-29,Suicidio y lesiones autoinfligidas,34
2009,female,25-29,Todas las causas,388
2009,female,25-29,"Trastornos mentales debidos al uso de drogas (drogodependencia, toxicomanía)",0
2009,female,30-34,Accidentes de tráfico,43
2009,female,30-34,Agresiones (homicidio),13
2009,female,30-34,Envenenamiento accidental por psicofármacos y drogas de abuso,12
2009,female,30-34,Eventos de intención no determinada,2
2009,female,30-34,Suicidio y lesiones autoinfligidas,46
2009,female,30-34,Todas las causas,586
2009,female,30-34,"Trastornos mentales debidos al uso de drogas (drogodependencia, toxicomanía)",1
2009,female,35-39,Accidentes de tráfico,34
2009,female,35-39,Agresiones (homicidio),9
2009,female,35-39,Envenenamiento accidental por psicofármacos y drogas de abuso,15
2009,female,35-39,Eventos de intención no determinada,2
2009,female,35-39,Suicidio y lesiones autoinfligidas,73
2009,female,35-39,Todas las causas,947
2009,female,35-39,"Trastornos mentales debidos al uso de drogas (drogodependencia, toxicomanía)",1
2009,female,40-44,Accidentes de tráfico,35
2009,female,40-44,Agresiones (homicidio),11
2009,female,40-44,Envenenamiento accidental por psicofármacos y drogas de abuso,12
2009,female,40-44,Eventos de intención no determinada,1
2009,female,40-44,Suicidio y lesiones autoinfligidas,76
2009,female,40-44,Todas las causas,1591
2009,female,40-44,"Trastornos mentales debidos al uso de drogas (drogodependencia, toxicomanía)",2
2009,female,45-49,Accidentes de tráfico,35
2009,female,45-49,Agresiones (homicidio),8
2009,female,45-49,Envenenamiento accidental por psicofármacos y drogas de abuso,18
2009,female,45-49,Eventos de intención no determinada,4
2009,female,45-49,Suicidio y lesiones autoinfligidas,76
2009,female,45-49,Todas las causas,2447
2009,female,45-49,"Trastornos mentales debidos al uso de drogas (drogodependencia, toxicomanía)",3
2009,female,5-9,Accidentes de tráfico,6
2009,female,5-9,Agresiones (homicidio),0
2009,female,5-9,Envenenamiento accidental por psicofármacos y drogas de abuso,0
2009,female,5-9,Eventos de intención no determinada,0
2009,female,5-9,Suicidio y lesiones autoinfligidas,0
2009,female,5-9,Todas las causas,94
2009,female,5-9,"Trastornos mentales debidos al uso de drogas (drogodependencia, toxicomanía)",0
2009,female,50-54,Accidentes de tráfico,29
2009,female,50-54,Agresiones (homicidio),6
2009,female,50-54,Envenenamiento accidental por psicofármacos y drogas de abuso,5
2009,female,50-54,Eventos de intención no determinada,1
2009,female,50-54,Suicidio y lesiones autoinfligidas,49
2009,female,50-54,Todas las causas,3194
2009,female,50-54,"Trastornos mentales debidos al uso de drogas (drogodependencia, toxicomanía)",0
2009,female,55-59,Accidentes de tráfico,36
2009,female,55-59,Agresiones (homicidio),4
2009,female,55-59,Envenenamiento accidental por psicofármacos y drogas de abuso,5
2009,female,55-59,Eventos de intención no determinada,1
2009,female,55-59,Suicidio y lesiones autoinfligidas,57
2009,female,55-59,Todas las causas,3735
2009,female,55-59,"Trastornos mentales debidos al uso de drogas (drogodependencia, toxicomanía)",0
2009,female,60-64,Accidentes de tráfico,33
2009,female,60-64,Agresiones (homicidio),3
2009,female,60-64,Envenenamiento accidental por psicofármacos y drogas de abuso,1
2009,female,60-64,Eventos de intención no determinada,3
2009,female,60-64,Suicidio y lesiones autoinfligidas,61
2009,female,60-64,Todas las causas,5127
2009,female,60-64,"Trastornos mentales debidos al uso de drogas (drogodependencia, toxicomanía)",0
2009,female,65-69,Accidentes de tráfico,34
2009,female,65-69,Agresiones (homicidio),7
2009,female,65-69,Envenenamiento accidental por psicofármacos y drogas de abuso,3
2009,female,65-69,Eventos de intención no determinada,2
2009,female,65-69,Suicidio y lesiones autoinfligidas,62
2009,female,65-69,Todas las causas,6717
2009,female,65-69,"Trastornos mentales debidos al uso de drogas (drogodependencia, toxicomanía)",0
2009,female,70-74,Accidentes de tráfico,41
2009,female,70-74,Agresiones (homicidio),1
2009,female,70-74,Envenenamiento accidental por psicofármacos y drogas de abuso,6
2009,female,70-74,Eventos de intención no determinada,4
2009,female,70-74,Suicidio y lesiones autoinfligidas,47
2009,female,70-74,Todas las causas,11605
2009,female,70-74,"Trastornos mentales debidos al uso de drogas (drogodependencia, toxicomanía)",0
2009,female,75-79,Accidentes de tráfico,44
2009,female,75-79,Agresiones (homicidio),2
2009,female,75-79,Envenenamiento accidental por psicofármacos y drogas de abuso,7
2009,female,75-79,Eventos de intención no determinada,5
2009,female,75-79,Suicidio y lesiones autoinfligidas,60
2009,female,75-79,Todas las causas,22132
2009,female,75-79,"Trastornos mentales debidos al uso de drogas (drogodependencia, toxicomanía)",0
2009,female,80-84,Accidentes de tráfico,33
2009,female,80-84,Agresiones (homicidio),5
2009,female,80-84,Envenenamiento accidental por psicofármacos y drogas de abuso,7
2009,female,80-84,Eventos de intención no determinada,3
2009,female,80-84,Suicidio y lesiones autoinfligidas,54
2009,female,80-84,Todas las causas,35504
2009,female,80-84,"Trastornos mentales debidos al uso de drogas (drogodependencia, toxicomanía)",0
2009,female,85-89,Accidentes de tráfico,24
2009,female,85-89,Agresiones (homicidio),1
2009,female,85-89,Envenenamiento accidental por psicofármacos y drogas de abuso,10
2009,female,85-89,Eventos de intención no determinada,2
2009,female,85-89,Suicidio y lesiones autoinfligidas,27
2009,female,85-89,Todas las causas,43192
2009,female,85-89,"Trastornos mentales debidos al uso de drogas (drogodependencia, toxicomanía)",0
2009,female,90-94,Accidentes de tráfico,5
2009,female,90-94,Agresiones (homicidio),1
2009,female,90-94,Envenenamiento accidental por psicofármacos y drogas de abuso,3
2009,female,90-94,Eventos de intención no determinada,0
2009,female,90-94,Suicidio y lesiones autoinfligidas,6
2009,female,90-94,Todas las causas,31000
2009,female,90-94,"Trastornos mentales debidos al uso de drogas (drogodependencia, toxicomanía)",0
2009,female,95+,Accidentes de tráfico,3
2009,female,95+,Agresiones (homicidio),0
2009,female,95+,Envenenamiento accidental por psicofármacos y drogas de abuso,0
2009,female,95+,Eventos de intención no determinada,1
2009,female,95+,Suicidio y lesiones autoinfligidas,2
2009,female,95+,Todas las causas,16134
2009,female,95+,"Trastornos mentales debidos al uso de drogas (drogodependencia, toxicomanía)",0
2009,female,<1,Accidentes de tráfico,5
2009,female,<1,Agresiones (homicidio),0
2009,female,<1,Envenenamiento accidental por psicofármacos y drogas de abuso,0
2009,female,<1,Eventos de intención no determinada,0
2009,female,<1,Suicidio y lesiones autoinfligidas,0
2009,female,<1,Todas las causas,717
2009,female,<1,"Trastornos mentales debidos al uso de drogas (drogodependencia, toxicomanía)",0
2009,female,all,Accidentes de tráfico,578
2009,female,all,Agresiones (homicidio),91
2009,female,all,Envenenamiento accidental por psicofármacos y drogas de abuso,121
2009,female,all,Eventos de intención no determinada,33
2009,female,all,Suicidio y lesiones autoinfligidas,763
2009,female,all,Todas las causas,185838
2009,female,all,"Trastornos mentales debidos al uso de drogas (drogodependencia, toxicomanía)",7
2009,male,1-4,Accidentes de tráfico,16
2009,male,1-4,Agresiones (homicidio),2
2009,male,1-4,Envenenamiento accidental por psicofármacos y drogas de abuso,0
2009,male,1-4,Eventos de intención no determinada,0
2009,male,1-4,Suicidio y lesiones autoinfligidas,0
2009,male,1-4,Todas las causas,223
2009,male,1-4,"Trastornos mentales debidos al uso de drogas (drogodependencia, toxicomanía)",0
2009,male,10-14,Accidentes de tráfico,10
2009,male,10-14,Agresiones (homicidio),0
2009,male,10-14,Envenenamiento accidental por psicofármacos y drogas de abuso,0
2009,male,10-14,Eventos de intención no determinada,0
2009,male,10-14,Suicidio y lesiones autoinfligidas,7
2009,male,10-14,Todas las causas,146
2009,male,10-14,"Trastornos mentales debidos al uso de drogas (drogodependencia, toxicomanía)",0
2009,male,15-19,Accidentes de tráfico,137
2009,male,15-19,Agresiones (homicidio),10
2009,male,15-19,Envenenamiento accidental por psicofármacos y drogas de abuso,4
2009,male,15-19,Eventos de intención no determinada,0
2009,male,15-19,Suicidio y lesiones autoinfligidas,41
2009,male,15-19,Todas las causas,425
2009,male,15-19,"Trastornos mentales debidos al uso de drogas (drogodependencia, toxicomanía)",0
2009,male,20-24,Accidentes de tráfico,175
2009,male,20-24,Agresiones (homicidio),16
2009,male,20-24,Envenenamiento accidental por psicofármacos y drogas de abuso,18
2009,male,20-24,Eventos de intención no determinada,0
2009,male,20-24,Suicidio y lesiones autoinfligidas,98
2009,male,20-24,Todas las causas,639
2009,male,20-24,"Trastornos mentales debidos al uso de drogas (drogodependencia, toxicomanía)",2
2009,male,25-29,Accidentes de tráfico,194
2009,male,25-29,Agresiones (homicidio),21
2009,male,25-29,Envenenamiento accidental por psicofármacos y drogas de abuso,36
2009,male,25-29,Eventos de intención no determinada,3
2009,male,25-29,Suicidio y lesiones autoinfligidas,165
2009,male,25-29,Todas las causas,1038
2009,male,25-29,"Trastornos mentales debidos al uso de drogas (drogodependencia, toxicomanía)",6
2009,male,30-34,Accidentes de tráfico,205
2009,male,30-34,Agresiones (homicidio),37
2009,male,30-34,Envenenamiento accidental por psicofármacos y drogas de abuso,68
2009,male,30-34,Eventos de intención no determinada,5
2009,male,30-34,Suicidio y lesiones autoinfligidas,179
2009,male,30-34,Todas las causas,1427
2009,male,30-34,"Trastornos mentales debidos al uso de drogas (drogodependencia, toxicomanía)",6
2009,male,35-39,Accidentes de tráfico,171
2009,male,35-39,Agresiones (homicidio),25
2009,male,35-39,Envenenamiento accidental por psicofármacos y drogas de abuso,77
2009,male,35-39,Eventos de intención no determinada,3
2009,male,35-39,Suicidio y lesiones autoinfligidas,221
2009,male,35-39,Todas las causas,2019
2009,male,35-39,"Trastornos mentales debidos al uso de drogas (drogodependencia, toxicomanía)",6
2009,male,40-44,Accidentes de tráfico,178
2009,male,40-44,Agresiones (homicidio),31
2009,male,40-44,Envenenamiento accidental por psicofármacos y drogas de abuso,82
2009,male,40-44,Eventos de intención no determinada,9
2009,male,40-44,Suicidio y lesiones autoinfligidas,244
2009,male,40-44,Todas las causas,3239
2009,male,40-44,"Trastornos mentales debidos al uso de drogas (drogodependencia, toxicomanía)",15
2009,male,45-49,Accidentes de tráfico,156
2009,male,45-49,Agresiones (homicidio),24
2009,male,45-49,Envenenamiento accidental por psicofármacos y drogas de abuso,51
2009,male,45-49,Eventos de intención no determinada,6
2009,male,45-49,Suicidio y lesiones autoinfligidas,264
2009,male,45-49,Todas las causas,5020
2009,male,45-49,"Trastornos mentales debidos al uso de drogas (drogodependencia, toxicomanía)",5
2009,male,5-9,Accidentes de tráfico,13
2009,male,5-9,Agresiones (homicidio),0
2009,male,5-9,Envenenamiento accidental por psicofármacos y drogas de abuso,0
2009,male,5-9,Eventos de intención no determinada,0
2009,male,5-9,Suicidio y lesiones autoinfligidas,0
2009,male,5-9,Todas las causas,112
2009,male,5-9,"Trastornos mentales debidos al uso de drogas (drogodependencia, toxicomanía)",0
2009,male,50-54,Accidentes de tráfico,129
2009,male,50-54,Agresiones (homicidio),18
2009,male,50-54,Envenenamiento accidental por psicofármacos y drogas de abuso,18
2009,male,50-54,Eventos de intención no determinada,6
2009,male,50-54,Suicidio y lesiones autoinfligidas,216
2009,male,50-54,Todas las causas,6920
2009,male,50-54,"Trastornos mentales debidos al uso de drogas (drogodependencia, toxicomanía)",3
2009,male,55-59,Accidentes de tráfico,96
2009,male,55-59,Agresiones (homicidio),17
2009,male,55-59,Envenenamiento accidental por psicofármacos y drogas de abuso,11
2009,male,55-59,Eventos de intención no determinada,3
2009,male,55-59,Suicidio y lesiones autoinfligidas,196
2009,male,55-59,Todas las causas,9152
2009,male,55-59,"Trastornos mentales debidos al uso de drogas (drogodependencia, toxicomanía)",0
2009,male,60-64,Accidentes de tráfico,108
2009,male,60-64,Agresiones (homicidio),10
2009,male,60-64,Envenenamiento accidental por psicofármacos y drogas de abuso,8
2009,male,60-64,Eventos de intención no determinada,4
2009,male,60-64,Suicidio y lesiones autoinfligidas,192
2009,male,60-64,Todas las causas,12616
2009,male,60-64,"Trastornos mentales debidos al uso de drogas (drogodependencia, toxicomanía)",0
2009,male,65-69,Accidentes de tráfico,97
2009,male,65-69,Agresiones (homicidio),15
2009,male,65-69,Envenenamiento accidental por psicofármacos y drogas de abuso,6
2009,male,65-69,Eventos de intención no determinada,4
2009,male,65-69,Suicidio y lesiones autoinfligidas,147
2009,male,65-69,Todas las causas,15545
2009,male,65-69,"Trastornos mentales debidos al uso de drogas (drogodependencia, toxicomanía)",0
2009,male,70-74,Accidentes de tráfico,83
2009,male,70-74,Agresiones (homicidio),6
2009,male,70-74,Envenenamiento accidental por psicofármacos y drogas de abuso,1
2009,male,70-74,Eventos de intención no determinada,1
2009,male,70-74,Suicidio y lesiones autoinfligidas,179
2009,male,70-74,Todas las causas,21278
2009,male,70-74,"Trastornos mentales debidos al uso de drogas (drogodependencia, toxicomanía)",0
2009,male,75-79,Accidentes de tráfico,106
2009,male,75-79,Agresiones (homicidio),8
2009,male,75-79,Envenenamiento accidental por psicofármacos y drogas de abuso,2
2009,male,75-79,Eventos de intención no determinada,7
2009,male,75-79,Suicidio y lesiones autoinfligidas,221
2009,male,75-79,Todas las causas,32444
2009,male,75-79,"Trastornos mentales debidos al uso de drogas (drogodependencia, toxicomanía)",0
2009,male,80-84,Accidentes de tráfico,71
2009,male,80-84,Agresiones (homicidio),1
2009,male,80-84,Envenenamiento accidental por psicofármacos y drogas de abuso,6
2009,male,80-84,Eventos de intención no determinada,3
2009,male,80-84,Suicidio y lesiones autoinfligidas,147
2009,male,80-84,Todas las causas,36201
2009,male,80-84,"Trastornos mentales debidos al uso de drogas (drogodependencia, toxicomanía)",0
2009,male,85-89,Accidentes de tráfico,40
2009,male,85-89,Agresiones (homicidio),4
2009,male,85-89,Envenenamiento accidental por psicofármacos y drogas de abuso,12
2009,male,85-89,Eventos de intención no determinada,3
2009,male,85-89,Suicidio y lesiones autoinfligidas,111
2009,male,85-89,Todas las causas,30360
2009,male,85-89,"Trastornos mentales debidos al uso de drogas (drogodependencia, toxicomanía)",0
2009,male,90-94,Accidentes de tráfico,17
2009,male,90-94,Agresiones (homicidio),0
2009,male,90-94,Envenenamiento accidental por psicofármacos y drogas de abuso,1
2009,male,90-94,Eventos de intención no determinada,1
2009,male,90-94,Suicidio y lesiones autoinfligidas,34
2009,male,90-94,Todas las causas,14201
2009,male,90-94,"Trastornos mentales debidos al uso de drogas (drogodependencia, toxicomanía)",0
2009,male,95+,Accidentes de tráfico,2
2009,male,95+,Agresiones (homicidio),0
2009,male,95+,Envenenamiento accidental por psicofármacos y drogas de abuso,0
2009,male,95+,Eventos de intención no determinada,0
2009,male,95+,Suicidio y lesiones autoinfligidas,4
2009,male,95+,Todas las causas,5198
2009,male,95+,"Trastornos mentales debidos al uso de drogas (drogodependencia, toxicomanía)",0
2009,male,<1,Accidentes de tráfico,6
2009,male,<1,Agresiones (homicidio),1
2009,male,<1,Envenenamiento accidental por psicofármacos y drogas de abuso,0
2009,male,<1,Eventos de intención no determinada,0
2009,male,<1,Suicidio y lesiones autoinfligidas,0
2009,male,<1,Todas las causas,892
2009,male,<1,"Trastornos mentales debidos al uso de drogas (drogodependencia, toxicomanía)",0
2009,male,all,Accidentes de tráfico,2010
2009,male,all,Agresiones (homicidio),246
2009,male,all,Envenenamiento accidental por psicofármacos y drogas de abuso,401
2009,male,all,Eventos de intención no determinada,58
2009,male,all,Suicidio y lesiones autoinfligidas,2666
2009,male,all,Todas las causas,199095
2009,male,all,"Trastornos mentales debidos al uso de drogas (drogodependencia, toxicomanía)",43
2010,all,1-4,Accidentes de tráfico,30
2010,all,1-4,Agresiones (homicidio),5
2010,all,1-4,Envenenamiento accidental por psicofármacos y drogas de abuso,0
2010,all,1-4,Eventos de intención no determinada,0
2010,all,1-4,Suicidio y lesiones autoinfligidas,0
2010,all,1-4,Todas las causas,357
2010,all,1-4,"Trastornos mentales debidos al uso de drogas (drogodependencia, toxicomanía)",0
2010,all,10-14,Accidentes de tráfico,26
2010,all,10-14,Agresiones (homicidio),2
2010,all,10-14,Envenenamiento accidental por psicofármacos y drogas de abuso,1
2010,all,10-14,Eventos de intención no determinada,0
2010,all,10-14,Suicidio y lesiones autoinfligidas,3
2010,all,10-14,Todas las causas,227
2010,all,10-14,"Trastornos mentales debidos al uso de drogas (drogodependencia, toxicomanía)",0
2010,all,15-19,Accidentes de tráfico,134
2010,all,15-19,Agresiones (homicidio),4
2010,all,15-19,Envenenamiento accidental por psicofármacos y drogas de abuso,3
2010,all,15-19,Eventos de intención no determinada,1
2010,all,15-19,Suicidio y lesiones autoinfligidas,28
2010,all,15-19,Todas las causas,505
2010,all,15-19,"Trastornos mentales debidos al uso de drogas (drogodependencia, toxicomanía)",1
2010,all,20-24,Accidentes de tráfico,178
2010,all,20-24,Agresiones (homicidio),22
2010,all,20-24,Envenenamiento accidental por psicofármacos y drogas de abuso,16
2010,all,20-24,Eventos de intención no determinada,5
2010,all,20-24,Suicidio y lesiones autoinfligidas,94
2010,all,20-24,Todas las causas,814
2010,all,20-24,"Trastornos mentales debidos al uso de drogas (drogodependencia, toxicomanía)",1
2010,all,25-29,Accidentes de tráfico,200
2010,all,25-29,Agresiones (homicidio),26
2010,all,25-29,Envenenamiento accidental por psicofármacos y drogas de abuso,28
2010,all,25-29,Eventos de intención no determinada,2
2010,all,25-29,Suicidio y lesiones autoinfligidas,117
2010,all,25-29,Todas las causas,1136
2010,all,25-29,"Trastornos mentales debidos al uso de drogas (drogodependencia, toxicomanía)",4
2010,all,30-34,Accidentes de tráfico,211
2010,all,30-34,Agresiones (homicidio),34
2010,all,30-34,Envenenamiento accidental por psicofármacos y drogas de abuso,52
2010,all,30-34,Eventos de intención no determinada,3
2010,all,30-34,Suicidio y lesiones autoinfligidas,214
2010,all,30-34,Todas las causas,1824
2010,all,30-34,"Trastornos mentales debidos al uso de drogas (drogodependencia, toxicomanía)",7
2010,all,35-39,Accidentes de tráfico,194
2010,all,35-39,Agresiones (homicidio),40
2010,all,35-39,Envenenamiento accidental por psicofármacos y drogas de abuso,93
2010,all,35-39,Eventos de intención no determinada,3
2010,all,35-39,Suicidio y lesiones autoinfligidas,286
2010,all,35-39,Todas las causas,2772
2010,all,35-39,"Trastornos mentales debidos al uso de drogas (drogodependencia, toxicomanía)",8
2010,all,40-44,Accidentes de tráfico,195
2010,all,40-44,Agresiones (homicidio),37
2010,all,40-44,Envenenamiento accidental por psicofármacos y drogas de abuso,95
2010,all,40-44,Eventos de intención no determinada,7
2010,all,40-44,Suicidio y lesiones autoinfligidas,345
2010,all,40-44,Todas las causas,4658
2010,all,40-44,"Trastornos mentales debidos al uso de drogas (drogodependencia, toxicomanía)",12
2010,all,45-49,Accidentes de tráfico,164
2010,all,45-49,Agresiones (homicidio),28
2010,all,45-49,Envenenamiento accidental por psicofármacos y drogas de abuso,65
2010,all,45-49,Eventos de intención no determinada,6
2010,all,45-49,Suicidio y lesiones autoinfligidas,310
2010,all,45-49,Todas las causas,7266
2010,all,45-49,"Trastornos mentales debidos al uso de drogas (drogodependencia, toxicomanía)",7
2010,all,5-9,Accidentes de tráfico,14
2010,all,5-9,Agresiones (homicidio),3
2010,all,5-9,Envenenamiento accidental por psicofármacos y drogas de abuso,0
2010,all,5-9,Eventos de intención no determinada,0
2010,all,5-9,Suicidio y lesiones autoinfligidas,0
2010,all,5-9,Todas las causas,199
2010,all,5-9,"Trastornos mentales debidos al uso de drogas (drogodependencia, toxicomanía)",0
2010,all,50-54,Accidentes de tráfico,152
2010,all,50-54,Agresiones (homicidio),28
2010,all,50-54,Envenenamiento accidental por psicofármacos y drogas de abuso,30
2010,all,50-54,Eventos de intención no determinada,2
2010,all,50-54,Suicidio y lesiones autoinfligidas,311
2010,all,50-54,Todas las causas,10289
2010,all,50-54,"Trastornos mentales debidos al uso de drogas (drogodependencia, toxicomanía)",3
2010,all,55-59,Accidentes de tráfico,123
2010,all,55-59,Agresiones (homicidio),27
2010,all,55-59,Envenenamiento accidental por psicofármacos y drogas de abuso,12
2010,all,55-59,Eventos de intención no determinada,4
2010,all,55-59,Suicidio y lesiones autoinfligidas,235
2010,all,55-59,Todas las causas,13080
2010,all,55-59,"Trastornos mentales debidos al uso de drogas (drogodependencia, toxicomanía)",4
2010,all,60-64,Accidentes de tráfico,120
2010,all,60-64,Agresiones (homicidio),20
2010,all,60-64,Envenenamiento accidental por psicofármacos y drogas de abuso,6
2010,all,60-64,Eventos de intención no determinada,5
2010,all,60-64,Suicidio y lesiones autoinfligidas,221
2010,all,60-64,Todas las causas,17399
2010,all,60-64,"Trastornos mentales debidos al uso de drogas (drogodependencia, toxicomanía)",1
2010,all,65-69,Accidentes de tráfico,125
2010,all,65-69,Agresiones (homicidio),13
2010,all,65-69,Envenenamiento accidental por psicofármacos y drogas de abuso,10
2010,all,65-69,Eventos de intención no determinada,0
2010,all,65-69,Suicidio y lesiones autoinfligidas,199
2010,all,65-69,Todas las causas,22090
2010,all,65-69,"Trastornos mentales debidos al uso de drogas (drogodependencia, toxicomanía)",0
2010,all,70-74,Accidentes de tráfico,127
2010,all,70-74,Agresiones (homicidio),10
2010,all,70-74,Envenenamiento accidental por psicofármacos y drogas de abuso,11
2010,all,70-74,Eventos de intención no determinada,5
2010,all,70-74,Suicidio y lesiones autoinfligidas,187
2010,all,70-74,Todas las causas,31039
2010,all,70-74,"Trastornos mentales debidos al uso de drogas (drogodependencia, toxicomanía)",0
2010,all,75-79,Accidentes de tráfico,136
2010,all,75-79,Agresiones (homicidio),11
2010,all,75-79,Envenenamiento accidental por psicofármacos y drogas de abuso,16
2010,all,75-79,Eventos de intención no determinada,2
2010,all,75-79,Suicidio y lesiones autoinfligidas,229
2010,all,75-79,Todas las causas,52778
2010,all,75-79,"Trastornos mentales debidos al uso de drogas (drogodependencia, toxicomanía)",0
2010,all,80-84,Accidentes de tráfico,113
2010,all,80-84,Agresiones (homicidio),5
2010,all,80-84,Envenenamiento accidental por psicofármacos y drogas de abuso,18
2010,all,80-84,Eventos de intención no determinada,1
2010,all,80-84,Suicidio y lesiones autoinfligidas,187
2010,all,80-84,Todas las causas,70874
2010,all,80-84,"Trastornos mentales debidos al uso de drogas (drogodependencia, toxicomanía)",0
2010,all,85-89,Accidentes de tráfico,64
2010,all,85-89,Agresiones (homicidio),7
2010,all,85-89,Envenenamiento accidental por psicofármacos y drogas de abuso,29
2010,all,85-89,Eventos de intención no determinada,5
2010,all,85-89,Suicidio y lesiones autoinfligidas,136
2010,all,85-89,Todas las causas,74620
2010,all,85-89,"Trastornos mentales debidos al uso de drogas (drogodependencia, toxicomanía)",0
2010,all,90-94,Accidentes de tráfico,19
2010,all,90-94,Agresiones (homicidio),3
2010,all,90-94,Envenenamiento accidental por psicofármacos y drogas de abuso,11
2010,all,90-94,Eventos de intención no determinada,1
2010,all,90-94,Suicidio y lesiones autoinfligidas,47
2010,all,90-94,Todas las causas,46498
2010,all,90-94,"Trastornos mentales debidos al uso de drogas (drogodependencia, toxicomanía)",0
2010,all,95+,Accidentes de tráfico,3
2010,all,95+,Agresiones (homicidio),0
2010,all,95+,Envenenamiento accidental por psicofármacos y drogas de abuso,1
2010,all,95+,Eventos de intención no determinada,0
2010,all,95+,Suicidio y lesiones autoinfligidas,9
2010,all,95+,Todas las causas,22069
2010,all,95+,"Trastornos mentales debidos al uso de drogas (drogodependencia, toxicomanía)",0
2010,all,<1,Accidentes de tráfico,8
2010,all,<1,Agresiones (homicidio),4
2010,all,<1,Envenenamiento accidental por psicofármacos y drogas de abuso,0
2010,all,<1,Eventos de intención no determinada,0
2010,all,<1,Suicidio y lesiones autoinfligidas,0
2010,all,<1,Todas las causas,1553
2010,all,<1,"Trastornos mentales debidos al uso de drogas (drogodependencia, toxicomanía)",0
2010,all,all,Accidentes de tráfico,2336
2010,all,all,Agresiones (homicidio),329
2010,all,all,Envenenamiento accidental por psicofármacos y drogas de abuso,497
2010,all,all,Eventos de intención no determinada,52
2010,all,all,Suicidio y lesiones autoinfligidas,3158
2010,all,all,Todas las causas,382047
2010,all,all,"Trastornos mentales debidos al uso de drogas (drogodependencia, toxicomanía)",48
2010,female,1-4,Accidentes de tráfico,12
2010,female,1-4,Agresiones (homicidio),2
2010,female,1-4,Envenenamiento accidental por psicofármacos y drogas de abuso,0
2010,female,1-4,Eventos de intención no determinada,0
2010,female,1-4,Suicidio y lesiones autoinfligidas,0
2010,female,1-4,Todas las causas,166
2010,female,1-4,"Trastornos mentales debidos al uso de drogas (drogodependencia, toxicomanía)",0
2010,female,10-14,Accidentes de tráfico,9
2010,female,10-14,Agresiones (homicidio),2
2010,female,10-14,Envenenamiento accidental por psicofármacos y drogas de abuso,0
2010,female,10-14,Eventos de intención no determinada,0
2010,female,10-14,Suicidio y lesiones autoinfligidas,0
2010,female,10-14,Todas las causas,86
2010,female,10-14,"Trastornos mentales debidos al uso de drogas (drogodependencia, toxicomanía)",0
2010,female,15-19,Accidentes de tráfico,32
2010,female,15-19,Agresiones (homicidio),0
2010,female,15-19,Envenenamiento accidental por psicofármacos y drogas de abuso,2
2010,female,15-19,Eventos de intención no determinada,0
2010,female,15-19,Suicidio y lesiones autoinfligidas,6
2010,female,15-19,Todas las causas,152
2010,female,15-19,"Trastornos mentales debidos al uso de drogas (drogodependencia, toxicomanía)",1
2010,female,20-24,Accidentes de tráfico,35
2010,female,20-24,Agresiones (homicidio),8
2010,female,20-24,Envenenamiento accidental por psicofármacos y drogas de abuso,3
2010,female,20-24,Eventos de intención no determinada,2
2010,female,20-24,Suicidio y lesiones autoinfligidas,17
2010,female,20-24,Todas las causas,221
2010,female,20-24,"Trastornos mentales debidos al uso de drogas (drogodependencia, toxicomanía)",0
2010,female,25-29,Accidentes de tráfico,26
2010,female,25-29,Agresiones (homicidio),11
2010,female,25-29,Envenenamiento accidental por psicofármacos y drogas de abuso,4
2010,female,25-29,Eventos de intención no determinada,0
2010,female,25-29,Suicidio y lesiones autoinfligidas,20
2010,female,25-29,Todas las causas,316
2010,female,25-29,"Trastornos mentales debidos al uso de drogas (drogodependencia, toxicomanía)",1
2010,female,30-34,Accidentes de tráfico,31
2010,female,30-34,Agresiones (homicidio),13
2010,female,30-34,Envenenamiento accidental por psicofármacos y drogas de abuso,10
2010,female,30-34,Eventos de intención no determinada,0
2010,female,30-34,Suicidio y lesiones autoinfligidas,39
2010,female,30-34,Todas las causas,552
2010,female,30-34,"Trastornos mentales debidos al uso de drogas (drogodependencia, toxicomanía)",1
2010,female,35-39,Accidentes de tráfico,27
2010,female,35-39,Agresiones (homicidio),10
2010,female,35-39,Envenenamiento accidental por psicofármacos y drogas de abuso,14
2010,female,35-39,Eventos de intención no determinada,1
2010,female,35-39,Suicidio y lesiones autoinfligidas,58
2010,female,35-39,Todas las causas,899
2010,female,35-39,"Trastornos mentales debidos al uso de drogas (drogodependencia, toxicomanía)",1
2010,female,40-44,Accidentes de tráfico,27
2010,female,40-44,Agresiones (homicidio),11
2010,female,40-44,Envenenamiento accidental por psicofármacos y drogas de abuso,7
2010,female,40-44,Eventos de intención no determinada,3
2010,female,40-44,Suicidio y lesiones autoinfligidas,83
2010,female,40-44,Todas las causas,1541
2010,female,40-44,"Trastornos mentales debidos al uso de drogas (drogodependencia, toxicomanía)",3
2010,female,45-49,Accidentes de tráfico,27
2010,female,45-49,Agresiones (homicidio),13
2010,female,45-49,Envenenamiento accidental por psicofármacos y drogas de abuso,13
2010,female,45-49,Eventos de intención no determinada,3
2010,female,45-49,Suicidio y lesiones autoinfligidas,72
2010,female,45-49,Todas las causas,2330
2010,female,45-49,"Trastornos mentales debidos al uso de drogas (drogodependencia, toxicomanía)",2
2010,female,5-9,Accidentes de tráfico,9
2010,female,5-9,Agresiones (homicidio),0
2010,female,5-9,Envenenamiento accidental por psicofármacos y drogas de abuso,0
2010,female,5-9,Eventos de intención no determinada,0
2010,female,5-9,Suicidio y lesiones autoinfligidas,0
2010,female,5-9,Todas las causas,80
2010,female,5-9,"Trastornos mentales debidos al uso de drogas (drogodependencia, toxicomanía)",0
2010,female,50-54,Accidentes de tráfico,21
2010,female,50-54,Agresiones (homicidio),9
2010,female,50-54,Envenenamiento accidental por psicofármacos y drogas de abuso,11
2010,female,50-54,Eventos de intención no determinada,1
2010,female,50-54,Suicidio y lesiones autoinfligidas,68
2010,female,50-54,Todas las causas,3161
2010,female,50-54,"Trastornos mentales debidos al uso de drogas (drogodependencia, toxicomanía)",0
2010,female,55-59,Accidentes de tráfico,27
2010,female,55-59,Agresiones (homicidio),11
2010,female,55-59,Envenenamiento accidental por psicofármacos y drogas de abuso,4
2010,female,55-59,Eventos de intención no determinada,0
2010,female,55-59,Suicidio y lesiones autoinfligidas,56
2010,female,55-59,Todas las causas,3950
2010,female,55-59,"Trastornos mentales debidos al uso de drogas (drogodependencia, toxicomanía)",1
2010,female,60-64,Accidentes de tráfico,29
2010,female,60-64,Agresiones (homicidio),6
2010,female,60-64,Envenenamiento accidental por psicofármacos y drogas de abuso,1
2010,female,60-64,Eventos de intención no determinada,2
2010,female,60-64,Suicidio y lesiones autoinfligidas,53
2010,female,60-64,Todas las causas,5017
2010,female,60-64,"Trastornos mentales debidos al uso de drogas (drogodependencia, toxicomanía)",0
2010,female,65-69,Accidentes de tráfico,32
2010,female,65-69,Agresiones (homicidio),5
2010,female,65-69,Envenenamiento accidental por psicofármacos y drogas de abuso,4
2010,female,65-69,Eventos de intención no determinada,0
2010,female,65-69,Suicidio y lesiones autoinfligidas,52
2010,female,65-69,Todas las causas,6692
2010,female,65-69,"Trastornos mentales debidos al uso de drogas (drogodependencia, toxicomanía)",0
2010,female,70-74,Accidentes de tráfico,45
2010,female,70-74,Agresiones (homicidio),5
2010,female,70-74,Envenenamiento accidental por psicofármacos y drogas de abuso,6
2010,female,70-74,Eventos de intención no determinada,1
2010,female,70-74,Suicidio y lesiones autoinfligidas,46
2010,female,70-74,Todas las causas,10802
2010,female,70-74,"Trastornos mentales debidos al uso de drogas (drogodependencia, toxicomanía)",0
2010,female,75-79,Accidentes de tráfico,42
2010,female,75-79,Agresiones (homicidio),5
2010,female,75-79,Envenenamiento accidental por psicofármacos y drogas de abuso,11
2010,female,75-79,Eventos de intención no determinada,0
2010,female,75-79,Suicidio y lesiones autoinfligidas,52
2010,female,75-79,Todas las causas,21520
2010,female,75-79,"Trastornos mentales debidos al uso de drogas (drogodependencia, toxicomanía)",0
2010,female,80-84,Accidentes de tráfico,39
2010,female,80-84,Agresiones (homicidio),3
2010,female,80-84,Envenenamiento accidental por psicofármacos y drogas de abuso,9
2010,female,80-84,Eventos de intención no determinada,1
2010,female,80-84,Suicidio y lesiones autoinfligidas,29
2010,female,80-84,Todas las causas,34286
2010,female,80-84,"Trastornos mentales debidos al uso de drogas (drogodependencia, toxicomanía)",0
2010,female,85-89,Accidentes de tráfico,32
2010,female,85-89,Agresiones (homicidio),3
2010,female,85-89,Envenenamiento accidental por psicofármacos y drogas de abuso,21
2010,female,85-89,Eventos de intención no determinada,3
2010,female,85-89,Suicidio y lesiones autoinfligidas,27
2010,female,85-89,Todas las causas,43303
2010,female,85-89,"Trastornos mentales debidos al uso de drogas (drogodependencia, toxicomanía)",0
2010,female,90-94,Accidentes de tráfico,4
2010,female,90-94,Agresiones (homicidio),2
2010,female,90-94,Envenenamiento accidental por psicofármacos y drogas de abuso,6
2010,female,90-94,Eventos de intención no determinada,0
2010,female,90-94,Suicidio y lesiones autoinfligidas,9
2010,female,90-94,Todas las causas,31561
2010,female,90-94,"Trastornos mentales debidos al uso de drogas (drogodependencia, toxicomanía)",0
2010,female,95+,Accidentes de tráfico,1
2010,female,95+,Agresiones (homicidio),0
2010,female,95+,Envenenamiento accidental por psicofármacos y drogas de abuso,1
2010,female,95+,Eventos de intención no determinada,0
2010,female,95+,Suicidio y lesiones autoinfligidas,3
2010,female,95+,Todas las causas,16569
2010,female,95+,"Trastornos mentales debidos al uso de drogas (drogodependencia, toxicomanía)",0
2010,female,<1,Accidentes de tráfico,3
2010,female,<1,Agresiones (homicidio),3
2010,female,<1,Envenenamiento accidental por psicofármacos y drogas de abuso,0
2010,female,<1,Eventos de intención no determinada,0
2010,female,<1,Suicidio y lesiones autoinfligidas,0
2010,female,<1,Todas las causas,722
2010,female,<1,"Trastornos mentales debidos al uso de drogas (drogodependencia, toxicomanía)",0
2010,female,all,Accidentes de tráfico,510
2010,female,all,Agresiones (homicidio),122
2010,female,all,Envenenamiento accidental por psicofármacos y drogas de abuso,127
2010,female,all,Eventos de intención no determinada,17
2010,female,all,Suicidio y lesiones autoinfligidas,690
2010,female,all,Todas las causas,183926
2010,female,all,"Trastornos mentales debidos al uso de drogas (drogodependencia, toxicomanía)",10
2010,male,1-4,Accidentes de tráfico,18
2010,male,1-4,Agresiones (homicidio),3
2010,male,1-4,Envenenamiento accidental por psicofármacos y drogas de abuso,0
2010,male,1-4,Eventos de intención no determinada,0
2010,male,1-4,Suicidio y lesiones autoinfligidas,0
2010,male,1-4,Todas las causas,191
2010,male,1-4,"Trastornos mentales debidos al uso de drogas (drogodependencia, toxicomanía)",0
2010,male,10-14,Accidentes de tráfico,17
2010,male,10-14,Agresiones (homicidio),0
2010,male,10-14,Envenenamiento accidental por psicofármacos y drogas de abuso,1
2010,male,10-14,Eventos de intención no determinada,0
2010,male,10-14,Suicidio y lesiones autoinfligidas,3
2010,male,10-14,Todas las causas,141
2010,male,10-14,"Trastornos mentales debidos al uso de drogas (drogodependencia, toxicomanía)",0
2010,male,15-19,Accidentes de tráfico,102
2010,male,15-19,Agresiones (homicidio),4
2010,male,15-19,Envenenamiento accidental por psicofármacos y drogas de abuso,1
2010,male,15-19,Eventos de intención no determinada,1
2010,male,15-19,Suicidio y lesiones autoinfligidas,22
2010,male,15-19,Todas las causas,353
2010,male,15-19,"Trastornos mentales debidos al uso de drogas (drogodependencia, toxicomanía)",0
2010,male,20-24,Accidentes de tráfico,143
2010,male,20-24,Agresiones (homicidio),14
2010,male,20-24,Envenenamiento accidental por psicofármacos y drogas de abuso,13
2010,male,20-24,Eventos de intención no determinada,3
2010,male,20-24,Suicidio y lesiones autoinfligidas,77
2010,male,20-24,Todas las causas,593
2010,male,20-24,"Trastornos mentales debidos al uso de drogas (drogodependencia, toxicomanía)",1
2010,male,25-29,Accidentes de tráfico,174
2010,male,25-29,Agresiones (homicidio),15
2010,male,25-29,Envenenamiento accidental por psicofármacos y drogas de abuso,24
2010,male,25-29,Eventos de intención no determinada,2
2010,male,25-29,Suicidio y lesiones autoinfligidas,97
2010,male,25-29,Todas las causas,820
2010,male,25-29,"Trastornos mentales debidos al uso de drogas (drogodependencia, toxicomanía)",3
2010,male,30-34,Accidentes de tráfico,180
2010,male,30-34,Agresiones (homicidio),21
2010,male,30-34,Envenenamiento accidental por psicofármacos y drogas de abuso,42
2010,male,30-34,Eventos de intención no determinada,3
2010,male,30-34,Suicidio y lesiones autoinfligidas,175
2010,male,30-34,Todas las causas,1272
2010,male,30-34,"Trastornos mentales debidos al uso de drogas (drogodependencia, toxicomanía)",6
2010,male,35-39,Accidentes de tráfico,167
2010,male,35-39,Agresiones (homicidio),30
2010,male,35-39,Envenenamiento accidental por psicofármacos y drogas de abuso,79
2010,male,35-39,Eventos de intención no determinada,2
2010,male,35-39,Suicidio y lesiones autoinfligidas,228
2010,male,35-39,Todas las causas,1873
2010,male,35-39,"Trastornos mentales debidos al uso de drogas (drogodependencia, toxicomanía)",7
2010,male,40-44,Accidentes de tráfico,168
2010,male,40-44,Agresiones (homicidio),26
2010,male,40-44,Envenenamiento accidental por psicofármacos y drogas de abuso,88
2010,male,40-44,Eventos de intención no determinada,4
2010,male,40-44,Suicidio y lesiones autoinfligidas,262
2010,male,40-44,Todas las causas,3117
2010,male,40-44,"Trastornos mentales debidos al uso de drogas (drogodependencia, toxicomanía)",9
2010,male,45-49,Accidentes de tráfico,137
2010,male,45-49,Agresiones (homicidio),15
2010,male,45-49,Envenenamiento accidental por psicofármacos y drogas de abuso,52
2010,male,45-49,Eventos de intención no determinada,3
2010,male,45-49,Suicidio y lesiones autoinfligidas,238
2010,male,45-49,Todas las causas,4936
2010,male,45-49,"Trastornos mentales debidos al uso de drogas (drogodependencia, toxicomanía)",5
2010,male,5-9,Accidentes de tráfico,5
2010,male,5-9,Agresiones (homicidio),3
2010,male,5-9,Envenenamiento accidental por psicofármacos y drogas de abuso,0
2010,male,5-9,Eventos de intención no determinada,0
2010,male,5-9,Suicidio y lesiones autoinfligidas,0
2010,male,5-9,Todas las causas,119
2010,male,5-9,"Trastornos mentales debidos al uso de drogas (drogodependencia, toxicomanía)",0
2010,male,50-54,Accidentes de tráfico,131
2010,male,50-54,Agresiones (homicidio),19
2010,male,50-54,Envenenamiento accidental por psicofármacos y drogas de abuso,19
2010,male,50-54,Eventos de intención no determinada,1
2010,male,50-54,Suicidio y lesiones autoinfligidas,243
2010,male,50-54,Todas las causas,7128
2010,male,50-54,"Trastornos mentales debidos al uso de drogas (drogodependencia, toxicomanía)",3
2010,male,55-59,Accidentes de tráfico,96
2010,male,55-59,Agresiones (homicidio),16
2010,male,55-59,Envenenamiento accidental por psicofármacos y drogas de abuso,8
2010,male,55-59,Eventos de intención no determinada,4
2010,male,55-59,Suicidio y lesiones autoinfligidas,179
2010,male,55-59,Todas las causas,9130
2010,male,55-59,"Trastornos mentales debidos al uso de drogas (drogodependencia, toxicomanía)",3
2010,male,60-64,Accidentes de tráfico,91
2010,male,60-64,Agresiones (homicidio),14
2010,male,60-64,Envenenamiento accidental por psicofármacos y drogas de abuso,5
2010,male,60-64,Eventos de intención no determinada,3
2010,male,60-64,Suicidio y lesiones autoinfligidas,168
2010,male,60-64,Todas las causas,12382
2010,male,60-64,"Trastornos mentales debidos al uso de drogas (drogodependencia, toxicomanía)",1
2010,male,65-69,Accidentes de tráfico,93
2010,male,65-69,Agresiones (homicidio),8
2010,male,65-69,Envenenamiento accidental por psicofármacos y drogas de abuso,6
2010,male,65-69,Eventos de intención no determinada,0
2010,male,65-69,Suicidio y lesiones autoinfligidas,147
2010,male,65-69,Todas las causas,15398
2010,male,65-69,"Trastornos mentales debidos al uso de drogas (drogodependencia, toxicomanía)",0
2010,male,70-74,Accidentes de tráfico,82
2010,male,70-74,Agresiones (homicidio),5
2010,male,70-74,Envenenamiento accidental por psicofármacos y drogas de abuso,5
2010,male,70-74,Eventos de intención no determinada,4
2010,male,70-74,Suicidio y lesiones autoinfligidas,141
2010,male,70-74,Todas las causas,20237
2010,male,70-74,"Trastornos mentales debidos al uso de drogas (drogodependencia, toxicomanía)",0
2010,male,75-79,Accidentes de tráfico,94
2010,male,75-79,Agresiones (homicidio),6
2010,male,75-79,Envenenamiento accidental por psicofármacos y drogas de abuso,5
2010,male,75-79,Eventos de intención no determinada,2
2010,male,75-79,Suicidio y lesiones autoinfligidas,177
2010,male,75-79,Todas las causas,31258
2010,male,75-79,"Trastornos mentales debidos al uso de drogas (drogodependencia, toxicomanía)",0
2010,male,80-84,Accidentes de tráfico,74
2010,male,80-84,Agresiones (homicidio),2
2010,male,80-84,Envenenamiento accidental por psicofármacos y drogas de abuso,9
2010,male,80-84,Eventos de intención no determinada,0
2010,male,80-84,Suicidio y lesiones autoinfligidas,158
2010,male,80-84,Todas las causas,36588
2010,male,80-84,"Trastornos mentales debidos al uso de drogas (drogodependencia, toxicomanía)",0
2010,male,85-89,Accidentes de tráfico,32
2010,male,85-89,Agresiones (homicidio),4
2010,male,85-89,Envenenamiento accidental por psicofármacos y drogas de abuso,8
2010,male,85-89,Eventos de intención no determinada,2
2010,male,85-89,Suicidio y lesiones autoinfligidas,109
2010,male,85-89,Todas las causas,31317
2010,male,85-89,"Trastornos mentales debidos al uso de drogas (drogodependencia, toxicomanía)",0
2010,male,90-94,Accidentes de tráfico,15
2010,male,90-94,Agresiones (homicidio),1
2010,male,90-94,Envenenamiento accidental por psicofármacos y drogas de abuso,5
2010,male,90-94,Eventos de intención no determinada,1
2010,male,90-94,Suicidio y lesiones autoinfligidas,38
2010,male,90-94,Todas las causas,14937
2010,male,90-94,"Trastornos mentales debidos al uso de drogas (drogodependencia, toxicomanía)",0
2010,male,95+,Accidentes de tráfico,2
2010,male,95+,Agresiones (homicidio),0
2010,male,95+,Envenenamiento accidental por psicofármacos y drogas de abuso,0
2010,male,95+,Eventos de intención no determinada,0
2010,male,95+,Suicidio y lesiones autoinfligidas,6
2010,male,95+,Todas las causas,5500
2010,male,95+,"Trastornos mentales debidos al uso de drogas (drogodependencia, toxicomanía)",0
2010,male,<1,Accidentes de tráfico,5
2010,male,<1,Agresiones (homicidio),1
2010,male,<1,Envenenamiento accidental por psicofármacos y drogas de abuso,0
2010,male,<1,Eventos de intención no determinada,0
2010,male,<1,Suicidio y lesiones autoinfligidas,0
2010,male,<1,Todas las causas,831
2010,male,<1,"Trastornos mentales debidos al uso de drogas (drogodependencia, toxicomanía)",0
2010,male,all,Accidentes de tráfico,1826
2010,male,all,Agresiones (homicidio),207
2010,male,all,Envenenamiento accidental por psicofármacos y drogas de abuso,370
2010,male,all,Eventos de intención no determinada,35
2010,male,all,Suicidio y lesiones autoinfligidas,2468
2010,male,all,Todas las causas,198121
2010,male,all,"Trastornos mentales debidos al uso de drogas (drogodependencia, toxicomanía)",38
2011,all,1-4,Accidentes de tráfico,12
2011,all,1-4,Agresiones (homicidio),5
2011,all,1-4,Envenenamiento accidental por psicofármacos y drogas de abuso,0
2011,all,1-4,Eventos de intención no determinada,0
2011,all,1-4,Suicidio y lesiones autoinfligidas,0
2011,all,1-4,Todas las causas,329
2011,all,1-4,"Trastornos mentales debidos al uso de drogas (drogodependencia, toxicomanía)",0
2011,all,10-14,Accidentes de tráfico,12
2011,all,10-14,Agresiones (homicidio),8
2011,all,10-14,Envenenamiento accidental por psicofármacos y drogas de abuso,1
2011,all,10-14,Eventos de intención no determinada,1
2011,all,10-14,Suicidio y lesiones autoinfligidas,2
2011,all,10-14,Todas las causas,237
2011,all,10-14,"Trastornos mentales debidos al uso de drogas (drogodependencia, toxicomanía)",0
2011,all,15-19,Accidentes de tráfico,97
2011,all,15-19,Agresiones (homicidio),14
2011,all,15-19,Envenenamiento accidental por psicofármacos y drogas de abuso,6
2011,all,15-19,Eventos de intención no determinada,2
2011,all,15-19,Suicidio y lesiones autoinfligidas,45
2011,all,15-19,Todas las causas,500
2011,all,15-19,"Trastornos mentales debidos al uso de drogas (drogodependencia, toxicomanía)",0
2011,all,20-24,Accidentes de tráfico,169
2011,all,20-24,Agresiones (homicidio),19
2011,all,20-24,Envenenamiento accidental por psicofármacos y drogas de abuso,16
2011,all,20-24,Eventos de intención no determinada,1
2011,all,20-24,Suicidio y lesiones autoinfligidas,69
2011,all,20-24,Todas las causas,779
2011,all,20-24,"Trastornos mentales debidos al uso de drogas (drogodependencia, toxicomanía)",1
2011,all,25-29,Accidentes de tráfico,154
2011,all,25-29,Agresiones (homicidio),36
2011,all,25-29,Envenenamiento accidental por psicofármacos y drogas de abuso,37
2011,all,25-29,Eventos de intención no determinada,3
2011,all,25-29,Suicidio y lesiones autoinfligidas,130
2011,all,25-29,Todas las causas,1048
2011,all,25-29,"Trastornos mentales debidos al uso de drogas (drogodependencia, toxicomanía)",1
2011,all,30-34,Accidentes de tráfico,167
2011,all,30-34,Agresiones (homicidio),35
2011,all,30-34,Envenenamiento accidental por psicofármacos y drogas de abuso,45
2011,all,30-34,Eventos de intención no determinada,10
2011,all,30-34,Suicidio y lesiones autoinfligidas,222
2011,all,30-34,Todas las causas,1738
2011,all,30-34,"Trastornos mentales debidos al uso de drogas (drogodependencia, toxicomanía)",6
2011,all,35-39,Accidentes de tráfico,180
2011,all,35-39,Agresiones (homicidio),36
2011,all,35-39,Envenenamiento accidental por psicofármacos y drogas de abuso,77
2011,all,35-39,Eventos de intención no determinada,7
2011,all,35-39,Suicidio y lesiones autoinfligidas,274
2011,all,35-39,Todas las causas,2687
2011,all,35-39,"Trastornos mentales debidos al uso de drogas (drogodependencia, toxicomanía)",6
2011,all,40-44,Accidentes de tráfico,198
2011,all,40-44,Agresiones (homicidio),36
2011,all,40-44,Envenenamiento accidental por psicofármacos y drogas de abuso,77
2011,all,40-44,Eventos de intención no determinada,10
2011,all,40-44,Suicidio y lesiones autoinfligidas,343
2011,all,40-44,Todas las causas,4459
2011,all,40-44,"Trastornos mentales debidos al uso de drogas (drogodependencia, toxicomanía)",6
2011,all,45-49,Accidentes de tráfico,174
2011,all,45-49,Agresiones (homicidio),33
2011,all,45-49,Envenenamiento accidental por psicofármacos y drogas de abuso,70
2011,all,45-49,Eventos de intención no determinada,14
2011,all,45-49,Suicidio y lesiones autoinfligidas,300
2011,all,45-49,Todas las causas,7100
2011,all,45-49,"Trastornos mentales debidos al uso de drogas (drogodependencia, toxicomanía)",4
2011,all,5-9,Accidentes de tráfico,11
2011,all,5-9,Agresiones (homicidio),5
2011,all,5-9,Envenenamiento accidental por psicofármacos y drogas de abuso,0
2011,all,5-9,Eventos de intención no determinada,0
2011,all,5-9,Suicidio y lesiones autoinfligidas,0
2011,all,5-9,Todas las causas,206
2011,all,5-9,"Trastornos mentales debidos al uso de drogas (drogodependencia, toxicomanía)",0
2011,all,50-54,Accidentes de tráfico,135
2011,all,50-54,Agresiones (homicidio),22
2011,all,50-54,Envenenamiento accidental por psicofármacos y drogas de abuso,38
2011,all,50-54,Eventos de intención no determinada,10
2011,all,50-54,Suicidio y lesiones autoinfligidas,315
2011,all,50-54,Todas las causas,10522
2011,all,50-54,"Trastornos mentales debidos al uso de drogas (drogodependencia, toxicomanía)",4
2011,all,55-59,Accidentes de tráfico,114
2011,all,55-59,Agresiones (homicidio),16
2011,all,55-59,Envenenamiento accidental por psicofármacos y drogas de abuso,21
2011,all,55-59,Eventos de intención no determinada,9
2011,all,55-59,Suicidio y lesiones autoinfligidas,237
2011,all,55-59,Todas las causas,13153
2011,all,55-59,"Trastornos mentales debidos al uso de drogas (drogodependencia, toxicomanía)",1
2011,all,60-64,Accidentes de tráfico,114
2011,all,60-64,Agresiones (homicidio),14
2011,all,60-64,Envenenamiento accidental por psicofármacos y drogas de abuso,9
2011,all,60-64,Eventos de intención no determinada,2
2011,all,60-64,Suicidio y lesiones autoinfligidas,194
2011,all,60-64,Todas las causas,17493
2011,all,60-64,"Trastornos mentales debidos al uso de drogas (drogodependencia, toxicomanía)",0
2011,all,65-69,Accidentes de tráfico,117
2011,all,65-69,Agresiones (homicidio),12
2011,all,65-69,Envenenamiento accidental por psicofármacos y drogas de abuso,9
2011,all,65-69,Eventos de intención no determinada,3
2011,all,65-69,Suicidio y lesiones autoinfligidas,198
2011,all,65-69,Todas las causas,22532
2011,all,65-69,"Trastornos mentales debidos al uso de drogas (drogodependencia, toxicomanía)",0
2011,all,70-74,Accidentes de tráfico,100
2011,all,70-74,Agresiones (homicidio),9
2011,all,70-74,Envenenamiento accidental por psicofármacos y drogas de abuso,11
2011,all,70-74,Eventos de intención no determinada,1
2011,all,70-74,Suicidio y lesiones autoinfligidas,204
2011,all,70-74,Todas las causas,29946
2011,all,70-74,"Trastornos mentales debidos al uso de drogas (drogodependencia, toxicomanía)",0
2011,all,75-79,Accidentes de tráfico,152
2011,all,75-79,Agresiones (homicidio),17
2011,all,75-79,Envenenamiento accidental por psicofármacos y drogas de abuso,18
2011,all,75-79,Eventos de intención no determinada,7
2011,all,75-79,Suicidio y lesiones autoinfligidas,258
2011,all,75-79,Todas las causas,51939
2011,all,75-79,"Trastornos mentales debidos al uso de drogas (drogodependencia, toxicomanía)",0
2011,all,80-84,Accidentes de tráfico,110
2011,all,80-84,Agresiones (homicidio),11
2011,all,80-84,Envenenamiento accidental por psicofármacos y drogas de abuso,49
2011,all,80-84,Eventos de intención no determinada,3
2011,all,80-84,Suicidio y lesiones autoinfligidas,216
2011,all,80-84,Todas las causas,72313
2011,all,80-84,"Trastornos mentales debidos al uso de drogas (drogodependencia, toxicomanía)",1
2011,all,85-89,Accidentes de tráfico,76
2011,all,85-89,Agresiones (homicidio),1
2011,all,85-89,Envenenamiento accidental por psicofármacos y drogas de abuso,47
2011,all,85-89,Eventos de intención no determinada,1
2011,all,85-89,Suicidio y lesiones autoinfligidas,123
2011,all,85-89,Todas las causas,77293
2011,all,85-89,"Trastornos mentales debidos al uso de drogas (drogodependencia, toxicomanía)",0
2011,all,90-94,Accidentes de tráfico,20
2011,all,90-94,Agresiones (homicidio),3
2011,all,90-94,Envenenamiento accidental por psicofármacos y drogas de abuso,19
2011,all,90-94,Eventos de intención no determinada,1
2011,all,90-94,Suicidio y lesiones autoinfligidas,40
2011,all,90-94,Todas las causas,48781
2011,all,90-94,"Trastornos mentales debidos al uso de drogas (drogodependencia, toxicomanía)",0
2011,all,95+,Accidentes de tráfico,2
2011,all,95+,Agresiones (homicidio),0
2011,all,95+,Envenenamiento accidental por psicofármacos y drogas de abuso,10
2011,all,95+,Eventos de intención no determinada,1
2011,all,95+,Suicidio y lesiones autoinfligidas,10
2011,all,95+,Todas las causas,23351
2011,all,95+,"Trastornos mentales debidos al uso de drogas (drogodependencia, toxicomanía)",0
2011,all,<1,Accidentes de tráfico,2
2011,all,<1,Agresiones (homicidio),2
2011,all,<1,Envenenamiento accidental por psicofármacos y drogas de abuso,0
2011,all,<1,Eventos de intención no determinada,1
2011,all,<1,Suicidio y lesiones autoinfligidas,0
2011,all,<1,Todas las causas,1505
2011,all,<1,"Trastornos mentales debidos al uso de drogas (drogodependencia, toxicomanía)",0
2011,all,all,Accidentes de tráfico,2116
2011,all,all,Agresiones (homicidio),334
2011,all,all,Envenenamiento accidental por psicofármacos y drogas de abuso,560
2011,all,all,Eventos de intención no determinada,87
2011,all,all,Suicidio y lesiones autoinfligidas,3180
2011,all,all,Todas las causas,387911
2011,all,all,"Trastornos mentales debidos al uso de drogas (drogodependencia, toxicomanía)",30
2011,female,1-4,Accidentes de tráfico,6
2011,female,1-4,Agresiones (homicidio),2
2011,female,1-4,Envenenamiento accidental por psicofármacos y drogas de abuso,0
2011,female,1-4,Eventos de intención no determinada,0
2011,female,1-4,Suicidio y lesiones autoinfligidas,0
2011,female,1-4,Todas las causas,146
2011,female,1-4,"Trastornos mentales debidos al uso de drogas (drogodependencia, toxicomanía)",0
2011,female,10-14,Accidentes de tráfico,5
2011,female,10-14,Agresiones (homicidio),2
2011,female,10-14,Envenenamiento accidental por psicofármacos y drogas de abuso,0
2011,female,10-14,Eventos de intención no determinada,0
2011,female,10-14,Suicidio y lesiones autoinfligidas,1
2011,female,10-14,Todas las causas,105
2011,female,10-14,"Trastornos mentales debidos al uso de drogas (drogodependencia, toxicomanía)",0
2011,female,15-19,Accidentes de tráfico,21
2011,female,15-19,Agresiones (homicidio),4
2011,female,15-19,Envenenamiento accidental por psicofármacos y drogas de abuso,3
2011,female,15-19,Eventos de intención no determinada,1
2011,female,15-19,Suicidio y lesiones autoinfligidas,12
2011,female,15-19,Todas las causas,185
2011,female,15-19,"Trastornos mentales debidos al uso de drogas (drogodependencia, toxicomanía)",0
2011,female,20-24,Accidentes de tráfico,35
2011,female,20-24,Agresiones (homicidio),5
2011,female,20-24,Envenenamiento accidental por psicofármacos y drogas de abuso,2
2011,female,20-24,Eventos de intención no determinada,1
2011,female,20-24,Suicidio y lesiones autoinfligidas,9
2011,female,20-24,Todas las causas,196
2011,female,20-24,"Trastornos mentales debidos al uso de drogas (drogodependencia, toxicomanía)",0
2011,female,25-29,Accidentes de tráfico,30
2011,female,25-29,Agresiones (homicidio),14
2011,female,25-29,Envenenamiento accidental por psicofármacos y drogas de abuso,8
2011,female,25-29,Eventos de intención no determinada,0
2011,female,25-29,Suicidio y lesiones autoinfligidas,20
2011,female,25-29,Todas las causas,309
2011,female,25-29,"Trastornos mentales debidos al uso de drogas (drogodependencia, toxicomanía)",0
2011,female,30-34,Accidentes de tráfico,17
2011,female,30-34,Agresiones (homicidio),12
2011,female,30-34,Envenenamiento accidental por psicofármacos y drogas de abuso,6
2011,female,30-34,Eventos de intención no determinada,3
2011,female,30-34,Suicidio y lesiones autoinfligidas,50
2011,female,30-34,Todas las causas,552
2011,female,30-34,"Trastornos mentales debidos al uso de drogas (drogodependencia, toxicomanía)",2
2011,female,35-39,Accidentes de tráfico,16
2011,female,35-39,Agresiones (homicidio),10
2011,female,35-39,Envenenamiento accidental por psicofármacos y drogas de abuso,15
2011,female,35-39,Eventos de intención no determinada,2
2011,female,35-39,Suicidio y lesiones autoinfligidas,63
2011,female,35-39,Todas las causas,910
2011,female,35-39,"Trastornos mentales debidos al uso de drogas (drogodependencia, toxicomanía)",2
2011,female,40-44,Accidentes de tráfico,33
2011,female,40-44,Agresiones (homicidio),11
2011,female,40-44,Envenenamiento accidental por psicofármacos y drogas de abuso,12
2011,female,40-44,Eventos de intención no determinada,2
2011,female,40-44,Suicidio y lesiones autoinfligidas,75
2011,female,40-44,Todas las causas,1533
2011,female,40-44,"Trastornos mentales debidos al uso de drogas (drogodependencia, toxicomanía)",3
2011,female,45-49,Accidentes de tráfico,26
2011,female,45-49,Agresiones (homicidio),9
2011,female,45-49,Envenenamiento accidental por psicofármacos y drogas de abuso,12
2011,female,45-49,Eventos de intención no determinada,4
2011,female,45-49,Suicidio y lesiones autoinfligidas,71
2011,female,45-49,Todas las causas,2359
2011,female,45-49,"Trastornos mentales debidos al uso de drogas (drogodependencia, toxicomanía)",0
2011,female,5-9,Accidentes de tráfico,2
2011,female,5-9,Agresiones (homicidio),1
2011,female,5-9,Envenenamiento accidental por psicofármacos y drogas de abuso,0
2011,female,5-9,Eventos de intención no determinada,0
2011,female,5-9,Suicidio y lesiones autoinfligidas,0
2011,female,5-9,Todas las causas,83
2011,female,5-9,"Trastornos mentales debidos al uso de drogas (drogodependencia, toxicomanía)",0
2011,female,50-54,Accidentes de tráfico,23
2011,female,50-54,Agresiones (homicidio),5
2011,female,50-54,Envenenamiento accidental por psicofármacos y drogas de abuso,12
2011,female,50-54,Eventos de intención no determinada,0
2011,female,50-54,Suicidio y lesiones autoinfligidas,81
2011,female,50-54,Todas las causas,3370
2011,female,50-54,"Trastornos mentales debidos al uso de drogas (drogodependencia, toxicomanía)",0
2011,female,55-59,Accidentes de tráfico,24
2011,female,55-59,Agresiones (homicidio),3
2011,female,55-59,Envenenamiento accidental por psicofármacos y drogas de abuso,7
2011,female,55-59,Eventos de intención no determinada,2
2011,female,55-59,Suicidio y lesiones autoinfligidas,57
2011,female,55-59,Todas las causas,4001
2011,female,55-59,"Trastornos mentales debidos al uso de drogas (drogodependencia, toxicomanía)",0
2011,female,60-64,Accidentes de tráfico,33
2011,female,60-64,Agresiones (homicidio),4
2011,female,60-64,Envenenamiento accidental por psicofármacos y drogas de abuso,5
2011,female,60-64,Eventos de intención no determinada,0
2011,female,60-64,Suicidio y lesiones autoinfligidas,48
2011,female,60-64,Todas las causas,5129
2011,female,60-64,"Trastornos mentales debidos al uso de drogas (drogodependencia, toxicomanía)",0
2011,female,65-69,Accidentes de tráfico,29
2011,female,65-69,Agresiones (homicidio),2
2011,female,65-69,Envenenamiento accidental por psicofármacos y drogas de abuso,2
2011,female,65-69,Eventos de intención no determinada,2
2011,female,65-69,Suicidio y lesiones autoinfligidas,59
2011,female,65-69,Todas las causas,6899
2011,female,65-69,"Trastornos mentales debidos al uso de drogas (drogodependencia, toxicomanía)",0
2011,female,70-74,Accidentes de tráfico,36
2011,female,70-74,Agresiones (homicidio),7
2011,female,70-74,Envenenamiento accidental por psicofármacos y drogas de abuso,4
2011,female,70-74,Eventos de intención no determinada,1
2011,female,70-74,Suicidio y lesiones autoinfligidas,66
2011,female,70-74,Todas las causas,10229
2011,female,70-74,"Trastornos mentales debidos al uso de drogas (drogodependencia, toxicomanía)",0
2011,female,75-79,Accidentes de tráfico,54
2011,female,75-79,Agresiones (homicidio),5
2011,female,75-79,Envenenamiento accidental por psicofármacos y drogas de abuso,10
2011,female,75-79,Eventos de intención no determinada,1
2011,female,75-79,Suicidio y lesiones autoinfligidas,42
2011,female,75-79,Todas las causas,21126
2011,female,75-79,"Trastornos mentales debidos al uso de drogas (drogodependencia, toxicomanía)",0
2011,female,80-84,Accidentes de tráfico,42
2011,female,80-84,Agresiones (homicidio),5
2011,female,80-84,Envenenamiento accidental por psicofármacos y drogas de abuso,28
2011,female,80-84,Eventos de intención no determinada,2
2011,female,80-84,Suicidio y lesiones autoinfligidas,44
2011,female,80-84,Todas las causas,35060
2011,female,80-84,"Trastornos mentales debidos al uso de drogas (drogodependencia, toxicomanía)",1
2011,female,85-89,Accidentes de tráfico,40
2011,female,85-89,Agresiones (homicidio),1
2011,female,85-89,Envenenamiento accidental por psicofármacos y drogas de abuso,32
2011,female,85-89,Eventos de intención no determinada,1
2011,female,85-89,Suicidio y lesiones autoinfligidas,31
2011,female,85-89,Todas las causas,44639
2011,female,85-89,"Trastornos mentales debidos al uso de drogas (drogodependencia, toxicomanía)",0
2011,female,90-94,Accidentes de tráfico,10
2011,female,90-94,Agresiones (homicidio),1
2011,female,90-94,Envenenamiento accidental por psicofármacos y drogas de abuso,15
2011,female,90-94,Eventos de intención no determinada,1
2011,female,90-94,Suicidio y lesiones autoinfligidas,9
2011,female,90-94,Todas las causas,32886
2011,female,90-94,"Trastornos mentales debidos al uso de drogas (drogodependencia, toxicomanía)",0
2011,female,95+,Accidentes de tráfico,0
2011,female,95+,Agresiones (homicidio),0
2011,female,95+,Envenenamiento accidental por psicofármacos y drogas de abuso,9
2011,female,95+,Eventos de intención no determinada,0
2011,female,95+,Suicidio y lesiones autoinfligidas,7
2011,female,95+,Todas las causas,17653
2011,female,95+,"Trastornos mentales debidos al uso de drogas (drogodependencia, toxicomanía)",0
2011,female,<1,Accidentes de tráfico,2
2011,female,<1,Agresiones (homicidio),1
2011,female,<1,Envenenamiento accidental por psicofármacos y drogas de abuso,0
2011,female,<1,Eventos de intención no determinada,0
2011,female,<1,Suicidio y lesiones autoinfligidas,0
2011,female,<1,Todas las causas,687
2011,female,<1,"Trastornos mentales debidos al uso de drogas (drogodependencia, toxicomanía)",0
2011,female,all,Accidentes de tráfico,484
2011,female,all,Agresiones (homicidio),104
2011,female,all,Envenenamiento accidental por psicofármacos y drogas de abuso,182
2011,female,all,Eventos de intención no determinada,23
2011,female,all,Suicidio y lesiones autoinfligidas,745
2011,female,all,Todas las causas,188057
2011,female,all,"Trastornos mentales debidos al uso de drogas (drogodependencia, toxicomanía)",8
2011,male,1-4,Accidentes de tráfico,6
2011,male,1-4,Agresiones (homicidio),3
2011,male,1-4,Envenenamiento accidental por psicofármacos y drogas de abuso,0
2011,male,1-4,Eventos de intención no determinada,0
2011,male,1-4,Suicidio y lesiones autoinfligidas,0
2011,male,1-4,Todas las causas,183
2011,male,1-4,"Trastornos mentales debidos al uso de drogas (drogodependencia, toxicomanía)",0
2011,male,10-14,Accidentes de tráfico,7
2011,male,10-14,Agresiones (homicidio),6
2011,male,10-14,Envenenamiento accidental por psicofármacos y drogas de abuso,1
2011,male,10-14,Eventos de intención no determinada,1
2011,male,10-14,Suicidio y lesiones autoinfligidas,1
2011,male,10-14,Todas las causas,132
2011,male,10-14,"Trastornos mentales debidos al uso de drogas (drogodependencia, toxicomanía)",0
2011,male,15-19,Accidentes de tráfico,76
2011,male,15-19,Agresiones (homicidio),10
2011,male,15-19,Envenenamiento accidental por psicofármacos y drogas de abuso,3
2011,male,15-19,Eventos de intención no determinada,1
2011,male,15-19,Suicidio y lesiones autoinfligidas,33
2011,male,15-19,Todas las causas,315
2011,male,15-19,"Trastornos mentales debidos al uso de drogas (drogodependencia, toxicomanía)",0
2011,male,20-24,Accidentes de tráfico,134
2011,male,20-24,Agresiones (homicidio),14
2011,male,20-24,Envenenamiento accidental por psicofármacos y drogas de abuso,14
2011,male,20-24,Eventos de intención no determinada,0
2011,male,20-24,Suicidio y lesiones autoinfligidas,60
2011,male,20-24,Todas las causas,583
2011,male,20-24,"Trastornos mentales debidos al uso de drogas (drogodependencia, toxicomanía)",1
2011,male,25-29,Accidentes de tráfico,124
2011,male,25-29,Agresiones (homicidio),22
2011,male,25-29,Envenenamiento accidental por psicofármacos y drogas de abuso,29
2011,male,25-29,Eventos de intención no determinada,3
2011,male,25-29,Suicidio y lesiones autoinfligidas,110
2011,male,25-29,Todas las causas,739
2011,male,25-29,"Trastornos mentales debidos al uso de drogas (drogodependencia, toxicomanía)",1
2011,male,30-34,Accidentes de tráfico,150
2011,male,30-34,Agresiones (homicidio),23
2011,male,30-34,Envenenamiento accidental por psicofármacos y drogas de abuso,39
2011,male,30-34,Eventos de intención no determinada,7
2011,male,30-34,Suicidio y lesiones autoinfligidas,172
2011,male,30-34,Todas las causas,1186
2011,male,30-34,"Trastornos mentales debidos al uso de drogas (drogodependencia, toxicomanía)",4
2011,male,35-39,Accidentes de tráfico,164
2011,male,35-39,Agresiones (homicidio),26
2011,male,35-39,Envenenamiento accidental por psicofármacos y drogas de abuso,62
2011,male,35-39,Eventos de intención no determinada,5
2011,male,35-39,Suicidio y lesiones autoinfligidas,211
2011,male,35-39,Todas las causas,1777
2011,male,35-39,"Trastornos mentales debidos al uso de drogas (drogodependencia, toxicomanía)",4
2011,male,40-44,Accidentes de tráfico,165
2011,male,40-44,Agresiones (homicidio),25
2011,male,40-44,Envenenamiento accidental por psicofármacos y drogas de abuso,65
2011,male,40-44,Eventos de intención no determinada,8
2011,male,40-44,Suicidio y lesiones autoinfligidas,268
2011,male,40-44,Todas las causas,2926
2011,male,40-44,"Trastornos mentales debidos al uso de drogas (drogodependencia, toxicomanía)",3
2011,male,45-49,Accidentes de tráfico,148
2011,male,45-49,Agresiones (homicidio),24
2011,male,45-49,Envenenamiento accidental por psicofármacos y drogas de abuso,58
2011,male,45-49,Eventos de intención no determinada,10
2011,male,45-49,Suicidio y lesiones autoinfligidas,229
2011,male,45-49,Todas las causas,4741
2011,male,45-49,"Trastornos mentales debidos al uso de drogas (drogodependencia, toxicomanía)",4
2011,male,5-9,Accidentes de tráfico,9
2011,male,5-9,Agresiones (homicidio),4
2011,male,5-9,Envenenamiento accidental por psicofármacos y drogas de abuso,0
2011,male,5-9,Eventos de intención no determinada,0
2011,male,5-9,Suicidio y lesiones autoinfligidas,0
2011,male,5-9,Todas las causas,123
2011,male,5-9,"Trastornos mentales debidos al uso de drogas (drogodependencia, toxicomanía)",0
2011,male,50-54,Accidentes de tráfico,112
2011,male,50-54,Agresiones (homicidio),17
2011,male,50-54,Envenenamiento accidental por psicofármacos y drogas de abuso,26
2011,male,50-54,Eventos de intención no determinada,10
2011,male,50-54,Suicidio y lesiones autoinfligidas,234
2011,male,50-54,Todas las causas,7152
2011,male,50-54,"Trastornos mentales debidos al uso de drogas (drogodependencia, toxicomanía)",4
2011,male,55-59,Accidentes de tráfico,90
2011,male,55-59,Agresiones (homicidio),13
2011,male,55-59,Envenenamiento accidental por psicofármacos y drogas de abuso,14
2011,male,55-59,Eventos de intención no determinada,7
2011,male,55-59,Suicidio y lesiones autoinfligidas,180
2011,male,55-59,Todas las causas,9152
2011,male,55-59,"Trastornos mentales debidos al uso de drogas (drogodependencia, toxicomanía)",1
2011,male,60-64,Accidentes de tráfico,81
2011,male,60-64,Agresiones (homicidio),10
2011,male,60-64,Envenenamiento accidental por psicofármacos y drogas de abuso,4
2011,male,60-64,Eventos de intención no determinada,2
2011,male,60-64,Suicidio y lesiones autoinfligidas,146
2011,male,60-64,Todas las causas,12364
2011,male,60-64,"Trastornos mentales debidos al uso de drogas (drogodependencia, toxicomanía)",0
2011,male,65-69,Accidentes de tráfico,88
2011,male,65-69,Agresiones (homicidio),10
2011,male,65-69,Envenenamiento accidental por psicofármacos y drogas de abuso,7
2011,male,65-69,Eventos de intención no determinada,1
2011,male,65-69,Suicidio y lesiones autoinfligidas,139
2011,male,65-69,Todas las causas,15633
2011,male,65-69,"Trastornos mentales debidos al uso de drogas (drogodependencia, toxicomanía)",0
2011,male,70-74,Accidentes de tráfico,64
2011,male,70-74,Agresiones (homicidio),2
2011,male,70-74,Envenenamiento accidental por psicofármacos y drogas de abuso,7
2011,male,70-74,Eventos de intención no determinada,0
2011,male,70-74,Suicidio y lesiones autoinfligidas,138
2011,male,70-74,Todas las causas,19717
2011,male,70-74,"Trastornos mentales debidos al uso de drogas (drogodependencia, toxicomanía)",0
2011,male,75-79,Accidentes de tráfico,98
2011,male,75-79,Agresiones (homicidio),12
2011,male,75-79,Envenenamiento accidental por psicofármacos y drogas de abuso,8
2011,male,75-79,Eventos de intención no determinada,6
2011,male,75-79,Suicidio y lesiones autoinfligidas,216
2011,male,75-79,Todas las causas,30813
2011,male,75-79,"Trastornos mentales debidos al uso de drogas (drogodependencia, toxicomanía)",0
2011,male,80-84,Accidentes de tráfico,68
2011,male,80-84,Agresiones (homicidio),6
2011,male,80-84,Envenenamiento accidental por psicofármacos y drogas de abuso,21
2011,male,80-84,Eventos de intención no determinada,1
2011,male,80-84,Suicidio y lesiones autoinfligidas,172
2011,male,80-84,Todas las causas,37253
2011,male,80-84,"Trastornos mentales debidos al uso de drogas (drogodependencia, toxicomanía)",0
2011,male,85-89,Accidentes de tráfico,36
2011,male,85-89,Agresiones (homicidio),0
2011,male,85-89,Envenenamiento accidental por psicofármacos y drogas de abuso,15
2011,male,85-89,Eventos de intención no determinada,0
2011,male,85-89,Suicidio y lesiones autoinfligidas,92
2011,male,85-89,Todas las causas,32654
2011,male,85-89,"Trastornos mentales debidos al uso de drogas (drogodependencia, toxicomanía)",0
2011,male,90-94,Accidentes de tráfico,10
2011,male,90-94,Agresiones (homicidio),2
2011,male,90-94,Envenenamiento accidental por psicofármacos y drogas de abuso,4
2011,male,90-94,Eventos de intención no determinada,0
2011,male,90-94,Suicidio y lesiones autoinfligidas,31
2011,male,90-94,Todas las causas,15895
2011,male,90-94,"Trastornos mentales debidos al uso de drogas (drogodependencia, toxicomanía)",0
2011,male,95+,Accidentes de tráfico,2
2011,male,95+,Agresiones (homicidio),0
2011,male,95+,Envenenamiento accidental por psicofármacos y drogas de abuso,1
2011,male,95+,Eventos de intención no determinada,1
2011,male,95+,Suicidio y lesiones autoinfligidas,3
2011,male,95+,Todas las causas,5698
2011,male,95+,"Trastornos mentales debidos al uso de drogas (drogodependencia, toxicomanía)",0
2011,male,<1,Accidentes de tráfico,0
2011,male,<1,Agresiones (homicidio),1
2011,male,<1,Envenenamiento accidental por psicofármacos y drogas de abuso,0
2011,male,<1,Eventos de intención no determinada,1
2011,male,<1,Suicidio y lesiones autoinfligidas,0
2011,male,<1,Todas las causas,818
2011,male,<1,"Trastornos mentales debidos al uso de drogas (drogodependencia, toxicomanía)",0
2011,male,all,Accidentes de tráfico,1632
2011,male,all,Agresiones (homicidio),230
2011,male,all,Envenenamiento accidental por psicofármacos y drogas de abuso,378
2011,male,all,Eventos de intención no determinada,64
2011,male,all,Suicidio y lesiones autoinfligidas,2435
2011,male,all,Todas las causas,199854
2011,male,all,"Trastornos mentales debidos al uso de drogas (drogodependencia, toxicomanía)",22
2012,all,1-4,Accidentes de tráfico,14
2012,all,1-4,Agresiones (homicidio),1
2012,all,1-4,Envenenamiento accidental por psicofármacos y drogas de abuso,0
2012,all,1-4,Eventos de intención no determinada,0
2012,all,1-4,Suicidio y lesiones autoinfligidas,0
2012,all,1-4,Todas las causas,308
2012,all,1-4,"Trastornos mentales debidos al uso de drogas (drogodependencia, toxicomanía)",0
2012,all,10-14,Accidentes de tráfico,22
2012,all,10-14,Agresiones (homicidio),1
2012,all,10-14,Envenenamiento accidental por psicofármacos y drogas de abuso,0
2012,all,10-14,Eventos de intención no determinada,0
2012,all,10-14,Suicidio y lesiones autoinfligidas,5
2012,all,10-14,Todas las causas,213
2012,all,10-14,"Trastornos mentales debidos al uso de drogas (drogodependencia, toxicomanía)",0
2012,all,15-19,Accidentes de tráfico,70
2012,all,15-19,Agresiones (homicidio),7
2012,all,15-19,Envenenamiento accidental por psicofármacos y drogas de abuso,4
2012,all,15-19,Eventos de intención no determinada,4
2012,all,15-19,Suicidio y lesiones autoinfligidas,52
2012,all,15-19,Todas las causas,429
2012,all,15-19,"Trastornos mentales debidos al uso de drogas (drogodependencia, toxicomanía)",0
2012,all,20-24,Accidentes de tráfico,128
2012,all,20-24,Agresiones (homicidio),22
2012,all,20-24,Envenenamiento accidental por psicofármacos y drogas de abuso,19
2012,all,20-24,Eventos de intención no determinada,0
2012,all,20-24,Suicidio y lesiones autoinfligidas,102
2012,all,20-24,Todas las causas,700
2012,all,20-24,"Trastornos mentales debidos al uso de drogas (drogodependencia, toxicomanía)",1
2012,all,25-29,Accidentes de tráfico,136
2012,all,25-29,Agresiones (homicidio),37
2012,all,25-29,Envenenamiento accidental por psicofármacos y drogas de abuso,31
2012,all,25-29,Eventos de intención no determinada,7
2012,all,25-29,Suicidio y lesiones autoinfligidas,151
2012,all,25-29,Todas las causas,978
2012,all,25-29,"Trastornos mentales debidos al uso de drogas (drogodependencia, toxicomanía)",1
2012,all,30-34,Accidentes de tráfico,148
2012,all,30-34,Agresiones (homicidio),23
2012,all,30-34,Envenenamiento accidental por psicofármacos y drogas de abuso,55
2012,all,30-34,Eventos de intención no determinada,7
2012,all,30-34,Suicidio y lesiones autoinfligidas,241
2012,all,30-34,Todas las causas,1637
2012,all,30-34,"Trastornos mentales debidos al uso de drogas (drogodependencia, toxicomanía)",1
2012,all,35-39,Accidentes de tráfico,173
2012,all,35-39,Agresiones (homicidio),24
2012,all,35-39,Envenenamiento accidental por psicofármacos y drogas de abuso,96
2012,all,35-39,Eventos de intención no determinada,11
2012,all,35-39,Suicidio y lesiones autoinfligidas,307
2012,all,35-39,Todas las causas,2589
2012,all,35-39,"Trastornos mentales debidos al uso de drogas (drogodependencia, toxicomanía)",8
2012,all,40-44,Accidentes de tráfico,162
2012,all,40-44,Agresiones (homicidio),32
2012,all,40-44,Envenenamiento accidental por psicofármacos y drogas de abuso,77
2012,all,40-44,Eventos de intención no determinada,10
2012,all,40-44,Suicidio y lesiones autoinfligidas,364
2012,all,40-44,Todas las causas,4237
2012,all,40-44,"Trastornos mentales debidos al uso de drogas (drogodependencia, toxicomanía)",5
2012,all,45-49,Accidentes de tráfico,138
2012,all,45-49,Agresiones (homicidio),29
2012,all,45-49,Envenenamiento accidental por psicofármacos y drogas de abuso,77
2012,all,45-49,Eventos de intención no determinada,6
2012,all,45-49,Suicidio y lesiones autoinfligidas,340
2012,all,45-49,Todas las causas,7095
2012,all,45-49,"Trastornos mentales debidos al uso de drogas (drogodependencia, toxicomanía)",10
2012,all,5-9,Accidentes de tráfico,16
2012,all,5-9,Agresiones (homicidio),2
2012,all,5-9,Envenenamiento accidental por psicofármacos y drogas de abuso,0
2012,all,5-9,Eventos de intención no determinada,1
2012,all,5-9,Suicidio y lesiones autoinfligidas,0
2012,all,5-9,Todas las causas,226
2012,all,5-9,"Trastornos mentales debidos al uso de drogas (drogodependencia, toxicomanía)",0
2012,all,50-54,Accidentes de tráfico,129
2012,all,50-54,Agresiones (homicidio),32
2012,all,50-54,Envenenamiento accidental por psicofármacos y drogas de abuso,41
2012,all,50-54,Eventos de intención no determinada,9
2012,all,50-54,Suicidio y lesiones autoinfligidas,338
2012,all,50-54,Todas las causas,10204
2012,all,50-54,"Trastornos mentales debidos al uso de drogas (drogodependencia, toxicomanía)",4
2012,all,55-59,Accidentes de tráfico,115
2012,all,55-59,Agresiones (homicidio),16
2012,all,55-59,Envenenamiento accidental por psicofármacos y drogas de abuso,20
2012,all,55-59,Eventos de intención no determinada,7
2012,all,55-59,Suicidio y lesiones autoinfligidas,288
2012,all,55-59,Todas las causas,13167
2012,all,55-59,"Trastornos mentales debidos al uso de drogas (drogodependencia, toxicomanía)",2
2012,all,60-64,Accidentes de tráfico,101
2012,all,60-64,Agresiones (homicidio),13
2012,all,60-64,Envenenamiento accidental por psicofármacos y drogas de abuso,12
2012,all,60-64,Eventos de intención no determinada,5
2012,all,60-64,Suicidio y lesiones autoinfligidas,230
2012,all,60-64,Todas las causas,17863
2012,all,60-64,"Trastornos mentales debidos al uso de drogas (drogodependencia, toxicomanía)",1
2012,all,65-69,Accidentes de tráfico,91
2012,all,65-69,Agresiones (homicidio),18
2012,all,65-69,Envenenamiento accidental por psicofármacos y drogas de abuso,10
2012,all,65-69,Eventos de intención no determinada,5
2012,all,65-69,Suicidio y lesiones autoinfligidas,193
2012,all,65-69,Todas las causas,23445
2012,all,65-69,"Trastornos mentales debidos al uso de drogas (drogodependencia, toxicomanía)",0
2012,all,70-74,Accidentes de tráfico,109
2012,all,70-74,Agresiones (homicidio),6
2012,all,70-74,Envenenamiento accidental por psicofármacos y drogas de abuso,11
2012,all,70-74,Eventos de intención no determinada,4
2012,all,70-74,Suicidio y lesiones autoinfligidas,214
2012,all,70-74,Todas las causas,28775
2012,all,70-74,"Trastornos mentales debidos al uso de drogas (drogodependencia, toxicomanía)",0
2012,all,75-79,Accidentes de tráfico,146
2012,all,75-79,Agresiones (homicidio),16
2012,all,75-79,Envenenamiento accidental por psicofármacos y drogas de abuso,25
2012,all,75-79,Eventos de intención no determinada,5
2012,all,75-79,Suicidio y lesiones autoinfligidas,268
2012,all,75-79,Todas las causas,52020
2012,all,75-79,"Trastornos mentales debidos al uso de drogas (drogodependencia, toxicomanía)",0
2012,all,80-84,Accidentes de tráfico,109
2012,all,80-84,Agresiones (homicidio),9
2012,all,80-84,Envenenamiento accidental por psicofármacos y drogas de abuso,47
2012,all,80-84,Eventos de intención no determinada,3
2012,all,80-84,Suicidio y lesiones autoinfligidas,248
2012,all,80-84,Todas las causas,74869
2012,all,80-84,"Trastornos mentales debidos al uso de drogas (drogodependencia, toxicomanía)",1
2012,all,85-89,Accidentes de tráfico,75
2012,all,85-89,Agresiones (homicidio),4
2012,all,85-89,Envenenamiento accidental por psicofármacos y drogas de abuso,60
2012,all,85-89,Eventos de intención no determinada,3
2012,all,85-89,Suicidio y lesiones autoinfligidas,138
2012,all,85-89,Todas las causas,82739
2012,all,85-89,"Trastornos mentales debidos al uso de drogas (drogodependencia, toxicomanía)",0
2012,all,90-94,Accidentes de tráfico,24
2012,all,90-94,Agresiones (homicidio),5
2012,all,90-94,Envenenamiento accidental por psicofármacos y drogas de abuso,34
2012,all,90-94,Eventos de intención no determinada,3
2012,all,90-94,Suicidio y lesiones autoinfligidas,48
2012,all,90-94,Todas las causas,55156
2012,all,90-94,"Trastornos mentales debidos al uso de drogas (drogodependencia, toxicomanía)",0
2012,all,95+,Accidentes de tráfico,3
2012,all,95+,Agresiones (homicidio),0
2012,all,95+,Envenenamiento accidental por psicofármacos y drogas de abuso,7
2012,all,95+,Eventos de intención no determinada,0
2012,all,95+,Suicidio y lesiones autoinfligidas,12
2012,all,95+,Todas las causas,24896
2012,all,95+,"Trastornos mentales debidos al uso de drogas (drogodependencia, toxicomanía)",0
2012,all,<1,Accidentes de tráfico,5
2012,all,<1,Agresiones (homicidio),6
2012,all,<1,Envenenamiento accidental por psicofármacos y drogas de abuso,0
2012,all,<1,Eventos de intención no determinada,0
2012,all,<1,Suicidio y lesiones autoinfligidas,0
2012,all,<1,Todas las causas,1404
2012,all,<1,"Trastornos mentales debidos al uso de drogas (drogodependencia, toxicomanía)",0
2012,all,all,Accidentes de tráfico,1914
2012,all,all,Agresiones (homicidio),303
2012,all,all,Envenenamiento accidental por psicofármacos y drogas de abuso,626
2012,all,all,Eventos de intención no determinada,90
2012,all,all,Suicidio y lesiones autoinfligidas,3539
2012,all,all,Todas las causas,402950
2012,all,all,"Trastornos mentales debidos al uso de drogas (drogodependencia, toxicomanía)",34
2012,female,1-4,Accidentes de tráfico,5
2012,female,1-4,Agresiones (homicidio),1
2012,female,1-4,Envenenamiento accidental por psicofármacos y drogas de abuso,0
2012,female,1-4,Eventos de intención no determinada,0
2012,female,1-4,Suicidio y lesiones autoinfligidas,0
2012,female,1-4,Todas las causas,143
2012,female,1-4,"Trastornos mentales debidos al uso de drogas (drogodependencia, toxicomanía)",0
2012,female,10-14,Accidentes de tráfico,5
2012,female,10-14,Agresiones (homicidio),1
2012,female,10-14,Envenenamiento accidental por psicofármacos y drogas de abuso,0
2012,female,10-14,Eventos de intención no determinada,0
2012,female,10-14,Suicidio y lesiones autoinfligidas,1
2012,female,10-14,Todas las causas,85
2012,female,10-14,"Trastornos mentales debidos al uso de drogas (drogodependencia, toxicomanía)",0
2012,female,15-19,Accidentes de tráfico,21
2012,female,15-19,Agresiones (homicidio),1
2012,female,15-19,Envenenamiento accidental por psicofármacos y drogas de abuso,2
2012,female,15-19,Eventos de intención no determinada,0
2012,female,15-19,Suicidio y lesiones autoinfligidas,16
2012,female,15-19,Todas las causas,150
2012,female,15-19,"Trastornos mentales debidos al uso de drogas (drogodependencia, toxicomanía)",0
2012,female,20-24,Accidentes de tráfico,23
2012,female,20-24,Agresiones (homicidio),4
2012,female,20-24,Envenenamiento accidental por psicofármacos y drogas de abuso,6
2012,female,20-24,Eventos de intención no determinada,0
2012,female,20-24,Suicidio y lesiones autoinfligidas,18
2012,female,20-24,Todas las causas,191
2012,female,20-24,"Trastornos mentales debidos al uso de drogas (drogodependencia, toxicomanía)",0
2012,female,25-29,Accidentes de tráfico,20
2012,female,25-29,Agresiones (homicidio),14
2012,female,25-29,Envenenamiento accidental por psicofármacos y drogas de abuso,3
2012,female,25-29,Eventos de intención no determinada,2
2012,female,25-29,Suicidio y lesiones autoinfligidas,32
2012,female,25-29,Todas las causas,315
2012,female,25-29,"Trastornos mentales debidos al uso de drogas (drogodependencia, toxicomanía)",0
2012,female,30-34,Accidentes de tráfico,25
2012,female,30-34,Agresiones (homicidio),4
2012,female,30-34,Envenenamiento accidental por psicofármacos y drogas de abuso,8
2012,female,30-34,Eventos de intención no determinada,3
2012,female,30-34,Suicidio y lesiones autoinfligidas,42
2012,female,30-34,Todas las causas,518
2012,female,30-34,"Trastornos mentales debidos al uso de drogas (drogodependencia, toxicomanía)",0
2012,female,35-39,Accidentes de tráfico,27
2012,female,35-39,Agresiones (homicidio),4
2012,female,35-39,Envenenamiento accidental por psicofármacos y drogas de abuso,12
2012,female,35-39,Eventos de intención no determinada,2
2012,female,35-39,Suicidio y lesiones autoinfligidas,81
2012,female,35-39,Todas las causas,878
2012,female,35-39,"Trastornos mentales debidos al uso de drogas (drogodependencia, toxicomanía)",2
2012,female,40-44,Accidentes de tráfico,19
2012,female,40-44,Agresiones (homicidio),9
2012,female,40-44,Envenenamiento accidental por psicofármacos y drogas de abuso,10
2012,female,40-44,Eventos de intención no determinada,1
2012,female,40-44,Suicidio y lesiones autoinfligidas,90
2012,female,40-44,Todas las causas,1395
2012,female,40-44,"Trastornos mentales debidos al uso de drogas (drogodependencia, toxicomanía)",0
2012,female,45-49,Accidentes de tráfico,20
2012,female,45-49,Agresiones (homicidio),6
2012,female,45-49,Envenenamiento accidental por psicofármacos y drogas de abuso,12
2012,female,45-49,Eventos de intención no determinada,1
2012,female,45-49,Suicidio y lesiones autoinfligidas,71
2012,female,45-49,Todas las causas,2348
2012,female,45-49,"Trastornos mentales debidos al uso de drogas (drogodependencia, toxicomanía)",1
2012,female,5-9,Accidentes de tráfico,7
2012,female,5-9,Agresiones (homicidio),1
2012,female,5-9,Envenenamiento accidental por psicofármacos y drogas de abuso,0
2012,female,5-9,Eventos de intención no determinada,0
2012,female,5-9,Suicidio y lesiones autoinfligidas,0
2012,female,5-9,Todas las causas,98
2012,female,5-9,"Trastornos mentales debidos al uso de drogas (drogodependencia, toxicomanía)",0
2012,female,50-54,Accidentes de tráfico,22
2012,female,50-54,Agresiones (homicidio),8
2012,female,50-54,Envenenamiento accidental por psicofármacos y drogas de abuso,10
2012,female,50-54,Eventos de intención no determinada,4
2012,female,50-54,Suicidio y lesiones autoinfligidas,91
2012,female,50-54,Todas las causas,3268
2012,female,50-54,"Trastornos mentales debidos al uso de drogas (drogodependencia, toxicomanía)",0
2012,female,55-59,Accidentes de tráfico,23
2012,female,55-59,Agresiones (homicidio),8
2012,female,55-59,Envenenamiento accidental por psicofármacos y drogas de abuso,5
2012,female,55-59,Eventos de intención no determinada,1
2012,female,55-59,Suicidio y lesiones autoinfligidas,60
2012,female,55-59,Todas las causas,3980
2012,female,55-59,"Trastornos mentales debidos al uso de drogas (drogodependencia, toxicomanía)",0
2012,female,60-64,Accidentes de tráfico,27
2012,female,60-64,Agresiones (homicidio),5
2012,female,60-64,Envenenamiento accidental por psicofármacos y drogas de abuso,2
2012,female,60-64,Eventos de intención no determinada,2
2012,female,60-64,Suicidio y lesiones autoinfligidas,51
2012,female,60-64,Todas las causas,5293
2012,female,60-64,"Trastornos mentales debidos al uso de drogas (drogodependencia, toxicomanía)",0
2012,female,65-69,Accidentes de tráfico,31
2012,female,65-69,Agresiones (homicidio),8
2012,female,65-69,Envenenamiento accidental por psicofármacos y drogas de abuso,4
2012,female,65-69,Eventos de intención no determinada,1
2012,female,65-69,Suicidio y lesiones autoinfligidas,60
2012,female,65-69,Todas las causas,7163
2012,female,65-69,"Trastornos mentales debidos al uso de drogas (drogodependencia, toxicomanía)",0
2012,female,70-74,Accidentes de tráfico,35
2012,female,70-74,Agresiones (homicidio),3
2012,female,70-74,Envenenamiento accidental por psicofármacos y drogas de abuso,4
2012,female,70-74,Eventos de intención no determinada,3
2012,female,70-74,Suicidio y lesiones autoinfligidas,59
2012,female,70-74,Todas las causas,9712
2012,female,70-74,"Trastornos mentales debidos al uso de drogas (drogodependencia, toxicomanía)",0
2012,female,75-79,Accidentes de tráfico,55
2012,female,75-79,Agresiones (homicidio),11
2012,female,75-79,Envenenamiento accidental por psicofármacos y drogas de abuso,14
2012,female,75-79,Eventos de intención no determinada,2
2012,female,75-79,Suicidio y lesiones autoinfligidas,55
2012,female,75-79,Todas las causas,21063
2012,female,75-79,"Trastornos mentales debidos al uso de drogas (drogodependencia, toxicomanía)",0
2012,female,80-84,Accidentes de tráfico,31
2012,female,80-84,Agresiones (homicidio),3
2012,female,80-84,Envenenamiento accidental por psicofármacos y drogas de abuso,32
2012,female,80-84,Eventos de intención no determinada,0
2012,female,80-84,Suicidio y lesiones autoinfligidas,47
2012,female,80-84,Todas las causas,36270
2012,female,80-84,"Trastornos mentales debidos al uso de drogas (drogodependencia, toxicomanía)",0
2012,female,85-89,Accidentes de tráfico,28
2012,female,85-89,Agresiones (homicidio),2
2012,female,85-89,Envenenamiento accidental por psicofármacos y drogas de abuso,41
2012,female,85-89,Eventos de intención no determinada,2
2012,female,85-89,Suicidio y lesiones autoinfligidas,34
2012,female,85-89,Todas las causas,47761
2012,female,85-89,"Trastornos mentales debidos al uso de drogas (drogodependencia, toxicomanía)",0
2012,female,90-94,Accidentes de tráfico,11
2012,female,90-94,Agresiones (homicidio),3
2012,female,90-94,Envenenamiento accidental por psicofármacos y drogas de abuso,30
2012,female,90-94,Eventos de intención no determinada,3
2012,female,90-94,Suicidio y lesiones autoinfligidas,5
2012,female,90-94,Todas las causas,37022
2012,female,90-94,"Trastornos mentales debidos al uso de drogas (drogodependencia, toxicomanía)",0
2012,female,95+,Accidentes de tráfico,2
2012,female,95+,Agresiones (homicidio),0
2012,female,95+,Envenenamiento accidental por psicofármacos y drogas de abuso,5
2012,female,95+,Eventos de intención no determinada,0
2012,female,95+,Suicidio y lesiones autoinfligidas,2
2012,female,95+,Todas las causas,18745
2012,female,95+,"Trastornos mentales debidos al uso de drogas (drogodependencia, toxicomanía)",0
2012,female,<1,Accidentes de tráfico,2
2012,female,<1,Agresiones (homicidio),2
2012,female,<1,Envenenamiento accidental por psicofármacos y drogas de abuso,0
2012,female,<1,Eventos de intención no determinada,0
2012,female,<1,Suicidio y lesiones autoinfligidas,0
2012,female,<1,Todas las causas,632
2012,female,<1,"Trastornos mentales debidos al uso de drogas (drogodependencia, toxicomanía)",0
2012,female,all,Accidentes de tráfico,439
2012,female,all,Agresiones (homicidio),98
2012,female,all,Envenenamiento accidental por psicofármacos y drogas de abuso,200
2012,female,all,Eventos de intención no determinada,27
2012,female,all,Suicidio y lesiones autoinfligidas,815
2012,female,all,Todas las causas,197030
2012,female,all,"Trastornos mentales debidos al uso de drogas (drogodependencia, toxicomanía)",3
2012,male,1-4,Accidentes de tráfico,9
2012,male,1-4,Agresiones (homicidio),0
2012,male,1-4,Envenenamiento accidental por psicofármacos y drogas de abuso,0
2012,male,1-4,Eventos de intención no determinada,0
2012,male,1-4,Suicidio y lesiones autoinfligidas,0
2012,male,1-4,Todas las causas,165
2012,male,1-4,"Trastornos mentales debidos al uso de drogas (drogodependencia, toxicomanía)",0
2012,male,10-14,Accidentes de tráfico,17
2012,male,10-14,Agresiones (homicidio),0
2012,male,10-14,Envenenamiento accidental por psicofármacos y drogas de abuso,0
2012,male,10-14,Eventos de intención no determinada,0
2012,male,10-14,Suicidio y lesiones autoinfligidas,4
2012,male,10-14,Todas las causas,128
2012,male,10-14,"Trastornos mentales debidos al uso de drogas (drogodependencia, toxicomanía)",0
2012,male,15-19,Accidentes de tráfico,49
2012,male,15-19,Agresiones (homicidio),6
2012,male,15-19,Envenenamiento accidental por psicofármacos y drogas de abuso,2
2012,male,15-19,Eventos de intención no determinada,4
2012,male,15-19,Suicidio y lesiones autoinfligidas,36
2012,male,15-19,Todas las causas,279
2012,male,15-19,"Trastornos mentales debidos al uso de drogas (drogodependencia, toxicomanía)",0
2012,male,20-24,Accidentes de tráfico,105
2012,male,20-24,Agresiones (homicidio),18
2012,male,20-24,Envenenamiento accidental por psicofármacos y drogas de abuso,13
2012,male,20-24,Eventos de intención no determinada,0
2012,male,20-24,Suicidio y lesiones autoinfligidas,84
2012,male,20-24,Todas las causas,509
2012,male,20-24,"Trastornos mentales debidos al uso de drogas (drogodependencia, toxicomanía)",1
2012,male,25-29,Accidentes de tráfico,116
2012,male,25-29,Agresiones (homicidio),23
2012,male,25-29,Envenenamiento accidental por psicofármacos y drogas de abuso,28
2012,male,25-29,Eventos de intención no determinada,5
2012,male,25-29,Suicidio y lesiones autoinfligidas,119
2012,male,25-29,Todas las causas,663
2012,male,25-29,"Trastornos mentales debidos al uso de drogas (drogodependencia, toxicomanía)",1
2012,male,30-34,Accidentes de tráfico,123
2012,male,30-34,Agresiones (homicidio),19
2012,male,30-34,Envenenamiento accidental por psicofármacos y drogas de abuso,47
2012,male,30-34,Eventos de intención no determinada,4
2012,male,30-34,Suicidio y lesiones autoinfligidas,199
2012,male,30-34,Todas las causas,1119
2012,male,30-34,"Trastornos mentales debidos al uso de drogas (drogodependencia, toxicomanía)",1
2012,male,35-39,Accidentes de tráfico,146
2012,male,35-39,Agresiones (homicidio),20
2012,male,35-39,Envenenamiento accidental por psicofármacos y drogas de abuso,84
2012,male,35-39,Eventos de intención no determinada,9
2012,male,35-39,Suicidio y lesiones autoinfligidas,226
2012,male,35-39,Todas las causas,1711
2012,male,35-39,"Trastornos mentales debidos al uso de drogas (drogodependencia, toxicomanía)",6
2012,male,40-44,Accidentes de tráfico,143
2012,male,40-44,Agresiones (homicidio),23
2012,male,40-44,Envenenamiento accidental por psicofármacos y drogas de abuso,67
2012,male,40-44,Eventos de intención no determinada,9
2012,male,40-44,Suicidio y lesiones autoinfligidas,274
2012,male,40-44,Todas las causas,2842
2012,male,40-44,"Trastornos mentales debidos al uso de drogas (drogodependencia, toxicomanía)",5
2012,male,45-49,Accidentes de tráfico,118
2012,male,45-49,Agresiones (homicidio),23
2012,male,45-49,Envenenamiento accidental por psicofármacos y drogas de abuso,65
2012,male,45-49,Eventos de intención no determinada,5
2012,male,45-49,Suicidio y lesiones autoinfligidas,269
2012,male,45-49,Todas las causas,4747
2012,male,45-49,"Trastornos mentales debidos al uso de drogas (drogodependencia, toxicomanía)",9
2012,male,5-9,Accidentes de tráfico,9
2012,male,5-9,Agresiones (homicidio),1
2012,male,5-9,Envenenamiento accidental por psicofármacos y drogas de abuso,0
2012,male,5-9,Eventos de intención no determinada,1
2012,male,5-9,Suicidio y lesiones autoinfligidas,0
2012,male,5-9,Todas las causas,128
2012,male,5-9,"Trastornos mentales debidos al uso de drogas (drogodependencia, toxicomanía)",0
2012,male,50-54,Accidentes de tráfico,107
2012,male,50-54,Agresiones (homicidio),24
2012,male,50-54,Envenenamiento accidental por psicofármacos y drogas de abuso,31
2012,male,50-54,Eventos de intención no determinada,5
2012,male,50-54,Suicidio y lesiones autoinfligidas,247
2012,male,50-54,Todas las causas,6936
2012,male,50-54,"Trastornos mentales debidos al uso de drogas (drogodependencia, toxicomanía)",4
2012,male,55-59,Accidentes de tráfico,92
2012,male,55-59,Agresiones (homicidio),8
2012,male,55-59,Envenenamiento accidental por psicofármacos y drogas de abuso,15
2012,male,55-59,Eventos de intención no determinada,6
2012,male,55-59,Suicidio y lesiones autoinfligidas,228
2012,male,55-59,Todas las causas,9187
2012,male,55-59,"Trastornos mentales debidos al uso de drogas (drogodependencia, toxicomanía)",2
2012,male,60-64,Accidentes de tráfico,74
2012,male,60-64,Agresiones (homicidio),8
2012,male,60-64,Envenenamiento accidental por psicofármacos y drogas de abuso,10
2012,male,60-64,Eventos de intención no determinada,3
2012,male,60-64,Suicidio y lesiones autoinfligidas,179
2012,male,60-64,Todas las causas,12570
2012,male,60-64,"Trastornos mentales debidos al uso de drogas (drogodependencia, toxicomanía)",1
2012,male,65-69,Accidentes de tráfico,60
2012,male,65-69,Agresiones (homicidio),10
2012,male,65-69,Envenenamiento accidental por psicofármacos y drogas de abuso,6
2012,male,65-69,Eventos de intención no determinada,4
2012,male,65-69,Suicidio y lesiones autoinfligidas,133
2012,male,65-69,Todas las causas,16282
2012,male,65-69,"Trastornos mentales debidos al uso de drogas (drogodependencia, toxicomanía)",0
2012,male,70-74,Accidentes de tráfico,74
2012,male,70-74,Agresiones (homicidio),3
2012,male,70-74,Envenenamiento accidental por psicofármacos y drogas de abuso,7
2012,male,70-74,Eventos de intención no determinada,1
2012,male,70-74,Suicidio y lesiones autoinfligidas,155
2012,male,70-74,Todas las causas,19063
2012,male,70-74,"Trastornos mentales debidos al uso de drogas (drogodependencia, toxicomanía)",0
2012,male,75-79,Accidentes de tráfico,91
2012,male,75-79,Agresiones (homicidio),5
2012,male,75-79,Envenenamiento accidental por psicofármacos y drogas de abuso,11
2012,male,75-79,Eventos de intención no determinada,3
2012,male,75-79,Suicidio y lesiones autoinfligidas,213
2012,male,75-79,Todas las causas,30957
2012,male,75-79,"Trastornos mentales debidos al uso de drogas (drogodependencia, toxicomanía)",0
2012,male,80-84,Accidentes de tráfico,78
2012,male,80-84,Agresiones (homicidio),6
2012,male,80-84,Envenenamiento accidental por psicofármacos y drogas de abuso,15
2012,male,80-84,Eventos de intención no determinada,3
2012,male,80-84,Suicidio y lesiones autoinfligidas,201
2012,male,80-84,Todas las causas,38599
2012,male,80-84,"Trastornos mentales debidos al uso de drogas (drogodependencia, toxicomanía)",1
2012,male,85-89,Accidentes de tráfico,47
2012,male,85-89,Agresiones (homicidio),2
2012,male,85-89,Envenenamiento accidental por psicofármacos y drogas de abuso,19
2012,male,85-89,Eventos de intención no determinada,1
2012,male,85-89,Suicidio y lesiones autoinfligidas,104
2012,male,85-89,Todas las causas,34978
2012,male,85-89,"Trastornos mentales debidos al uso de drogas (drogodependencia, toxicomanía)",0
2012,male,90-94,Accidentes de tráfico,13
2012,male,90-94,Agresiones (homicidio),2
2012,male,90-94,Envenenamiento accidental por psicofármacos y drogas de abuso,4
2012,male,90-94,Eventos de intención no determinada,0
2012,male,90-94,Suicidio y lesiones autoinfligidas,43
2012,male,90-94,Todas las causas,18134
2012,male,90-94,"Trastornos mentales debidos al uso de drogas (drogodependencia, toxicomanía)",0
2012,male,95+,Accidentes de tráfico,1
2012,male,95+,Agresiones (homicidio),0
2012,male,95+,Envenenamiento accidental por psicofármacos y drogas de abuso,2
2012,male,95+,Eventos de intención no determinada,0
2012,male,95+,Suicidio y lesiones autoinfligidas,10
2012,male,95+,Todas las causas,6151
2012,male,95+,"Trastornos mentales debidos al uso de drogas (drogodependencia, toxicomanía)",0
2012,male,<1,Accidentes de tráfico,3
2012,male,<1,Agresiones (homicidio),4
2012,male,<1,Envenenamiento accidental por psicofármacos y drogas de abuso,0
2012,male,<1,Eventos de intención no determinada,0
2012,male,<1,Suicidio y lesiones autoinfligidas,0
2012,male,<1,Todas las causas,772
2012,male,<1,"Trastornos mentales debidos al uso de drogas (drogodependencia, toxicomanía)",0
2012,male,all,Accidentes de tráfico,1475
2012,male,all,Agresiones (homicidio),205
2012,male,all,Envenenamiento accidental por psicofármacos y drogas de abuso,426
2012,male,all,Eventos de intención no determinada,63
2012,male,all,Suicidio y lesiones autoinfligidas,2724
2012,male,all,Todas las causas,205920
2012,male,all,"Trastornos mentales debidos al uso de drogas (drogodependencia, toxicomanía)",31
2013,all,1-4,Accidentes de tráfico,18
2013,all,1-4,Agresiones (homicidio),3
2013,all,1-4,Envenenamiento accidental por psicofármacos y drogas de abuso,0
2013,all,1-4,Eventos de intención no determinada,0
2013,all,1-4,Suicidio y lesiones autoinfligidas,0
2013,all,1-4,Todas las causas,290
2013,all,1-4,"Trastornos mentales debidos al uso de drogas (drogodependencia, toxicomanía)",0
2013,all,10-14,Accidentes de tráfico,18
2013,all,10-14,Agresiones (homicidio),7
2013,all,10-14,Envenenamiento accidental por psicofármacos y drogas de abuso,1
2013,all,10-14,Eventos de intención no determinada,0
2013,all,10-14,Suicidio y lesiones autoinfligidas,9
2013,all,10-14,Todas las causas,193
2013,all,10-14,"Trastornos mentales debidos al uso de drogas (drogodependencia, toxicomanía)",0
2013,all,15-19,Accidentes de tráfico,57
2013,all,15-19,Agresiones (homicidio),8
2013,all,15-19,Envenenamiento accidental por psicofármacos y drogas de abuso,2
2013,all,15-19,Eventos de intención no determinada,4
2013,all,15-19,Suicidio y lesiones autoinfligidas,57
2013,all,15-19,Todas las causas,381
2013,all,15-19,"Trastornos mentales debidos al uso de drogas (drogodependencia, toxicomanía)",0
2013,all,20-24,Accidentes de tráfico,112
2013,all,20-24,Agresiones (homicidio),12
2013,all,20-24,Envenenamiento accidental por psicofármacos y drogas de abuso,10
2013,all,20-24,Eventos de intención no determinada,2
2013,all,20-24,Suicidio y lesiones autoinfligidas,119
2013,all,20-24,Todas las causas,607
2013,all,20-24,"Trastornos mentales debidos al uso de drogas (drogodependencia, toxicomanía)",0
2013,all,25-29,Accidentes de tráfico,112
2013,all,25-29,Agresiones (homicidio),24
2013,all,25-29,Envenenamiento accidental por psicofármacos y drogas de abuso,29
2013,all,25-29,Eventos de intención no determinada,6
2013,all,25-29,Suicidio y lesiones autoinfligidas,125
2013,all,25-29,Todas las causas,852
2013,all,25-29,"Trastornos mentales debidos al uso de drogas (drogodependencia, toxicomanía)",1
2013,all,30-34,Accidentes de tráfico,139
2013,all,30-34,Agresiones (homicidio),24
2013,all,30-34,Envenenamiento accidental por psicofármacos y drogas de abuso,55
2013,all,30-34,Eventos de intención no determinada,5
2013,all,30-34,Suicidio y lesiones autoinfligidas,214
2013,all,30-34,Todas las causas,1389
2013,all,30-34,"Trastornos mentales debidos al uso de drogas (drogodependencia, toxicomanía)",4
2013,all,35-39,Accidentes de tráfico,141
2013,all,35-39,Agresiones (homicidio),41
2013,all,35-39,Envenenamiento accidental por psicofármacos y drogas de abuso,77
2013,all,35-39,Eventos de intención no determinada,2
2013,all,35-39,Suicidio y lesiones autoinfligidas,304
2013,all,35-39,Todas las causas,2389
2013,all,35-39,"Trastornos mentales debidos al uso de drogas (drogodependencia, toxicomanía)",2
2013,all,40-44,Accidentes de tráfico,146
2013,all,40-44,Agresiones (homicidio),31
2013,all,40-44,Envenenamiento accidental por psicofármacos y drogas de abuso,98
2013,all,40-44,Eventos de intención no determinada,5
2013,all,40-44,Suicidio y lesiones autoinfligidas,379
2013,all,40-44,Todas las causas,3874
2013,all,40-44,"Trastornos mentales debidos al uso de drogas (drogodependencia, toxicomanía)",7
2013,all,45-49,Accidentes de tráfico,136
2013,all,45-49,Agresiones (homicidio),32
2013,all,45-49,Envenenamiento accidental por psicofármacos y drogas de abuso,100
2013,all,45-49,Eventos de intención no determinada,10
2013,all,45-49,Suicidio y lesiones autoinfligidas,412
2013,all,45-49,Todas las causas,6888
2013,all,45-49,"Trastornos mentales debidos al uso de drogas (drogodependencia, toxicomanía)",3
2013,all,5-9,Accidentes de tráfico,18
2013,all,5-9,Agresiones (homicidio),4
2013,all,5-9,Envenenamiento accidental por psicofármacos y drogas de abuso,1
2013,all,5-9,Eventos de intención no determinada,0
2013,all,5-9,Suicidio y lesiones autoinfligidas,0
2013,all,5-9,Todas las causas,217
2013,all,5-9,"Trastornos mentales debidos al uso de drogas (drogodependencia, toxicomanía)",0
2013,all,50-54,Accidentes de tráfico,129
2013,all,50-54,Agresiones (homicidio),29
2013,all,50-54,Envenenamiento accidental por psicofármacos y drogas de abuso,49
2013,all,50-54,Eventos de intención no determinada,9
2013,all,50-54,Suicidio y lesiones autoinfligidas,450
2013,all,50-54,Todas las causas,10290
2013,all,50-54,"Trastornos mentales debidos al uso de drogas (drogodependencia, toxicomanía)",4
2013,all,55-59,Accidentes de tráfico,107
2013,all,55-59,Agresiones (homicidio),15
2013,all,55-59,Envenenamiento accidental por psicofármacos y drogas de abuso,23
2013,all,55-59,Eventos de intención no determinada,5
2013,all,55-59,Suicidio y lesiones autoinfligidas,324
2013,all,55-59,Todas las causas,13397
2013,all,55-59,"Trastornos mentales debidos al uso de drogas (drogodependencia, toxicomanía)",1
2013,all,60-64,Accidentes de tráfico,99
2013,all,60-64,Agresiones (homicidio),15
2013,all,60-64,Envenenamiento accidental por psicofármacos y drogas de abuso,11
2013,all,60-64,Eventos de intención no determinada,2
2013,all,60-64,Suicidio y lesiones autoinfligidas,270
2013,all,60-64,Todas las causas,17553
2013,all,60-64,"Trastornos mentales debidos al uso de drogas (drogodependencia, toxicomanía)",0
2013,all,65-69,Accidentes de tráfico,97
2013,all,65-69,Agresiones (homicidio),18
2013,all,65-69,Envenenamiento accidental por psicofármacos y drogas de abuso,9
2013,all,65-69,Eventos de intención no determinada,1
2013,all,65-69,Suicidio y lesiones autoinfligidas,257
2013,all,65-69,Todas las causas,23662
2013,all,65-69,"Trastornos mentales debidos al uso de drogas (drogodependencia, toxicomanía)",0
2013,all,70-74,Accidentes de tráfico,116
2013,all,70-74,Agresiones (homicidio),15
2013,all,70-74,Envenenamiento accidental por psicofármacos y drogas de abuso,17
2013,all,70-74,Eventos de intención no determinada,5
2013,all,70-74,Suicidio y lesiones autoinfligidas,247
2013,all,70-74,Todas las causas,28266
2013,all,70-74,"Trastornos mentales debidos al uso de drogas (drogodependencia, toxicomanía)",0
2013,all,75-79,Accidentes de tráfico,120
2013,all,75-79,Agresiones (homicidio),9
2013,all,75-79,Envenenamiento accidental por psicofármacos y drogas de abuso,28
2013,all,75-79,Eventos de intención no determinada,9
2013,all,75-79,Suicidio y lesiones autoinfligidas,254
2013,all,75-79,Todas las causas,47928
2013,all,75-79,"Trastornos mentales debidos al uso de drogas (drogodependencia, toxicomanía)",0
2013,all,80-84,Accidentes de tráfico,141
2013,all,80-84,Agresiones (homicidio),10
2013,all,80-84,Envenenamiento accidental por psicofármacos y drogas de abuso,41
2013,all,80-84,Eventos de intención no determinada,5
2013,all,80-84,Suicidio y lesiones autoinfligidas,257
2013,all,80-84,Todas las causas,72142
2013,all,80-84,"Trastornos mentales debidos al uso de drogas (drogodependencia, toxicomanía)",0
2013,all,85-89,Accidentes de tráfico,78
2013,all,85-89,Agresiones (homicidio),8
2013,all,85-89,Envenenamiento accidental por psicofármacos y drogas de abuso,50
2013,all,85-89,Eventos de intención no determinada,10
2013,all,85-89,Suicidio y lesiones autoinfligidas,137
2013,all,85-89,Todas las causas,79519
2013,all,85-89,"Trastornos mentales debidos al uso de drogas (drogodependencia, toxicomanía)",0
2013,all,90-94,Accidentes de tráfico,20
2013,all,90-94,Agresiones (homicidio),6
2013,all,90-94,Envenenamiento accidental por psicofármacos y drogas de abuso,29
2013,all,90-94,Eventos de intención no determinada,0
2013,all,90-94,Suicidio y lesiones autoinfligidas,45
2013,all,90-94,Todas las causas,55401
2013,all,90-94,"Trastornos mentales debidos al uso de drogas (drogodependencia, toxicomanía)",0
2013,all,95+,Accidentes de tráfico,1
2013,all,95+,Agresiones (homicidio),0
2013,all,95+,Envenenamiento accidental por psicofármacos y drogas de abuso,6
2013,all,95+,Eventos de intención no determinada,0
2013,all,95+,Suicidio y lesiones autoinfligidas,10
2013,all,95+,Todas las causas,24017
2013,all,95+,"Trastornos mentales debidos al uso de drogas (drogodependencia, toxicomanía)",0
2013,all,<1,Accidentes de tráfico,2
2013,all,<1,Agresiones (homicidio),4
2013,all,<1,Envenenamiento accidental por psicofármacos y drogas de abuso,0
2013,all,<1,Eventos de intención no determinada,1
2013,all,<1,Suicidio y lesiones autoinfligidas,0
2013,all,<1,Todas las causas,1164
2013,all,<1,"Trastornos mentales debidos al uso de drogas (drogodependencia, toxicomanía)",0
2013,all,all,Accidentes de tráfico,1807
2013,all,all,Agresiones (homicidio),315
2013,all,all,Envenenamiento accidental por psicofármacos y drogas de abuso,636
2013,all,all,Eventos de intención no determinada,81
2013,all,all,Suicidio y lesiones autoinfligidas,3870
2013,all,all,Todas las causas,390419
2013,all,all,"Trastornos mentales debidos al uso de drogas (drogodependencia, toxicomanía)",22
2013,female,1-4,Accidentes de tráfico,11
2013,female,1-4,Agresiones (homicidio),0
2013,female,1-4,Envenenamiento accidental por psicofármacos y drogas de abuso,0
2013,female,1-4,Eventos de intención no determinada,0
2013,female,1-4,Suicidio y lesiones autoinfligidas,0
2013,female,1-4,Todas las causas,137
2013,female,1-4,"Trastornos mentales debidos al uso de drogas (drogodependencia, toxicomanía)",0
2013,female,10-14,Accidentes de tráfico,4
2013,female,10-14,Agresiones (homicidio),5
2013,female,10-14,Envenenamiento accidental por psicofármacos y drogas de abuso,1
2013,female,10-14,Eventos de intención no determinada,0
2013,female,10-14,Suicidio y lesiones autoinfligidas,3
2013,female,10-14,Todas las causas,85
2013,female,10-14,"Trastornos mentales debidos al uso de drogas (drogodependencia, toxicomanía)",0
2013,female,15-19,Accidentes de tráfico,18
2013,female,15-19,Agresiones (homicidio),1
2013,female,15-19,Envenenamiento accidental por psicofármacos y drogas de abuso,0
2013,female,15-19,Eventos de intención no determinada,0
2013,female,15-19,Suicidio y lesiones autoinfligidas,17
2013,female,15-19,Todas las causas,124
2013,female,15-19,"Trastornos mentales debidos al uso de drogas (drogodependencia, toxicomanía)",0
2013,female,20-24,Accidentes de tráfico,28
2013,female,20-24,Agresiones (homicidio),4
2013,female,20-24,Envenenamiento accidental por psicofármacos y drogas de abuso,2
2013,female,20-24,Eventos de intención no determinada,0
2013,female,20-24,Suicidio y lesiones autoinfligidas,28
2013,female,20-24,Todas las causas,172
2013,female,20-24,"Trastornos mentales debidos al uso de drogas (drogodependencia, toxicomanía)",0
2013,female,25-29,Accidentes de tráfico,18
2013,female,25-29,Agresiones (homicidio),11
2013,female,25-29,Envenenamiento accidental por psicofármacos y drogas de abuso,7
2013,female,25-29,Eventos de intención no determinada,2
2013,female,25-29,Suicidio y lesiones autoinfligidas,31
2013,female,25-29,Todas las causas,254
2013,female,25-29,"Trastornos mentales debidos al uso de drogas (drogodependencia, toxicomanía)",0
2013,female,30-34,Accidentes de tráfico,19
2013,female,30-34,Agresiones (homicidio),8
2013,female,30-34,Envenenamiento accidental por psicofármacos y drogas de abuso,12
2013,female,30-34,Eventos de intención no determinada,2
2013,female,30-34,Suicidio y lesiones autoinfligidas,48
2013,female,30-34,Todas las causas,423
2013,female,30-34,"Trastornos mentales debidos al uso de drogas (drogodependencia, toxicomanía)",1
2013,female,35-39,Accidentes de tráfico,25
2013,female,35-39,Agresiones (homicidio),17
2013,female,35-39,Envenenamiento accidental por psicofármacos y drogas de abuso,12
2013,female,35-39,Eventos de intención no determinada,0
2013,female,35-39,Suicidio y lesiones autoinfligidas,75
2013,female,35-39,Todas las causas,895
2013,female,35-39,"Trastornos mentales debidos al uso de drogas (drogodependencia, toxicomanía)",0
2013,female,40-44,Accidentes de tráfico,15
2013,female,40-44,Agresiones (homicidio),6
2013,female,40-44,Envenenamiento accidental por psicofármacos y drogas de abuso,24
2013,female,40-44,Eventos de intención no determinada,2
2013,female,40-44,Suicidio y lesiones autoinfligidas,94
2013,female,40-44,Todas las causas,1343
2013,female,40-44,"Trastornos mentales debidos al uso de drogas (drogodependencia, toxicomanía)",0
2013,female,45-49,Accidentes de tráfico,18
2013,female,45-49,Agresiones (homicidio),8
2013,female,45-49,Envenenamiento accidental por psicofármacos y drogas de abuso,12
2013,female,45-49,Eventos de intención no determinada,3
2013,female,45-49,Suicidio y lesiones autoinfligidas,93
2013,female,45-49,Todas las causas,2330
2013,female,45-49,"Trastornos mentales debidos al uso de drogas (drogodependencia, toxicomanía)",0
2013,female,5-9,Accidentes de tráfico,9
2013,female,5-9,Agresiones (homicidio),1
2013,female,5-9,Envenenamiento accidental por psicofármacos y drogas de abuso,0
2013,female,5-9,Eventos de intención no determinada,0
2013,female,5-9,Suicidio y lesiones autoinfligidas,0
2013,female,5-9,Todas las causas,100
2013,female,5-9,"Trastornos mentales debidos al uso de drogas (drogodependencia, toxicomanía)",0
2013,female,50-54,Accidentes de tráfico,30
2013,female,50-54,Agresiones (homicidio),14
2013,female,50-54,Envenenamiento accidental por psicofármacos y drogas de abuso,9
2013,female,50-54,Eventos de intención no determinada,2
2013,female,50-54,Suicidio y lesiones autoinfligidas,110
2013,female,50-54,Todas las causas,3403
2013,female,50-54,"Trastornos mentales debidos al uso de drogas (drogodependencia, toxicomanía)",0
2013,female,55-59,Accidentes de tráfico,24
2013,female,55-59,Agresiones (homicidio),3
2013,female,55-59,Envenenamiento accidental por psicofármacos y drogas de abuso,4
2013,female,55-59,Eventos de intención no determinada,2
2013,female,55-59,Suicidio y lesiones autoinfligidas,87
2013,female,55-59,Todas las causas,4191
2013,female,55-59,"Trastornos mentales debidos al uso de drogas (drogodependencia, toxicomanía)",1
2013,female,60-64,Accidentes de tráfico,18
2013,female,60-64,Agresiones (homicidio),4
2013,female,60-64,Envenenamiento accidental por psicofármacos y drogas de abuso,5
2013,female,60-64,Eventos de intención no determinada,1
2013,female,60-64,Suicidio y lesiones autoinfligidas,65
2013,female,60-64,Todas las causas,5244
2013,female,60-64,"Trastornos mentales debidos al uso de drogas (drogodependencia, toxicomanía)",0
2013,female,65-69,Accidentes de tráfico,29
2013,female,65-69,Agresiones (homicidio),7
2013,female,65-69,Envenenamiento accidental por psicofármacos y drogas de abuso,4
2013,female,65-69,Eventos de intención no determinada,1
2013,female,65-69,Suicidio y lesiones autoinfligidas,70
2013,female,65-69,Todas las causas,7357
2013,female,65-69,"Trastornos mentales debidos al uso de drogas (drogodependencia, toxicomanía)",0
2013,female,70-74,Accidentes de tráfico,40
2013,female,70-74,Agresiones (homicidio),4
2013,female,70-74,Envenenamiento accidental por psicofármacos y drogas de abuso,6
2013,female,70-74,Eventos de intención no determinada,1
2013,female,70-74,Suicidio y lesiones autoinfligidas,65
2013,female,70-74,Todas las causas,9659
2013,female,70-74,"Trastornos mentales debidos al uso de drogas (drogodependencia, toxicomanía)",0
2013,female,75-79,Accidentes de tráfico,42
2013,female,75-79,Agresiones (homicidio),5
2013,female,75-79,Envenenamiento accidental por psicofármacos y drogas de abuso,14
2013,female,75-79,Eventos de intención no determinada,4
2013,female,75-79,Suicidio y lesiones autoinfligidas,73
2013,female,75-79,Todas las causas,19209
2013,female,75-79,"Trastornos mentales debidos al uso de drogas (drogodependencia, toxicomanía)",0
2013,female,80-84,Accidentes de tráfico,46
2013,female,80-84,Agresiones (homicidio),4
2013,female,80-84,Envenenamiento accidental por psicofármacos y drogas de abuso,22
2013,female,80-84,Eventos de intención no determinada,0
2013,female,80-84,Suicidio y lesiones autoinfligidas,54
2013,female,80-84,Todas las causas,34626
2013,female,80-84,"Trastornos mentales debidos al uso de drogas (drogodependencia, toxicomanía)",0
2013,female,85-89,Accidentes de tráfico,21
2013,female,85-89,Agresiones (homicidio),4
2013,female,85-89,Envenenamiento accidental por psicofármacos y drogas de abuso,32
2013,female,85-89,Eventos de intención no determinada,7
2013,female,85-89,Suicidio y lesiones autoinfligidas,31
2013,female,85-89,Todas las causas,45388
2013,female,85-89,"Trastornos mentales debidos al uso de drogas (drogodependencia, toxicomanía)",0
2013,female,90-94,Accidentes de tráfico,8
2013,female,90-94,Agresiones (homicidio),2
2013,female,90-94,Envenenamiento accidental por psicofármacos y drogas de abuso,21
2013,female,90-94,Eventos de intención no determinada,0
2013,female,90-94,Suicidio y lesiones autoinfligidas,10
2013,female,90-94,Todas las causas,36872
2013,female,90-94,"Trastornos mentales debidos al uso de drogas (drogodependencia, toxicomanía)",0
2013,female,95+,Accidentes de tráfico,1
2013,female,95+,Agresiones (homicidio),0
2013,female,95+,Envenenamiento accidental por psicofármacos y drogas de abuso,5
2013,female,95+,Eventos de intención no determinada,0
2013,female,95+,Suicidio y lesiones autoinfligidas,5
2013,female,95+,Todas las causas,18243
2013,female,95+,"Trastornos mentales debidos al uso de drogas (drogodependencia, toxicomanía)",0
2013,female,<1,Accidentes de tráfico,1
2013,female,<1,Agresiones (homicidio),1
2013,female,<1,Envenenamiento accidental por psicofármacos y drogas de abuso,0
2013,female,<1,Eventos de intención no determinada,0
2013,female,<1,Suicidio y lesiones autoinfligidas,0
2013,female,<1,Todas las causas,530
2013,female,<1,"Trastornos mentales debidos al uso de drogas (drogodependencia, toxicomanía)",0
2013,female,all,Accidentes de tráfico,425
2013,female,all,Agresiones (homicidio),109
2013,female,all,Envenenamiento accidental por psicofármacos y drogas de abuso,192
2013,female,all,Eventos de intención no determinada,27
2013,female,all,Suicidio y lesiones autoinfligidas,959
2013,female,all,Todas las causas,190585
2013,female,all,"Trastornos mentales debidos al uso de drogas (drogodependencia, toxicomanía)",2
2013,male,1-4,Accidentes de tráfico,7
2013,male,1-4,Agresiones (homicidio),3
2013,male,1-4,Envenenamiento accidental por psicofármacos y drogas de abuso,0
2013,male,1-4,Eventos de intención no determinada,0
2013,male,1-4,Suicidio y lesiones autoinfligidas,0
2013,male,1-4,Todas las causas,153
2013,male,1-4,"Trastornos mentales debidos al uso de drogas (drogodependencia, toxicomanía)",0
2013,male,10-14,Accidentes de tráfico,14
2013,male,10-14,Agresiones (homicidio),2
2013,male,10-14,Envenenamiento accidental por psicofármacos y drogas de abuso,0
2013,male,10-14,Eventos de intención no determinada,0
2013,male,10-14,Suicidio y lesiones autoinfligidas,6
2013,male,10-14,Todas las causas,108
2013,male,10-14,"Trastornos mentales debidos al uso de drogas (drogodependencia, toxicomanía)",0
2013,male,15-19,Accidentes de tráfico,39
2013,male,15-19,Agresiones (homicidio),7
2013,male,15-19,Envenenamiento accidental por psicofármacos y drogas de abuso,2
2013,male,15-19,Eventos de intención no determinada,4
2013,male,15-19,Suicidio y lesiones autoinfligidas,40
2013,male,15-19,Todas las causas,257
2013,male,15-19,"Trastornos mentales debidos al uso de drogas (drogodependencia, toxicomanía)",0
2013,male,20-24,Accidentes de tráfico,84
2013,male,20-24,Agresiones (homicidio),8
2013,male,20-24,Envenenamiento accidental por psicofármacos y drogas de abuso,8
2013,male,20-24,Eventos de intención no determinada,2
2013,male,20-24,Suicidio y lesiones autoinfligidas,91
2013,male,20-24,Todas las causas,435
2013,male,20-24,"Trastornos mentales debidos al uso de drogas (drogodependencia, toxicomanía)",0
2013,male,25-29,Accidentes de tráfico,94
2013,male,25-29,Agresiones (homicidio),13
2013,male,25-29,Envenenamiento accidental por psicofármacos y drogas de abuso,22
2013,male,25-29,Eventos de intención no determinada,4
2013,male,25-29,Suicidio y lesiones autoinfligidas,94
2013,male,25-29,Todas las causas,598
2013,male,25-29,"Trastornos mentales debidos al uso de drogas (drogodependencia, toxicomanía)",1
2013,male,30-34,Accidentes de tráfico,120
2013,male,30-34,Agresiones (homicidio),16
2013,male,30-34,Envenenamiento accidental por psicofármacos y drogas de abuso,43
2013,male,30-34,Eventos de intención no determinada,3
2013,male,30-34,Suicidio y lesiones autoinfligidas,166
2013,male,30-34,Todas las causas,966
2013,male,30-34,"Trastornos mentales debidos al uso de drogas (drogodependencia, toxicomanía)",3
2013,male,35-39,Accidentes de tráfico,116
2013,male,35-39,Agresiones (homicidio),24
2013,male,35-39,Envenenamiento accidental por psicofármacos y drogas de abuso,65
2013,male,35-39,Eventos de intención no determinada,2
2013,male,35-39,Suicidio y lesiones autoinfligidas,229
2013,male,35-39,Todas las causas,1494
2013,male,35-39,"Trastornos mentales debidos al uso de drogas (drogodependencia, toxicomanía)",2
2013,male,40-44,Accidentes de tráfico,131
2013,male,40-44,Agresiones (homicidio),25
2013,male,40-44,Envenenamiento accidental por psicofármacos y drogas de abuso,74
2013,male,40-44,Eventos de intención no determinada,3
2013,male,40-44,Suicidio y lesiones autoinfligidas,285
2013,male,40-44,Todas las causas,2531
2013,male,40-44,"Trastornos mentales debidos al uso de drogas (drogodependencia, toxicomanía)",7
2013,male,45-49,Accidentes de tráfico,118
2013,male,45-49,Agresiones (homicidio),24
2013,male,45-49,Envenenamiento accidental por psicofármacos y drogas de abuso,88
2013,male,45-49,Eventos de intención no determinada,7
2013,male,45-49,Suicidio y lesiones autoinfligidas,319
2013,male,45-49,Todas las causas,4558
2013,male,45-49,"Trastornos mentales debidos al uso de drogas (drogodependencia, toxicomanía)",3
2013,male,5-9,Accidentes de tráfico,9
2013,male,5-9,Agresiones (homicidio),3
2013,male,5-9,Envenenamiento accidental por psicofármacos y drogas de abuso,1
2013,male,5-9,Eventos de intención no determinada,0
2013,male,5-9,Suicidio y lesiones autoinfligidas,0
2013,male,5-9,Todas las causas,117
2013,male,5-9,"Trastornos mentales debidos al uso de drogas (drogodependencia, toxicomanía)",0
2013,male,50-54,Accidentes de tráfico,99
2013,male,50-54,Agresiones (homicidio),15
2013,male,50-54,Envenenamiento accidental por psicofármacos y drogas de abuso,40
2013,male,50-54,Eventos de intención no determinada,7
2013,male,50-54,Suicidio y lesiones autoinfligidas,340
2013,male,50-54,Todas las causas,6887
2013,male,50-54,"Trastornos mentales debidos al uso de drogas (drogodependencia, toxicomanía)",4
2013,male,55-59,Accidentes de tráfico,83
2013,male,55-59,Agresiones (homicidio),12
2013,male,55-59,Envenenamiento accidental por psicofármacos y drogas de abuso,19
2013,male,55-59,Eventos de intención no determinada,3
2013,male,55-59,Suicidio y lesiones autoinfligidas,237
2013,male,55-59,Todas las causas,9206
2013,male,55-59,"Trastornos mentales debidos al uso de drogas (drogodependencia, toxicomanía)",0
2013,male,60-64,Accidentes de tráfico,81
2013,male,60-64,Agresiones (homicidio),11
2013,male,60-64,Envenenamiento accidental por psicofármacos y drogas de abuso,6
2013,male,60-64,Eventos de intención no determinada,1
2013,male,60-64,Suicidio y lesiones autoinfligidas,205
2013,male,60-64,Todas las causas,12309
2013,male,60-64,"Trastornos mentales debidos al uso de drogas (drogodependencia, toxicomanía)",0
2013,male,65-69,Accidentes de tráfico,68
2013,male,65-69,Agresiones (homicidio),11
2013,male,65-69,Envenenamiento accidental por psicofármacos y drogas de abuso,5
2013,male,65-69,Eventos de intención no determinada,0
2013,male,65-69,Suicidio y lesiones autoinfligidas,187
2013,male,65-69,Todas las causas,16305
2013,male,65-69,"Trastornos mentales debidos al uso de drogas (drogodependencia, toxicomanía)",0
2013,male,70-74,Accidentes de tráfico,76
2013,male,70-74,Agresiones (homicidio),11
2013,male,70-74,Envenenamiento accidental por psicofármacos y drogas de abuso,11
2013,male,70-74,Eventos de intención no determinada,4
2013,male,70-74,Suicidio y lesiones autoinfligidas,182
2013,male,70-74,Todas las causas,18607
2013,male,70-74,"Trastornos mentales debidos al uso de drogas (drogodependencia, toxicomanía)",0
2013,male,75-79,Accidentes de tráfico,78
2013,male,75-79,Agresiones (homicidio),4
2013,male,75-79,Envenenamiento accidental por psicofármacos y drogas de abuso,14
2013,male,75-79,Eventos de intención no determinada,5
2013,male,75-79,Suicidio y lesiones autoinfligidas,181
2013,male,75-79,Todas las causas,28719
2013,male,75-79,"Trastornos mentales debidos al uso de drogas (drogodependencia, toxicomanía)",0
2013,male,80-84,Accidentes de tráfico,95
2013,male,80-84,Agresiones (homicidio),6
2013,male,80-84,Envenenamiento accidental por psicofármacos y drogas de abuso,19
2013,male,80-84,Eventos de intención no determinada,5
2013,male,80-84,Suicidio y lesiones autoinfligidas,203
2013,male,80-84,Todas las causas,37516
2013,male,80-84,"Trastornos mentales debidos al uso de drogas (drogodependencia, toxicomanía)",0
2013,male,85-89,Accidentes de tráfico,57
2013,male,85-89,Agresiones (homicidio),4
2013,male,85-89,Envenenamiento accidental por psicofármacos y drogas de abuso,18
2013,male,85-89,Eventos de intención no determinada,3
2013,male,85-89,Suicidio y lesiones autoinfligidas,106
2013,male,85-89,Todas las causas,34131
2013,male,85-89,"Trastornos mentales debidos al uso de drogas (drogodependencia, toxicomanía)",0
2013,male,90-94,Accidentes de tráfico,12
2013,male,90-94,Agresiones (homicidio),4
2013,male,90-94,Envenenamiento accidental por psicofármacos y drogas de abuso,8
2013,male,90-94,Eventos de intención no determinada,0
2013,male,90-94,Suicidio y lesiones autoinfligidas,35
2013,male,90-94,Todas las causas,18529
2013,male,90-94,"Trastornos mentales debidos al uso de drogas (drogodependencia, toxicomanía)",0
2013,male,95+,Accidentes de tráfico,0
2013,male,95+,Agresiones (homicidio),0
2013,male,95+,Envenenamiento accidental por psicofármacos y drogas de abuso,1
2013,male,95+,Eventos de intención no determinada,0
2013,male,95+,Suicidio y lesiones autoinfligidas,5
2013,male,95+,Todas las causas,5774
2013,male,95+,"Trastornos mentales debidos al uso de drogas (drogodependencia, toxicomanía)",0
2013,male,<1,Accidentes de tráfico,1
2013,male,<1,Agresiones (homicidio),3
2013,male,<1,Envenenamiento accidental por psicofármacos y drogas de abuso,0
2013,male,<1,Eventos de intención no determinada,1
2013,male,<1,Suicidio y lesiones autoinfligidas,0
2013,male,<1,Todas las causas,634
2013,male,<1,"Trastornos mentales debidos al uso de drogas (drogodependencia, toxicomanía)",0
2013,male,all,Accidentes de tráfico,1382
2013,male,all,Agresiones (homicidio),206
2013,male,all,Envenenamiento accidental por psicofármacos y drogas de abuso,444
2013,male,all,Eventos de intención no determinada,54
2013,male,all,Suicidio y lesiones autoinfligidas,2911
2013,male,all,Todas las causas,199834
2013,male,all,"Trastornos mentales debidos al uso de drogas (drogodependencia, toxicomanía)",20
2014,all,1-4,Accidentes de tráfico,9
2014,all,1-4,Agresiones (homicidio),3
2014,all,1-4,Envenenamiento accidental por psicofármacos y drogas de abuso,1
2014,all,1-4,Eventos de intención no determinada,0
2014,all,1-4,Suicidio y lesiones autoinfligidas,0
2014,all,1-4,Todas las causas,264
2014,all,1-4,"Trastornos mentales debidos al uso de drogas (drogodependencia, toxicomanía)",0
2014,all,10-14,Accidentes de tráfico,14
2014,all,10-14,Agresiones (homicidio),1
2014,all,10-14,Envenenamiento accidental por psicofármacos y drogas de abuso,0
2014,all,10-14,Eventos de intención no determinada,0
2014,all,10-14,Suicidio y lesiones autoinfligidas,10
2014,all,10-14,Todas las causas,211
2014,all,10-14,"Trastornos mentales debidos al uso de drogas (drogodependencia, toxicomanía)",0
2014,all,15-19,Accidentes de tráfico,51
2014,all,15-19,Agresiones (homicidio),10
2014,all,15-19,Envenenamiento accidental por psicofármacos y drogas de abuso,2
2014,all,15-19,Eventos de intención no determinada,0
2014,all,15-19,Suicidio y lesiones autoinfligidas,59
2014,all,15-19,Todas las causas,362
2014,all,15-19,"Trastornos mentales debidos al uso de drogas (drogodependencia, toxicomanía)",0
2014,all,20-24,Accidentes de tráfico,102
2014,all,20-24,Agresiones (homicidio),14
2014,all,20-24,Envenenamiento accidental por psicofármacos y drogas de abuso,12
2014,all,20-24,Eventos de intención no determinada,2
2014,all,20-24,Suicidio y lesiones autoinfligidas,127
2014,all,20-24,Todas las causas,659
2014,all,20-24,"Trastornos mentales debidos al uso de drogas (drogodependencia, toxicomanía)",0
2014,all,25-29,Accidentes de tráfico,110
2014,all,25-29,Agresiones (homicidio),27
2014,all,25-29,Envenenamiento accidental por psicofármacos y drogas de abuso,20
2014,all,25-29,Eventos de intención no determinada,0
2014,all,25-29,Suicidio y lesiones autoinfligidas,133
2014,all,25-29,Todas las causas,766
2014,all,25-29,"Trastornos mentales debidos al uso de drogas (drogodependencia, toxicomanía)",0
2014,all,30-34,Accidentes de tráfico,120
2014,all,30-34,Agresiones (homicidio),24
2014,all,30-34,Envenenamiento accidental por psicofármacos y drogas de abuso,49
2014,all,30-34,Eventos de intención no determinada,3
2014,all,30-34,Suicidio y lesiones autoinfligidas,221
2014,all,30-34,Todas las causas,1347
2014,all,30-34,"Trastornos mentales debidos al uso de drogas (drogodependencia, toxicomanía)",4
2014,all,35-39,Accidentes de tráfico,143
2014,all,35-39,Agresiones (homicidio),31
2014,all,35-39,Envenenamiento accidental por psicofármacos y drogas de abuso,69
2014,all,35-39,Eventos de intención no determinada,7
2014,all,35-39,Suicidio y lesiones autoinfligidas,283
2014,all,35-39,Todas las causas,2101
2014,all,35-39,"Trastornos mentales debidos al uso de drogas (drogodependencia, toxicomanía)",2
2014,all,40-44,Accidentes de tráfico,164
2014,all,40-44,Agresiones (homicidio),42
2014,all,40-44,Envenenamiento accidental por psicofármacos y drogas de abuso,100
2014,all,40-44,Eventos de intención no determinada,2
2014,all,40-44,Suicidio y lesiones autoinfligidas,386
2014,all,40-44,Todas las causas,3842
2014,all,40-44,"Trastornos mentales debidos al uso de drogas (drogodependencia, toxicomanía)",4
2014,all,45-49,Accidentes de tráfico,172
2014,all,45-49,Agresiones (homicidio),22
2014,all,45-49,Envenenamiento accidental por psicofármacos y drogas de abuso,113
2014,all,45-49,Eventos de intención no determinada,2
2014,all,45-49,Suicidio y lesiones autoinfligidas,457
2014,all,45-49,Todas las causas,6732
2014,all,45-49,"Trastornos mentales debidos al uso de drogas (drogodependencia, toxicomanía)",3
2014,all,5-9,Accidentes de tráfico,9
2014,all,5-9,Agresiones (homicidio),4
2014,all,5-9,Envenenamiento accidental por psicofármacos y drogas de abuso,0
2014,all,5-9,Eventos de intención no determinada,0
2014,all,5-9,Suicidio y lesiones autoinfligidas,0
2014,all,5-9,Todas las causas,188
2014,all,5-9,"Trastornos mentales debidos al uso de drogas (drogodependencia, toxicomanía)",0
2014,all,50-54,Accidentes de tráfico,154
2014,all,50-54,Agresiones (homicidio),26
2014,all,50-54,Envenenamiento accidental por psicofármacos y drogas de abuso,68
2014,all,50-54,Eventos de intención no determinada,5
2014,all,50-54,Suicidio y lesiones autoinfligidas,438
2014,all,50-54,Todas las causas,10081
2014,all,50-54,"Trastornos mentales debidos al uso de drogas (drogodependencia, toxicomanía)",6
2014,all,55-59,Accidentes de tráfico,132
2014,all,55-59,Agresiones (homicidio),22
2014,all,55-59,Envenenamiento accidental por psicofármacos y drogas de abuso,42
2014,all,55-59,Eventos de intención no determinada,4
2014,all,55-59,Suicidio y lesiones autoinfligidas,313
2014,all,55-59,Todas las causas,13625
2014,all,55-59,"Trastornos mentales debidos al uso de drogas (drogodependencia, toxicomanía)",4
2014,all,60-64,Accidentes de tráfico,101
2014,all,60-64,Agresiones (homicidio),14
2014,all,60-64,Envenenamiento accidental por psicofármacos y drogas de abuso,23
2014,all,60-64,Eventos de intención no determinada,6
2014,all,60-64,Suicidio y lesiones autoinfligidas,268
2014,all,60-64,Todas las causas,17320
2014,all,60-64,"Trastornos mentales debidos al uso de drogas (drogodependencia, toxicomanía)",0
2014,all,65-69,Accidentes de tráfico,110
2014,all,65-69,Agresiones (homicidio),10
2014,all,65-69,Envenenamiento accidental por psicofármacos y drogas de abuso,12
2014,all,65-69,Eventos de intención no determinada,4
2014,all,65-69,Suicidio y lesiones autoinfligidas,256
2014,all,65-69,Todas las causas,23859
2014,all,65-69,"Trastornos mentales debidos al uso de drogas (drogodependencia, toxicomanía)",1
2014,all,70-74,Accidentes de tráfico,102
2014,all,70-74,Agresiones (homicidio),14
2014,all,70-74,Envenenamiento accidental por psicofármacos y drogas de abuso,14
2014,all,70-74,Eventos de intención no determinada,2
2014,all,70-74,Suicidio y lesiones autoinfligidas,215
2014,all,70-74,Todas las causas,29961
2014,all,70-74,"Trastornos mentales debidos al uso de drogas (drogodependencia, toxicomanía)",1
2014,all,75-79,Accidentes de tráfico,122
2014,all,75-79,Agresiones (homicidio),19
2014,all,75-79,Envenenamiento accidental por psicofármacos y drogas de abuso,33
2014,all,75-79,Eventos de intención no determinada,2
2014,all,75-79,Suicidio y lesiones autoinfligidas,246
2014,all,75-79,Todas las causas,45167
2014,all,75-79,"Trastornos mentales debidos al uso de drogas (drogodependencia, toxicomanía)",0
2014,all,80-84,Accidentes de tráfico,145
2014,all,80-84,Agresiones (homicidio),17
2014,all,80-84,Envenenamiento accidental por psicofármacos y drogas de abuso,62
2014,all,80-84,Eventos de intención no determinada,2
2014,all,80-84,Suicidio y lesiones autoinfligidas,232
2014,all,80-84,Todas las causas,72251
2014,all,80-84,"Trastornos mentales debidos al uso de drogas (drogodependencia, toxicomanía)",1
2014,all,85-89,Accidentes de tráfico,84
2014,all,85-89,Agresiones (homicidio),10
2014,all,85-89,Envenenamiento accidental por psicofármacos y drogas de abuso,57
2014,all,85-89,Eventos de intención no determinada,6
2014,all,85-89,Suicidio y lesiones autoinfligidas,189
2014,all,85-89,Todas las causas,81309
2014,all,85-89,"Trastornos mentales debidos al uso de drogas (drogodependencia, toxicomanía)",0
2014,all,90-94,Accidentes de tráfico,22
2014,all,90-94,Agresiones (homicidio),4
2014,all,90-94,Envenenamiento accidental por psicofármacos y drogas de abuso,36
2014,all,90-94,Eventos de intención no determinada,1
2014,all,90-94,Suicidio y lesiones autoinfligidas,69
2014,all,90-94,Todas las causas,59790
2014,all,90-94,"Trastornos mentales debidos al uso de drogas (drogodependencia, toxicomanía)",0
2014,all,95+,Accidentes de tráfico,4
2014,all,95+,Agresiones (homicidio),0
2014,all,95+,Envenenamiento accidental por psicofármacos y drogas de abuso,9
2014,all,95+,Eventos de intención no determinada,0
2014,all,95+,Suicidio y lesiones autoinfligidas,8
2014,all,95+,Todas las causas,24763
2014,all,95+,"Trastornos mentales debidos al uso de drogas (drogodependencia, toxicomanía)",0
2014,all,<1,Accidentes de tráfico,3
2014,all,<1,Agresiones (homicidio),3
2014,all,<1,Envenenamiento accidental por psicofármacos y drogas de abuso,0
2014,all,<1,Eventos de intención no determinada,1
2014,all,<1,Suicidio y lesiones autoinfligidas,0
2014,all,<1,Todas las causas,1232
2014,all,<1,"Trastornos mentales debidos al uso de drogas (drogodependencia, toxicomanía)",0
2014,all,all,Accidentes de tráfico,1873
2014,all,all,Agresiones (homicidio),317
2014,all,all,Envenenamiento accidental por psicofármacos y drogas de abuso,722
2014,all,all,Eventos de intención no determinada,49
2014,all,all,Suicidio y lesiones autoinfligidas,3910
2014,all,all,Todas las causas,395830
2014,all,all,"Trastornos mentales debidos al uso de drogas (drogodependencia, toxicomanía)",26
2014,female,1-4,Accidentes de tráfico,1
2014,female,1-4,Agresiones (homicidio),0
2014,female,1-4,Envenenamiento accidental por psicofármacos y drogas de abuso,1
2014,female,1-4,Eventos de intención no determinada,0
2014,female,1-4,Suicidio y lesiones autoinfligidas,0
2014,female,1-4,Todas las causas,118
2014,female,1-4,"Trastornos mentales debidos al uso de drogas (drogodependencia, toxicomanía)",0
2014,female,10-14,Accidentes de tráfico,6
2014,female,10-14,Agresiones (homicidio),0
2014,female,10-14,Envenenamiento accidental por psicofármacos y drogas de abuso,0
2014,female,10-14,Eventos de intención no determinada,0
2014,female,10-14,Suicidio y lesiones autoinfligidas,6
2014,female,10-14,Todas las causas,97
2014,female,10-14,"Trastornos mentales debidos al uso de drogas (drogodependencia, toxicomanía)",0
2014,female,15-19,Accidentes de tráfico,15
2014,female,15-19,Agresiones (homicidio),4
2014,female,15-19,Envenenamiento accidental por psicofármacos y drogas de abuso,1
2014,female,15-19,Eventos de intención no determinada,0
2014,female,15-19,Suicidio y lesiones autoinfligidas,21
2014,female,15-19,Todas las causas,124
2014,female,15-19,"Trastornos mentales debidos al uso de drogas (drogodependencia, toxicomanía)",0
2014,female,20-24,Accidentes de tráfico,19
2014,female,20-24,Agresiones (homicidio),3
2014,female,20-24,Envenenamiento accidental por psicofármacos y drogas de abuso,1
2014,female,20-24,Eventos de intención no determinada,0
2014,female,20-24,Suicidio y lesiones autoinfligidas,29
2014,female,20-24,Todas las causas,189
2014,female,20-24,"Trastornos mentales debidos al uso de drogas (drogodependencia, toxicomanía)",0
2014,female,25-29,Accidentes de tráfico,16
2014,female,25-29,Agresiones (homicidio),9
2014,female,25-29,Envenenamiento accidental por psicofármacos y drogas de abuso,2
2014,female,25-29,Eventos de intención no determinada,0
2014,female,25-29,Suicidio y lesiones autoinfligidas,30
2014,female,25-29,Todas las causas,233
2014,female,25-29,"Trastornos mentales debidos al uso de drogas (drogodependencia, toxicomanía)",0
2014,female,30-34,Accidentes de tráfico,16
2014,female,30-34,Agresiones (homicidio),4
2014,female,30-34,Envenenamiento accidental por psicofármacos y drogas de abuso,10
2014,female,30-34,Eventos de intención no determinada,1
2014,female,30-34,Suicidio y lesiones autoinfligidas,56
2014,female,30-34,Todas las causas,431
2014,female,30-34,"Trastornos mentales debidos al uso de drogas (drogodependencia, toxicomanía)",0
2014,female,35-39,Accidentes de tráfico,24
2014,female,35-39,Agresiones (homicidio),16
2014,female,35-39,Envenenamiento accidental por psicofármacos y drogas de abuso,7
2014,female,35-39,Eventos de intención no determinada,1
2014,female,35-39,Suicidio y lesiones autoinfligidas,73
2014,female,35-39,Todas las causas,772
2014,female,35-39,"Trastornos mentales debidos al uso de drogas (drogodependencia, toxicomanía)",0
2014,female,40-44,Accidentes de tráfico,29
2014,female,40-44,Agresiones (homicidio),13
2014,female,40-44,Envenenamiento accidental por psicofármacos y drogas de abuso,19
2014,female,40-44,Eventos de intención no determinada,1
2014,female,40-44,Suicidio y lesiones autoinfligidas,93
2014,female,40-44,Todas las causas,1374
2014,female,40-44,"Trastornos mentales debidos al uso de drogas (drogodependencia, toxicomanía)",1
2014,female,45-49,Accidentes de tráfico,33
2014,female,45-49,Agresiones (homicidio),10
2014,female,45-49,Envenenamiento accidental por psicofármacos y drogas de abuso,21
2014,female,45-49,Eventos de intención no determinada,0
2014,female,45-49,Suicidio y lesiones autoinfligidas,120
2014,female,45-49,Todas las causas,2265
2014,female,45-49,"Trastornos mentales debidos al uso de drogas (drogodependencia, toxicomanía)",0
2014,female,5-9,Accidentes de tráfico,6
2014,female,5-9,Agresiones (homicidio),4
2014,female,5-9,Envenenamiento accidental por psicofármacos y drogas de abuso,0
2014,female,5-9,Eventos de intención no determinada,0
2014,female,5-9,Suicidio y lesiones autoinfligidas,0
2014,female,5-9,Todas las causas,79
2014,female,5-9,"Trastornos mentales debidos al uso de drogas (drogodependencia, toxicomanía)",0
2014,female,50-54,Accidentes de tráfico,35
2014,female,50-54,Agresiones (homicidio),5
2014,female,50-54,Envenenamiento accidental por psicofármacos y drogas de abuso,12
2014,female,50-54,Eventos de intención no determinada,0
2014,female,50-54,Suicidio y lesiones autoinfligidas,94
2014,female,50-54,Todas las causas,3282
2014,female,50-54,"Trastornos mentales debidos al uso de drogas (drogodependencia, toxicomanía)",1
2014,female,55-59,Accidentes de tráfico,30
2014,female,55-59,Agresiones (homicidio),9
2014,female,55-59,Envenenamiento accidental por psicofármacos y drogas de abuso,9
2014,female,55-59,Eventos de intención no determinada,2
2014,female,55-59,Suicidio y lesiones autoinfligidas,77
2014,female,55-59,Todas las causas,4334
2014,female,55-59,"Trastornos mentales debidos al uso de drogas (drogodependencia, toxicomanía)",0
2014,female,60-64,Accidentes de tráfico,24
2014,female,60-64,Agresiones (homicidio),4
2014,female,60-64,Envenenamiento accidental por psicofármacos y drogas de abuso,10
2014,female,60-64,Eventos de intención no determinada,3
2014,female,60-64,Suicidio y lesiones autoinfligidas,78
2014,female,60-64,Todas las causas,5260
2014,female,60-64,"Trastornos mentales debidos al uso de drogas (drogodependencia, toxicomanía)",0
2014,female,65-69,Accidentes de tráfico,28
2014,female,65-69,Agresiones (homicidio),1
2014,female,65-69,Envenenamiento accidental por psicofármacos y drogas de abuso,3
2014,female,65-69,Eventos de intención no determinada,1
2014,female,65-69,Suicidio y lesiones autoinfligidas,81
2014,female,65-69,Todas las causas,7382
2014,female,65-69,"Trastornos mentales debidos al uso de drogas (drogodependencia, toxicomanía)",1
2014,female,70-74,Accidentes de tráfico,36
2014,female,70-74,Agresiones (homicidio),6
2014,female,70-74,Envenenamiento accidental por psicofármacos y drogas de abuso,9
2014,female,70-74,Eventos de intención no determinada,0
2014,female,70-74,Suicidio y lesiones autoinfligidas,57
2014,female,70-74,Todas las causas,10247
2014,female,70-74,"Trastornos mentales debidos al uso de drogas (drogodependencia, toxicomanía)",1
2014,female,75-79,Accidentes de tráfico,30
2014,female,75-79,Agresiones (homicidio),6
2014,female,75-79,Envenenamiento accidental por psicofármacos y drogas de abuso,23
2014,female,75-79,Eventos de intención no determinada,0
2014,female,75-79,Suicidio y lesiones autoinfligidas,52
2014,female,75-79,Todas las causas,18110
2014,female,75-79,"Trastornos mentales debidos al uso de drogas (drogodependencia, toxicomanía)",0
2014,female,80-84,Accidentes de tráfico,48
2014,female,80-84,Agresiones (homicidio),9
2014,female,80-84,Envenenamiento accidental por psicofármacos y drogas de abuso,37
2014,female,80-84,Eventos de intención no determinada,2
2014,female,80-84,Suicidio y lesiones autoinfligidas,48
2014,female,80-84,Todas las causas,34919
2014,female,80-84,"Trastornos mentales debidos al uso de drogas (drogodependencia, toxicomanía)",1
2014,female,85-89,Accidentes de tráfico,33
2014,female,85-89,Agresiones (homicidio),8
2014,female,85-89,Envenenamiento accidental por psicofármacos y drogas de abuso,38
2014,female,85-89,Eventos de intención no determinada,3
2014,female,85-89,Suicidio y lesiones autoinfligidas,37
2014,female,85-89,Todas las causas,46452
2014,female,85-89,"Trastornos mentales debidos al uso de drogas (drogodependencia, toxicomanía)",0
2014,female,90-94,Accidentes de tráfico,12
2014,female,90-94,Agresiones (homicidio),3
2014,female,90-94,Envenenamiento accidental por psicofármacos y drogas de abuso,27
2014,female,90-94,Eventos de intención no determinada,1
2014,female,90-94,Suicidio y lesiones autoinfligidas,19
2014,female,90-94,Todas las causas,39263
2014,female,90-94,"Trastornos mentales debidos al uso de drogas (drogodependencia, toxicomanía)",0
2014,female,95+,Accidentes de tráfico,2
2014,female,95+,Agresiones (homicidio),0
2014,female,95+,Envenenamiento accidental por psicofármacos y drogas de abuso,7
2014,female,95+,Eventos de intención no determinada,0
2014,female,95+,Suicidio y lesiones autoinfligidas,1
2014,female,95+,Todas las causas,18778
2014,female,95+,"Trastornos mentales debidos al uso de drogas (drogodependencia, toxicomanía)",0
2014,female,<1,Accidentes de tráfico,1
2014,female,<1,Agresiones (homicidio),2
2014,female,<1,Envenenamiento accidental por psicofármacos y drogas de abuso,0
2014,female,<1,Eventos de intención no determinada,1
2014,female,<1,Suicidio y lesiones autoinfligidas,0
2014,female,<1,Todas las causas,550
2014,female,<1,"Trastornos mentales debidos al uso de drogas (drogodependencia, toxicomanía)",0
2014,female,all,Accidentes de tráfico,444
2014,female,all,Agresiones (homicidio),116
2014,female,all,Envenenamiento accidental por psicofármacos y drogas de abuso,237
2014,female,all,Eventos de intención no determinada,16
2014,female,all,Suicidio y lesiones autoinfligidas,972
2014,female,all,Todas las causas,194259
2014,female,all,"Trastornos mentales debidos al uso de drogas (drogodependencia, toxicomanía)",5
2014,male,1-4,Accidentes de tráfico,8
2014,male,1-4,Agresiones (homicidio),3
2014,male,1-4,Envenenamiento accidental por psicofármacos y drogas de abuso,0
2014,male,1-4,Eventos de intención no determinada,0
2014,male,1-4,Suicidio y lesiones autoinfligidas,0
2014,male,1-4,Todas las causas,146
2014,male,1-4,"Trastornos mentales debidos al uso de drogas (drogodependencia, toxicomanía)",0
2014,male,10-14,Accidentes de tráfico,8
2014,male,10-14,Agresiones (homicidio),1
2014,male,10-14,Envenenamiento accidental por psicofármacos y drogas de abuso,0
2014,male,10-14,Eventos de intención no determinada,0
2014,male,10-14,Suicidio y lesiones autoinfligidas,4
2014,male,10-14,Todas las causas,114
2014,male,10-14,"Trastornos mentales debidos al uso de drogas (drogodependencia, toxicomanía)",0
2014,male,15-19,Accidentes de tráfico,36
2014,male,15-19,Agresiones (homicidio),6
2014,male,15-19,Envenenamiento accidental por psicofármacos y drogas de abuso,1
2014,male,15-19,Eventos de intención no determinada,0
2014,male,15-19,Suicidio y lesiones autoinfligidas,38
2014,male,15-19,Todas las causas,238
2014,male,15-19,"Trastornos mentales debidos al uso de drogas (drogodependencia, toxicomanía)",0
2014,male,20-24,Accidentes de tráfico,83
2014,male,20-24,Agresiones (homicidio),11
2014,male,20-24,Envenenamiento accidental por psicofármacos y drogas de abuso,11
2014,male,20-24,Eventos de intención no determinada,2
2014,male,20-24,Suicidio y lesiones autoinfligidas,98
2014,male,20-24,Todas las causas,470
2014,male,20-24,"Trastornos mentales debidos al uso de drogas (drogodependencia, toxicomanía)",0
2014,male,25-29,Accidentes de tráfico,94
2014,male,25-29,Agresiones (homicidio),18
2014,male,25-29,Envenenamiento accidental por psicofármacos y drogas de abuso,18
2014,male,25-29,Eventos de intención no determinada,0
2014,male,25-29,Suicidio y lesiones autoinfligidas,103
2014,male,25-29,Todas las causas,533
2014,male,25-29,"Trastornos mentales debidos al uso de drogas (drogodependencia, toxicomanía)",0
2014,male,30-34,Accidentes de tráfico,104
2014,male,30-34,Agresiones (homicidio),20
2014,male,30-34,Envenenamiento accidental por psicofármacos y drogas de abuso,39
2014,male,30-34,Eventos de intención no determinada,2
2014,male,30-34,Suicidio y lesiones autoinfligidas,165
2014,male,30-34,Todas las causas,916
2014,male,30-34,"Trastornos mentales debidos al uso de drogas (drogodependencia, toxicomanía)",4
2014,male,35-39,Accidentes de tráfico,119
2014,male,35-39,Agresiones (homicidio),15
2014,male,35-39,Envenenamiento accidental por psicofármacos y drogas de abuso,62
2014,male,35-39,Eventos de intención no determinada,6
2014,male,35-39,Suicidio y lesiones autoinfligidas,210
2014,male,35-39,Todas las causas,1329
2014,male,35-39,"Trastornos mentales debidos al uso de drogas (drogodependencia, toxicomanía)",2
2014,male,40-44,Accidentes de tráfico,135
2014,male,40-44,Agresiones (homicidio),29
2014,male,40-44,Envenenamiento accidental por psicofármacos y drogas de abuso,81
2014,male,40-44,Eventos de intención no determinada,1
2014,male,40-44,Suicidio y lesiones autoinfligidas,293
2014,male,40-44,Todas las causas,2468
2014,male,40-44,"Trastornos mentales debidos al uso de drogas (drogodependencia, toxicomanía)",3
2014,male,45-49,Accidentes de tráfico,139
2014,male,45-49,Agresiones (homicidio),12
2014,male,45-49,Envenenamiento accidental por psicofármacos y drogas de abuso,92
2014,male,45-49,Eventos de intención no determinada,2
2014,male,45-49,Suicidio y lesiones autoinfligidas,337
2014,male,45-49,Todas las causas,4467
2014,male,45-49,"Trastornos mentales debidos al uso de drogas (drogodependencia, toxicomanía)",3
2014,male,5-9,Accidentes de tráfico,3
2014,male,5-9,Agresiones (homicidio),0
2014,male,5-9,Envenenamiento accidental por psicofármacos y drogas de abuso,0
2014,male,5-9,Eventos de intención no determinada,0
2014,male,5-9,Suicidio y lesiones autoinfligidas,0
2014,male,5-9,Todas las causas,109
2014,male,5-9,"Trastornos mentales debidos al uso de drogas (drogodependencia, toxicomanía)",0
2014,male,50-54,Accidentes de tráfico,119
2014,male,50-54,Agresiones (homicidio),21
2014,male,50-54,Envenenamiento accidental por psicofármacos y drogas de abuso,56
2014,male,50-54,Eventos de intención no determinada,5
2014,male,50-54,Suicidio y lesiones autoinfligidas,344
2014,male,50-54,Todas las causas,6799
2014,male,50-54,"Trastornos mentales debidos al uso de drogas (drogodependencia, toxicomanía)",5
2014,male,55-59,Accidentes de tráfico,102
2014,male,55-59,Agresiones (homicidio),13
2014,male,55-59,Envenenamiento accidental por psicofármacos y drogas de abuso,33
2014,male,55-59,Eventos de intención no determinada,2
2014,male,55-59,Suicidio y lesiones autoinfligidas,236
2014,male,55-59,Todas las causas,9291
2014,male,55-59,"Trastornos mentales debidos al uso de drogas (drogodependencia, toxicomanía)",4
2014,male,60-64,Accidentes de tráfico,77
2014,male,60-64,Agresiones (homicidio),10
2014,male,60-64,Envenenamiento accidental por psicofármacos y drogas de abuso,13
2014,male,60-64,Eventos de intención no determinada,3
2014,male,60-64,Suicidio y lesiones autoinfligidas,190
2014,male,60-64,Todas las causas,12060
2014,male,60-64,"Trastornos mentales debidos al uso de drogas (drogodependencia, toxicomanía)",0
2014,male,65-69,Accidentes de tráfico,82
2014,male,65-69,Agresiones (homicidio),9
2014,male,65-69,Envenenamiento accidental por psicofármacos y drogas de abuso,9
2014,male,65-69,Eventos de intención no determinada,3
2014,male,65-69,Suicidio y lesiones autoinfligidas,175
2014,male,65-69,Todas las causas,16477
2014,male,65-69,"Trastornos mentales debidos al uso de drogas (drogodependencia, toxicomanía)",0
2014,male,70-74,Accidentes de tráfico,66
2014,male,70-74,Agresiones (homicidio),8
2014,male,70-74,Envenenamiento accidental por psicofármacos y drogas de abuso,5
2014,male,70-74,Eventos de intención no determinada,2
2014,male,70-74,Suicidio y lesiones autoinfligidas,158
2014,male,70-74,Todas las causas,19714
2014,male,70-74,"Trastornos mentales debidos al uso de drogas (drogodependencia, toxicomanía)",0
2014,male,75-79,Accidentes de tráfico,92
2014,male,75-79,Agresiones (homicidio),13
2014,male,75-79,Envenenamiento accidental por psicofármacos y drogas de abuso,10
2014,male,75-79,Eventos de intención no determinada,2
2014,male,75-79,Suicidio y lesiones autoinfligidas,194
2014,male,75-79,Todas las causas,27057
2014,male,75-79,"Trastornos mentales debidos al uso de drogas (drogodependencia, toxicomanía)",0
2014,male,80-84,Accidentes de tráfico,97
2014,male,80-84,Agresiones (homicidio),8
2014,male,80-84,Envenenamiento accidental por psicofármacos y drogas de abuso,25
2014,male,80-84,Eventos de intención no determinada,0
2014,male,80-84,Suicidio y lesiones autoinfligidas,184
2014,male,80-84,Todas las causas,37332
2014,male,80-84,"Trastornos mentales debidos al uso de drogas (drogodependencia, toxicomanía)",0
2014,male,85-89,Accidentes de tráfico,51
2014,male,85-89,Agresiones (homicidio),2
2014,male,85-89,Envenenamiento accidental por psicofármacos y drogas de abuso,19
2014,male,85-89,Eventos de intención no determinada,3
2014,male,85-89,Suicidio y lesiones autoinfligidas,152
2014,male,85-89,Todas las causas,34857
2014,male,85-89,"Trastornos mentales debidos al uso de drogas (drogodependencia, toxicomanía)",0
2014,male,90-94,Accidentes de tráfico,10
2014,male,90-94,Agresiones (homicidio),1
2014,male,90-94,Envenenamiento accidental por psicofármacos y drogas de abuso,9
2014,male,90-94,Eventos de intención no determinada,0
2014,male,90-94,Suicidio y lesiones autoinfligidas,50
2014,male,90-94,Todas las causas,20527
2014,male,90-94,"Trastornos mentales debidos al uso de drogas (drogodependencia, toxicomanía)",0
2014,male,95+,Accidentes de tráfico,2
2014,male,95+,Agresiones (homicidio),0
2014,male,95+,Envenenamiento accidental por psicofármacos y drogas de abuso,2
2014,male,95+,Eventos de intención no determinada,0
2014,male,95+,Suicidio y lesiones autoinfligidas,7
2014,male,95+,Todas las causas,5985
2014,male,95+,"Trastornos mentales debidos al uso de drogas (drogodependencia, toxicomanía)",0
2014,male,<1,Accidentes de tráfico,2
2014,male,<1,Agresiones (homicidio),1
2014,male,<1,Envenenamiento accidental por psicofármacos y drogas de abuso,0
2014,male,<1,Eventos de intención no determinada,0
2014,male,<1,Suicidio y lesiones autoinfligidas,0
2014,male,<1,Todas las causas,682
2014,male,<1,"Trastornos mentales debidos al uso de drogas (drogodependencia, toxicomanía)",0
2014,male,all,Accidentes de tráfico,1429
2014,male,all,Agresiones (homicidio),201
2014,male,all,Envenenamiento accidental por psicofármacos y drogas de abuso,485
2014,male,all,Eventos de intención no determinada,33
2014,male,all,Suicidio y lesiones autoinfligidas,2938
2014,male,all,Todas las causas,201571
2014,male,all,"Trastornos mentales debidos al uso de drogas (drogodependencia, toxicomanía)",21
2015,all,1-4,Accidentes de tráfico,12
2015,all,1-4,Agresiones (homicidio),2
2015,all,1-4,Envenenamiento accidental por psicofármacos y drogas de abuso,0
2015,all,1-4,Eventos de intención no determinada,0
2015,all,1-4,Suicidio y lesiones autoinfligidas,0
2015,all,1-4,Todas las causas,221
2015,all,1-4,"Trastornos mentales debidos al uso de drogas (drogodependencia, toxicomanía)",0
2015,all,10-14,Accidentes de tráfico,11
2015,all,10-14,Agresiones (homicidio),7
2015,all,10-14,Envenenamiento accidental por psicofármacos y drogas de abuso,0
2015,all,10-14,Eventos de intención no determinada,0
2015,all,10-14,Suicidio y lesiones autoinfligidas,8
2015,all,10-14,Todas las causas,203
2015,all,10-14,"Trastornos mentales debidos al uso de drogas (drogodependencia, toxicomanía)",0
2015,all,15-19,Accidentes de tráfico,62
2015,all,15-19,Agresiones (homicidio),6
2015,all,15-19,Envenenamiento accidental por psicofármacos y drogas de abuso,5
2015,all,15-19,Eventos de intención no determinada,1
2015,all,15-19,Suicidio y lesiones autoinfligidas,58
2015,all,15-19,Todas las causas,394
2015,all,15-19,"Trastornos mentales debidos al uso de drogas (drogodependencia, toxicomanía)",0
2015,all,20-24,Accidentes de tráfico,127
2015,all,20-24,Agresiones (homicidio),15
2015,all,20-24,Envenenamiento accidental por psicofármacos y drogas de abuso,7
2015,all,20-24,Eventos de intención no determinada,0
2015,all,20-24,Suicidio y lesiones autoinfligidas,98
2015,all,20-24,Todas las causas,580
2015,all,20-24,"Trastornos mentales debidos al uso de drogas (drogodependencia, toxicomanía)",1
2015,all,25-29,Accidentes de tráfico,135
2015,all,25-29,Agresiones (homicidio),18
2015,all,25-29,Envenenamiento accidental por psicofármacos y drogas de abuso,22
2015,all,25-29,Eventos de intención no determinada,2
2015,all,25-29,Suicidio y lesiones autoinfligidas,140
2015,all,25-29,Todas las causas,800
2015,all,25-29,"Trastornos mentales debidos al uso de drogas (drogodependencia, toxicomanía)",1
2015,all,30-34,Accidentes de tráfico,115
2015,all,30-34,Agresiones (homicidio),25
2015,all,30-34,Envenenamiento accidental por psicofármacos y drogas de abuso,50
2015,all,30-34,Eventos de intención no determinada,4
2015,all,30-34,Suicidio y lesiones autoinfligidas,167
2015,all,30-34,Todas las causas,1187
2015,all,30-34,"Trastornos mentales debidos al uso de drogas (drogodependencia, toxicomanía)",2
2015,all,35-39,Accidentes de tráfico,136
2015,all,35-39,Agresiones (homicidio),38
2015,all,35-39,Envenenamiento accidental por psicofármacos y drogas de abuso,67
2015,all,35-39,Eventos de intención no determinada,6
2015,all,35-39,Suicidio y lesiones autoinfligidas,260
2015,all,35-39,Todas las causas,2189
2015,all,35-39,"Trastornos mentales debidos al uso de drogas (drogodependencia, toxicomanía)",4
2015,all,40-44,Accidentes de tráfico,154
2015,all,40-44,Agresiones (homicidio),40
2015,all,40-44,Envenenamiento accidental por psicofármacos y drogas de abuso,72
2015,all,40-44,Eventos de intención no determinada,9
2015,all,40-44,Suicidio y lesiones autoinfligidas,355
2015,all,40-44,Todas las causas,3683
2015,all,40-44,"Trastornos mentales debidos al uso de drogas (drogodependencia, toxicomanía)",1
2015,all,45-49,Accidentes de tráfico,162
2015,all,45-49,Agresiones (homicidio),32
2015,all,45-49,Envenenamiento accidental por psicofármacos y drogas de abuso,84
2015,all,45-49,Eventos de intención no determinada,1
2015,all,45-49,Suicidio y lesiones autoinfligidas,387
2015,all,45-49,Todas las causas,6359
2015,all,45-49,"Trastornos mentales debidos al uso de drogas (drogodependencia, toxicomanía)",12
2015,all,5-9,Accidentes de tráfico,3
2015,all,5-9,Agresiones (homicidio),4
2015,all,5-9,Envenenamiento accidental por psicofármacos y drogas de abuso,0
2015,all,5-9,Eventos de intención no determinada,0
2015,all,5-9,Suicidio y lesiones autoinfligidas,0
2015,all,5-9,Todas las causas,205
2015,all,5-9,"Trastornos mentales debidos al uso de drogas (drogodependencia, toxicomanía)",0
2015,all,50-54,Accidentes de tráfico,126
2015,all,50-54,Agresiones (homicidio),8
2015,all,50-54,Envenenamiento accidental por psicofármacos y drogas de abuso,54
2015,all,50-54,Eventos de intención no determinada,6
2015,all,50-54,Suicidio y lesiones autoinfligidas,372
2015,all,50-54,Todas las causas,10281
2015,all,50-54,"Trastornos mentales debidos al uso de drogas (drogodependencia, toxicomanía)",0
2015,all,55-59,Accidentes de tráfico,122
2015,all,55-59,Agresiones (homicidio),19
2015,all,55-59,Envenenamiento accidental por psicofármacos y drogas de abuso,28
2015,all,55-59,Eventos de intención no determinada,2
2015,all,55-59,Suicidio y lesiones autoinfligidas,332
2015,all,55-59,Todas las causas,14437
2015,all,55-59,"Trastornos mentales debidos al uso de drogas (drogodependencia, toxicomanía)",3
2015,all,60-64,Accidentes de tráfico,98
2015,all,60-64,Agresiones (homicidio),12
2015,all,60-64,Envenenamiento accidental por psicofármacos y drogas de abuso,17
2015,all,60-64,Eventos de intención no determinada,0
2015,all,60-64,Suicidio y lesiones autoinfligidas,251
2015,all,60-64,Todas las causas,17672
2015,all,60-64,"Trastornos mentales debidos al uso de drogas (drogodependencia, toxicomanía)",0
2015,all,65-69,Accidentes de tráfico,108
2015,all,65-69,Agresiones (homicidio),15
2015,all,65-69,Envenenamiento accidental por psicofármacos y drogas de abuso,9
2015,all,65-69,Eventos de intención no determinada,1
2015,all,65-69,Suicidio y lesiones autoinfligidas,228
2015,all,65-69,Todas las causas,24328
2015,all,65-69,"Trastornos mentales debidos al uso de drogas (drogodependencia, toxicomanía)",1
2015,all,70-74,Accidentes de tráfico,114
2015,all,70-74,Agresiones (homicidio),11
2015,all,70-74,Envenenamiento accidental por psicofármacos y drogas de abuso,19
2015,all,70-74,Eventos de intención no determinada,2
2015,all,70-74,Suicidio y lesiones autoinfligidas,206
2015,all,70-74,Todas las causas,31377
2015,all,70-74,"Trastornos mentales debidos al uso de drogas (drogodependencia, toxicomanía)",0
2015,all,75-79,Accidentes de tráfico,135
2015,all,75-79,Agresiones (homicidio),11
2015,all,75-79,Envenenamiento accidental por psicofármacos y drogas de abuso,29
2015,all,75-79,Eventos de intención no determinada,5
2015,all,75-79,Suicidio y lesiones autoinfligidas,247
2015,all,75-79,Todas las causas,45522
2015,all,75-79,"Trastornos mentales debidos al uso de drogas (drogodependencia, toxicomanía)",1
2015,all,80-84,Accidentes de tráfico,155
2015,all,80-84,Agresiones (homicidio),7
2015,all,80-84,Envenenamiento accidental por psicofármacos y drogas de abuso,73
2015,all,80-84,Eventos de intención no determinada,3
2015,all,80-84,Suicidio y lesiones autoinfligidas,255
2015,all,80-84,Todas las causas,76613
2015,all,80-84,"Trastornos mentales debidos al uso de drogas (drogodependencia, toxicomanía)",0
2015,all,85-89,Accidentes de tráfico,65
2015,all,85-89,Agresiones (homicidio),6
2015,all,85-89,Envenenamiento accidental por psicofármacos y drogas de abuso,89
2015,all,85-89,Eventos de intención no determinada,1
2015,all,85-89,Suicidio y lesiones autoinfligidas,161
2015,all,85-89,Todas las causas,89152
2015,all,85-89,"Trastornos mentales debidos al uso de drogas (drogodependencia, toxicomanía)",1
2015,all,90-94,Accidentes de tráfico,32
2015,all,90-94,Agresiones (homicidio),2
2015,all,90-94,Envenenamiento accidental por psicofármacos y drogas de abuso,45
2015,all,90-94,Eventos de intención no determinada,1
2015,all,90-94,Suicidio y lesiones autoinfligidas,64
2015,all,90-94,Todas las causas,67510
2015,all,90-94,"Trastornos mentales debidos al uso de drogas (drogodependencia, toxicomanía)",0
2015,all,95+,Accidentes de tráfico,3
2015,all,95+,Agresiones (homicidio),0
2015,all,95+,Envenenamiento accidental por psicofármacos y drogas de abuso,9
2015,all,95+,Eventos de intención no determinada,0
2015,all,95+,Suicidio y lesiones autoinfligidas,13
2015,all,95+,Todas las causas,28716
2015,all,95+,"Trastornos mentales debidos al uso de drogas (drogodependencia, toxicomanía)",0
2015,all,<1,Accidentes de tráfico,5
2015,all,<1,Agresiones (homicidio),7
2015,all,<1,Envenenamiento accidental por psicofármacos y drogas de abuso,0
2015,all,<1,Eventos de intención no determinada,1
2015,all,<1,Suicidio y lesiones autoinfligidas,0
2015,all,<1,Todas las causas,1139
2015,all,<1,"Trastornos mentales debidos al uso de drogas (drogodependencia, toxicomanía)",0
2015,all,all,Accidentes de tráfico,1880
2015,all,all,Agresiones (homicidio),285
2015,all,all,Envenenamiento accidental por psicofármacos y drogas de abuso,679
2015,all,all,Eventos de intención no determinada,45
2015,all,all,Suicidio y lesiones autoinfligidas,3602
2015,all,all,Todas las causas,422568
2015,all,all,"Trastornos mentales debidos al uso de drogas (drogodependencia, toxicomanía)",27
2015,female,1-4,Accidentes de tráfico,5
2015,female,1-4,Agresiones (homicidio),1
2015,female,1-4,Envenenamiento accidental por psicofármacos y drogas de abuso,0
2015,female,1-4,Eventos de intención no determinada,0
2015,female,1-4,Suicidio y lesiones autoinfligidas,0
2015,female,1-4,Todas las causas,91
2015,female,1-4,"Trastornos mentales debidos al uso de drogas (drogodependencia, toxicomanía)",0
2015,female,10-14,Accidentes de tráfico,6
2015,female,10-14,Agresiones (homicidio),4
2015,female,10-14,Envenenamiento accidental por psicofármacos y drogas de abuso,0
2015,female,10-14,Eventos de intención no determinada,0
2015,female,10-14,Suicidio y lesiones autoinfligidas,1
2015,female,10-14,Todas las causas,90
2015,female,10-14,"Trastornos mentales debidos al uso de drogas (drogodependencia, toxicomanía)",0
2015,female,15-19,Accidentes de tráfico,16
2015,female,15-19,Agresiones (homicidio),0
2015,female,15-19,Envenenamiento accidental por psicofármacos y drogas de abuso,2
2015,female,15-19,Eventos de intención no determinada,0
2015,female,15-19,Suicidio y lesiones autoinfligidas,19
2015,female,15-19,Todas las causas,116
2015,female,15-19,"Trastornos mentales debidos al uso de drogas (drogodependencia, toxicomanía)",0
2015,female,20-24,Accidentes de tráfico,31
2015,female,20-24,Agresiones (homicidio),6
2015,female,20-24,Envenenamiento accidental por psicofármacos y drogas de abuso,1
2015,female,20-24,Eventos de intención no determinada,0
2015,female,20-24,Suicidio y lesiones autoinfligidas,28
2015,female,20-24,Todas las causas,173
2015,female,20-24,"Trastornos mentales debidos al uso de drogas (drogodependencia, toxicomanía)",0
2015,female,25-29,Accidentes de tráfico,17
2015,female,25-29,Agresiones (homicidio),7
2015,female,25-29,Envenenamiento accidental por psicofármacos y drogas de abuso,3
2015,female,25-29,Eventos de intención no determinada,1
2015,female,25-29,Suicidio y lesiones autoinfligidas,31
2015,female,25-29,Todas las causas,222
2015,female,25-29,"Trastornos mentales debidos al uso de drogas (drogodependencia, toxicomanía)",1
2015,female,30-34,Accidentes de tráfico,17
2015,female,30-34,Agresiones (homicidio),12
2015,female,30-34,Envenenamiento accidental por psicofármacos y drogas de abuso,7
2015,female,30-34,Eventos de intención no determinada,0
2015,female,30-34,Suicidio y lesiones autoinfligidas,35
2015,female,30-34,Todas las causas,364
2015,female,30-34,"Trastornos mentales debidos al uso de drogas (drogodependencia, toxicomanía)",1
2015,female,35-39,Accidentes de tráfico,21
2015,female,35-39,Agresiones (homicidio),15
2015,female,35-39,Envenenamiento accidental por psicofármacos y drogas de abuso,12
2015,female,35-39,Eventos de intención no determinada,3
2015,female,35-39,Suicidio y lesiones autoinfligidas,60
2015,female,35-39,Todas las causas,743
2015,female,35-39,"Trastornos mentales debidos al uso de drogas (drogodependencia, toxicomanía)",0
2015,female,40-44,Accidentes de tráfico,26
2015,female,40-44,Agresiones (homicidio),15
2015,female,40-44,Envenenamiento accidental por psicofármacos y drogas de abuso,9
2015,female,40-44,Eventos de intención no determinada,2
2015,female,40-44,Suicidio y lesiones autoinfligidas,96
2015,female,40-44,Todas las causas,1344
2015,female,40-44,"Trastornos mentales debidos al uso de drogas (drogodependencia, toxicomanía)",0
2015,female,45-49,Accidentes de tráfico,26
2015,female,45-49,Agresiones (homicidio),15
2015,female,45-49,Envenenamiento accidental por psicofármacos y drogas de abuso,14
2015,female,45-49,Eventos de intención no determinada,0
2015,female,45-49,Suicidio y lesiones autoinfligidas,111
2015,female,45-49,Todas las causas,2225
2015,female,45-49,"Trastornos mentales debidos al uso de drogas (drogodependencia, toxicomanía)",1
2015,female,5-9,Accidentes de tráfico,0
2015,female,5-9,Agresiones (homicidio),2
2015,female,5-9,Envenenamiento accidental por psicofármacos y drogas de abuso,0
2015,female,5-9,Eventos de intención no determinada,0
2015,female,5-9,Suicidio y lesiones autoinfligidas,0
2015,female,5-9,Todas las causas,85
2015,female,5-9,"Trastornos mentales debidos al uso de drogas (drogodependencia, toxicomanía)",0
2015,female,50-54,Accidentes de tráfico,25
2015,female,50-54,Agresiones (homicidio),2
2015,female,50-54,Envenenamiento accidental por psicofármacos y drogas de abuso,22
2015,female,50-54,Eventos de intención no determinada,0
2015,female,50-54,Suicidio y lesiones autoinfligidas,93
2015,female,50-54,Todas las causas,3403
2015,female,50-54,"Trastornos mentales debidos al uso de drogas (drogodependencia, toxicomanía)",0
2015,female,55-59,Accidentes de tráfico,23
2015,female,55-59,Agresiones (homicidio),8
2015,female,55-59,Envenenamiento accidental por psicofármacos y drogas de abuso,9
2015,female,55-59,Eventos de intención no determinada,0
2015,female,55-59,Suicidio y lesiones autoinfligidas,81
2015,female,55-59,Todas las causas,4688
2015,female,55-59,"Trastornos mentales debidos al uso de drogas (drogodependencia, toxicomanía)",0
2015,female,60-64,Accidentes de tráfico,22
2015,female,60-64,Agresiones (homicidio),6
2015,female,60-64,Envenenamiento accidental por psicofármacos y drogas de abuso,6
2015,female,60-64,Eventos de intención no determinada,0
2015,female,60-64,Suicidio y lesiones autoinfligidas,75
2015,female,60-64,Todas las causas,5372
2015,female,60-64,"Trastornos mentales debidos al uso de drogas (drogodependencia, toxicomanía)",0
2015,female,65-69,Accidentes de tráfico,38
2015,female,65-69,Agresiones (homicidio),11
2015,female,65-69,Envenenamiento accidental por psicofármacos y drogas de abuso,4
2015,female,65-69,Eventos de intención no determinada,0
2015,female,65-69,Suicidio y lesiones autoinfligidas,62
2015,female,65-69,Todas las causas,7501
2015,female,65-69,"Trastornos mentales debidos al uso de drogas (drogodependencia, toxicomanía)",0
2015,female,70-74,Accidentes de tráfico,25
2015,female,70-74,Agresiones (homicidio),4
2015,female,70-74,Envenenamiento accidental por psicofármacos y drogas de abuso,7
2015,female,70-74,Eventos de intención no determinada,0
2015,female,70-74,Suicidio y lesiones autoinfligidas,63
2015,female,70-74,Todas las causas,10590
2015,female,70-74,"Trastornos mentales debidos al uso de drogas (drogodependencia, toxicomanía)",0
2015,female,75-79,Accidentes de tráfico,49
2015,female,75-79,Agresiones (homicidio),2
2015,female,75-79,Envenenamiento accidental por psicofármacos y drogas de abuso,18
2015,female,75-79,Eventos de intención no determinada,1
2015,female,75-79,Suicidio y lesiones autoinfligidas,69
2015,female,75-79,Todas las causas,18089
2015,female,75-79,"Trastornos mentales debidos al uso de drogas (drogodependencia, toxicomanía)",0
2015,female,80-84,Accidentes de tráfico,47
2015,female,80-84,Agresiones (homicidio),3
2015,female,80-84,Envenenamiento accidental por psicofármacos y drogas de abuso,41
2015,female,80-84,Eventos de intención no determinada,3
2015,female,80-84,Suicidio y lesiones autoinfligidas,50
2015,female,80-84,Todas las causas,36743
2015,female,80-84,"Trastornos mentales debidos al uso de drogas (drogodependencia, toxicomanía)",0
2015,female,85-89,Accidentes de tráfico,32
2015,female,85-89,Agresiones (homicidio),2
2015,female,85-89,Envenenamiento accidental por psicofármacos y drogas de abuso,53
2015,female,85-89,Eventos de intención no determinada,0
2015,female,85-89,Suicidio y lesiones autoinfligidas,30
2015,female,85-89,Todas las causas,50832
2015,female,85-89,"Trastornos mentales debidos al uso de drogas (drogodependencia, toxicomanía)",1
2015,female,90-94,Accidentes de tráfico,17
2015,female,90-94,Agresiones (homicidio),1
2015,female,90-94,Envenenamiento accidental por psicofármacos y drogas de abuso,40
2015,female,90-94,Eventos de intención no determinada,0
2015,female,90-94,Suicidio y lesiones autoinfligidas,14
2015,female,90-94,Todas las causas,44415
2015,female,90-94,"Trastornos mentales debidos al uso de drogas (drogodependencia, toxicomanía)",0
2015,female,95+,Accidentes de tráfico,3
2015,female,95+,Agresiones (homicidio),0
2015,female,95+,Envenenamiento accidental por psicofármacos y drogas de abuso,7
2015,female,95+,Eventos de intención no determinada,0
2015,female,95+,Suicidio y lesiones autoinfligidas,4
2015,female,95+,Todas las causas,21668
2015,female,95+,"Trastornos mentales debidos al uso de drogas (drogodependencia, toxicomanía)",0
2015,female,<1,Accidentes de tráfico,4
2015,female,<1,Agresiones (homicidio),5
2015,female,<1,Envenenamiento accidental por psicofármacos y drogas de abuso,0
2015,female,<1,Eventos de intención no determinada,0
2015,female,<1,Suicidio y lesiones autoinfligidas,0
2015,female,<1,Todas las causas,505
2015,female,<1,"Trastornos mentales debidos al uso de drogas (drogodependencia, toxicomanía)",0
2015,female,all,Accidentes de tráfico,450
2015,female,all,Agresiones (homicidio),121
2015,female,all,Envenenamiento accidental por psicofármacos y drogas de abuso,255
2015,female,all,Eventos de intención no determinada,10
2015,female,all,Suicidio y lesiones autoinfligidas,922
2015,female,all,Todas las causas,209259
2015,female,all,"Trastornos mentales debidos al uso de drogas (drogodependencia, toxicomanía)",4
2015,male,1-4,Accidentes de tráfico,7
2015,male,1-4,Agresiones (homicidio),1
2015,male,1-4,Envenenamiento accidental por psicofármacos y drogas de abuso,0
2015,male,1-4,Eventos de intención no determinada,0
2015,male,1-4,Suicidio y lesiones autoinfligidas,0
2015,male,1-4,Todas las causas,130
2015,male,1-4,"Trastornos mentales debidos al uso de drogas (drogodependencia, toxicomanía)",0
2015,male,10-14,Accidentes de tráfico,5
2015,male,10-14,Agresiones (homicidio),3
2015,male,10-14,Envenenamiento accidental por psicofármacos y drogas de abuso,0
2015,male,10-14,Eventos de intención no determinada,0
2015,male,10-14,Suicidio y lesiones autoinfligidas,7
2015,male,10-14,Todas las causas,113
2015,male,10-14,"Trastornos mentales debidos al uso de drogas (drogodependencia, toxicomanía)",0
2015,male,15-19,Accidentes de tráfico,46
2015,male,15-19,Agresiones (homicidio),6
2015,male,15-19,Envenenamiento accidental por psicofármacos y drogas de abuso,3
2015,male,15-19,Eventos de intención no determinada,1
2015,male,15-19,Suicidio y lesiones autoinfligidas,39
2015,male,15-19,Todas las causas,278
2015,male,15-19,"Trastornos mentales debidos al uso de drogas (drogodependencia, toxicomanía)",0
2015,male,20-24,Accidentes de tráfico,96
2015,male,20-24,Agresiones (homicidio),9
2015,male,20-24,Envenenamiento accidental por psicofármacos y drogas de abuso,6
2015,male,20-24,Eventos de intención no determinada,0
2015,male,20-24,Suicidio y lesiones autoinfligidas,70
2015,male,20-24,Todas las causas,407
2015,male,20-24,"Trastornos mentales debidos al uso de drogas (drogodependencia, toxicomanía)",1
2015,male,25-29,Accidentes de tráfico,118
2015,male,25-29,Agresiones (homicidio),11
2015,male,25-29,Envenenamiento accidental por psicofármacos y drogas de abuso,19
2015,male,25-29,Eventos de intención no determinada,1
2015,male,25-29,Suicidio y lesiones autoinfligidas,109
2015,male,25-29,Todas las causas,578
2015,male,25-29,"Trastornos mentales debidos al uso de drogas (drogodependencia, toxicomanía)",0
2015,male,30-34,Accidentes de tráfico,98
2015,male,30-34,Agresiones (homicidio),13
2015,male,30-34,Envenenamiento accidental por psicofármacos y drogas de abuso,43
2015,male,30-34,Eventos de intención no determinada,4
2015,male,30-34,Suicidio y lesiones autoinfligidas,132
2015,male,30-34,Todas las causas,823
2015,male,30-34,"Trastornos mentales debidos al uso de drogas (drogodependencia, toxicomanía)",1
2015,male,35-39,Accidentes de tráfico,115
2015,male,35-39,Agresiones (homicidio),23
2015,male,35-39,Envenenamiento accidental por psicofármacos y drogas de abuso,55
2015,male,35-39,Eventos de intención no determinada,3
2015,male,35-39,Suicidio y lesiones autoinfligidas,200
2015,male,35-39,Todas las causas,1446
2015,male,35-39,"Trastornos mentales debidos al uso de drogas (drogodependencia, toxicomanía)",4
2015,male,40-44,Accidentes de tráfico,128
2015,male,40-44,Agresiones (homicidio),25
2015,male,40-44,Envenenamiento accidental por psicofármacos y drogas de abuso,63
2015,male,40-44,Eventos de intención no determinada,7
2015,male,40-44,Suicidio y lesiones autoinfligidas,259
2015,male,40-44,Todas las causas,2339
2015,male,40-44,"Trastornos mentales debidos al uso de drogas (drogodependencia, toxicomanía)",1
2015,male,45-49,Accidentes de tráfico,136
2015,male,45-49,Agresiones (homicidio),17
2015,male,45-49,Envenenamiento accidental por psicofármacos y drogas de abuso,70
2015,male,45-49,Eventos de intención no determinada,1
2015,male,45-49,Suicidio y lesiones autoinfligidas,276
2015,male,45-49,Todas las causas,4134
2015,male,45-49,"Trastornos mentales debidos al uso de drogas (drogodependencia, toxicomanía)",11
2015,male,5-9,Accidentes de tráfico,3
2015,male,5-9,Agresiones (homicidio),2
2015,male,5-9,Envenenamiento accidental por psicofármacos y drogas de abuso,0
2015,male,5-9,Eventos de intención no determinada,0
2015,male,5-9,Suicidio y lesiones autoinfligidas,0
2015,male,5-9,Todas las causas,120
2015,male,5-9,"Trastornos mentales debidos al uso de drogas (drogodependencia, toxicomanía)",0
2015,male,50-54,Accidentes de tráfico,101
2015,male,50-54,Agresiones (homicidio),6
2015,male,50-54,Envenenamiento accidental por psicofármacos y drogas de abuso,32
2015,male,50-54,Eventos de intención no determinada,6
2015,male,50-54,Suicidio y lesiones autoinfligidas,279
2015,male,50-54,Todas las causas,6878
2015,male,50-54,"Trastornos mentales debidos al uso de drogas (drogodependencia, toxicomanía)",0
2015,male,55-59,Accidentes de tráfico,99
2015,male,55-59,Agresiones (homicidio),11
2015,male,55-59,Envenenamiento accidental por psicofármacos y drogas de abuso,19
2015,male,55-59,Eventos de intención no determinada,2
2015,male,55-59,Suicidio y lesiones autoinfligidas,251
2015,male,55-59,Todas las causas,9749
2015,male,55-59,"Trastornos mentales debidos al uso de drogas (drogodependencia, toxicomanía)",3
2015,male,60-64,Accidentes de tráfico,76
2015,male,60-64,Agresiones (homicidio),6
2015,male,60-64,Envenenamiento accidental por psicofármacos y drogas de abuso,11
2015,male,60-64,Eventos de intención no determinada,0
2015,male,60-64,Suicidio y lesiones autoinfligidas,176
2015,male,60-64,Todas las causas,12300
2015,male,60-64,"Trastornos mentales debidos al uso de drogas (drogodependencia, toxicomanía)",0
2015,male,65-69,Accidentes de tráfico,70
2015,male,65-69,Agresiones (homicidio),4
2015,male,65-69,Envenenamiento accidental por psicofármacos y drogas de abuso,5
2015,male,65-69,Eventos de intención no determinada,1
2015,male,65-69,Suicidio y lesiones autoinfligidas,166
2015,male,65-69,Todas las causas,16827
2015,male,65-69,"Trastornos mentales debidos al uso de drogas (drogodependencia, toxicomanía)",1
2015,male,70-74,Accidentes de tráfico,89
2015,male,70-74,Agresiones (homicidio),7
2015,male,70-74,Envenenamiento accidental por psicofármacos y drogas de abuso,12
2015,male,70-74,Eventos de intención no determinada,2
2015,male,70-74,Suicidio y lesiones autoinfligidas,143
2015,male,70-74,Todas las causas,20787
2015,male,70-74,"Trastornos mentales debidos al uso de drogas (drogodependencia, toxicomanía)",0
2015,male,75-79,Accidentes de tráfico,86
2015,male,75-79,Agresiones (homicidio),9
2015,male,75-79,Envenenamiento accidental por psicofármacos y drogas de abuso,11
2015,male,75-79,Eventos de intención no determinada,4
2015,male,75-79,Suicidio y lesiones autoinfligidas,178
2015,male,75-79,Todas las causas,27433
2015,male,75-79,"Trastornos mentales debidos al uso de drogas (drogodependencia, toxicomanía)",1
2015,male,80-84,Accidentes de tráfico,108
2015,male,80-84,Agresiones (homicidio),4
2015,male,80-84,Envenenamiento accidental por psicofármacos y drogas de abuso,32
2015,male,80-84,Eventos de intención no determinada,0
2015,male,80-84,Suicidio y lesiones autoinfligidas,205
2015,male,80-84,Todas las causas,39870
2015,male,80-84,"Trastornos mentales debidos al uso de drogas (drogodependencia, toxicomanía)",0
2015,male,85-89,Accidentes de tráfico,33
2015,male,85-89,Agresiones (homicidio),4
2015,male,85-89,Envenenamiento accidental por psicofármacos y drogas de abuso,36
2015,male,85-89,Eventos de intención no determinada,1
2015,male,85-89,Suicidio y lesiones autoinfligidas,131
2015,male,85-89,Todas las causas,38320
2015,male,85-89,"Trastornos mentales debidos al uso de drogas (drogodependencia, toxicomanía)",0
2015,male,90-94,Accidentes de tráfico,15
2015,male,90-94,Agresiones (homicidio),1
2015,male,90-94,Envenenamiento accidental por psicofármacos y drogas de abuso,5
2015,male,90-94,Eventos de intención no determinada,1
2015,male,90-94,Suicidio y lesiones autoinfligidas,50
2015,male,90-94,Todas las causas,23095
2015,male,90-94,"Trastornos mentales debidos al uso de drogas (drogodependencia, toxicomanía)",0
2015,male,95+,Accidentes de tráfico,0
2015,male,95+,Agresiones (homicidio),0
2015,male,95+,Envenenamiento accidental por psicofármacos y drogas de abuso,2
2015,male,95+,Eventos de intención no determinada,0
2015,male,95+,Suicidio y lesiones autoinfligidas,9
2015,male,95+,Todas las causas,7048
2015,male,95+,"Trastornos mentales debidos al uso de drogas (drogodependencia, toxicomanía)",0
2015,male,<1,Accidentes de tráfico,1
2015,male,<1,Agresiones (homicidio),2
2015,male,<1,Envenenamiento accidental por psicofármacos y drogas de abuso,0
2015,male,<1,Eventos de intención no determinada,1
2015,male,<1,Suicidio y lesiones autoinfligidas,0
2015,male,<1,Todas las causas,634
2015,male,<1,"Trastornos mentales debidos al uso de drogas (drogodependencia, toxicomanía)",0
2015,male,all,Accidentes de tráfico,1430
2015,male,all,Agresiones (homicidio),164
2015,male,all,Envenenamiento accidental por psicofármacos y drogas de abuso,424
2015,male,all,Eventos de intención no determinada,35
2015,male,all,Suicidio y lesiones autoinfligidas,2680
2015,male,all,Todas las causas,213309
2015,male,all,"Trastornos mentales debidos al uso de drogas (drogodependencia, toxicomanía)",23
2016,all,1-4,Accidentes de tráfico,16
2016,all,1-4,Agresiones (homicidio),5
2016,all,1-4,Envenenamiento accidental por psicofármacos y drogas de abuso,0
2016,all,1-4,Eventos de intención no determinada,0
2016,all,1-4,Suicidio y lesiones autoinfligidas,0
2016,all,1-4,Todas las causas,248
2016,all,1-4,"Trastornos mentales debidos al uso de drogas (drogodependencia, toxicomanía)",0
2016,all,10-14,Accidentes de tráfico,6
2016,all,10-14,Agresiones (homicidio),0
2016,all,10-14,Envenenamiento accidental por psicofármacos y drogas de abuso,1
2016,all,10-14,Eventos de intención no determinada,0
2016,all,10-14,Suicidio y lesiones autoinfligidas,12
2016,all,10-14,Todas las causas,183
2016,all,10-14,"Trastornos mentales debidos al uso de drogas (drogodependencia, toxicomanía)",0
2016,all,15-19,Accidentes de tráfico,69
2016,all,15-19,Agresiones (homicidio),8
2016,all,15-19,Envenenamiento accidental por psicofármacos y drogas de abuso,4
2016,all,15-19,Eventos de intención no determinada,1
2016,all,15-19,Suicidio y lesiones autoinfligidas,58
2016,all,15-19,Todas las causas,393
2016,all,15-19,"Trastornos mentales debidos al uso de drogas (drogodependencia, toxicomanía)",0
2016,all,20-24,Accidentes de tráfico,136
2016,all,20-24,Agresiones (homicidio),9
2016,all,20-24,Envenenamiento accidental por psicofármacos y drogas de abuso,10
2016,all,20-24,Eventos de intención no determinada,0
2016,all,20-24,Suicidio y lesiones autoinfligidas,88
2016,all,20-24,Todas las causas,574
2016,all,20-24,"Trastornos mentales debidos al uso de drogas (drogodependencia, toxicomanía)",1
2016,all,25-29,Accidentes de tráfico,114
2016,all,25-29,Agresiones (homicidio),16
2016,all,25-29,Envenenamiento accidental por psicofármacos y drogas de abuso,39
2016,all,25-29,Eventos de intención no determinada,0
2016,all,25-29,Suicidio y lesiones autoinfligidas,101
2016,all,25-29,Todas las causas,756
2016,all,25-29,"Trastornos mentales debidos al uso de drogas (drogodependencia, toxicomanía)",0
2016,all,30-34,Accidentes de tráfico,111
2016,all,30-34,Agresiones (homicidio),32
2016,all,30-34,Envenenamiento accidental por psicofármacos y drogas de abuso,52
2016,all,30-34,Eventos de intención no determinada,3
2016,all,30-34,Suicidio y lesiones autoinfligidas,181
2016,all,30-34,Todas las causas,1211
2016,all,30-34,"Trastornos mentales debidos al uso de drogas (drogodependencia, toxicomanía)",1
2016,all,35-39,Accidentes de tráfico,140
2016,all,35-39,Agresiones (homicidio),31
2016,all,35-39,Envenenamiento accidental por psicofármacos y drogas de abuso,65
2016,all,35-39,Eventos de intención no determinada,4
2016,all,35-39,Suicidio y lesiones autoinfligidas,275
2016,all,35-39,Todas las causas,2070
2016,all,35-39,"Trastornos mentales debidos al uso de drogas (drogodependencia, toxicomanía)",2
2016,all,40-44,Accidentes de tráfico,155
2016,all,40-44,Agresiones (homicidio),30
2016,all,40-44,Envenenamiento accidental por psicofármacos y drogas de abuso,112
2016,all,40-44,Eventos de intención no determinada,6
2016,all,40-44,Suicidio y lesiones autoinfligidas,355
2016,all,40-44,Todas las causas,3568
2016,all,40-44,"Trastornos mentales debidos al uso de drogas (drogodependencia, toxicomanía)",5
2016,all,45-49,Accidentes de tráfico,147
2016,all,45-49,Agresiones (homicidio),34
2016,all,45-49,Envenenamiento accidental por psicofármacos y drogas de abuso,105
2016,all,45-49,Eventos de intención no determinada,1
2016,all,45-49,Suicidio y lesiones autoinfligidas,349
2016,all,45-49,Todas las causas,6149
2016,all,45-49,"Trastornos mentales debidos al uso de drogas (drogodependencia, toxicomanía)",8
2016,all,5-9,Accidentes de tráfico,6
2016,all,5-9,Agresiones (homicidio),2
2016,all,5-9,Envenenamiento accidental por psicofármacos y drogas de abuso,0
2016,all,5-9,Eventos de intención no determinada,1
2016,all,5-9,Suicidio y lesiones autoinfligidas,0
2016,all,5-9,Todas las causas,179
2016,all,5-9,"Trastornos mentales debidos al uso de drogas (drogodependencia, toxicomanía)",0
2016,all,50-54,Accidentes de tráfico,159
2016,all,50-54,Agresiones (homicidio),30
2016,all,50-54,Envenenamiento accidental por psicofármacos y drogas de abuso,76
2016,all,50-54,Eventos de intención no determinada,0
2016,all,50-54,Suicidio y lesiones autoinfligidas,377
2016,all,50-54,Todas las causas,10282
2016,all,50-54,"Trastornos mentales debidos al uso de drogas (drogodependencia, toxicomanía)",2
2016,all,55-59,Accidentes de tráfico,138
2016,all,55-59,Agresiones (homicidio),21
2016,all,55-59,Envenenamiento accidental por psicofármacos y drogas de abuso,47
2016,all,55-59,Eventos de intención no determinada,10
2016,all,55-59,Suicidio y lesiones autoinfligidas,323
2016,all,55-59,Todas las causas,14184
2016,all,55-59,"Trastornos mentales debidos al uso de drogas (drogodependencia, toxicomanía)",6
2016,all,60-64,Accidentes de tráfico,115
2016,all,60-64,Agresiones (homicidio),18
2016,all,60-64,Envenenamiento accidental por psicofármacos y drogas de abuso,25
2016,all,60-64,Eventos de intención no determinada,0
2016,all,60-64,Suicidio y lesiones autoinfligidas,270
2016,all,60-64,Todas las causas,18030
2016,all,60-64,"Trastornos mentales debidos al uso de drogas (drogodependencia, toxicomanía)",0
2016,all,65-69,Accidentes de tráfico,105
2016,all,65-69,Agresiones (homicidio),8
2016,all,65-69,Envenenamiento accidental por psicofármacos y drogas de abuso,17
2016,all,65-69,Eventos de intención no determinada,1
2016,all,65-69,Suicidio y lesiones autoinfligidas,263
2016,all,65-69,Todas las causas,24138
2016,all,65-69,"Trastornos mentales debidos al uso de drogas (drogodependencia, toxicomanía)",1
2016,all,70-74,Accidentes de tráfico,107
2016,all,70-74,Agresiones (homicidio),12
2016,all,70-74,Envenenamiento accidental por psicofármacos y drogas de abuso,19
2016,all,70-74,Eventos de intención no determinada,3
2016,all,70-74,Suicidio y lesiones autoinfligidas,212
2016,all,70-74,Todas las causas,31610
2016,all,70-74,"Trastornos mentales debidos al uso de drogas (drogodependencia, toxicomanía)",0
2016,all,75-79,Accidentes de tráfico,116
2016,all,75-79,Agresiones (homicidio),6
2016,all,75-79,Envenenamiento accidental por psicofármacos y drogas de abuso,30
2016,all,75-79,Eventos de intención no determinada,3
2016,all,75-79,Suicidio y lesiones autoinfligidas,236
2016,all,75-79,Todas las causas,42532
2016,all,75-79,"Trastornos mentales debidos al uso de drogas (drogodependencia, toxicomanía)",0
2016,all,80-84,Accidentes de tráfico,122
2016,all,80-84,Agresiones (homicidio),11
2016,all,80-84,Envenenamiento accidental por psicofármacos y drogas de abuso,42
2016,all,80-84,Eventos de intención no determinada,0
2016,all,80-84,Suicidio y lesiones autoinfligidas,231
2016,all,80-84,Todas las causas,71892
2016,all,80-84,"Trastornos mentales debidos al uso de drogas (drogodependencia, toxicomanía)",0
2016,all,85-89,Accidentes de tráfico,87
2016,all,85-89,Agresiones (homicidio),5
2016,all,85-89,Envenenamiento accidental por psicofármacos y drogas de abuso,76
2016,all,85-89,Eventos de intención no determinada,0
2016,all,85-89,Suicidio y lesiones autoinfligidas,143
2016,all,85-89,Todas las causas,86575
2016,all,85-89,"Trastornos mentales debidos al uso de drogas (drogodependencia, toxicomanía)",0
2016,all,90-94,Accidentes de tráfico,33
2016,all,90-94,Agresiones (homicidio),0
2016,all,90-94,Envenenamiento accidental por psicofármacos y drogas de abuso,57
2016,all,90-94,Eventos de intención no determinada,0
2016,all,90-94,Suicidio y lesiones autoinfligidas,79
2016,all,90-94,Todas las causas,66432
2016,all,90-94,"Trastornos mentales debidos al uso de drogas (drogodependencia, toxicomanía)",0
2016,all,95+,Accidentes de tráfico,5
2016,all,95+,Agresiones (homicidio),2
2016,all,95+,Envenenamiento accidental por psicofármacos y drogas de abuso,12
2016,all,95+,Eventos de intención no determinada,0
2016,all,95+,Suicidio y lesiones autoinfligidas,16
2016,all,95+,Todas las causas,28485
2016,all,95+,"Trastornos mentales debidos al uso de drogas (drogodependencia, toxicomanía)",0
2016,all,<1,Accidentes de tráfico,3
2016,all,<1,Agresiones (homicidio),2
2016,all,<1,Envenenamiento accidental por psicofármacos y drogas de abuso,0
2016,all,<1,Eventos de intención no determinada,0
2016,all,<1,Suicidio y lesiones autoinfligidas,0
2016,all,<1,Todas las causas,1120
2016,all,<1,"Trastornos mentales debidos al uso de drogas (drogodependencia, toxicomanía)",0
2016,all,all,Accidentes de tráfico,1890
2016,all,all,Agresiones (homicidio),282
2016,all,all,Envenenamiento accidental por psicofármacos y drogas de abuso,789
2016,all,all,Eventos de intención no determinada,33
2016,all,all,Suicidio y lesiones autoinfligidas,3569
2016,all,all,Todas las causas,410611
2016,all,all,"Trastornos mentales debidos al uso de drogas (drogodependencia, toxicomanía)",26
2016,female,1-4,Accidentes de tráfico,8
2016,female,1-4,Agresiones (homicidio),3
2016,female,1-4,Envenenamiento accidental por psicofármacos y drogas de abuso,0
2016,female,1-4,Eventos de intención no determinada,0
2016,female,1-4,Suicidio y lesiones autoinfligidas,0
2016,female,1-4,Todas las causas,115
2016,female,1-4,"Trastornos mentales debidos al uso de drogas (drogodependencia, toxicomanía)",0
2016,female,10-14,Accidentes de tráfico,3
2016,female,10-14,Agresiones (homicidio),0
2016,female,10-14,Envenenamiento accidental por psicofármacos y drogas de abuso,1
2016,female,10-14,Eventos de intención no determinada,0
2016,female,10-14,Suicidio y lesiones autoinfligidas,4
2016,female,10-14,Todas las causas,75
2016,female,10-14,"Trastornos mentales debidos al uso de drogas (drogodependencia, toxicomanía)",0
2016,female,15-19,Accidentes de tráfico,23
2016,female,15-19,Agresiones (homicidio),3
2016,female,15-19,Envenenamiento accidental por psicofármacos y drogas de abuso,2
2016,female,15-19,Eventos de intención no determinada,0
2016,female,15-19,Suicidio y lesiones autoinfligidas,21
2016,female,15-19,Todas las causas,137
2016,female,15-19,"Trastornos mentales debidos al uso de drogas (drogodependencia, toxicomanía)",0
2016,female,20-24,Accidentes de tráfico,32
2016,female,20-24,Agresiones (homicidio),3
2016,female,20-24,Envenenamiento accidental por psicofármacos y drogas de abuso,2
2016,female,20-24,Eventos de intención no determinada,0
2016,female,20-24,Suicidio y lesiones autoinfligidas,20
2016,female,20-24,Todas las causas,173
2016,female,20-24,"Trastornos mentales debidos al uso de drogas (drogodependencia, toxicomanía)",0
2016,female,25-29,Accidentes de tráfico,27
2016,female,25-29,Agresiones (homicidio),5
2016,female,25-29,Envenenamiento accidental por psicofármacos y drogas de abuso,3
2016,female,25-29,Eventos de intención no determinada,0
2016,female,25-29,Suicidio y lesiones autoinfligidas,26
2016,female,25-29,Todas las causas,226
2016,female,25-29,"Trastornos mentales debidos al uso de drogas (drogodependencia, toxicomanía)",0
2016,female,30-34,Accidentes de tráfico,16
2016,female,30-34,Agresiones (homicidio),16
2016,female,30-34,Envenenamiento accidental por psicofármacos y drogas de abuso,8
2016,female,30-34,Eventos de intención no determinada,0
2016,female,30-34,Suicidio y lesiones autoinfligidas,38
2016,female,30-34,Todas las causas,368
2016,female,30-34,"Trastornos mentales debidos al uso de drogas (drogodependencia, toxicomanía)",0
2016,female,35-39,Accidentes de tráfico,18
2016,female,35-39,Agresiones (homicidio),8
2016,female,35-39,Envenenamiento accidental por psicofármacos y drogas de abuso,12
2016,female,35-39,Eventos de intención no determinada,2
2016,female,35-39,Suicidio y lesiones autoinfligidas,72
2016,female,35-39,Todas las causas,753
2016,female,35-39,"Trastornos mentales debidos al uso de drogas (drogodependencia, toxicomanía)",0
2016,female,40-44,Accidentes de tráfico,23
2016,female,40-44,Agresiones (homicidio),9
2016,female,40-44,Envenenamiento accidental por psicofármacos y drogas de abuso,18
2016,female,40-44,Eventos de intención no determinada,1
2016,female,40-44,Suicidio y lesiones autoinfligidas,80
2016,female,40-44,Todas las causas,1272
2016,female,40-44,"Trastornos mentales debidos al uso de drogas (drogodependencia, toxicomanía)",1
2016,female,45-49,Accidentes de tráfico,22
2016,female,45-49,Agresiones (homicidio),10
2016,female,45-49,Envenenamiento accidental por psicofármacos y drogas de abuso,15
2016,female,45-49,Eventos de intención no determinada,0
2016,female,45-49,Suicidio y lesiones autoinfligidas,83
2016,female,45-49,Todas las causas,2128
2016,female,45-49,"Trastornos mentales debidos al uso de drogas (drogodependencia, toxicomanía)",0
2016,female,5-9,Accidentes de tráfico,2
2016,female,5-9,Agresiones (homicidio),1
2016,female,5-9,Envenenamiento accidental por psicofármacos y drogas de abuso,0
2016,female,5-9,Eventos de intención no determinada,1
2016,female,5-9,Suicidio y lesiones autoinfligidas,0
2016,female,5-9,Todas las causas,72
2016,female,5-9,"Trastornos mentales debidos al uso de drogas (drogodependencia, toxicomanía)",0
2016,female,50-54,Accidentes de tráfico,35
2016,female,50-54,Agresiones (homicidio),13
2016,female,50-54,Envenenamiento accidental por psicofármacos y drogas de abuso,15
2016,female,50-54,Eventos de intención no determinada,0
2016,female,50-54,Suicidio y lesiones autoinfligidas,89
2016,female,50-54,Todas las causas,3422
2016,female,50-54,"Trastornos mentales debidos al uso de drogas (drogodependencia, toxicomanía)",0
2016,female,55-59,Accidentes de tráfico,27
2016,female,55-59,Agresiones (homicidio),8
2016,female,55-59,Envenenamiento accidental por psicofármacos y drogas de abuso,14
2016,female,55-59,Eventos de intención no determinada,4
2016,female,55-59,Suicidio y lesiones autoinfligidas,81
2016,female,55-59,Todas las causas,4545
2016,female,55-59,"Trastornos mentales debidos al uso de drogas (drogodependencia, toxicomanía)",0
2016,female,60-64,Accidentes de tráfico,26
2016,female,60-64,Agresiones (homicidio),2
2016,female,60-64,Envenenamiento accidental por psicofármacos y drogas de abuso,6
2016,female,60-64,Eventos de intención no determinada,0
2016,female,60-64,Suicidio y lesiones autoinfligidas,79
2016,female,60-64,Todas las causas,5522
2016,female,60-64,"Trastornos mentales debidos al uso de drogas (drogodependencia, toxicomanía)",0
2016,female,65-69,Accidentes de tráfico,34
2016,female,65-69,Agresiones (homicidio),3
2016,female,65-69,Envenenamiento accidental por psicofármacos y drogas de abuso,5
2016,female,65-69,Eventos de intención no determinada,1
2016,female,65-69,Suicidio y lesiones autoinfligidas,88
2016,female,65-69,Todas las causas,7536
2016,female,65-69,"Trastornos mentales debidos al uso de drogas (drogodependencia, toxicomanía)",1
2016,female,70-74,Accidentes de tráfico,35
2016,female,70-74,Agresiones (homicidio),7
2016,female,70-74,Envenenamiento accidental por psicofármacos y drogas de abuso,9
2016,female,70-74,Eventos de intención no determinada,0
2016,female,70-74,Suicidio y lesiones autoinfligidas,58
2016,female,70-74,Todas las causas,10705
2016,female,70-74,"Trastornos mentales debidos al uso de drogas (drogodependencia, toxicomanía)",0
2016,female,75-79,Accidentes de tráfico,38
2016,female,75-79,Agresiones (homicidio),2
2016,female,75-79,Envenenamiento accidental por psicofármacos y drogas de abuso,15
2016,female,75-79,Eventos de intención no determinada,1
2016,female,75-79,Suicidio y lesiones autoinfligidas,58
2016,female,75-79,Todas las causas,16783
2016,female,75-79,"Trastornos mentales debidos al uso de drogas (drogodependencia, toxicomanía)",0
2016,female,80-84,Accidentes de tráfico,31
2016,female,80-84,Agresiones (homicidio),6
2016,female,80-84,Envenenamiento accidental por psicofármacos y drogas de abuso,27
2016,female,80-84,Eventos de intención no determinada,0
2016,female,80-84,Suicidio y lesiones autoinfligidas,50
2016,female,80-84,Todas las causas,33998
2016,female,80-84,"Trastornos mentales debidos al uso de drogas (drogodependencia, toxicomanía)",0
2016,female,85-89,Accidentes de tráfico,30
2016,female,85-89,Agresiones (homicidio),4
2016,female,85-89,Envenenamiento accidental por psicofármacos y drogas de abuso,41
2016,female,85-89,Eventos de intención no determinada,0
2016,female,85-89,Suicidio y lesiones autoinfligidas,37
2016,female,85-89,Todas las causas,48674
2016,female,85-89,"Trastornos mentales debidos al uso de drogas (drogodependencia, toxicomanía)",0
2016,female,90-94,Accidentes de tráfico,11
2016,female,90-94,Agresiones (homicidio),0
2016,female,90-94,Envenenamiento accidental por psicofármacos y drogas de abuso,37
2016,female,90-94,Eventos de intención no determinada,0
2016,female,90-94,Suicidio y lesiones autoinfligidas,19
2016,female,90-94,Todas las causas,43207
2016,female,90-94,"Trastornos mentales debidos al uso de drogas (drogodependencia, toxicomanía)",0
2016,female,95+,Accidentes de tráfico,0
2016,female,95+,Agresiones (homicidio),1
2016,female,95+,Envenenamiento accidental por psicofármacos y drogas de abuso,9
2016,female,95+,Eventos de intención no determinada,0
2016,female,95+,Suicidio y lesiones autoinfligidas,4
2016,female,95+,Todas las causas,21444
2016,female,95+,"Trastornos mentales debidos al uso de drogas (drogodependencia, toxicomanía)",0
2016,female,<1,Accidentes de tráfico,1
2016,female,<1,Agresiones (homicidio),0
2016,female,<1,Envenenamiento accidental por psicofármacos y drogas de abuso,0
2016,female,<1,Eventos de intención no determinada,0
2016,female,<1,Suicidio y lesiones autoinfligidas,0
2016,female,<1,Todas las causas,463
2016,female,<1,"Trastornos mentales debidos al uso de drogas (drogodependencia, toxicomanía)",0
2016,female,all,Accidentes de tráfico,442
2016,female,all,Agresiones (homicidio),104
2016,female,all,Envenenamiento accidental por psicofármacos y drogas de abuso,239
2016,female,all,Eventos de intención no determinada,10
2016,female,all,Suicidio y lesiones autoinfligidas,907
2016,female,all,Todas las causas,201618
2016,female,all,"Trastornos mentales debidos al uso de drogas (drogodependencia, toxicomanía)",2
2016,male,1-4,Accidentes de tráfico,8
2016,male,1-4,Agresiones (homicidio),2
2016,male,1-4,Envenenamiento accidental por psicofármacos y drogas de abuso,0
2016,male,1-4,Eventos de intención no determinada,0
2016,male,1-4,Suicidio y lesiones autoinfligidas,0
2016,male,1-4,Todas las causas,133
2016,male,1-4,"Trastornos mentales debidos al uso de drogas (drogodependencia, toxicomanía)",0
2016,male,10-14,Accidentes de tráfico,3
2016,male,10-14,Agresiones (homicidio),0
2016,male,10-14,Envenenamiento accidental por psicofármacos y drogas de abuso,0
2016,male,10-14,Eventos de intención no determinada,0
2016,male,10-14,Suicidio y lesiones autoinfligidas,8
2016,male,10-14,Todas las causas,108
2016,male,10-14,"Trastornos mentales debidos al uso de drogas (drogodependencia, toxicomanía)",0
2016,male,15-19,Accidentes de tráfico,46
2016,male,15-19,Agresiones (homicidio),5
2016,male,15-19,Envenenamiento accidental por psicofármacos y drogas de abuso,2
2016,male,15-19,Eventos de intención no determinada,1
2016,male,15-19,Suicidio y lesiones autoinfligidas,37
2016,male,15-19,Todas las causas,256
2016,male,15-19,"Trastornos mentales debidos al uso de drogas (drogodependencia, toxicomanía)",0
2016,male,20-24,Accidentes de tráfico,104
2016,male,20-24,Agresiones (homicidio),6
2016,male,20-24,Envenenamiento accidental por psicofármacos y drogas de abuso,8
2016,male,20-24,Eventos de intención no determinada,0
2016,male,20-24,Suicidio y lesiones autoinfligidas,68
2016,male,20-24,Todas las causas,401
2016,male,20-24,"Trastornos mentales debidos al uso de drogas (drogodependencia, toxicomanía)",1
2016,male,25-29,Accidentes de tráfico,87
2016,male,25-29,Agresiones (homicidio),11
2016,male,25-29,Envenenamiento accidental por psicofármacos y drogas de abuso,36
2016,male,25-29,Eventos de intención no determinada,0
2016,male,25-29,Suicidio y lesiones autoinfligidas,75
2016,male,25-29,Todas las causas,530
2016,male,25-29,"Trastornos mentales debidos al uso de drogas (drogodependencia, toxicomanía)",0
2016,male,30-34,Accidentes de tráfico,95
2016,male,30-34,Agresiones (homicidio),16
2016,male,30-34,Envenenamiento accidental por psicofármacos y drogas de abuso,44
2016,male,30-34,Eventos de intención no determinada,3
2016,male,30-34,Suicidio y lesiones autoinfligidas,143
2016,male,30-34,Todas las causas,843
2016,male,30-34,"Trastornos mentales debidos al uso de drogas (drogodependencia, toxicomanía)",1
2016,male,35-39,Accidentes de tráfico,122
2016,male,35-39,Agresiones (homicidio),23
2016,male,35-39,Envenenamiento accidental por psicofármacos y drogas de abuso,53
2016,male,35-39,Eventos de intención no determinada,2
2016,male,35-39,Suicidio y lesiones autoinfligidas,203
2016,male,35-39,Todas las causas,1317
2016,male,35-39,"Trastornos mentales debidos al uso de drogas (drogodependencia, toxicomanía)",2
2016,male,40-44,Accidentes de tráfico,132
2016,male,40-44,Agresiones (homicidio),21
2016,male,40-44,Envenenamiento accidental por psicofármacos y drogas de abuso,94
2016,male,40-44,Eventos de intención no determinada,5
2016,male,40-44,Suicidio y lesiones autoinfligidas,275
2016,male,40-44,Todas las causas,2296
2016,male,40-44,"Trastornos mentales debidos al uso de drogas (drogodependencia, toxicomanía)",4
2016,male,45-49,Accidentes de tráfico,125
2016,male,45-49,Agresiones (homicidio),24
2016,male,45-49,Envenenamiento accidental por psicofármacos y drogas de abuso,90
2016,male,45-49,Eventos de intención no determinada,1
2016,male,45-49,Suicidio y lesiones autoinfligidas,266
2016,male,45-49,Todas las causas,4021
2016,male,45-49,"Trastornos mentales debidos al uso de drogas (drogodependencia, toxicomanía)",8
2016,male,5-9,Accidentes de tráfico,4
2016,male,5-9,Agresiones (homicidio),1
2016,male,5-9,Envenenamiento accidental por psicofármacos y drogas de abuso,0
2016,male,5-9,Eventos de intención no determinada,0
2016,male,5-9,Suicidio y lesiones autoinfligidas,0
2016,male,5-9,Todas las causas,107
2016,male,5-9,"Trastornos mentales debidos al uso de drogas (drogodependencia, toxicomanía)",0
2016,male,50-54,Accidentes de tráfico,124
2016,male,50-54,Agresiones (homicidio),17
2016,male,50-54,Envenenamiento accidental por psicofármacos y drogas de abuso,61
2016,male,50-54,Eventos de intención no determinada,0
2016,male,50-54,Suicidio y lesiones autoinfligidas,288
2016,male,50-54,Todas las causas,6860
2016,male,50-54,"Trastornos mentales debidos al uso de drogas (drogodependencia, toxicomanía)",2
2016,male,55-59,Accidentes de tráfico,111
2016,male,55-59,Agresiones (homicidio),13
2016,male,55-59,Envenenamiento accidental por psicofármacos y drogas de abuso,33
2016,male,55-59,Eventos de intención no determinada,6
2016,male,55-59,Suicidio y lesiones autoinfligidas,242
2016,male,55-59,Todas las causas,9639
2016,male,55-59,"Trastornos mentales debidos al uso de drogas (drogodependencia, toxicomanía)",6
2016,male,60-64,Accidentes de tráfico,89
2016,male,60-64,Agresiones (homicidio),16
2016,male,60-64,Envenenamiento accidental por psicofármacos y drogas de abuso,19
2016,male,60-64,Eventos de intención no determinada,0
2016,male,60-64,Suicidio y lesiones autoinfligidas,191
2016,male,60-64,Todas las causas,12508
2016,male,60-64,"Trastornos mentales debidos al uso de drogas (drogodependencia, toxicomanía)",0
2016,male,65-69,Accidentes de tráfico,71
2016,male,65-69,Agresiones (homicidio),5
2016,male,65-69,Envenenamiento accidental por psicofármacos y drogas de abuso,12
2016,male,65-69,Eventos de intención no determinada,0
2016,male,65-69,Suicidio y lesiones autoinfligidas,175
2016,male,65-69,Todas las causas,16602
2016,male,65-69,"Trastornos mentales debidos al uso de drogas (drogodependencia, toxicomanía)",0
2016,male,70-74,Accidentes de tráfico,72
2016,male,70-74,Agresiones (homicidio),5
2016,male,70-74,Envenenamiento accidental por psicofármacos y drogas de abuso,10
2016,male,70-74,Eventos de intención no determinada,3
2016,male,70-74,Suicidio y lesiones autoinfligidas,154
2016,male,70-74,Todas las causas,20905
2016,male,70-74,"Trastornos mentales debidos al uso de drogas (drogodependencia, toxicomanía)",0
2016,male,75-79,Accidentes de tráfico,78
2016,male,75-79,Agresiones (homicidio),4
2016,male,75-79,Envenenamiento accidental por psicofármacos y drogas de abuso,15
2016,male,75-79,Eventos de intención no determinada,2
2016,male,75-79,Suicidio y lesiones autoinfligidas,178
2016,male,75-79,Todas las causas,25749
2016,male,75-79,"Trastornos mentales debidos al uso de drogas (drogodependencia, toxicomanía)",0
2016,male,80-84,Accidentes de tráfico,91
2016,male,80-84,Agresiones (homicidio),5
2016,male,80-84,Envenenamiento accidental por psicofármacos y drogas de abuso,15
2016,male,80-84,Eventos de intención no determinada,0
2016,male,80-84,Suicidio y lesiones autoinfligidas,181
2016,male,80-84,Todas las causas,37894
2016,male,80-84,"Trastornos mentales debidos al uso de drogas (drogodependencia, toxicomanía)",0
2016,male,85-89,Accidentes de tráfico,57
2016,male,85-89,Agresiones (homicidio),1
2016,male,85-89,Envenenamiento accidental por psicofármacos y drogas de abuso,35
2016,male,85-89,Eventos de intención no determinada,0
2016,male,85-89,Suicidio y lesiones autoinfligidas,106
2016,male,85-89,Todas las causas,37901
2016,male,85-89,"Trastornos mentales debidos al uso de drogas (drogodependencia, toxicomanía)",0
2016,male,90-94,Accidentes de tráfico,22
2016,male,90-94,Agresiones (homicidio),0
2016,male,90-94,Envenenamiento accidental por psicofármacos y drogas de abuso,20
2016,male,90-94,Eventos de intención no determinada,0
2016,male,90-94,Suicidio y lesiones autoinfligidas,60
2016,male,90-94,Todas las causas,23225
2016,male,90-94,"Trastornos mentales debidos al uso de drogas (drogodependencia, toxicomanía)",0
2016,male,95+,Accidentes de tráfico,5
2016,male,95+,Agresiones (homicidio),1
2016,male,95+,Envenenamiento accidental por psicofármacos y drogas de abuso,3
2016,male,95+,Eventos de intención no determinada,0
2016,male,95+,Suicidio y lesiones autoinfligidas,12
2016,male,95+,Todas las causas,7041
2016,male,95+,"Trastornos mentales debidos al uso de drogas (drogodependencia, toxicomanía)",0
2016,male,<1,Accidentes de tráfico,2
2016,male,<1,Agresiones (homicidio),2
2016,male,<1,Envenenamiento accidental por psicofármacos y drogas de abuso,0
2016,male,<1,Eventos de intención no determinada,0
2016,male,<1,Suicidio y lesiones autoinfligidas,0
2016,male,<1,Todas las causas,657
2016,male,<1,"Trastornos mentales debidos al uso de drogas (drogodependencia, toxicomanía)",0
2016,male,all,Accidentes de tráfico,1448
2016,male,all,Agresiones (homicidio),178
2016,male,all,Envenenamiento accidental por psicofármacos y drogas de abuso,550
2016,male,all,Eventos de intención no determinada,23
2016,male,all,Suicidio y lesiones autoinfligidas,2662
2016,male,all,Todas las causas,208993
2016,male,all,"Trastornos mentales debidos al uso de drogas (drogodependencia, toxicomanía)",24
2017,all,1-4,Accidentes de tráfico,15
2017,all,1-4,Agresiones (homicidio),6
2017,all,1-4,Envenenamiento accidental por psicofármacos y drogas de abuso,0
2017,all,1-4,Eventos de intención no determinada,0
2017,all,1-4,Suicidio y lesiones autoinfligidas,0
2017,all,1-4,Todas las causas,226
2017,all,1-4,"Trastornos mentales debidos al uso de drogas (drogodependencia, toxicomanía)",0
2017,all,10-14,Accidentes de tráfico,12
2017,all,10-14,Agresiones (homicidio),3
2017,all,10-14,Envenenamiento accidental por psicofármacos y drogas de abuso,0
2017,all,10-14,Eventos de intención no determinada,0
2017,all,10-14,Suicidio y lesiones autoinfligidas,13
2017,all,10-14,Todas las causas,202
2017,all,10-14,"Trastornos mentales debidos al uso de drogas (drogodependencia, toxicomanía)",0
2017,all,15-19,Accidentes de tráfico,74
2017,all,15-19,Agresiones (homicidio),5
2017,all,15-19,Envenenamiento accidental por psicofármacos y drogas de abuso,1
2017,all,15-19,Eventos de intención no determinada,1
2017,all,15-19,Suicidio y lesiones autoinfligidas,50
2017,all,15-19,Todas las causas,396
2017,all,15-19,"Trastornos mentales debidos al uso de drogas (drogodependencia, toxicomanía)",0
2017,all,20-24,Accidentes de tráfico,136
2017,all,20-24,Agresiones (homicidio),18
2017,all,20-24,Envenenamiento accidental por psicofármacos y drogas de abuso,9
2017,all,20-24,Eventos de intención no determinada,3
2017,all,20-24,Suicidio y lesiones autoinfligidas,82
2017,all,20-24,Todas las causas,595
2017,all,20-24,"Trastornos mentales debidos al uso de drogas (drogodependencia, toxicomanía)",0
2017,all,25-29,Accidentes de tráfico,148
2017,all,25-29,Agresiones (homicidio),22
2017,all,25-29,Envenenamiento accidental por psicofármacos y drogas de abuso,30
2017,all,25-29,Eventos de intención no determinada,2
2017,all,25-29,Suicidio y lesiones autoinfligidas,141
2017,all,25-29,Todas las causas,834
2017,all,25-29,"Trastornos mentales debidos al uso de drogas (drogodependencia, toxicomanía)",1
2017,all,30-34,Accidentes de tráfico,137
2017,all,30-34,Agresiones (homicidio),37
2017,all,30-34,Envenenamiento accidental por psicofármacos y drogas de abuso,46
2017,all,30-34,Eventos de intención no determinada,2
2017,all,30-34,Suicidio y lesiones autoinfligidas,175
2017,all,30-34,Todas las causas,1132
2017,all,30-34,"Trastornos mentales debidos al uso de drogas (drogodependencia, toxicomanía)",0
2017,all,35-39,Accidentes de tráfico,134
2017,all,35-39,Agresiones (homicidio),31
2017,all,35-39,Envenenamiento accidental por psicofármacos y drogas de abuso,75
2017,all,35-39,Eventos de intención no determinada,3
2017,all,35-39,Suicidio y lesiones autoinfligidas,277
2017,all,35-39,Todas las causas,2082
2017,all,35-39,"Trastornos mentales debidos al uso de drogas (drogodependencia, toxicomanía)",1
2017,all,40-44,Accidentes de tráfico,157
2017,all,40-44,Agresiones (homicidio),38
2017,all,40-44,Envenenamiento accidental por psicofármacos y drogas de abuso,75
2017,all,40-44,Eventos de intención no determinada,3
2017,all,40-44,Suicidio y lesiones autoinfligidas,344
2017,all,40-44,Todas las causas,3484
2017,all,40-44,"Trastornos mentales debidos al uso de drogas (drogodependencia, toxicomanía)",4
2017,all,45-49,Accidentes de tráfico,149
2017,all,45-49,Agresiones (homicidio),32
2017,all,45-49,Envenenamiento accidental por psicofármacos y drogas de abuso,104
2017,all,45-49,Eventos de intención no determinada,8
2017,all,45-49,Suicidio y lesiones autoinfligidas,367
2017,all,45-49,Todas las causas,6057
2017,all,45-49,"Trastornos mentales debidos al uso de drogas (drogodependencia, toxicomanía)",2
2017,all,5-9,Accidentes de tráfico,5
2017,all,5-9,Agresiones (homicidio),7
2017,all,5-9,Envenenamiento accidental por psicofármacos y drogas de abuso,0
2017,all,5-9,Eventos de intención no determinada,0
2017,all,5-9,Suicidio y lesiones autoinfligidas,0
2017,all,5-9,Todas las causas,178
2017,all,5-9,"Trastornos mentales debidos al uso de drogas (drogodependencia, toxicomanía)",0
2017,all,50-54,Accidentes de tráfico,165
2017,all,50-54,Agresiones (homicidio),26
2017,all,50-54,Envenenamiento accidental por psicofármacos y drogas de abuso,73
2017,all,50-54,Eventos de intención no determinada,2
2017,all,50-54,Suicidio y lesiones autoinfligidas,421
2017,all,50-54,Todas las causas,10103
2017,all,50-54,"Trastornos mentales debidos al uso de drogas (drogodependencia, toxicomanía)",3
2017,all,55-59,Accidentes de tráfico,135
2017,all,55-59,Agresiones (homicidio),19
2017,all,55-59,Envenenamiento accidental por psicofármacos y drogas de abuso,37
2017,all,55-59,Eventos de intención no determinada,3
2017,all,55-59,Suicidio y lesiones autoinfligidas,362
2017,all,55-59,Todas las causas,14428
2017,all,55-59,"Trastornos mentales debidos al uso de drogas (drogodependencia, toxicomanía)",2
2017,all,60-64,Accidentes de tráfico,135
2017,all,60-64,Agresiones (homicidio),14
2017,all,60-64,Envenenamiento accidental por psicofármacos y drogas de abuso,27
2017,all,60-64,Eventos de intención no determinada,3
2017,all,60-64,Suicidio y lesiones autoinfligidas,251
2017,all,60-64,Todas las causas,18187
2017,all,60-64,"Trastornos mentales debidos al uso de drogas (drogodependencia, toxicomanía)",0
2017,all,65-69,Accidentes de tráfico,93
2017,all,65-69,Agresiones (homicidio),14
2017,all,65-69,Envenenamiento accidental por psicofármacos y drogas de abuso,14
2017,all,65-69,Eventos de intención no determinada,4
2017,all,65-69,Suicidio y lesiones autoinfligidas,230
2017,all,65-69,Todas las causas,24497
2017,all,65-69,"Trastornos mentales debidos al uso de drogas (drogodependencia, toxicomanía)",0
2017,all,70-74,Accidentes de tráfico,116
2017,all,70-74,Agresiones (homicidio),12
2017,all,70-74,Envenenamiento accidental por psicofármacos y drogas de abuso,23
2017,all,70-74,Eventos de intención no determinada,4
2017,all,70-74,Suicidio y lesiones autoinfligidas,245
2017,all,70-74,Todas las causas,33020
2017,all,70-74,"Trastornos mentales debidos al uso de drogas (drogodependencia, toxicomanía)",0
2017,all,75-79,Accidentes de tráfico,103
2017,all,75-79,Agresiones (homicidio),10
2017,all,75-79,Envenenamiento accidental por psicofármacos y drogas de abuso,33
2017,all,75-79,Eventos de intención no determinada,3
2017,all,75-79,Suicidio y lesiones autoinfligidas,204
2017,all,75-79,Todas las causas,40776
2017,all,75-79,"Trastornos mentales debidos al uso de drogas (drogodependencia, toxicomanía)",1
2017,all,80-84,Accidentes de tráfico,110
2017,all,80-84,Agresiones (homicidio),13
2017,all,80-84,Envenenamiento accidental por psicofármacos y drogas de abuso,52
2017,all,80-84,Eventos de intención no determinada,2
2017,all,80-84,Suicidio y lesiones autoinfligidas,259
2017,all,80-84,Todas las causas,72688
2017,all,80-84,"Trastornos mentales debidos al uso de drogas (drogodependencia, toxicomanía)",0
2017,all,85-89,Accidentes de tráfico,77
2017,all,85-89,Agresiones (homicidio),7
2017,all,85-89,Envenenamiento accidental por psicofármacos y drogas de abuso,78
2017,all,85-89,Eventos de intención no determinada,4
2017,all,85-89,Suicidio y lesiones autoinfligidas,180
2017,all,85-89,Todas las causas,91326
2017,all,85-89,"Trastornos mentales debidos al uso de drogas (drogodependencia, toxicomanía)",0
2017,all,90-94,Accidentes de tráfico,33
2017,all,90-94,Agresiones (homicidio),8
2017,all,90-94,Envenenamiento accidental por psicofármacos y drogas de abuso,62
2017,all,90-94,Eventos de intención no determinada,1
2017,all,90-94,Suicidio y lesiones autoinfligidas,64
2017,all,90-94,Todas las causas,70918
2017,all,90-94,"Trastornos mentales debidos al uso de drogas (drogodependencia, toxicomanía)",0
2017,all,95+,Accidentes de tráfico,3
2017,all,95+,Agresiones (homicidio),0
2017,all,95+,Envenenamiento accidental por psicofármacos y drogas de abuso,20
2017,all,95+,Eventos de intención no determinada,0
2017,all,95+,Suicidio y lesiones autoinfligidas,14
2017,all,95+,Todas las causas,32302
2017,all,95+,"Trastornos mentales debidos al uso de drogas (drogodependencia, toxicomanía)",0
2017,all,<1,Accidentes de tráfico,6
2017,all,<1,Agresiones (homicidio),3
2017,all,<1,Envenenamiento accidental por psicofármacos y drogas de abuso,0
2017,all,<1,Eventos de intención no determinada,0
2017,all,<1,Suicidio y lesiones autoinfligidas,0
2017,all,<1,Todas las causas,1092
2017,all,<1,"Trastornos mentales debidos al uso de drogas (drogodependencia, toxicomanía)",0
2017,all,all,Accidentes de tráfico,1943
2017,all,all,Agresiones (homicidio),325
2017,all,all,Envenenamiento accidental por psicofármacos y drogas de abuso,759
2017,all,all,Eventos de intención no determinada,48
2017,all,all,Suicidio y lesiones autoinfligidas,3679
2017,all,all,Todas las causas,424523
2017,all,all,"Trastornos mentales debidos al uso de drogas (drogodependencia, toxicomanía)",14
2017,female,1-4,Accidentes de tráfico,5
2017,female,1-4,Agresiones (homicidio),5
2017,female,1-4,Envenenamiento accidental por psicofármacos y drogas de abuso,0
2017,female,1-4,Eventos de intención no determinada,0
2017,female,1-4,Suicidio y lesiones autoinfligidas,0
2017,female,1-4,Todas las causas,88
2017,female,1-4,"Trastornos mentales debidos al uso de drogas (drogodependencia, toxicomanía)",0
2017,female,10-14,Accidentes de tráfico,3
2017,female,10-14,Agresiones (homicidio),0
2017,female,10-14,Envenenamiento accidental por psicofármacos y drogas de abuso,0
2017,female,10-14,Eventos de intención no determinada,0
2017,female,10-14,Suicidio y lesiones autoinfligidas,7
2017,female,10-14,Todas las causas,98
2017,female,10-14,"Trastornos mentales debidos al uso de drogas (drogodependencia, toxicomanía)",0
2017,female,15-19,Accidentes de tráfico,22
2017,female,15-19,Agresiones (homicidio),2
2017,female,15-19,Envenenamiento accidental por psicofármacos y drogas de abuso,1
2017,female,15-19,Eventos de intención no determinada,0
2017,female,15-19,Suicidio y lesiones autoinfligidas,17
2017,female,15-19,Todas las causas,134
2017,female,15-19,"Trastornos mentales debidos al uso de drogas (drogodependencia, toxicomanía)",0
2017,female,20-24,Accidentes de tráfico,32
2017,female,20-24,Agresiones (homicidio),6
2017,female,20-24,Envenenamiento accidental por psicofármacos y drogas de abuso,3
2017,female,20-24,Eventos de intención no determinada,1
2017,female,20-24,Suicidio y lesiones autoinfligidas,16
2017,female,20-24,Todas las causas,187
2017,female,20-24,"Trastornos mentales debidos al uso de drogas (drogodependencia, toxicomanía)",0
2017,female,25-29,Accidentes de tráfico,25
2017,female,25-29,Agresiones (homicidio),6
2017,female,25-29,Envenenamiento accidental por psicofármacos y drogas de abuso,7
2017,female,25-29,Eventos de intención no determinada,1
2017,female,25-29,Suicidio y lesiones autoinfligidas,36
2017,female,25-29,Todas las causas,249
2017,female,25-29,"Trastornos mentales debidos al uso de drogas (drogodependencia, toxicomanía)",0
2017,female,30-34,Accidentes de tráfico,28
2017,female,30-34,Agresiones (homicidio),10
2017,female,30-34,Envenenamiento accidental por psicofármacos y drogas de abuso,9
2017,female,30-34,Eventos de intención no determinada,0
2017,female,30-34,Suicidio y lesiones autoinfligidas,31
2017,female,30-34,Todas las causas,343
2017,female,30-34,"Trastornos mentales debidos al uso de drogas (drogodependencia, toxicomanía)",0
2017,female,35-39,Accidentes de tráfico,21
2017,female,35-39,Agresiones (homicidio),13
2017,female,35-39,Envenenamiento accidental por psicofármacos y drogas de abuso,5
2017,female,35-39,Eventos de intención no determinada,0
2017,female,35-39,Suicidio y lesiones autoinfligidas,67
2017,female,35-39,Todas las causas,736
2017,female,35-39,"Trastornos mentales debidos al uso de drogas (drogodependencia, toxicomanía)",0
2017,female,40-44,Accidentes de tráfico,24
2017,female,40-44,Agresiones (homicidio),8
2017,female,40-44,Envenenamiento accidental por psicofármacos y drogas de abuso,18
2017,female,40-44,Eventos de intención no determinada,0
2017,female,40-44,Suicidio y lesiones autoinfligidas,98
2017,female,40-44,Todas las causas,1265
2017,female,40-44,"Trastornos mentales debidos al uso de drogas (drogodependencia, toxicomanía)",0
2017,female,45-49,Accidentes de tráfico,21
2017,female,45-49,Agresiones (homicidio),14
2017,female,45-49,Envenenamiento accidental por psicofármacos y drogas de abuso,20
2017,female,45-49,Eventos de intención no determinada,4
2017,female,45-49,Suicidio y lesiones autoinfligidas,76
2017,female,45-49,Todas las causas,2153
2017,female,45-49,"Trastornos mentales debidos al uso de drogas (drogodependencia, toxicomanía)",0
2017,female,5-9,Accidentes de tráfico,0
2017,female,5-9,Agresiones (homicidio),3
2017,female,5-9,Envenenamiento accidental por psicofármacos y drogas de abuso,0
2017,female,5-9,Eventos de intención no determinada,0
2017,female,5-9,Suicidio y lesiones autoinfligidas,0
2017,female,5-9,Todas las causas,82
2017,female,5-9,"Trastornos mentales debidos al uso de drogas (drogodependencia, toxicomanía)",0
2017,female,50-54,Accidentes de tráfico,29
2017,female,50-54,Agresiones (homicidio),8
2017,female,50-54,Envenenamiento accidental por psicofármacos y drogas de abuso,13
2017,female,50-54,Eventos de intención no determinada,1
2017,female,50-54,Suicidio y lesiones autoinfligidas,116
2017,female,50-54,Todas las causas,3405
2017,female,50-54,"Trastornos mentales debidos al uso de drogas (drogodependencia, toxicomanía)",1
2017,female,55-59,Accidentes de tráfico,29
2017,female,55-59,Agresiones (homicidio),7
2017,female,55-59,Envenenamiento accidental por psicofármacos y drogas de abuso,13
2017,female,55-59,Eventos de intención no determinada,0
2017,female,55-59,Suicidio y lesiones autoinfligidas,108
2017,female,55-59,Todas las causas,4717
2017,female,55-59,"Trastornos mentales debidos al uso de drogas (drogodependencia, toxicomanía)",0
2017,female,60-64,Accidentes de tráfico,28
2017,female,60-64,Agresiones (homicidio),7
2017,female,60-64,Envenenamiento accidental por psicofármacos y drogas de abuso,11
2017,female,60-64,Eventos de intención no determinada,0
2017,female,60-64,Suicidio y lesiones autoinfligidas,81
2017,female,60-64,Todas las causas,5802
2017,female,60-64,"Trastornos mentales debidos al uso de drogas (drogodependencia, toxicomanía)",0
2017,female,65-69,Accidentes de tráfico,26
2017,female,65-69,Agresiones (homicidio),6
2017,female,65-69,Envenenamiento accidental por psicofármacos y drogas de abuso,6
2017,female,65-69,Eventos de intención no determinada,3
2017,female,65-69,Suicidio y lesiones autoinfligidas,68
2017,female,65-69,Todas las causas,7703
2017,female,65-69,"Trastornos mentales debidos al uso de drogas (drogodependencia, toxicomanía)",0
2017,female,70-74,Accidentes de tráfico,36
2017,female,70-74,Agresiones (homicidio),5
2017,female,70-74,Envenenamiento accidental por psicofármacos y drogas de abuso,16
2017,female,70-74,Eventos de intención no determinada,2
2017,female,70-74,Suicidio y lesiones autoinfligidas,79
2017,female,70-74,Todas las causas,11280
2017,female,70-74,"Trastornos mentales debidos al uso de drogas (drogodependencia, toxicomanía)",0
2017,female,75-79,Accidentes de tráfico,37
2017,female,75-79,Agresiones (homicidio),6
2017,female,75-79,Envenenamiento accidental por psicofármacos y drogas de abuso,18
2017,female,75-79,Eventos de intención no determinada,2
2017,female,75-79,Suicidio y lesiones autoinfligidas,59
2017,female,75-79,Todas las causas,16147
2017,female,75-79,"Trastornos mentales debidos al uso de drogas (drogodependencia, toxicomanía)",1
2017,female,80-84,Accidentes de tráfico,35
2017,female,80-84,Agresiones (homicidio),3
2017,female,80-84,Envenenamiento accidental por psicofármacos y drogas de abuso,30
2017,female,80-84,Eventos de intención no determinada,0
2017,female,80-84,Suicidio y lesiones autoinfligidas,55
2017,female,80-84,Todas las causas,34274
2017,female,80-84,"Trastornos mentales debidos al uso de drogas (drogodependencia, toxicomanía)",0
2017,female,85-89,Accidentes de tráfico,23
2017,female,85-89,Agresiones (homicidio),3
2017,female,85-89,Envenenamiento accidental por psicofármacos y drogas de abuso,44
2017,female,85-89,Eventos de intención no determinada,2
2017,female,85-89,Suicidio y lesiones autoinfligidas,37
2017,female,85-89,Todas las causas,50929
2017,female,85-89,"Trastornos mentales debidos al uso de drogas (drogodependencia, toxicomanía)",0
2017,female,90-94,Accidentes de tráfico,9
2017,female,90-94,Agresiones (homicidio),5
2017,female,90-94,Envenenamiento accidental por psicofármacos y drogas de abuso,35
2017,female,90-94,Eventos de intención no determinada,0
2017,female,90-94,Suicidio y lesiones autoinfligidas,8
2017,female,90-94,Todas las causas,46107
2017,female,90-94,"Trastornos mentales debidos al uso de drogas (drogodependencia, toxicomanía)",0
2017,female,95+,Accidentes de tráfico,1
2017,female,95+,Agresiones (homicidio),0
2017,female,95+,Envenenamiento accidental por psicofármacos y drogas de abuso,17
2017,female,95+,Eventos de intención no determinada,0
2017,female,95+,Suicidio y lesiones autoinfligidas,2
2017,female,95+,Todas las causas,24115
2017,female,95+,"Trastornos mentales debidos al uso de drogas (drogodependencia, toxicomanía)",0
2017,female,<1,Accidentes de tráfico,2
2017,female,<1,Agresiones (homicidio),1
2017,female,<1,Envenenamiento accidental por psicofármacos y drogas de abuso,0
2017,female,<1,Eventos de intención no determinada,0
2017,female,<1,Suicidio y lesiones autoinfligidas,0
2017,female,<1,Todas las causas,473
2017,female,<1,"Trastornos mentales debidos al uso de drogas (drogodependencia, toxicomanía)",0
2017,female,all,Accidentes de tráfico,436
2017,female,all,Agresiones (homicidio),118
2017,female,all,Envenenamiento accidental por psicofármacos y drogas de abuso,266
2017,female,all,Eventos de intención no determinada,16
2017,female,all,Suicidio y lesiones autoinfligidas,961
2017,female,all,Todas las causas,210287
2017,female,all,"Trastornos mentales debidos al uso de drogas (drogodependencia, toxicomanía)",2
2017,male,1-4,Accidentes de tráfico,10
2017,male,1-4,Agresiones (homicidio),1
2017,male,1-4,Envenenamiento accidental por psicofármacos y drogas de abuso,0
2017,male,1-4,Eventos de intención no determinada,0
2017,male,1-4,Suicidio y lesiones autoinfligidas,0
2017,male,1-4,Todas las causas,138
2017,male,1-4,"Trastornos mentales debidos al uso de drogas (drogodependencia, toxicomanía)",0
2017,male,10-14,Accidentes de tráfico,9
2017,male,10-14,Agresiones (homicidio),3
2017,male,10-14,Envenenamiento accidental por psicofármacos y drogas de abuso,0
2017,male,10-14,Eventos de intención no determinada,0
2017,male,10-14,Suicidio y lesiones autoinfligidas,6
2017,male,10-14,Todas las causas,104
2017,male,10-14,"Trastornos mentales debidos al uso de drogas (drogodependencia, toxicomanía)",0
2017,male,15-19,Accidentes de tráfico,52
2017,male,15-19,Agresiones (homicidio),3
2017,male,15-19,Envenenamiento accidental por psicofármacos y drogas de abuso,0
2017,male,15-19,Eventos de intención no determinada,1
2017,male,15-19,Suicidio y lesiones autoinfligidas,33
2017,male,15-19,Todas las causas,262
2017,male,15-19,"Trastornos mentales debidos al uso de drogas (drogodependencia, toxicomanía)",0
2017,male,20-24,Accidentes de tráfico,104
2017,male,20-24,Agresiones (homicidio),12
2017,male,20-24,Envenenamiento accidental por psicofármacos y drogas de abuso,6
2017,male,20-24,Eventos de intención no determinada,2
2017,male,20-24,Suicidio y lesiones autoinfligidas,66
2017,male,20-24,Todas las causas,408
2017,male,20-24,"Trastornos mentales debidos al uso de drogas (drogodependencia, toxicomanía)",0
2017,male,25-29,Accidentes de tráfico,123
2017,male,25-29,Agresiones (homicidio),16
2017,male,25-29,Envenenamiento accidental por psicofármacos y drogas de abuso,23
2017,male,25-29,Eventos de intención no determinada,1
2017,male,25-29,Suicidio y lesiones autoinfligidas,105
2017,male,25-29,Todas las causas,585
2017,male,25-29,"Trastornos mentales debidos al uso de drogas (drogodependencia, toxicomanía)",1
2017,male,30-34,Accidentes de tráfico,109
2017,male,30-34,Agresiones (homicidio),27
2017,male,30-34,Envenenamiento accidental por psicofármacos y drogas de abuso,37
2017,male,30-34,Eventos de intención no determinada,2
2017,male,30-34,Suicidio y lesiones autoinfligidas,144
2017,male,30-34,Todas las causas,789
2017,male,30-34,"Trastornos mentales debidos al uso de drogas (drogodependencia, toxicomanía)",0
2017,male,35-39,Accidentes de tráfico,113
2017,male,35-39,Agresiones (homicidio),18
2017,male,35-39,Envenenamiento accidental por psicofármacos y drogas de abuso,70
2017,male,35-39,Eventos de intención no determinada,3
2017,male,35-39,Suicidio y lesiones autoinfligidas,210
2017,male,35-39,Todas las causas,1346
2017,male,35-39,"Trastornos mentales debidos al uso de drogas (drogodependencia, toxicomanía)",1
2017,male,40-44,Accidentes de tráfico,133
2017,male,40-44,Agresiones (homicidio),30
2017,male,40-44,Envenenamiento accidental por psicofármacos y drogas de abuso,57
2017,male,40-44,Eventos de intención no determinada,3
2017,male,40-44,Suicidio y lesiones autoinfligidas,246
2017,male,40-44,Todas las causas,2219
2017,male,40-44,"Trastornos mentales debidos al uso de drogas (drogodependencia, toxicomanía)",4
2017,male,45-49,Accidentes de tráfico,128
2017,male,45-49,Agresiones (homicidio),18
2017,male,45-49,Envenenamiento accidental por psicofármacos y drogas de abuso,84
2017,male,45-49,Eventos de intención no determinada,4
2017,male,45-49,Suicidio y lesiones autoinfligidas,291
2017,male,45-49,Todas las causas,3904
2017,male,45-49,"Trastornos mentales debidos al uso de drogas (drogodependencia, toxicomanía)",2
2017,male,5-9,Accidentes de tráfico,5
2017,male,5-9,Agresiones (homicidio),4
2017,male,5-9,Envenenamiento accidental por psicofármacos y drogas de abuso,0
2017,male,5-9,Eventos de intención no determinada,0
2017,male,5-9,Suicidio y lesiones autoinfligidas,0
2017,male,5-9,Todas las causas,96
2017,male,5-9,"Trastornos mentales debidos al uso de drogas (drogodependencia, toxicomanía)",0
2017,male,50-54,Accidentes de tráfico,136
2017,male,50-54,Agresiones (homicidio),18
2017,male,50-54,Envenenamiento accidental por psicofármacos y drogas de abuso,60
2017,male,50-54,Eventos de intención no determinada,1
2017,male,50-54,Suicidio y lesiones autoinfligidas,305
2017,male,50-54,Todas las causas,6698
2017,male,50-54,"Trastornos mentales debidos al uso de drogas (drogodependencia, toxicomanía)",2
2017,male,55-59,Accidentes de tráfico,106
2017,male,55-59,Agresiones (homicidio),12
2017,male,55-59,Envenenamiento accidental por psicofármacos y drogas de abuso,24
2017,male,55-59,Eventos de intención no determinada,3
2017,male,55-59,Suicidio y lesiones autoinfligidas,254
2017,male,55-59,Todas las causas,9711
2017,male,55-59,"Trastornos mentales debidos al uso de drogas (drogodependencia, toxicomanía)",2
2017,male,60-64,Accidentes de tráfico,107
2017,male,60-64,Agresiones (homicidio),7
2017,male,60-64,Envenenamiento accidental por psicofármacos y drogas de abuso,16
2017,male,60-64,Eventos de intención no determinada,3
2017,male,60-64,Suicidio y lesiones autoinfligidas,170
2017,male,60-64,Todas las causas,12385
2017,male,60-64,"Trastornos mentales debidos al uso de drogas (drogodependencia, toxicomanía)",0
2017,male,65-69,Accidentes de tráfico,67
2017,male,65-69,Agresiones (homicidio),8
2017,male,65-69,Envenenamiento accidental por psicofármacos y drogas de abuso,8
2017,male,65-69,Eventos de intención no determinada,1
2017,male,65-69,Suicidio y lesiones autoinfligidas,162
2017,male,65-69,Todas las causas,16794
2017,male,65-69,"Trastornos mentales debidos al uso de drogas (drogodependencia, toxicomanía)",0
2017,male,70-74,Accidentes de tráfico,80
2017,male,70-74,Agresiones (homicidio),7
2017,male,70-74,Envenenamiento accidental por psicofármacos y drogas de abuso,7
2017,male,70-74,Eventos de intención no determinada,2
2017,male,70-74,Suicidio y lesiones autoinfligidas,166
2017,male,70-74,Todas las causas,21740
2017,male,70-74,"Trastornos mentales debidos al uso de drogas (drogodependencia, toxicomanía)",0
2017,male,75-79,Accidentes de tráfico,66
2017,male,75-79,Agresiones (homicidio),4
2017,male,75-79,Envenenamiento accidental por psicofármacos y drogas de abuso,15
2017,male,75-79,Eventos de intención no determinada,1
2017,male,75-79,Suicidio y lesiones autoinfligidas,145
2017,male,75-79,Todas las causas,24629
2017,male,75-79,"Trastornos mentales debidos al uso de drogas (drogodependencia, toxicomanía)",0
2017,male,80-84,Accidentes de tráfico,75
2017,male,80-84,Agresiones (homicidio),10
2017,male,80-84,Envenenamiento accidental por psicofármacos y drogas de abuso,22
2017,male,80-84,Eventos de intención no determinada,2
2017,male,80-84,Suicidio y lesiones autoinfligidas,204
2017,male,80-84,Todas las causas,38414
2017,male,80-84,"Trastornos mentales debidos al uso de drogas (drogodependencia, toxicomanía)",0
2017,male,85-89,Accidentes de tráfico,54
2017,male,85-89,Agresiones (homicidio),4
2017,male,85-89,Envenenamiento accidental por psicofármacos y drogas de abuso,34
2017,male,85-89,Eventos de intención no determinada,2
2017,male,85-89,Suicidio y lesiones autoinfligidas,143
2017,male,85-89,Todas las causas,40397
2017,male,85-89,"Trastornos mentales debidos al uso de drogas (drogodependencia, toxicomanía)",0
2017,male,90-94,Accidentes de tráfico,24
2017,male,90-94,Agresiones (homicidio),3
2017,male,90-94,Envenenamiento accidental por psicofármacos y drogas de abuso,27
2017,male,90-94,Eventos de intención no determinada,1
2017,male,90-94,Suicidio y lesiones autoinfligidas,56
2017,male,90-94,Todas las causas,24811
2017,male,90-94,"Trastornos mentales debidos al uso de drogas (drogodependencia, toxicomanía)",0
2017,male,95+,Accidentes de tráfico,2
2017,male,95+,Agresiones (homicidio),0
2017,male,95+,Envenenamiento accidental por psicofármacos y drogas de abuso,3
2017,male,95+,Eventos de intención no determinada,0
2017,male,95+,Suicidio y lesiones autoinfligidas,12
2017,male,95+,Todas las causas,8187
2017,male,95+,"Trastornos mentales debidos al uso de drogas (drogodependencia, toxicomanía)",0
2017,male,<1,Accidentes de tráfico,4
2017,male,<1,Agresiones (homicidio),2
2017,male,<1,Envenenamiento accidental por psicofármacos y drogas de abuso,0
2017,male,<1,Eventos de intención no determinada,0
2017,male,<1,Suicidio y lesiones autoinfligidas,0
2017,male,<1,Todas las causas,619
2017,male,<1,"Trastornos mentales debidos al uso de drogas (drogodependencia, toxicomanía)",0
2017,male,all,Accidentes de tráfico,1507
2017,male,all,Agresiones (homicidio),207
2017,male,all,Envenenamiento accidental por psicofármacos y drogas de abuso,493
2017,male,all,Eventos de intención no determinada,32
2017,male,all,Suicidio y lesiones autoinfligidas,2718
2017,male,all,Todas las causas,214236
2017,male,all,"Trastornos mentales debidos al uso de drogas (drogodependencia, toxicomanía)",12
2018,all,1-4,Accidentes de tráfico,10
2018,all,1-4,Agresiones (homicidio),4
2018,all,1-4,Envenenamiento accidental por psicofármacos y drogas de abuso,0
2018,all,1-4,Eventos de intención no determinada,1
2018,all,1-4,Suicidio y lesiones autoinfligidas,0
2018,all,1-4,Todas las causas,240
2018,all,1-4,"Trastornos mentales debidos al uso de drogas (drogodependencia, toxicomanía)",0
2018,all,10-14,Accidentes de tráfico,7
2018,all,10-14,Agresiones (homicidio),2
2018,all,10-14,Envenenamiento accidental por psicofármacos y drogas de abuso,0
2018,all,10-14,Eventos de intención no determinada,0
2018,all,10-14,Suicidio y lesiones autoinfligidas,7
2018,all,10-14,Todas las causas,198
2018,all,10-14,"Trastornos mentales debidos al uso de drogas (drogodependencia, toxicomanía)",0
2018,all,15-19,Accidentes de tráfico,75
2018,all,15-19,Agresiones (homicidio),7
2018,all,15-19,Envenenamiento accidental por psicofármacos y drogas de abuso,0
2018,all,15-19,Eventos de intención no determinada,1
2018,all,15-19,Suicidio y lesiones autoinfligidas,70
2018,all,15-19,Todas las causas,413
2018,all,15-19,"Trastornos mentales debidos al uso de drogas (drogodependencia, toxicomanía)",0
2018,all,20-24,Accidentes de tráfico,134
2018,all,20-24,Agresiones (homicidio),13
2018,all,20-24,Envenenamiento accidental por psicofármacos y drogas de abuso,14
2018,all,20-24,Eventos de intención no determinada,7
2018,all,20-24,Suicidio y lesiones autoinfligidas,90
2018,all,20-24,Todas las causas,624
2018,all,20-24,"Trastornos mentales debidos al uso de drogas (drogodependencia, toxicomanía)",0
2018,all,25-29,Accidentes de tráfico,127
2018,all,25-29,Agresiones (homicidio),30
2018,all,25-29,Envenenamiento accidental por psicofármacos y drogas de abuso,23
2018,all,25-29,Eventos de intención no determinada,2
2018,all,25-29,Suicidio y lesiones autoinfligidas,108
2018,all,25-29,Todas las causas,828
2018,all,25-29,"Trastornos mentales debidos al uso de drogas (drogodependencia, toxicomanía)",2
2018,all,30-34,Accidentes de tráfico,127
2018,all,30-34,Agresiones (homicidio),19
2018,all,30-34,Envenenamiento accidental por psicofármacos y drogas de abuso,44
2018,all,30-34,Eventos de intención no determinada,0
2018,all,30-34,Suicidio y lesiones autoinfligidas,166
2018,all,30-34,Todas las causas,1146
2018,all,30-34,"Trastornos mentales debidos al uso de drogas (drogodependencia, toxicomanía)",1
2018,all,35-39,Accidentes de tráfico,145
2018,all,35-39,Agresiones (homicidio),25
2018,all,35-39,Envenenamiento accidental por psicofármacos y drogas de abuso,78
2018,all,35-39,Eventos de intención no determinada,8
2018,all,35-39,Suicidio y lesiones autoinfligidas,230
2018,all,35-39,Todas las causas,1957
2018,all,35-39,"Trastornos mentales debidos al uso de drogas (drogodependencia, toxicomanía)",6
2018,all,40-44,Accidentes de tráfico,147
2018,all,40-44,Agresiones (homicidio),38
2018,all,40-44,Envenenamiento accidental por psicofármacos y drogas de abuso,75
2018,all,40-44,Eventos de intención no determinada,7
2018,all,40-44,Suicidio y lesiones autoinfligidas,315
2018,all,40-44,Todas las causas,3465
2018,all,40-44,"Trastornos mentales debidos al uso de drogas (drogodependencia, toxicomanía)",6
2018,all,45-49,Accidentes de tráfico,149
2018,all,45-49,Agresiones (homicidio),27
2018,all,45-49,Envenenamiento accidental por psicofármacos y drogas de abuso,102
2018,all,45-49,Eventos de intención no determinada,10
2018,all,45-49,Suicidio y lesiones autoinfligidas,393
2018,all,45-49,Todas las causas,5862
2018,all,45-49,"Trastornos mentales debidos al uso de drogas (drogodependencia, toxicomanía)",3
2018,all,5-9,Accidentes de tráfico,9
2018,all,5-9,Agresiones (homicidio),5
2018,all,5-9,Envenenamiento accidental por psicofármacos y drogas de abuso,0
2018,all,5-9,Eventos de intención no determinada,0
2018,all,5-9,Suicidio y lesiones autoinfligidas,0
2018,all,5-9,Todas las causas,179
2018,all,5-9,"Trastornos mentales debidos al uso de drogas (drogodependencia, toxicomanía)",0
2018,all,50-54,Accidentes de tráfico,155
2018,all,50-54,Agresiones (homicidio),20
2018,all,50-54,Envenenamiento accidental por psicofármacos y drogas de abuso,74
2018,all,50-54,Eventos de intención no determinada,10
2018,all,50-54,Suicidio y lesiones autoinfligidas,377
2018,all,50-54,Todas las causas,10029
2018,all,50-54,"Trastornos mentales debidos al uso de drogas (drogodependencia, toxicomanía)",9
2018,all,55-59,Accidentes de tráfico,132
2018,all,55-59,Agresiones (homicidio),20
2018,all,55-59,Envenenamiento accidental por psicofármacos y drogas de abuso,33
2018,all,55-59,Eventos de intención no determinada,4
2018,all,55-59,Suicidio y lesiones autoinfligidas,381
2018,all,55-59,Todas las causas,14651
2018,all,55-59,"Trastornos mentales debidos al uso de drogas (drogodependencia, toxicomanía)",10
2018,all,60-64,Accidentes de tráfico,99
2018,all,60-64,Agresiones (homicidio),15
2018,all,60-64,Envenenamiento accidental por psicofármacos y drogas de abuso,22
2018,all,60-64,Eventos de intención no determinada,6
2018,all,60-64,Suicidio y lesiones autoinfligidas,273
2018,all,60-64,Todas las causas,19100
2018,all,60-64,"Trastornos mentales debidos al uso de drogas (drogodependencia, toxicomanía)",2
2018,all,65-69,Accidentes de tráfico,121
2018,all,65-69,Agresiones (homicidio),11
2018,all,65-69,Envenenamiento accidental por psicofármacos y drogas de abuso,13
2018,all,65-69,Eventos de intención no determinada,2
2018,all,65-69,Suicidio y lesiones autoinfligidas,239
2018,all,65-69,Todas las causas,24425
2018,all,65-69,"Trastornos mentales debidos al uso de drogas (drogodependencia, toxicomanía)",1
2018,all,70-74,Accidentes de tráfico,121
2018,all,70-74,Agresiones (homicidio),10
2018,all,70-74,Envenenamiento accidental por psicofármacos y drogas de abuso,19
2018,all,70-74,Eventos de intención no determinada,4
2018,all,70-74,Suicidio y lesiones autoinfligidas,230
2018,all,70-74,Todas las causas,33621
2018,all,70-74,"Trastornos mentales debidos al uso de drogas (drogodependencia, toxicomanía)",2
2018,all,75-79,Accidentes de tráfico,107
2018,all,75-79,Agresiones (homicidio),6
2018,all,75-79,Envenenamiento accidental por psicofármacos y drogas de abuso,32
2018,all,75-79,Eventos de intención no determinada,5
2018,all,75-79,Suicidio y lesiones autoinfligidas,173
2018,all,75-79,Todas las causas,41376
2018,all,75-79,"Trastornos mentales debidos al uso de drogas (drogodependencia, toxicomanía)",0
2018,all,80-84,Accidentes de tráfico,115
2018,all,80-84,Agresiones (homicidio),11
2018,all,80-84,Envenenamiento accidental por psicofármacos y drogas de abuso,46
2018,all,80-84,Eventos de intención no determinada,2
2018,all,80-84,Suicidio y lesiones autoinfligidas,228
2018,all,80-84,Todas las causas,70037
2018,all,80-84,"Trastornos mentales debidos al uso de drogas (drogodependencia, toxicomanía)",0
2018,all,85-89,Accidentes de tráfico,88
2018,all,85-89,Agresiones (homicidio),6
2018,all,85-89,Envenenamiento accidental por psicofármacos y drogas de abuso,64
2018,all,85-89,Eventos de intención no determinada,3
2018,all,85-89,Suicidio y lesiones autoinfligidas,175
2018,all,85-89,Todas las causas,92255
2018,all,85-89,"Trastornos mentales debidos al uso de drogas (drogodependencia, toxicomanía)",0
2018,all,90-94,Accidentes de tráfico,20
2018,all,90-94,Agresiones (homicidio),3
2018,all,90-94,Envenenamiento accidental por psicofármacos y drogas de abuso,51
2018,all,90-94,Eventos de intención no determinada,2
2018,all,90-94,Suicidio y lesiones autoinfligidas,73
2018,all,90-94,Todas las causas,72355
2018,all,90-94,"Trastornos mentales debidos al uso de drogas (drogodependencia, toxicomanía)",0
2018,all,95+,Accidentes de tráfico,4
2018,all,95+,Agresiones (homicidio),0
2018,all,95+,Envenenamiento accidental por psicofármacos y drogas de abuso,23
2018,all,95+,Eventos de intención no determinada,0
2018,all,95+,Suicidio y lesiones autoinfligidas,11
2018,all,95+,Todas las causas,33933
2018,all,95+,"Trastornos mentales debidos al uso de drogas (drogodependencia, toxicomanía)",0
2018,all,<1,Accidentes de tráfico,4
2018,all,<1,Agresiones (homicidio),3
2018,all,<1,Envenenamiento accidental por psicofármacos y drogas de abuso,0
2018,all,<1,Eventos de intención no determinada,0
2018,all,<1,Suicidio y lesiones autoinfligidas,0
2018,all,<1,Todas las causas,1027
2018,all,<1,"Trastornos mentales debidos al uso de drogas (drogodependencia, toxicomanía)",0
2018,all,all,Accidentes de tráfico,1896
2018,all,all,Agresiones (homicidio),275
2018,all,all,Envenenamiento accidental por psicofármacos y drogas de abuso,713
2018,all,all,Eventos de intención no determinada,74
2018,all,all,Suicidio y lesiones autoinfligidas,3539
2018,all,all,Todas las causas,427721
2018,all,all,"Trastornos mentales debidos al uso de drogas (drogodependencia, toxicomanía)",42
2018,female,1-4,Accidentes de tráfico,4
2018,female,1-4,Agresiones (homicidio),2
2018,female,1-4,Envenenamiento accidental por psicofármacos y drogas de abuso,0
2018,female,1-4,Eventos de intención no determinada,1
2018,female,1-4,Suicidio y lesiones autoinfligidas,0
2018,female,1-4,Todas las causas,95
2018,female,1-4,"Trastornos mentales debidos al uso de drogas (drogodependencia, toxicomanía)",0
2018,female,10-14,Accidentes de tráfico,3
2018,female,10-14,Agresiones (homicidio),1
2018,female,10-14,Envenenamiento accidental por psicofármacos y drogas de abuso,0
2018,female,10-14,Eventos de intención no determinada,0
2018,female,10-14,Suicidio y lesiones autoinfligidas,3
2018,female,10-14,Todas las causas,92
2018,female,10-14,"Trastornos mentales debidos al uso de drogas (drogodependencia, toxicomanía)",0
2018,female,15-19,Accidentes de tráfico,19
2018,female,15-19,Agresiones (homicidio),2
2018,female,15-19,Envenenamiento accidental por psicofármacos y drogas de abuso,0
2018,female,15-19,Eventos de intención no determinada,0
2018,female,15-19,Suicidio y lesiones autoinfligidas,18
2018,female,15-19,Todas las causas,145
2018,female,15-19,"Trastornos mentales debidos al uso de drogas (drogodependencia, toxicomanía)",0
2018,female,20-24,Accidentes de tráfico,31
2018,female,20-24,Agresiones (homicidio),4
2018,female,20-24,Envenenamiento accidental por psicofármacos y drogas de abuso,4
2018,female,20-24,Eventos de intención no determinada,1
2018,female,20-24,Suicidio y lesiones autoinfligidas,22
2018,female,20-24,Todas las causas,183
2018,female,20-24,"Trastornos mentales debidos al uso de drogas (drogodependencia, toxicomanía)",0
2018,female,25-29,Accidentes de tráfico,21
2018,female,25-29,Agresiones (homicidio),7
2018,female,25-29,Envenenamiento accidental por psicofármacos y drogas de abuso,2
2018,female,25-29,Eventos de intención no determinada,1
2018,female,25-29,Suicidio y lesiones autoinfligidas,25
2018,female,25-29,Todas las causas,229
2018,female,25-29,"Trastornos mentales debidos al uso de drogas (drogodependencia, toxicomanía)",1
2018,female,30-34,Accidentes de tráfico,21
2018,female,30-34,Agresiones (homicidio),6
2018,female,30-34,Envenenamiento accidental por psicofármacos y drogas de abuso,6
2018,female,30-34,Eventos de intención no determinada,0
2018,female,30-34,Suicidio y lesiones autoinfligidas,33
2018,female,30-34,Todas las causas,372
2018,female,30-34,"Trastornos mentales debidos al uso de drogas (drogodependencia, toxicomanía)",0
2018,female,35-39,Accidentes de tráfico,27
2018,female,35-39,Agresiones (homicidio),6
2018,female,35-39,Envenenamiento accidental por psicofármacos y drogas de abuso,3
2018,female,35-39,Eventos de intención no determinada,4
2018,female,35-39,Suicidio y lesiones autoinfligidas,54
2018,female,35-39,Todas las causas,689
2018,female,35-39,"Trastornos mentales debidos al uso de drogas (drogodependencia, toxicomanía)",2
2018,female,40-44,Accidentes de tráfico,23
2018,female,40-44,Agresiones (homicidio),14
2018,female,40-44,Envenenamiento accidental por psicofármacos y drogas de abuso,14
2018,female,40-44,Eventos de intención no determinada,1
2018,female,40-44,Suicidio y lesiones autoinfligidas,79
2018,female,40-44,Todas las causas,1241
2018,female,40-44,"Trastornos mentales debidos al uso de drogas (drogodependencia, toxicomanía)",1
2018,female,45-49,Accidentes de tráfico,24
2018,female,45-49,Agresiones (homicidio),13
2018,female,45-49,Envenenamiento accidental por psicofármacos y drogas de abuso,24
2018,female,45-49,Eventos de intención no determinada,3
2018,female,45-49,Suicidio y lesiones autoinfligidas,95
2018,female,45-49,Todas las causas,2071
2018,female,45-49,"Trastornos mentales debidos al uso de drogas (drogodependencia, toxicomanía)",0
2018,female,5-9,Accidentes de tráfico,4
2018,female,5-9,Agresiones (homicidio),3
2018,female,5-9,Envenenamiento accidental por psicofármacos y drogas de abuso,0
2018,female,5-9,Eventos de intención no determinada,0
2018,female,5-9,Suicidio y lesiones autoinfligidas,0
2018,female,5-9,Todas las causas,74
2018,female,5-9,"Trastornos mentales debidos al uso de drogas (drogodependencia, toxicomanía)",0
2018,female,50-54,Accidentes de tráfico,25
2018,female,50-54,Agresiones (homicidio),2
2018,female,50-54,Envenenamiento accidental por psicofármacos y drogas de abuso,17
2018,female,50-54,Eventos de intención no determinada,7
2018,female,50-54,Suicidio y lesiones autoinfligidas,97
2018,female,50-54,Todas las causas,3346
2018,female,50-54,"Trastornos mentales debidos al uso de drogas (drogodependencia, toxicomanía)",0
2018,female,55-59,Accidentes de tráfico,28
2018,female,55-59,Agresiones (homicidio),7
2018,female,55-59,Envenenamiento accidental por psicofármacos y drogas de abuso,9
2018,female,55-59,Eventos de intención no determinada,0
2018,female,55-59,Suicidio y lesiones autoinfligidas,106
2018,female,55-59,Todas las causas,4745
2018,female,55-59,"Trastornos mentales debidos al uso de drogas (drogodependencia, toxicomanía)",0
2018,female,60-64,Accidentes de tráfico,22
2018,female,60-64,Agresiones (homicidio),5
2018,female,60-64,Envenenamiento accidental por psicofármacos y drogas de abuso,7
2018,female,60-64,Eventos de intención no determinada,3
2018,female,60-64,Suicidio y lesiones autoinfligidas,77
2018,female,60-64,Todas las causas,6039
2018,female,60-64,"Trastornos mentales debidos al uso de drogas (drogodependencia, toxicomanía)",0
2018,female,65-69,Accidentes de tráfico,33
2018,female,65-69,Agresiones (homicidio),6
2018,female,65-69,Envenenamiento accidental por psicofármacos y drogas de abuso,4
2018,female,65-69,Eventos de intención no determinada,1
2018,female,65-69,Suicidio y lesiones autoinfligidas,75
2018,female,65-69,Todas las causas,7723
2018,female,65-69,"Trastornos mentales debidos al uso de drogas (drogodependencia, toxicomanía)",0
2018,female,70-74,Accidentes de tráfico,44
2018,female,70-74,Agresiones (homicidio),7
2018,female,70-74,Envenenamiento accidental por psicofármacos y drogas de abuso,11
2018,female,70-74,Eventos de intención no determinada,2
2018,female,70-74,Suicidio y lesiones autoinfligidas,70
2018,female,70-74,Todas las causas,11325
2018,female,70-74,"Trastornos mentales debidos al uso de drogas (drogodependencia, toxicomanía)",1
2018,female,75-79,Accidentes de tráfico,29
2018,female,75-79,Agresiones (homicidio),1
2018,female,75-79,Envenenamiento accidental por psicofármacos y drogas de abuso,14
2018,female,75-79,Eventos de intención no determinada,3
2018,female,75-79,Suicidio y lesiones autoinfligidas,44
2018,female,75-79,Todas las causas,16317
2018,female,75-79,"Trastornos mentales debidos al uso de drogas (drogodependencia, toxicomanía)",0
2018,female,80-84,Accidentes de tráfico,38
2018,female,80-84,Agresiones (homicidio),6
2018,female,80-84,Envenenamiento accidental por psicofármacos y drogas de abuso,20
2018,female,80-84,Eventos de intención no determinada,1
2018,female,80-84,Suicidio y lesiones autoinfligidas,61
2018,female,80-84,Todas las causas,32907
2018,female,80-84,"Trastornos mentales debidos al uso de drogas (drogodependencia, toxicomanía)",0
2018,female,85-89,Accidentes de tráfico,35
2018,female,85-89,Agresiones (homicidio),1
2018,female,85-89,Envenenamiento accidental por psicofármacos y drogas de abuso,40
2018,female,85-89,Eventos de intención no determinada,2
2018,female,85-89,Suicidio y lesiones autoinfligidas,41
2018,female,85-89,Todas las causas,51373
2018,female,85-89,"Trastornos mentales debidos al uso de drogas (drogodependencia, toxicomanía)",0
2018,female,90-94,Accidentes de tráfico,9
2018,female,90-94,Agresiones (homicidio),2
2018,female,90-94,Envenenamiento accidental por psicofármacos y drogas de abuso,34
2018,female,90-94,Eventos de intención no determinada,1
2018,female,90-94,Suicidio y lesiones autoinfligidas,17
2018,female,90-94,Todas las causas,46681
2018,female,90-94,"Trastornos mentales debidos al uso de drogas (drogodependencia, toxicomanía)",0
2018,female,95+,Accidentes de tráfico,2
2018,female,95+,Agresiones (homicidio),0
2018,female,95+,Envenenamiento accidental por psicofármacos y drogas de abuso,20
2018,female,95+,Eventos de intención no determinada,0
2018,female,95+,Suicidio y lesiones autoinfligidas,3
2018,female,95+,Todas las causas,25170
2018,female,95+,"Trastornos mentales debidos al uso de drogas (drogodependencia, toxicomanía)",0
2018,female,<1,Accidentes de tráfico,2
2018,female,<1,Agresiones (homicidio),3
2018,female,<1,Envenenamiento accidental por psicofármacos y drogas de abuso,0
2018,female,<1,Eventos de intención no determinada,0
2018,female,<1,Suicidio y lesiones autoinfligidas,0
2018,female,<1,Todas las causas,462
2018,female,<1,"Trastornos mentales debidos al uso de drogas (drogodependencia, toxicomanía)",0
2018,female,all,Accidentes de tráfico,444
2018,female,all,Agresiones (homicidio),98
2018,female,all,Envenenamiento accidental por psicofármacos y drogas de abuso,229
2018,female,all,Eventos de intención no determinada,31
2018,female,all,Suicidio y lesiones autoinfligidas,920
2018,female,all,Todas las causas,211279
2018,female,all,"Trastornos mentales debidos al uso de drogas (drogodependencia, toxicomanía)",5
2018,male,1-4,Accidentes de tráfico,6
2018,male,1-4,Agresiones (homicidio),2
2018,male,1-4,Envenenamiento accidental por psicofármacos y drogas de abuso,0
2018,male,1-4,Eventos de intención no determinada,0
2018,male,1-4,Suicidio y lesiones autoinfligidas,0
2018,male,1-4,Todas las causas,145
2018,male,1-4,"Trastornos mentales debidos al uso de drogas (drogodependencia, toxicomanía)",0
2018,male,10-14,Accidentes de tráfico,4
2018,male,10-14,Agresiones (homicidio),1
2018,male,10-14,Envenenamiento accidental por psicofármacos y drogas de abuso,0
2018,male,10-14,Eventos de intención no determinada,0
2018,male,10-14,Suicidio y lesiones autoinfligidas,4
2018,male,10-14,Todas las causas,106
2018,male,10-14,"Trastornos mentales debidos al uso de drogas (drogodependencia, toxicomanía)",0
2018,male,15-19,Accidentes de tráfico,56
2018,male,15-19,Agresiones (homicidio),5
2018,male,15-19,Envenenamiento accidental por psicofármacos y drogas de abuso,0
2018,male,15-19,Eventos de intención no determinada,1
2018,male,15-19,Suicidio y lesiones autoinfligidas,52
2018,male,15-19,Todas las causas,268
2018,male,15-19,"Trastornos mentales debidos al uso de drogas (drogodependencia, toxicomanía)",0
2018,male,20-24,Accidentes de tráfico,103
2018,male,20-24,Agresiones (homicidio),9
2018,male,20-24,Envenenamiento accidental por psicofármacos y drogas de abuso,10
2018,male,20-24,Eventos de intención no determinada,6
2018,male,20-24,Suicidio y lesiones autoinfligidas,68
2018,male,20-24,Todas las causas,441
2018,male,20-24,"Trastornos mentales debidos al uso de drogas (drogodependencia, toxicomanía)",0
2018,male,25-29,Accidentes de tráfico,106
2018,male,25-29,Agresiones (homicidio),23
2018,male,25-29,Envenenamiento accidental por psicofármacos y drogas de abuso,21
2018,male,25-29,Eventos de intención no determinada,1
2018,male,25-29,Suicidio y lesiones autoinfligidas,83
2018,male,25-29,Todas las causas,599
2018,male,25-29,"Trastornos mentales debidos al uso de drogas (drogodependencia, toxicomanía)",1
2018,male,30-34,Accidentes de tráfico,106
2018,male,30-34,Agresiones (homicidio),13
2018,male,30-34,Envenenamiento accidental por psicofármacos y drogas de abuso,38
2018,male,30-34,Eventos de intención no determinada,0
2018,male,30-34,Suicidio y lesiones autoinfligidas,133
2018,male,30-34,Todas las causas,774
2018,male,30-34,"Trastornos mentales debidos al uso de drogas (drogodependencia, toxicomanía)",1
2018,male,35-39,Accidentes de tráfico,118
2018,male,35-39,Agresiones (homicidio),19
2018,male,35-39,Envenenamiento accidental por psicofármacos y drogas de abuso,75
2018,male,35-39,Eventos de intención no determinada,4
2018,male,35-39,Suicidio y lesiones autoinfligidas,176
2018,male,35-39,Todas las causas,1268
2018,male,35-39,"Trastornos mentales debidos al uso de drogas (drogodependencia, toxicomanía)",4
2018,male,40-44,Accidentes de tráfico,124
2018,male,40-44,Agresiones (homicidio),24
2018,male,40-44,Envenenamiento accidental por psicofármacos y drogas de abuso,61
2018,male,40-44,Eventos de intención no determinada,6
2018,male,40-44,Suicidio y lesiones autoinfligidas,236
2018,male,40-44,Todas las causas,2224
2018,male,40-44,"Trastornos mentales debidos al uso de drogas (drogodependencia, toxicomanía)",5
2018,male,45-49,Accidentes de tráfico,125
2018,male,45-49,Agresiones (homicidio),14
2018,male,45-49,Envenenamiento accidental por psicofármacos y drogas de abuso,78
2018,male,45-49,Eventos de intención no determinada,7
2018,male,45-49,Suicidio y lesiones autoinfligidas,298
2018,male,45-49,Todas las causas,3791
2018,male,45-49,"Trastornos mentales debidos al uso de drogas (drogodependencia, toxicomanía)",3
2018,male,5-9,Accidentes de tráfico,5
2018,male,5-9,Agresiones (homicidio),2
2018,male,5-9,Envenenamiento accidental por psicofármacos y drogas de abuso,0
2018,male,5-9,Eventos de intención no determinada,0
2018,male,5-9,Suicidio y lesiones autoinfligidas,0
2018,male,5-9,Todas las causas,105
2018,male,5-9,"Trastornos mentales debidos al uso de drogas (drogodependencia, toxicomanía)",0
2018,male,50-54,Accidentes de tráfico,130
2018,male,50-54,Agresiones (homicidio),18
2018,male,50-54,Envenenamiento accidental por psicofármacos y drogas de abuso,57
2018,male,50-54,Eventos de intención no determinada,3
2018,male,50-54,Suicidio y lesiones autoinfligidas,280
2018,male,50-54,Todas las causas,6683
2018,male,50-54,"Trastornos mentales debidos al uso de drogas (drogodependencia, toxicomanía)",9
2018,male,55-59,Accidentes de tráfico,104
2018,male,55-59,Agresiones (homicidio),13
2018,male,55-59,Envenenamiento accidental por psicofármacos y drogas de abuso,24
2018,male,55-59,Eventos de intención no determinada,4
2018,male,55-59,Suicidio y lesiones autoinfligidas,275
2018,male,55-59,Todas las causas,9906
2018,male,55-59,"Trastornos mentales debidos al uso de drogas (drogodependencia, toxicomanía)",10
2018,male,60-64,Accidentes de tráfico,77
2018,male,60-64,Agresiones (homicidio),10
2018,male,60-64,Envenenamiento accidental por psicofármacos y drogas de abuso,15
2018,male,60-64,Eventos de intención no determinada,3
2018,male,60-64,Suicidio y lesiones autoinfligidas,196
2018,male,60-64,Todas las causas,13061
2018,male,60-64,"Trastornos mentales debidos al uso de drogas (drogodependencia, toxicomanía)",2
2018,male,65-69,Accidentes de tráfico,88
2018,male,65-69,Agresiones (homicidio),5
2018,male,65-69,Envenenamiento accidental por psicofármacos y drogas de abuso,9
2018,male,65-69,Eventos de intención no determinada,1
2018,male,65-69,Suicidio y lesiones autoinfligidas,164
2018,male,65-69,Todas las causas,16702
2018,male,65-69,"Trastornos mentales debidos al uso de drogas (drogodependencia, toxicomanía)",1
2018,male,70-74,Accidentes de tráfico,77
2018,male,70-74,Agresiones (homicidio),3
2018,male,70-74,Envenenamiento accidental por psicofármacos y drogas de abuso,8
2018,male,70-74,Eventos de intención no determinada,2
2018,male,70-74,Suicidio y lesiones autoinfligidas,160
2018,male,70-74,Todas las causas,22296
2018,male,70-74,"Trastornos mentales debidos al uso de drogas (drogodependencia, toxicomanía)",1
2018,male,75-79,Accidentes de tráfico,78
2018,male,75-79,Agresiones (homicidio),5
2018,male,75-79,Envenenamiento accidental por psicofármacos y drogas de abuso,18
2018,male,75-79,Eventos de intención no determinada,2
2018,male,75-79,Suicidio y lesiones autoinfligidas,129
2018,male,75-79,Todas las causas,25059
2018,male,75-79,"Trastornos mentales debidos al uso de drogas (drogodependencia, toxicomanía)",0
2018,male,80-84,Accidentes de tráfico,77
2018,male,80-84,Agresiones (homicidio),5
2018,male,80-84,Envenenamiento accidental por psicofármacos y drogas de abuso,26
2018,male,80-84,Eventos de intención no determinada,1
2018,male,80-84,Suicidio y lesiones autoinfligidas,167
2018,male,80-84,Todas las causas,37130
2018,male,80-84,"Trastornos mentales debidos al uso de drogas (drogodependencia, toxicomanía)",0
2018,male,85-89,Accidentes de tráfico,53
2018,male,85-89,Agresiones (homicidio),5
2018,male,85-89,Envenenamiento accidental por psicofármacos y drogas de abuso,24
2018,male,85-89,Eventos de intención no determinada,1
2018,male,85-89,Suicidio y lesiones autoinfligidas,134
2018,male,85-89,Todas las causas,40882
2018,male,85-89,"Trastornos mentales debidos al uso de drogas (drogodependencia, toxicomanía)",0
2018,male,90-94,Accidentes de tráfico,11
2018,male,90-94,Agresiones (homicidio),1
2018,male,90-94,Envenenamiento accidental por psicofármacos y drogas de abuso,17
2018,male,90-94,Eventos de intención no determinada,1
2018,male,90-94,Suicidio y lesiones autoinfligidas,56
2018,male,90-94,Todas las causas,25674
2018,male,90-94,"Trastornos mentales debidos al uso de drogas (drogodependencia, toxicomanía)",0
2018,male,95+,Accidentes de tráfico,2
2018,male,95+,Agresiones (homicidio),0
2018,male,95+,Envenenamiento accidental por psicofármacos y drogas de abuso,3
2018,male,95+,Eventos de intención no determinada,0
2018,male,95+,Suicidio y lesiones autoinfligidas,8
2018,male,95+,Todas las causas,8763
2018,male,95+,"Trastornos mentales debidos al uso de drogas (drogodependencia, toxicomanía)",0
2018,male,<1,Accidentes de tráfico,2
2018,male,<1,Agresiones (homicidio),0
2018,male,<1,Envenenamiento accidental por psicofármacos y drogas de abuso,0
2018,male,<1,Eventos de intención no determinada,0
2018,male,<1,Suicidio y lesiones autoinfligidas,0
2018,male,<1,Todas las causas,565
2018,male,<1,"Trastornos mentales debidos al uso de drogas (drogodependencia, toxicomanía)",0
2018,male,all,Accidentes de tráfico,1452
2018,male,all,Agresiones (homicidio),177
2018,male,all,Envenenamiento accidental por psicofármacos y drogas de abuso,484
2018,male,all,Eventos de intención no determinada,43
2018,male,all,Suicidio y lesiones autoinfligidas,2619
2018,male,all,Todas las causas,216442
2018,male,all,"Trastornos mentales debidos al uso de drogas (drogodependencia, toxicomanía)",37
2019,all,1-4,Accidentes de tráfico,11
2019,all,1-4,Agresiones (homicidio),2
2019,all,1-4,Envenenamiento accidental por psicofármacos y drogas de abuso,1
2019,all,1-4,Eventos de intención no determinada,0
2019,all,1-4,Suicidio y lesiones autoinfligidas,0
2019,all,1-4,Todas las causas,247
2019,all,1-4,"Trastornos mentales debidos al uso de drogas (drogodependencia, toxicomanía)",0
2019,all,10-14,Accidentes de tráfico,17
2019,all,10-14,Agresiones (homicidio),4
2019,all,10-14,Envenenamiento accidental por psicofármacos y drogas de abuso,1
2019,all,10-14,Eventos de intención no determinada,1
2019,all,10-14,Suicidio y lesiones autoinfligidas,7
2019,all,10-14,Todas las causas,216
2019,all,10-14,"Trastornos mentales debidos al uso de drogas (drogodependencia, toxicomanía)",0
2019,all,15-19,Accidentes de tráfico,68
2019,all,15-19,Agresiones (homicidio),8
2019,all,15-19,Envenenamiento accidental por psicofármacos y drogas de abuso,7
2019,all,15-19,Eventos de intención no determinada,2
2019,all,15-19,Suicidio y lesiones autoinfligidas,68
2019,all,15-19,Todas las causas,394
2019,all,15-19,"Trastornos mentales debidos al uso de drogas (drogodependencia, toxicomanía)",1
2019,all,20-24,Accidentes de tráfico,110
2019,all,20-24,Agresiones (homicidio),15
2019,all,20-24,Envenenamiento accidental por psicofármacos y drogas de abuso,19
2019,all,20-24,Eventos de intención no determinada,3
2019,all,20-24,Suicidio y lesiones autoinfligidas,100
2019,all,20-24,Todas las causas,583
2019,all,20-24,"Trastornos mentales debidos al uso de drogas (drogodependencia, toxicomanía)",0
2019,all,25-29,Accidentes de tráfico,129
2019,all,25-29,Agresiones (homicidio),29
2019,all,25-29,Envenenamiento accidental por psicofármacos y drogas de abuso,31
2019,all,25-29,Eventos de intención no determinada,6
2019,all,25-29,Suicidio y lesiones autoinfligidas,141
2019,all,25-29,Todas las causas,770
2019,all,25-29,"Trastornos mentales debidos al uso de drogas (drogodependencia, toxicomanía)",0
2019,all,30-34,Accidentes de tráfico,104
2019,all,30-34,Agresiones (homicidio),17
2019,all,30-34,Envenenamiento accidental por psicofármacos y drogas de abuso,56
2019,all,30-34,Eventos de intención no determinada,3
2019,all,30-34,Suicidio y lesiones autoinfligidas,165
2019,all,30-34,Todas las causas,1087
2019,all,30-34,"Trastornos mentales debidos al uso de drogas (drogodependencia, toxicomanía)",3
2019,all,35-39,Accidentes de tráfico,116
2019,all,35-39,Agresiones (homicidio),35
2019,all,35-39,Envenenamiento accidental por psicofármacos y drogas de abuso,76
2019,all,35-39,Eventos de intención no determinada,7
2019,all,35-39,Suicidio y lesiones autoinfligidas,248
2019,all,35-39,Todas las causas,1861
2019,all,35-39,"Trastornos mentales debidos al uso de drogas (drogodependencia, toxicomanía)",2
2019,all,40-44,Accidentes de tráfico,146
2019,all,40-44,Agresiones (homicidio),25
2019,all,40-44,Envenenamiento accidental por psicofármacos y drogas de abuso,81
2019,all,40-44,Eventos de intención no determinada,8
2019,all,40-44,Suicidio y lesiones autoinfligidas,342
2019,all,40-44,Todas las causas,3211
2019,all,40-44,"Trastornos mentales debidos al uso de drogas (drogodependencia, toxicomanía)",1
2019,all,45-49,Accidentes de tráfico,166
2019,all,45-49,Agresiones (homicidio),33
2019,all,45-49,Envenenamiento accidental por psicofármacos y drogas de abuso,122
2019,all,45-49,Eventos de intención no determinada,10
2019,all,45-49,Suicidio y lesiones autoinfligidas,389
2019,all,45-49,Todas las causas,5793
2019,all,45-49,"Trastornos mentales debidos al uso de drogas (drogodependencia, toxicomanía)",3
2019,all,5-9,Accidentes de tráfico,3
2019,all,5-9,Agresiones (homicidio),6
2019,all,5-9,Envenenamiento accidental por psicofármacos y drogas de abuso,0
2019,all,5-9,Eventos de intención no determinada,0
2019,all,5-9,Suicidio y lesiones autoinfligidas,0
2019,all,5-9,Todas las causas,145
2019,all,5-9,"Trastornos mentales debidos al uso de drogas (drogodependencia, toxicomanía)",0
2019,all,50-54,Accidentes de tráfico,158
2019,all,50-54,Agresiones (homicidio),17
2019,all,50-54,Envenenamiento accidental por psicofármacos y drogas de abuso,102
2019,all,50-54,Eventos de intención no determinada,16
2019,all,50-54,Suicidio y lesiones autoinfligidas,411
2019,all,50-54,Todas las causas,9897
2019,all,50-54,"Trastornos mentales debidos al uso de drogas (drogodependencia, toxicomanía)",9
2019,all,55-59,Accidentes de tráfico,122
2019,all,55-59,Agresiones (homicidio),23
2019,all,55-59,Envenenamiento accidental por psicofármacos y drogas de abuso,65
2019,all,55-59,Eventos de intención no determinada,10
2019,all,55-59,Suicidio y lesiones autoinfligidas,350
2019,all,55-59,Todas las causas,14481
2019,all,55-59,"Trastornos mentales debidos al uso de drogas (drogodependencia, toxicomanía)",1
2019,all,60-64,Accidentes de tráfico,122
2019,all,60-64,Agresiones (homicidio),24
2019,all,60-64,Envenenamiento accidental por psicofármacos y drogas de abuso,25
2019,all,60-64,Eventos de intención no determinada,9
2019,all,60-64,Suicidio y lesiones autoinfligidas,293
2019,all,60-64,Todas las causas,19305
2019,all,60-64,"Trastornos mentales debidos al uso de drogas (drogodependencia, toxicomanía)",4
2019,all,65-69,Accidentes de tráfico,108
2019,all,65-69,Agresiones (homicidio),11
2019,all,65-69,Envenenamiento accidental por psicofármacos y drogas de abuso,17
2019,all,65-69,Eventos de intención no determinada,3
2019,all,65-69,Suicidio y lesiones autoinfligidas,231
2019,all,65-69,Todas las causas,23916
2019,all,65-69,"Trastornos mentales debidos al uso de drogas (drogodependencia, toxicomanía)",0
2019,all,70-74,Accidentes de tráfico,92
2019,all,70-74,Agresiones (homicidio),9
2019,all,70-74,Envenenamiento accidental por psicofármacos y drogas de abuso,20
2019,all,70-74,Eventos de intención no determinada,2
2019,all,70-74,Suicidio y lesiones autoinfligidas,240
2019,all,70-74,Todas las causas,33526
2019,all,70-74,"Trastornos mentales debidos al uso de drogas (drogodependencia, toxicomanía)",0
2019,all,75-79,Accidentes de tráfico,105
2019,all,75-79,Agresiones (homicidio),9
2019,all,75-79,Envenenamiento accidental por psicofármacos y drogas de abuso,24
2019,all,75-79,Eventos de intención no determinada,6
2019,all,75-79,Suicidio y lesiones autoinfligidas,228
2019,all,75-79,Todas las causas,42178
2019,all,75-79,"Trastornos mentales debidos al uso de drogas (drogodependencia, toxicomanía)",2
2019,all,80-84,Accidentes de tráfico,128
2019,all,80-84,Agresiones (homicidio),12
2019,all,80-84,Envenenamiento accidental por psicofármacos y drogas de abuso,37
2019,all,80-84,Eventos de intención no determinada,4
2019,all,80-84,Suicidio y lesiones autoinfligidas,214
2019,all,80-84,Todas las causas,63630
2019,all,80-84,"Trastornos mentales debidos al uso de drogas (drogodependencia, toxicomanía)",0
2019,all,85-89,Accidentes de tráfico,98
2019,all,85-89,Agresiones (homicidio),6
2019,all,85-89,Envenenamiento accidental por psicofármacos y drogas de abuso,62
2019,all,85-89,Eventos de intención no determinada,1
2019,all,85-89,Suicidio y lesiones autoinfligidas,148
2019,all,85-89,Todas las causas,90088
2019,all,85-89,"Trastornos mentales debidos al uso de drogas (drogodependencia, toxicomanía)",1
2019,all,90-94,Accidentes de tráfico,33
2019,all,90-94,Agresiones (homicidio),3
2019,all,90-94,Envenenamiento accidental por psicofármacos y drogas de abuso,34
2019,all,90-94,Eventos de intención no determinada,1
2019,all,90-94,Suicidio y lesiones autoinfligidas,81
2019,all,90-94,Todas las causas,71914
2019,all,90-94,"Trastornos mentales debidos al uso de drogas (drogodependencia, toxicomanía)",0
2019,all,95+,Accidentes de tráfico,5
2019,all,95+,Agresiones (homicidio),1
2019,all,95+,Envenenamiento accidental por psicofármacos y drogas de abuso,15
2019,all,95+,Eventos de intención no determinada,0
2019,all,95+,Suicidio y lesiones autoinfligidas,15
2019,all,95+,Todas las causas,34484
2019,all,95+,"Trastornos mentales debidos al uso de drogas (drogodependencia, toxicomanía)",0
2019,all,<1,Accidentes de tráfico,1
2019,all,<1,Agresiones (homicidio),3
2019,all,<1,Envenenamiento accidental por psicofármacos y drogas de abuso,1
2019,all,<1,Eventos de intención no determinada,0
2019,all,<1,Suicidio y lesiones autoinfligidas,0
2019,all,<1,Todas las causas,977
2019,all,<1,"Trastornos mentales debidos al uso de drogas (drogodependencia, toxicomanía)",0
2019,all,all,Accidentes de tráfico,1842
2019,all,all,Agresiones (homicidio),292
2019,all,all,Envenenamiento accidental por psicofármacos y drogas de abuso,796
2019,all,all,Eventos de intención no determinada,92
2019,all,all,Suicidio y lesiones autoinfligidas,3671
2019,all,all,Todas las causas,418703
2019,all,all,"Trastornos mentales debidos al uso de drogas (drogodependencia, toxicomanía)",27
2019,female,1-4,Accidentes de tráfico,5
2019,female,1-4,Agresiones (homicidio),0
2019,female,1-4,Envenenamiento accidental por psicofármacos y drogas de abuso,1
2019,female,1-4,Eventos de intención no determinada,0
2019,female,1-4,Suicidio y lesiones autoinfligidas,0
2019,female,1-4,Todas las causas,115
2019,female,1-4,"Trastornos mentales debidos al uso de drogas (drogodependencia, toxicomanía)",0
2019,female,10-14,Accidentes de tráfico,7
2019,female,10-14,Agresiones (homicidio),2
2019,female,10-14,Envenenamiento accidental por psicofármacos y drogas de abuso,0
2019,female,10-14,Eventos de intención no determinada,0
2019,female,10-14,Suicidio y lesiones autoinfligidas,3
2019,female,10-14,Todas las causas,85
2019,female,10-14,"Trastornos mentales debidos al uso de drogas (drogodependencia, toxicomanía)",0
2019,female,15-19,Accidentes de tráfico,19
2019,female,15-19,Agresiones (homicidio),3
2019,female,15-19,Envenenamiento accidental por psicofármacos y drogas de abuso,2
2019,female,15-19,Eventos de intención no determinada,1
2019,female,15-19,Suicidio y lesiones autoinfligidas,20
2019,female,15-19,Todas las causas,128
2019,female,15-19,"Trastornos mentales debidos al uso de drogas (drogodependencia, toxicomanía)",0
2019,female,20-24,Accidentes de tráfico,20
2019,female,20-24,Agresiones (homicidio),5
2019,female,20-24,Envenenamiento accidental por psicofármacos y drogas de abuso,3
2019,female,20-24,Eventos de intención no determinada,0
2019,female,20-24,Suicidio y lesiones autoinfligidas,23
2019,female,20-24,Todas las causas,163
2019,female,20-24,"Trastornos mentales debidos al uso de drogas (drogodependencia, toxicomanía)",0
2019,female,25-29,Accidentes de tráfico,24
2019,female,25-29,Agresiones (homicidio),12
2019,female,25-29,Envenenamiento accidental por psicofármacos y drogas de abuso,6
2019,female,25-29,Eventos de intención no determinada,0
2019,female,25-29,Suicidio y lesiones autoinfligidas,31
2019,female,25-29,Todas las causas,232
2019,female,25-29,"Trastornos mentales debidos al uso de drogas (drogodependencia, toxicomanía)",0
2019,female,30-34,Accidentes de tráfico,19
2019,female,30-34,Agresiones (homicidio),3
2019,female,30-34,Envenenamiento accidental por psicofármacos y drogas de abuso,7
2019,female,30-34,Eventos de intención no determinada,2
2019,female,30-34,Suicidio y lesiones autoinfligidas,36
2019,female,30-34,Todas las causas,344
2019,female,30-34,"Trastornos mentales debidos al uso de drogas (drogodependencia, toxicomanía)",0
2019,female,35-39,Accidentes de tráfico,17
2019,female,35-39,Agresiones (homicidio),11
2019,female,35-39,Envenenamiento accidental por psicofármacos y drogas de abuso,9
2019,female,35-39,Eventos de intención no determinada,1
2019,female,35-39,Suicidio y lesiones autoinfligidas,63
2019,female,35-39,Todas las causas,633
2019,female,35-39,"Trastornos mentales debidos al uso de drogas (drogodependencia, toxicomanía)",0
2019,female,40-44,Accidentes de tráfico,14
2019,female,40-44,Agresiones (homicidio),9
2019,female,40-44,Envenenamiento accidental por psicofármacos y drogas de abuso,18
2019,female,40-44,Eventos de intención no determinada,1
2019,female,40-44,Suicidio y lesiones autoinfligidas,79
2019,female,40-44,Todas las causas,1174
2019,female,40-44,"Trastornos mentales debidos al uso de drogas (drogodependencia, toxicomanía)",0
2019,female,45-49,Accidentes de tráfico,14
2019,female,45-49,Agresiones (homicidio),11
2019,female,45-49,Envenenamiento accidental por psicofármacos y drogas de abuso,31
2019,female,45-49,Eventos de intención no determinada,2
2019,female,45-49,Suicidio y lesiones autoinfligidas,79
2019,female,45-49,Todas las causas,2027
2019,female,45-49,"Trastornos mentales debidos al uso de drogas (drogodependencia, toxicomanía)",0
2019,female,5-9,Accidentes de tráfico,1
2019,female,5-9,Agresiones (homicidio),5
2019,female,5-9,Envenenamiento accidental por psicofármacos y drogas de abuso,0
2019,female,5-9,Eventos de intención no determinada,0
2019,female,5-9,Suicidio y lesiones autoinfligidas,0
2019,female,5-9,Todas las causas,67
2019,female,5-9,"Trastornos mentales debidos al uso de drogas (drogodependencia, toxicomanía)",0
2019,female,50-54,Accidentes de tráfico,30
2019,female,50-54,Agresiones (homicidio),6
2019,female,50-54,Envenenamiento accidental por psicofármacos y drogas de abuso,21
2019,female,50-54,Eventos de intención no determinada,5
2019,female,50-54,Suicidio y lesiones autoinfligidas,110
2019,female,50-54,Todas las causas,3292
2019,female,50-54,"Trastornos mentales debidos al uso de drogas (drogodependencia, toxicomanía)",1
2019,female,55-59,Accidentes de tráfico,16
2019,female,55-59,Agresiones (homicidio),7
2019,female,55-59,Envenenamiento accidental por psicofármacos y drogas de abuso,17
2019,female,55-59,Eventos de intención no determinada,4
2019,female,55-59,Suicidio y lesiones autoinfligidas,90
2019,female,55-59,Todas las causas,4813
2019,female,55-59,"Trastornos mentales debidos al uso de drogas (drogodependencia, toxicomanía)",0
2019,female,60-64,Accidentes de tráfico,15
2019,female,60-64,Agresiones (homicidio),7
2019,female,60-64,Envenenamiento accidental por psicofármacos y drogas de abuso,6
2019,female,60-64,Eventos de intención no determinada,2
2019,female,60-64,Suicidio y lesiones autoinfligidas,86
2019,female,60-64,Todas las causas,6261
2019,female,60-64,"Trastornos mentales debidos al uso de drogas (drogodependencia, toxicomanía)",0
2019,female,65-69,Accidentes de tráfico,33
2019,female,65-69,Agresiones (homicidio),5
2019,female,65-69,Envenenamiento accidental por psicofármacos y drogas de abuso,7
2019,female,65-69,Eventos de intención no determinada,1
2019,female,65-69,Suicidio y lesiones autoinfligidas,59
2019,female,65-69,Todas las causas,7638
2019,female,65-69,"Trastornos mentales debidos al uso de drogas (drogodependencia, toxicomanía)",0
2019,female,70-74,Accidentes de tráfico,29
2019,female,70-74,Agresiones (homicidio),6
2019,female,70-74,Envenenamiento accidental por psicofármacos y drogas de abuso,7
2019,female,70-74,Eventos de intención no determinada,1
2019,female,70-74,Suicidio y lesiones autoinfligidas,63
2019,female,70-74,Todas las causas,11344
2019,female,70-74,"Trastornos mentales debidos al uso de drogas (drogodependencia, toxicomanía)",0
2019,female,75-79,Accidentes de tráfico,39
2019,female,75-79,Agresiones (homicidio),6
2019,female,75-79,Envenenamiento accidental por psicofármacos y drogas de abuso,11
2019,female,75-79,Eventos de intención no determinada,3
2019,female,75-79,Suicidio y lesiones autoinfligidas,57
2019,female,75-79,Todas las causas,16469
2019,female,75-79,"Trastornos mentales debidos al uso de drogas (drogodependencia, toxicomanía)",1
2019,female,80-84,Accidentes de tráfico,41
2019,female,80-84,Agresiones (homicidio),4
2019,female,80-84,Envenenamiento accidental por psicofármacos y drogas de abuso,21
2019,female,80-84,Eventos de intención no determinada,1
2019,female,80-84,Suicidio y lesiones autoinfligidas,51
2019,female,80-84,Todas las causas,29676
2019,female,80-84,"Trastornos mentales debidos al uso de drogas (drogodependencia, toxicomanía)",0
2019,female,85-89,Accidentes de tráfico,38
2019,female,85-89,Agresiones (homicidio),3
2019,female,85-89,Envenenamiento accidental por psicofármacos y drogas de abuso,40
2019,female,85-89,Eventos de intención no determinada,0
2019,female,85-89,Suicidio y lesiones autoinfligidas,30
2019,female,85-89,Todas las causas,49491
2019,female,85-89,"Trastornos mentales debidos al uso de drogas (drogodependencia, toxicomanía)",1
2019,female,90-94,Accidentes de tráfico,12
2019,female,90-94,Agresiones (homicidio),1
2019,female,90-94,Envenenamiento accidental por psicofármacos y drogas de abuso,25
2019,female,90-94,Eventos de intención no determinada,1
2019,female,90-94,Suicidio y lesiones autoinfligidas,18
2019,female,90-94,Todas las causas,46184
2019,female,90-94,"Trastornos mentales debidos al uso de drogas (drogodependencia, toxicomanía)",0
2019,female,95+,Accidentes de tráfico,3
2019,female,95+,Agresiones (homicidio),1
2019,female,95+,Envenenamiento accidental por psicofármacos y drogas de abuso,10
2019,female,95+,Eventos de intención no determinada,0
2019,female,95+,Suicidio y lesiones autoinfligidas,2
2019,female,95+,Todas las causas,25465
2019,female,95+,"Trastornos mentales debidos al uso de drogas (drogodependencia, toxicomanía)",0
2019,female,<1,Accidentes de tráfico,0
2019,female,<1,Agresiones (homicidio),2
2019,female,<1,Envenenamiento accidental por psicofármacos y drogas de abuso,0
2019,female,<1,Eventos de intención no determinada,0
2019,female,<1,Suicidio y lesiones autoinfligidas,0
2019,female,<1,Todas las causas,419
2019,female,<1,"Trastornos mentales debidos al uso de drogas (drogodependencia, toxicomanía)",0
2019,female,all,Accidentes de tráfico,396
2019,female,all,Agresiones (homicidio),109
2019,female,all,Envenenamiento accidental por psicofármacos y drogas de abuso,242
2019,female,all,Eventos de intención no determinada,25
2019,female,all,Suicidio y lesiones autoinfligidas,900
2019,female,all,Todas las causas,206020
2019,female,all,"Trastornos mentales debidos al uso de drogas (drogodependencia, toxicomanía)",3
2019,male,1-4,Accidentes de tráfico,6
2019,male,1-4,Agresiones (homicidio),2
2019,male,1-4,Envenenamiento accidental por psicofármacos y drogas de abuso,0
2019,male,1-4,Eventos de intención no determinada,0
2019,male,1-4,Suicidio y lesiones autoinfligidas,0
2019,male,1-4,Todas las causas,132
2019,male,1-4,"Trastornos mentales debidos al uso de drogas (drogodependencia, toxicomanía)",0
2019,male,10-14,Accidentes de tráfico,10
2019,male,10-14,Agresiones (homicidio),2
2019,male,10-14,Envenenamiento accidental por psicofármacos y drogas de abuso,1
2019,male,10-14,Eventos de intención no determinada,1
2019,male,10-14,Suicidio y lesiones autoinfligidas,4
2019,male,10-14,Todas las causas,131
2019,male,10-14,"Trastornos mentales debidos al uso de drogas (drogodependencia, toxicomanía)",0
2019,male,15-19,Accidentes de tráfico,49
2019,male,15-19,Agresiones (homicidio),5
2019,male,15-19,Envenenamiento accidental por psicofármacos y drogas de abuso,5
2019,male,15-19,Eventos de intención no determinada,1
2019,male,15-19,Suicidio y lesiones autoinfligidas,48
2019,male,15-19,Todas las causas,266
2019,male,15-19,"Trastornos mentales debidos al uso de drogas (drogodependencia, toxicomanía)",1
2019,male,20-24,Accidentes de tráfico,90
2019,male,20-24,Agresiones (homicidio),10
2019,male,20-24,Envenenamiento accidental por psicofármacos y drogas de abuso,16
2019,male,20-24,Eventos de intención no determinada,3
2019,male,20-24,Suicidio y lesiones autoinfligidas,77
2019,male,20-24,Todas las causas,420
2019,male,20-24,"Trastornos mentales debidos al uso de drogas (drogodependencia, toxicomanía)",0
2019,male,25-29,Accidentes de tráfico,105
2019,male,25-29,Agresiones (homicidio),17
2019,male,25-29,Envenenamiento accidental por psicofármacos y drogas de abuso,25
2019,male,25-29,Eventos de intención no determinada,6
2019,male,25-29,Suicidio y lesiones autoinfligidas,110
2019,male,25-29,Todas las causas,538
2019,male,25-29,"Trastornos mentales debidos al uso de drogas (drogodependencia, toxicomanía)",0
2019,male,30-34,Accidentes de tráfico,85
2019,male,30-34,Agresiones (homicidio),14
2019,male,30-34,Envenenamiento accidental por psicofármacos y drogas de abuso,49
2019,male,30-34,Eventos de intención no determinada,1
2019,male,30-34,Suicidio y lesiones autoinfligidas,129
2019,male,30-34,Todas las causas,743
2019,male,30-34,"Trastornos mentales debidos al uso de drogas (drogodependencia, toxicomanía)",3
2019,male,35-39,Accidentes de tráfico,99
2019,male,35-39,Agresiones (homicidio),24
2019,male,35-39,Envenenamiento accidental por psicofármacos y drogas de abuso,67
2019,male,35-39,Eventos de intención no determinada,6
2019,male,35-39,Suicidio y lesiones autoinfligidas,185
2019,male,35-39,Todas las causas,1228
2019,male,35-39,"Trastornos mentales debidos al uso de drogas (drogodependencia, toxicomanía)",2
2019,male,40-44,Accidentes de tráfico,132
2019,male,40-44,Agresiones (homicidio),16
2019,male,40-44,Envenenamiento accidental por psicofármacos y drogas de abuso,63
2019,male,40-44,Eventos de intención no determinada,7
2019,male,40-44,Suicidio y lesiones autoinfligidas,263
2019,male,40-44,Todas las causas,2037
2019,male,40-44,"Trastornos mentales debidos al uso de drogas (drogodependencia, toxicomanía)",1
2019,male,45-49,Accidentes de tráfico,152
2019,male,45-49,Agresiones (homicidio),22
2019,male,45-49,Envenenamiento accidental por psicofármacos y drogas de abuso,91
2019,male,45-49,Eventos de intención no determinada,8
2019,male,45-49,Suicidio y lesiones autoinfligidas,310
2019,male,45-49,Todas las causas,3766
2019,male,45-49,"Trastornos mentales debidos al uso de drogas (drogodependencia, toxicomanía)",3
2019,male,5-9,Accidentes de tráfico,2
2019,male,5-9,Agresiones (homicidio),1
2019,male,5-9,Envenenamiento accidental por psicofármacos y drogas de abuso,0
2019,male,5-9,Eventos de intención no determinada,0
2019,male,5-9,Suicidio y lesiones autoinfligidas,0
2019,male,5-9,Todas las causas,78
2019,male,5-9,"Trastornos mentales debidos al uso de drogas (drogodependencia, toxicomanía)",0
2019,male,50-54,Accidentes de tráfico,128
2019,male,50-54,Agresiones (homicidio),11
2019,male,50-54,Envenenamiento accidental por psicofármacos y drogas de abuso,81
2019,male,50-54,Eventos de intención no determinada,11
2019,male,50-54,Suicidio y lesiones autoinfligidas,301
2019,male,50-54,Todas las causas,6605
2019,male,50-54,"Trastornos mentales debidos al uso de drogas (drogodependencia, toxicomanía)",8
2019,male,55-59,Accidentes de tráfico,106
2019,male,55-59,Agresiones (homicidio),16
2019,male,55-59,Envenenamiento accidental por psicofármacos y drogas de abuso,48
2019,male,55-59,Eventos de intención no determinada,6
2019,male,55-59,Suicidio y lesiones autoinfligidas,260
2019,male,55-59,Todas las causas,9668
2019,male,55-59,"Trastornos mentales debidos al uso de drogas (drogodependencia, toxicomanía)",1
2019,male,60-64,Accidentes de tráfico,107
2019,male,60-64,Agresiones (homicidio),17
2019,male,60-64,Envenenamiento accidental por psicofármacos y drogas de abuso,19
2019,male,60-64,Eventos de intención no determinada,7
2019,male,60-64,Suicidio y lesiones autoinfligidas,207
2019,male,60-64,Todas las causas,13044
2019,male,60-64,"Trastornos mentales debidos al uso de drogas (drogodependencia, toxicomanía)",4
2019,male,65-69,Accidentes de tráfico,75
2019,male,65-69,Agresiones (homicidio),6
2019,male,65-69,Envenenamiento accidental por psicofármacos y drogas de abuso,10
2019,male,65-69,Eventos de intención no determinada,2
2019,male,65-69,Suicidio y lesiones autoinfligidas,172
2019,male,65-69,Todas las causas,16278
2019,male,65-69,"Trastornos mentales debidos al uso de drogas (drogodependencia, toxicomanía)",0
2019,male,70-74,Accidentes de tráfico,63
2019,male,70-74,Agresiones (homicidio),3
2019,male,70-74,Envenenamiento accidental por psicofármacos y drogas de abuso,13
2019,male,70-74,Eventos de intención no determinada,1
2019,male,70-74,Suicidio y lesiones autoinfligidas,177
2019,male,70-74,Todas las causas,22182
2019,male,70-74,"Trastornos mentales debidos al uso de drogas (drogodependencia, toxicomanía)",0
2019,male,75-79,Accidentes de tráfico,66
2019,male,75-79,Agresiones (homicidio),3
2019,male,75-79,Envenenamiento accidental por psicofármacos y drogas de abuso,13
2019,male,75-79,Eventos de intención no determinada,3
2019,male,75-79,Suicidio y lesiones autoinfligidas,171
2019,male,75-79,Todas las causas,25709
2019,male,75-79,"Trastornos mentales debidos al uso de drogas (drogodependencia, toxicomanía)",1
2019,male,80-84,Accidentes de tráfico,87
2019,male,80-84,Agresiones (homicidio),8
2019,male,80-84,Envenenamiento accidental por psicofármacos y drogas de abuso,16
2019,male,80-84,Eventos de intención no determinada,3
2019,male,80-84,Suicidio y lesiones autoinfligidas,163
2019,male,80-84,Todas las causas,33954
2019,male,80-84,"Trastornos mentales debidos al uso de drogas (drogodependencia, toxicomanía)",0
2019,male,85-89,Accidentes de tráfico,60
2019,male,85-89,Agresiones (homicidio),3
2019,male,85-89,Envenenamiento accidental por psicofármacos y drogas de abuso,22
2019,male,85-89,Eventos de intención no determinada,1
2019,male,85-89,Suicidio y lesiones autoinfligidas,118
2019,male,85-89,Todas las causas,40597
2019,male,85-89,"Trastornos mentales debidos al uso de drogas (drogodependencia, toxicomanía)",0
2019,male,90-94,Accidentes de tráfico,21
2019,male,90-94,Agresiones (homicidio),2
2019,male,90-94,Envenenamiento accidental por psicofármacos y drogas de abuso,9
2019,male,90-94,Eventos de intención no determinada,0
2019,male,90-94,Suicidio y lesiones autoinfligidas,63
2019,male,90-94,Todas las causas,25730
2019,male,90-94,"Trastornos mentales debidos al uso de drogas (drogodependencia, toxicomanía)",0
2019,male,95+,Accidentes de tráfico,2
2019,male,95+,Agresiones (homicidio),0
2019,male,95+,Envenenamiento accidental por psicofármacos y drogas de abuso,5
2019,male,95+,Eventos de intención no determinada,0
2019,male,95+,Suicidio y lesiones autoinfligidas,13
2019,male,95+,Todas las causas,9019
2019,male,95+,"Trastornos mentales debidos al uso de drogas (drogodependencia, toxicomanía)",0
2019,male,<1,Accidentes de tráfico,1
2019,male,<1,Agresiones (homicidio),1
2019,male,<1,Envenenamiento accidental por psicofármacos y drogas de abuso,1
2019,male,<1,Eventos de intención no determinada,0
2019,male,<1,Suicidio y lesiones autoinfligidas,0
2019,male,<1,Todas las causas,558
2019,male,<1,"Trastornos mentales debidos al uso de drogas (drogodependencia, toxicomanía)",0
2019,male,all,Accidentes de tráfico,1446
2019,male,all,Agresiones (homicidio),183
2019,male,all,Envenenamiento accidental por psicofármacos y drogas de abuso,554
2019,male,all,Eventos de intención no determinada,67
2019,male,all,Suicidio y lesiones autoinfligidas,2771
2019,male,all,Todas las causas,212683
2019,male,all,"Trastornos mentales debidos al uso de drogas (drogodependencia, toxicomanía)",24
2020,all,1-4,Accidentes de tráfico,5
2020,all,1-4,Agresiones (homicidio),3
2020,all,1-4,Envenenamiento accidental por psicofármacos y drogas de abuso,0
2020,all,1-4,Eventos de intención no determinada,0
2020,all,1-4,Suicidio y lesiones autoinfligidas,0
2020,all,1-4,Todas las causas,188
2020,all,1-4,"Trastornos mentales debidos al uso de drogas (drogodependencia, toxicomanía)",0
2020,all,10-14,Accidentes de tráfico,13
2020,all,10-14,Agresiones (homicidio),4
2020,all,10-14,Envenenamiento accidental por psicofármacos y drogas de abuso,0
2020,all,10-14,Eventos de intención no determinada,0
2020,all,10-14,Suicidio y lesiones autoinfligidas,13
2020,all,10-14,Todas las causas,189
2020,all,10-14,"Trastornos mentales debidos al uso de drogas (drogodependencia, toxicomanía)",0
2020,all,15-19,Accidentes de tráfico,50
2020,all,15-19,Agresiones (homicidio),4
2020,all,15-19,Envenenamiento accidental por psicofármacos y drogas de abuso,7
2020,all,15-19,Eventos de intención no determinada,0
2020,all,15-19,Suicidio y lesiones autoinfligidas,48
2020,all,15-19,Todas las causas,379
2020,all,15-19,"Trastornos mentales debidos al uso de drogas (drogodependencia, toxicomanía)",0
2020,all,20-24,Accidentes de tráfico,94
2020,all,20-24,Agresiones (homicidio),14
2020,all,20-24,Envenenamiento accidental por psicofármacos y drogas de abuso,21
2020,all,20-24,Eventos de intención no determinada,0
2020,all,20-24,Suicidio y lesiones autoinfligidas,100
2020,all,20-24,Todas las causas,609
2020,all,20-24,"Trastornos mentales debidos al uso de drogas (drogodependencia, toxicomanía)",0
2020,all,25-29,Accidentes de tráfico,91
2020,all,25-29,Agresiones (homicidio),25
2020,all,25-29,Envenenamiento accidental por psicofármacos y drogas de abuso,35
2020,all,25-29,Eventos de intención no determinada,1
2020,all,25-29,Suicidio y lesiones autoinfligidas,152
2020,all,25-29,Todas las causas,823
2020,all,25-29,"Trastornos mentales debidos al uso de drogas (drogodependencia, toxicomanía)",0
2020,all,30-34,Accidentes de tráfico,103
2020,all,30-34,Agresiones (homicidio),26
2020,all,30-34,Envenenamiento accidental por psicofármacos y drogas de abuso,75
2020,all,30-34,Eventos de intención no determinada,2
2020,all,30-34,Suicidio y lesiones autoinfligidas,173
2020,all,30-34,Todas las causas,1224
2020,all,30-34,"Trastornos mentales debidos al uso de drogas (drogodependencia, toxicomanía)",1
2020,all,35-39,Accidentes de tráfico,109
2020,all,35-39,Agresiones (homicidio),23
2020,all,35-39,Envenenamiento accidental por psicofármacos y drogas de abuso,108
2020,all,35-39,Eventos de intención no determinada,0
2020,all,35-39,Suicidio y lesiones autoinfligidas,238
2020,all,35-39,Todas las causas,1935
2020,all,35-39,"Trastornos mentales debidos al uso de drogas (drogodependencia, toxicomanía)",4
2020,all,40-44,Accidentes de tráfico,128
2020,all,40-44,Agresiones (homicidio),27
2020,all,40-44,Envenenamiento accidental por psicofármacos y drogas de abuso,140
2020,all,40-44,Eventos de intención no determinada,6
2020,all,40-44,Suicidio y lesiones autoinfligidas,358
2020,all,40-44,Todas las causas,3556
2020,all,40-44,"Trastornos mentales debidos al uso de drogas (drogodependencia, toxicomanía)",3
2020,all,45-49,Accidentes de tráfico,117
2020,all,45-49,Agresiones (homicidio),32
2020,all,45-49,Envenenamiento accidental por psicofármacos y drogas de abuso,136
2020,all,45-49,Eventos de intención no determinada,7
2020,all,45-49,Suicidio y lesiones autoinfligidas,396
2020,all,45-49,Todas las causas,6045
2020,all,45-49,"Trastornos mentales debidos al uso de drogas (drogodependencia, toxicomanía)",6
2020,all,5-9,Accidentes de tráfico,5
2020,all,5-9,Agresiones (homicidio),2
2020,all,5-9,Envenenamiento accidental por psicofármacos y drogas de abuso,0
2020,all,5-9,Eventos de intención no determinada,0
2020,all,5-9,Suicidio y lesiones autoinfligidas,1
2020,all,5-9,Todas las causas,139
2020,all,5-9,"Trastornos mentales debidos al uso de drogas (drogodependencia, toxicomanía)",0
2020,all,50-54,Accidentes de tráfico,122
2020,all,50-54,Agresiones (homicidio),24
2020,all,50-54,Envenenamiento accidental por psicofármacos y drogas de abuso,128
2020,all,50-54,Eventos de intención no determinada,4
2020,all,50-54,Suicidio y lesiones autoinfligidas,440
2020,all,50-54,Todas las causas,10389
2020,all,50-54,"Trastornos mentales debidos al uso de drogas (drogodependencia, toxicomanía)",7
2020,all,55-59,Accidentes de tráfico,132
2020,all,55-59,Agresiones (homicidio),25
2020,all,55-59,Envenenamiento accidental por psicofármacos y drogas de abuso,75
2020,all,55-59,Eventos de intención no determinada,2
2020,all,55-59,Suicidio y lesiones autoinfligidas,414
2020,all,55-59,Todas las causas,15847
2020,all,55-59,"Trastornos mentales debidos al uso de drogas (drogodependencia, toxicomanía)",8
2020,all,60-64,Accidentes de tráfico,89
2020,all,60-64,Agresiones (homicidio),21
2020,all,60-64,Envenenamiento accidental por psicofármacos y drogas de abuso,28
2020,all,60-64,Eventos de intención no determinada,3
2020,all,60-64,Suicidio y lesiones autoinfligidas,327
2020,all,60-64,Todas las causas,21967
2020,all,60-64,"Trastornos mentales debidos al uso de drogas (drogodependencia, toxicomanía)",3
2020,all,65-69,Accidentes de tráfico,78
2020,all,65-69,Agresiones (homicidio),20
2020,all,65-69,Envenenamiento accidental por psicofármacos y drogas de abuso,27
2020,all,65-69,Eventos de intención no determinada,1
2020,all,65-69,Suicidio y lesiones autoinfligidas,245
2020,all,65-69,Todas las causas,27536
2020,all,65-69,"Trastornos mentales debidos al uso de drogas (drogodependencia, toxicomanía)",2
2020,all,70-74,Accidentes de tráfico,71
2020,all,70-74,Agresiones (homicidio),11
2020,all,70-74,Envenenamiento accidental por psicofármacos y drogas de abuso,25
2020,all,70-74,Eventos de intención no determinada,2
2020,all,70-74,Suicidio y lesiones autoinfligidas,264
2020,all,70-74,Todas las causas,38816
2020,all,70-74,"Trastornos mentales debidos al uso de drogas (drogodependencia, toxicomanía)",0
2020,all,75-79,Accidentes de tráfico,92
2020,all,75-79,Agresiones (homicidio),7
2020,all,75-79,Envenenamiento accidental por psicofármacos y drogas de abuso,24
2020,all,75-79,Eventos de intención no determinada,2
2020,all,75-79,Suicidio y lesiones autoinfligidas,224
2020,all,75-79,Todas las causas,52375
2020,all,75-79,"Trastornos mentales debidos al uso de drogas (drogodependencia, toxicomanía)",0
2020,all,80-84,Accidentes de tráfico,70
2020,all,80-84,Agresiones (homicidio),10
2020,all,80-84,Envenenamiento accidental por psicofármacos y drogas de abuso,40
2020,all,80-84,Eventos de intención no determinada,1
2020,all,80-84,Suicidio y lesiones autoinfligidas,240
2020,all,80-84,Todas las causas,74045
2020,all,80-84,"Trastornos mentales debidos al uso de drogas (drogodependencia, toxicomanía)",0
2020,all,85-89,Accidentes de tráfico,66
2020,all,85-89,Agresiones (homicidio),3
2020,all,85-89,Envenenamiento accidental por psicofármacos y drogas de abuso,50
2020,all,85-89,Eventos de intención no determinada,1
2020,all,85-89,Suicidio y lesiones autoinfligidas,185
2020,all,85-89,Todas las causas,107394
2020,all,85-89,"Trastornos mentales debidos al uso de drogas (drogodependencia, toxicomanía)",0
2020,all,90-94,Accidentes de tráfico,18
2020,all,90-94,Agresiones (homicidio),2
2020,all,90-94,Envenenamiento accidental por psicofármacos y drogas de abuso,46
2020,all,90-94,Eventos de intención no determinada,2
2020,all,90-94,Suicidio y lesiones autoinfligidas,98
2020,all,90-94,Todas las causas,87184
2020,all,90-94,"Trastornos mentales debidos al uso de drogas (drogodependencia, toxicomanía)",0
2020,all,95+,Accidentes de tráfico,7
2020,all,95+,Agresiones (homicidio),2
2020,all,95+,Envenenamiento accidental por psicofármacos y drogas de abuso,8
2020,all,95+,Eventos de intención no determinada,0
2020,all,95+,Suicidio y lesiones autoinfligidas,25
2020,all,95+,Todas las causas,42246
2020,all,95+,"Trastornos mentales debidos al uso de drogas (drogodependencia, toxicomanía)",0
2020,all,<1,Accidentes de tráfico,3
2020,all,<1,Agresiones (homicidio),4
2020,all,<1,Envenenamiento accidental por psicofármacos y drogas de abuso,1
2020,all,<1,Eventos de intención no determinada,0
2020,all,<1,Suicidio y lesiones autoinfligidas,0
2020,all,<1,Todas las causas,890
2020,all,<1,"Trastornos mentales debidos al uso de drogas (drogodependencia, toxicomanía)",0
2020,all,all,Accidentes de tráfico,1463
2020,all,all,Agresiones (homicidio),289
2020,all,all,Envenenamiento accidental por psicofármacos y drogas de abuso,974
2020,all,all,Eventos de intención no determinada,34
2020,all,all,Suicidio y lesiones autoinfligidas,3941
2020,all,all,Todas las causas,493776
2020,all,all,"Trastornos mentales debidos al uso de drogas (drogodependencia, toxicomanía)",34
2020,female,1-4,Accidentes de tráfico,2
2020,female,1-4,Agresiones (homicidio),1
2020,female,1-4,Envenenamiento accidental por psicofármacos y drogas de abuso,0
2020,female,1-4,Eventos de intención no determinada,0
2020,female,1-4,Suicidio y lesiones autoinfligidas,0
2020,female,1-4,Todas las causas,71
2020,female,1-4,"Trastornos mentales debidos al uso de drogas (drogodependencia, toxicomanía)",0
2020,female,10-14,Accidentes de tráfico,5
2020,female,10-14,Agresiones (homicidio),0
2020,female,10-14,Envenenamiento accidental por psicofármacos y drogas de abuso,0
2020,female,10-14,Eventos de intención no determinada,0
2020,female,10-14,Suicidio y lesiones autoinfligidas,7
2020,female,10-14,Todas las causas,80
2020,female,10-14,"Trastornos mentales debidos al uso de drogas (drogodependencia, toxicomanía)",0
2020,female,15-19,Accidentes de tráfico,17
2020,female,15-19,Agresiones (homicidio),1
2020,female,15-19,Envenenamiento accidental por psicofármacos y drogas de abuso,0
2020,female,15-19,Eventos de intención no determinada,0
2020,female,15-19,Suicidio y lesiones autoinfligidas,17
2020,female,15-19,Todas las causas,137
2020,female,15-19,"Trastornos mentales debidos al uso de drogas (drogodependencia, toxicomanía)",0
2020,female,20-24,Accidentes de tráfico,19
2020,female,20-24,Agresiones (homicidio),3
2020,female,20-24,Envenenamiento accidental por psicofármacos y drogas de abuso,2
2020,female,20-24,Eventos de intención no determinada,0
2020,female,20-24,Suicidio y lesiones autoinfligidas,19
2020,female,20-24,Todas las causas,151
2020,female,20-24,"Trastornos mentales debidos al uso de drogas (drogodependencia, toxicomanía)",0
2020,female,25-29,Accidentes de tráfico,18
2020,female,25-29,Agresiones (homicidio),11
2020,female,25-29,Envenenamiento accidental por psicofármacos y drogas de abuso,5
2020,female,25-29,Eventos de intención no determinada,1
2020,female,25-29,Suicidio y lesiones autoinfligidas,37
2020,female,25-29,Todas las causas,243
2020,female,25-29,"Trastornos mentales debidos al uso de drogas (drogodependencia, toxicomanía)",0
2020,female,30-34,Accidentes de tráfico,13
2020,female,30-34,Agresiones (homicidio),5
2020,female,30-34,Envenenamiento accidental por psicofármacos y drogas de abuso,7
2020,female,30-34,Eventos de intención no determinada,0
2020,female,30-34,Suicidio y lesiones autoinfligidas,34
2020,female,30-34,Todas las causas,376
2020,female,30-34,"Trastornos mentales debidos al uso de drogas (drogodependencia, toxicomanía)",0
2020,female,35-39,Accidentes de tráfico,17
2020,female,35-39,Agresiones (homicidio),7
2020,female,35-39,Envenenamiento accidental por psicofármacos y drogas de abuso,18
2020,female,35-39,Eventos de intención no determinada,0
2020,female,35-39,Suicidio y lesiones autoinfligidas,64
2020,female,35-39,Todas las causas,685
2020,female,35-39,"Trastornos mentales debidos al uso de drogas (drogodependencia, toxicomanía)",1
2020,female,40-44,Accidentes de tráfico,22
2020,female,40-44,Agresiones (homicidio),8
2020,female,40-44,Envenenamiento accidental por psicofármacos y drogas de abuso,27
2020,female,40-44,Eventos de intención no determinada,0
2020,female,40-44,Suicidio y lesiones autoinfligidas,83
2020,female,40-44,Todas las causas,1283
2020,female,40-44,"Trastornos mentales debidos al uso de drogas (drogodependencia, toxicomanía)",0
2020,female,45-49,Accidentes de tráfico,15
2020,female,45-49,Agresiones (homicidio),11
2020,female,45-49,Envenenamiento accidental por psicofármacos y drogas de abuso,22
2020,female,45-49,Eventos de intención no determinada,1
2020,female,45-49,Suicidio y lesiones autoinfligidas,95
2020,female,45-49,Todas las causas,2133
2020,female,45-49,"Trastornos mentales debidos al uso de drogas (drogodependencia, toxicomanía)",0
2020,female,5-9,Accidentes de tráfico,2
2020,female,5-9,Agresiones (homicidio),1
2020,female,5-9,Envenenamiento accidental por psicofármacos y drogas de abuso,0
2020,female,5-9,Eventos de intención no determinada,0
2020,female,5-9,Suicidio y lesiones autoinfligidas,0
2020,female,5-9,Todas las causas,72
2020,female,5-9,"Trastornos mentales debidos al uso de drogas (drogodependencia, toxicomanía)",0
2020,female,50-54,Accidentes de tráfico,21
2020,female,50-54,Agresiones (homicidio),11
2020,female,50-54,Envenenamiento accidental por psicofármacos y drogas de abuso,28
2020,female,50-54,Eventos de intención no determinada,0
2020,female,50-54,Suicidio y lesiones autoinfligidas,117
2020,female,50-54,Todas las causas,3480
2020,female,50-54,"Trastornos mentales debidos al uso de drogas (drogodependencia, toxicomanía)",0
2020,female,55-59,Accidentes de tráfico,18
2020,female,55-59,Agresiones (homicidio),7
2020,female,55-59,Envenenamiento accidental por psicofármacos y drogas de abuso,24
2020,female,55-59,Eventos de intención no determinada,1
2020,female,55-59,Suicidio y lesiones autoinfligidas,137
2020,female,55-59,Todas las causas,5300
2020,female,55-59,"Trastornos mentales debidos al uso de drogas (drogodependencia, toxicomanía)",1
2020,female,60-64,Accidentes de tráfico,11
2020,female,60-64,Agresiones (homicidio),8
2020,female,60-64,Envenenamiento accidental por psicofármacos y drogas de abuso,10
2020,female,60-64,Eventos de intención no determinada,1
2020,female,60-64,Suicidio y lesiones autoinfligidas,88
2020,female,60-64,Todas las causas,7107
2020,female,60-64,"Trastornos mentales debidos al uso de drogas (drogodependencia, toxicomanía)",1
2020,female,65-69,Accidentes de tráfico,16
2020,female,65-69,Agresiones (homicidio),8
2020,female,65-69,Envenenamiento accidental por psicofármacos y drogas de abuso,11
2020,female,65-69,Eventos de intención no determinada,0
2020,female,65-69,Suicidio y lesiones autoinfligidas,59
2020,female,65-69,Todas las causas,8816
2020,female,65-69,"Trastornos mentales debidos al uso de drogas (drogodependencia, toxicomanía)",1
2020,female,70-74,Accidentes de tráfico,18
2020,female,70-74,Agresiones (homicidio),5
2020,female,70-74,Envenenamiento accidental por psicofármacos y drogas de abuso,8
2020,female,70-74,Eventos de intención no determinada,1
2020,female,70-74,Suicidio y lesiones autoinfligidas,72
2020,female,70-74,Todas las causas,13274
2020,female,70-74,"Trastornos mentales debidos al uso de drogas (drogodependencia, toxicomanía)",0
2020,female,75-79,Accidentes de tráfico,31
2020,female,75-79,Agresiones (homicidio),4
2020,female,75-79,Envenenamiento accidental por psicofármacos y drogas de abuso,14
2020,female,75-79,Eventos de intención no determinada,1
2020,female,75-79,Suicidio y lesiones autoinfligidas,62
2020,female,75-79,Todas las causas,20192
2020,female,75-79,"Trastornos mentales debidos al uso de drogas (drogodependencia, toxicomanía)",0
2020,female,80-84,Accidentes de tráfico,20
2020,female,80-84,Agresiones (homicidio),6
2020,female,80-84,Envenenamiento accidental por psicofármacos y drogas de abuso,24
2020,female,80-84,Eventos de intención no determinada,0
2020,female,80-84,Suicidio y lesiones autoinfligidas,56
2020,female,80-84,Todas las causas,34834
2020,female,80-84,"Trastornos mentales debidos al uso de drogas (drogodependencia, toxicomanía)",0
2020,female,85-89,Accidentes de tráfico,17
2020,female,85-89,Agresiones (homicidio),3
2020,female,85-89,Envenenamiento accidental por psicofármacos y drogas de abuso,32
2020,female,85-89,Eventos de intención no determinada,0
2020,female,85-89,Suicidio y lesiones autoinfligidas,39
2020,female,85-89,Todas las causas,58838
2020,female,85-89,"Trastornos mentales debidos al uso de drogas (drogodependencia, toxicomanía)",0
2020,female,90-94,Accidentes de tráfico,8
2020,female,90-94,Agresiones (homicidio),0
2020,female,90-94,Envenenamiento accidental por psicofármacos y drogas de abuso,33
2020,female,90-94,Eventos de intención no determinada,1
2020,female,90-94,Suicidio y lesiones autoinfligidas,21
2020,female,90-94,Todas las causas,55578
2020,female,90-94,"Trastornos mentales debidos al uso de drogas (drogodependencia, toxicomanía)",0
2020,female,95+,Accidentes de tráfico,2
2020,female,95+,Agresiones (homicidio),0
2020,female,95+,Envenenamiento accidental por psicofármacos y drogas de abuso,6
2020,female,95+,Eventos de intención no determinada,0
2020,female,95+,Suicidio y lesiones autoinfligidas,4
2020,female,95+,Todas las causas,31068
2020,female,95+,"Trastornos mentales debidos al uso de drogas (drogodependencia, toxicomanía)",0
2020,female,<1,Accidentes de tráfico,3
2020,female,<1,Agresiones (homicidio),2
2020,female,<1,Envenenamiento accidental por psicofármacos y drogas de abuso,0
2020,female,<1,Eventos de intención no determinada,0
2020,female,<1,Suicidio y lesiones autoinfligidas,0
2020,female,<1,Todas las causas,394
2020,female,<1,"Trastornos mentales debidos al uso de drogas (drogodependencia, toxicomanía)",0
2020,female,all,Accidentes de tráfico,295
2020,female,all,Agresiones (homicidio),102
2020,female,all,Envenenamiento accidental por psicofármacos y drogas de abuso,271
2020,female,all,Eventos de intención no determinada,7
2020,female,all,Suicidio y lesiones autoinfligidas,1011
2020,female,all,Todas las causas,244112
2020,female,all,"Trastornos mentales debidos al uso de drogas (drogodependencia, toxicomanía)",4
2020,male,1-4,Accidentes de tráfico,3
2020,male,1-4,Agresiones (homicidio),2
2020,male,1-4,Envenenamiento accidental por psicofármacos y drogas de abuso,0
2020,male,1-4,Eventos de intención no determinada,0
2020,male,1-4,Suicidio y lesiones autoinfligidas,0
2020,male,1-4,Todas las causas,117
2020,male,1-4,"Trastornos mentales debidos al uso de drogas (drogodependencia, toxicomanía)",0
2020,male,10-14,Accidentes de tráfico,8
2020,male,10-14,Agresiones (homicidio),4
2020,male,10-14,Envenenamiento accidental por psicofármacos y drogas de abuso,0
2020,male,10-14,Eventos de intención no determinada,0
2020,male,10-14,Suicidio y lesiones autoinfligidas,6
2020,male,10-14,Todas las causas,109
2020,male,10-14,"Trastornos mentales debidos al uso de drogas (drogodependencia, toxicomanía)",0
2020,male,15-19,Accidentes de tráfico,33
2020,male,15-19,Agresiones (homicidio),3
2020,male,15-19,Envenenamiento accidental por psicofármacos y drogas de abuso,7
2020,male,15-19,Eventos de intención no determinada,0
2020,male,15-19,Suicidio y lesiones autoinfligidas,31
2020,male,15-19,Todas las causas,242
2020,male,15-19,"Trastornos mentales debidos al uso de drogas (drogodependencia, toxicomanía)",0
2020,male,20-24,Accidentes de tráfico,75
2020,male,20-24,Agresiones (homicidio),11
2020,male,20-24,Envenenamiento accidental por psicofármacos y drogas de abuso,19
2020,male,20-24,Eventos de intención no determinada,0
2020,male,20-24,Suicidio y lesiones autoinfligidas,81
2020,male,20-24,Todas las causas,458
2020,male,20-24,"Trastornos mentales debidos al uso de drogas (drogodependencia, toxicomanía)",0
2020,male,25-29,Accidentes de tráfico,73
2020,male,25-29,Agresiones (homicidio),14
2020,male,25-29,Envenenamiento accidental por psicofármacos y drogas de abuso,30
2020,male,25-29,Eventos de intención no determinada,0
2020,male,25-29,Suicidio y lesiones autoinfligidas,115
2020,male,25-29,Todas las causas,580
2020,male,25-29,"Trastornos mentales debidos al uso de drogas (drogodependencia, toxicomanía)",0
2020,male,30-34,Accidentes de tráfico,90
2020,male,30-34,Agresiones (homicidio),21
2020,male,30-34,Envenenamiento accidental por psicofármacos y drogas de abuso,68
2020,male,30-34,Eventos de intención no determinada,2
2020,male,30-34,Suicidio y lesiones autoinfligidas,139
2020,male,30-34,Todas las causas,848
2020,male,30-34,"Trastornos mentales debidos al uso de drogas (drogodependencia, toxicomanía)",1
2020,male,35-39,Accidentes de tráfico,92
2020,male,35-39,Agresiones (homicidio),16
2020,male,35-39,Envenenamiento accidental por psicofármacos y drogas de abuso,90
2020,male,35-39,Eventos de intención no determinada,0
2020,male,35-39,Suicidio y lesiones autoinfligidas,174
2020,male,35-39,Todas las causas,1250
2020,male,35-39,"Trastornos mentales debidos al uso de drogas (drogodependencia, toxicomanía)",3
2020,male,40-44,Accidentes de tráfico,106
2020,male,40-44,Agresiones (homicidio),19
2020,male,40-44,Envenenamiento accidental por psicofármacos y drogas de abuso,113
2020,male,40-44,Eventos de intención no determinada,6
2020,male,40-44,Suicidio y lesiones autoinfligidas,275
2020,male,40-44,Todas las causas,2273
2020,male,40-44,"Trastornos mentales debidos al uso de drogas (drogodependencia, toxicomanía)",3
2020,male,45-49,Accidentes de tráfico,102
2020,male,45-49,Agresiones (homicidio),21
2020,male,45-49,Envenenamiento accidental por psicofármacos y drogas de abuso,114
2020,male,45-49,Eventos de intención no determinada,6
2020,male,45-49,Suicidio y lesiones autoinfligidas,301
2020,male,45-49,Todas las causas,3912
2020,male,45-49,"Trastornos mentales debidos al uso de drogas (drogodependencia, toxicomanía)",6
2020,male,5-9,Accidentes de tráfico,3
2020,male,5-9,Agresiones (homicidio),1
2020,male,5-9,Envenenamiento accidental por psicofármacos y drogas de abuso,0
2020,male,5-9,Eventos de intención no determinada,0
2020,male,5-9,Suicidio y lesiones autoinfligidas,1
2020,male,5-9,Todas las causas,67
2020,male,5-9,"Trastornos mentales debidos al uso de drogas (drogodependencia, toxicomanía)",0
2020,male,50-54,Accidentes de tráfico,101
2020,male,50-54,Agresiones (homicidio),13
2020,male,50-54,Envenenamiento accidental por psicofármacos y drogas de abuso,100
2020,male,50-54,Eventos de intención no determinada,4
2020,male,50-54,Suicidio y lesiones autoinfligidas,323
2020,male,50-54,Todas las causas,6909
2020,male,50-54,"Trastornos mentales debidos al uso de drogas (drogodependencia, toxicomanía)",7
2020,male,55-59,Accidentes de tráfico,114
2020,male,55-59,Agresiones (homicidio),18
2020,male,55-59,Envenenamiento accidental por psicofármacos y drogas de abuso,51
2020,male,55-59,Eventos de intención no determinada,1
2020,male,55-59,Suicidio y lesiones autoinfligidas,277
2020,male,55-59,Todas las causas,10547
2020,male,55-59,"Trastornos mentales debidos al uso de drogas (drogodependencia, toxicomanía)",7
2020,male,60-64,Accidentes de tráfico,78
2020,male,60-64,Agresiones (homicidio),13
2020,male,60-64,Envenenamiento accidental por psicofármacos y drogas de abuso,18
2020,male,60-64,Eventos de intención no determinada,2
2020,male,60-64,Suicidio y lesiones autoinfligidas,239
2020,male,60-64,Todas las causas,14860
2020,male,60-64,"Trastornos mentales debidos al uso de drogas (drogodependencia, toxicomanía)",2
2020,male,65-69,Accidentes de tráfico,62
2020,male,65-69,Agresiones (homicidio),12
2020,male,65-69,Envenenamiento accidental por psicofármacos y drogas de abuso,16
2020,male,65-69,Eventos de intención no determinada,1
2020,male,65-69,Suicidio y lesiones autoinfligidas,186
2020,male,65-69,Todas las causas,18720
2020,male,65-69,"Trastornos mentales debidos al uso de drogas (drogodependencia, toxicomanía)",1
2020,male,70-74,Accidentes de tráfico,53
2020,male,70-74,Agresiones (homicidio),6
2020,male,70-74,Envenenamiento accidental por psicofármacos y drogas de abuso,17
2020,male,70-74,Eventos de intención no determinada,1
2020,male,70-74,Suicidio y lesiones autoinfligidas,192
2020,male,70-74,Todas las causas,25542
2020,male,70-74,"Trastornos mentales debidos al uso de drogas (drogodependencia, toxicomanía)",0
2020,male,75-79,Accidentes de tráfico,61
2020,male,75-79,Agresiones (homicidio),3
2020,male,75-79,Envenenamiento accidental por psicofármacos y drogas de abuso,10
2020,male,75-79,Eventos de intención no determinada,1
2020,male,75-79,Suicidio y lesiones autoinfligidas,162
2020,male,75-79,Todas las causas,32183
2020,male,75-79,"Trastornos mentales debidos al uso de drogas (drogodependencia, toxicomanía)",0
2020,male,80-84,Accidentes de tráfico,50
2020,male,80-84,Agresiones (homicidio),4
2020,male,80-84,Envenenamiento accidental por psicofármacos y drogas de abuso,16
2020,male,80-84,Eventos de intención no determinada,1
2020,male,80-84,Suicidio y lesiones autoinfligidas,184
2020,male,80-84,Todas las causas,39211
2020,male,80-84,"Trastornos mentales debidos al uso de drogas (drogodependencia, toxicomanía)",0
2020,male,85-89,Accidentes de tráfico,49
2020,male,85-89,Agresiones (homicidio),0
2020,male,85-89,Envenenamiento accidental por psicofármacos y drogas de abuso,18
2020,male,85-89,Eventos de intención no determinada,1
2020,male,85-89,Suicidio y lesiones autoinfligidas,146
2020,male,85-89,Todas las causas,48556
2020,male,85-89,"Trastornos mentales debidos al uso de drogas (drogodependencia, toxicomanía)",0
2020,male,90-94,Accidentes de tráfico,10
2020,male,90-94,Agresiones (homicidio),2
2020,male,90-94,Envenenamiento accidental por psicofármacos y drogas de abuso,13
2020,male,90-94,Eventos de intención no determinada,1
2020,male,90-94,Suicidio y lesiones autoinfligidas,77
2020,male,90-94,Todas las causas,31606
2020,male,90-94,"Trastornos mentales debidos al uso de drogas (drogodependencia, toxicomanía)",0
2020,male,95+,Accidentes de tráfico,5
2020,male,95+,Agresiones (homicidio),2
2020,male,95+,Envenenamiento accidental por psicofármacos y drogas de abuso,2
2020,male,95+,Eventos de intención no determinada,0
2020,male,95+,Suicidio y lesiones autoinfligidas,21
2020,male,95+,Todas las causas,11178
2020,male,95+,"Trastornos mentales debidos al uso de drogas (drogodependencia, toxicomanía)",0
2020,male,<1,Accidentes de tráfico,0
2020,male,<1,Agresiones (homicidio),2
2020,male,<1,Envenenamiento accidental por psicofármacos y drogas de abuso,1
2020,male,<1,Eventos de intención no determinada,0
2020,male,<1,Suicidio y lesiones autoinfligidas,0
2020,male,<1,Todas las causas,496
2020,male,<1,"Trastornos mentales debidos al uso de drogas (drogodependencia, toxicomanía)",0
2020,male,all,Accidentes de tráfico,1168
2020,male,all,Agresiones (homicidio),187
2020,male,all,Envenenamiento accidental por psicofármacos y drogas de abuso,703
2020,male,all,Eventos de intención no determinada,27
2020,male,all,Suicidio y lesiones autoinfligidas,2930
2020,male,all,Todas las causas,249664
2020,male,all,"Trastornos mentales debidos al uso de drogas (drogodependencia, toxicomanía)",30
2021,all,1-4,Accidentes de tráfico,7
2021,all,1-4,Agresiones (homicidio),4
2021,all,1-4,Envenenamiento accidental por psicofármacos y drogas de abuso,0
2021,all,1-4,Eventos de intención no determinada,0
2021,all,1-4,Suicidio y lesiones autoinfligidas,0
2021,all,1-4,Todas las causas,189
2021,all,1-4,"Trastornos mentales debidos al uso de drogas (drogodependencia, toxicomanía)",0
2021,all,10-14,Accidentes de tráfico,8
2021,all,10-14,Agresiones (homicidio),1
2021,all,10-14,Envenenamiento accidental por psicofármacos y drogas de abuso,0
2021,all,10-14,Eventos de intención no determinada,0
2021,all,10-14,Suicidio y lesiones autoinfligidas,22
2021,all,10-14,Todas las causas,215
2021,all,10-14,"Trastornos mentales debidos al uso de drogas (drogodependencia, toxicomanía)",0
2021,all,15-19,Accidentes de tráfico,76
2021,all,15-19,Agresiones (homicidio),10
2021,all,15-19,Envenenamiento accidental por psicofármacos y drogas de abuso,11
2021,all,15-19,Eventos de intención no determinada,0
2021,all,15-19,Suicidio y lesiones autoinfligidas,53
2021,all,15-19,Todas las causas,438
2021,all,15-19,"Trastornos mentales debidos al uso de drogas (drogodependencia, toxicomanía)",0
2021,all,20-24,Accidentes de tráfico,134
2021,all,20-24,Agresiones (homicidio),16
2021,all,20-24,Envenenamiento accidental por psicofármacos y drogas de abuso,25
2021,all,20-24,Eventos de intención no determinada,0
2021,all,20-24,Suicidio y lesiones autoinfligidas,126
2021,all,20-24,Todas las causas,697
2021,all,20-24,"Trastornos mentales debidos al uso de drogas (drogodependencia, toxicomanía)",0
2021,all,25-29,Accidentes de tráfico,89
2021,all,25-29,Agresiones (homicidio),14
2021,all,25-29,Envenenamiento accidental por psicofármacos y drogas de abuso,37
2021,all,25-29,Eventos de intención no determinada,2
2021,all,25-29,Suicidio y lesiones autoinfligidas,137
2021,all,25-29,Todas las causas,806
2021,all,25-29,"Trastornos mentales debidos al uso de drogas (drogodependencia, toxicomanía)",0
2021,all,30-34,Accidentes de tráfico,106
2021,all,30-34,Agresiones (homicidio),21
2021,all,30-34,Envenenamiento accidental por psicofármacos y drogas de abuso,76
2021,all,30-34,Eventos de intención no determinada,2
2021,all,30-34,Suicidio y lesiones autoinfligidas,185
2021,all,30-34,Todas las causas,1206
2021,all,30-34,"Trastornos mentales debidos al uso de drogas (drogodependencia, toxicomanía)",0
2021,all,35-39,Accidentes de tráfico,116
2021,all,35-39,Agresiones (homicidio),37
2021,all,35-39,Envenenamiento accidental por psicofármacos y drogas de abuso,76
2021,all,35-39,Eventos de intención no determinada,5
2021,all,35-39,Suicidio y lesiones autoinfligidas,229
2021,all,35-39,Todas las causas,1898
2021,all,35-39,"Trastornos mentales debidos al uso de drogas (drogodependencia, toxicomanía)",4
2021,all,40-44,Accidentes de tráfico,122
2021,all,40-44,Agresiones (homicidio),30
2021,all,40-44,Envenenamiento accidental por psicofármacos y drogas de abuso,122
2021,all,40-44,Eventos de intención no determinada,4
2021,all,40-44,Suicidio y lesiones autoinfligidas,355
2021,all,40-44,Todas las causas,3410
2021,all,40-44,"Trastornos mentales debidos al uso de drogas (drogodependencia, toxicomanía)",6
2021,all,45-49,Accidentes de tráfico,137
2021,all,45-49,Agresiones (homicidio),30
2021,all,45-49,Envenenamiento accidental por psicofármacos y drogas de abuso,135
2021,all,45-49,Eventos de intención no determinada,10
2021,all,45-49,Suicidio y lesiones autoinfligidas,438
2021,all,45-49,Todas las causas,5851
2021,all,45-49,"Trastornos mentales debidos al uso de drogas (drogodependencia, toxicomanía)",7
2021,all,5-9,Accidentes de tráfico,10
2021,all,5-9,Agresiones (homicidio),3
2021,all,5-9,Envenenamiento accidental por psicofármacos y drogas de abuso,0
2021,all,5-9,Eventos de intención no determinada,0
2021,all,5-9,Suicidio y lesiones autoinfligidas,0
2021,all,5-9,Todas las causas,170
2021,all,5-9,"Trastornos mentales debidos al uso de drogas (drogodependencia, toxicomanía)",0
2021,all,50-54,Accidentes de tráfico,145
2021,all,50-54,Agresiones (homicidio),34
2021,all,50-54,Envenenamiento accidental por psicofármacos y drogas de abuso,144
2021,all,50-54,Eventos de intención no determinada,13
2021,all,50-54,Suicidio y lesiones autoinfligidas,460
2021,all,50-54,Todas las causas,9903
2021,all,50-54,"Trastornos mentales debidos al uso de drogas (drogodependencia, toxicomanía)",11
2021,all,55-59,Accidentes de tráfico,134
2021,all,55-59,Agresiones (homicidio),13
2021,all,55-59,Envenenamiento accidental por psicofármacos y drogas de abuso,87
2021,all,55-59,Eventos de intención no determinada,7
2021,all,55-59,Suicidio y lesiones autoinfligidas,407
2021,all,55-59,Todas las causas,15544
2021,all,55-59,"Trastornos mentales debidos al uso de drogas (drogodependencia, toxicomanía)",9
2021,all,60-64,Accidentes de tráfico,123
2021,all,60-64,Agresiones (homicidio),22
2021,all,60-64,Envenenamiento accidental por psicofármacos y drogas de abuso,51
2021,all,60-64,Eventos de intención no determinada,5
2021,all,60-64,Suicidio y lesiones autoinfligidas,356
2021,all,60-64,Todas las causas,21994
2021,all,60-64,"Trastornos mentales debidos al uso de drogas (drogodependencia, toxicomanía)",3
2021,all,65-69,Accidentes de tráfico,88
2021,all,65-69,Agresiones (homicidio),13
2021,all,65-69,Envenenamiento accidental por psicofármacos y drogas de abuso,20
2021,all,65-69,Eventos de intención no determinada,3
2021,all,65-69,Suicidio y lesiones autoinfligidas,236
2021,all,65-69,Todas las causas,27465
2021,all,65-69,"Trastornos mentales debidos al uso de drogas (drogodependencia, toxicomanía)",1
2021,all,70-74,Accidentes de tráfico,73
2021,all,70-74,Agresiones (homicidio),6
2021,all,70-74,Envenenamiento accidental por psicofármacos y drogas de abuso,28
2021,all,70-74,Eventos de intención no determinada,1
2021,all,70-74,Suicidio y lesiones autoinfligidas,218
2021,all,70-74,Todas las causas,36355
2021,all,70-74,"Trastornos mentales debidos al uso de drogas (drogodependencia, toxicomanía)",0
2021,all,75-79,Accidentes de tráfico,90
2021,all,75-79,Agresiones (homicidio),9
2021,all,75-79,Envenenamiento accidental por psicofármacos y drogas de abuso,27
2021,all,75-79,Eventos de intención no determinada,5
2021,all,75-79,Suicidio y lesiones autoinfligidas,262
2021,all,75-79,Todas las causas,48847
2021,all,75-79,"Trastornos mentales debidos al uso de drogas (drogodependencia, toxicomanía)",1
2021,all,80-84,Accidentes de tráfico,70
2021,all,80-84,Agresiones (homicidio),10
2021,all,80-84,Envenenamiento accidental por psicofármacos y drogas de abuso,33
2021,all,80-84,Eventos de intención no determinada,1
2021,all,80-84,Suicidio y lesiones autoinfligidas,227
2021,all,80-84,Todas las causas,64074
2021,all,80-84,"Trastornos mentales debidos al uso de drogas (drogodependencia, toxicomanía)",1
2021,all,85-89,Accidentes de tráfico,53
2021,all,85-89,Agresiones (homicidio),4
2021,all,85-89,Envenenamiento accidental por psicofármacos y drogas de abuso,40
2021,all,85-89,Eventos de intención no determinada,1
2021,all,85-89,Suicidio y lesiones autoinfligidas,182
2021,all,85-89,Todas las causas,94365
2021,all,85-89,"Trastornos mentales debidos al uso de drogas (drogodependencia, toxicomanía)",0
2021,all,90-94,Accidentes de tráfico,13
2021,all,90-94,Agresiones (homicidio),2
2021,all,90-94,Envenenamiento accidental por psicofármacos y drogas de abuso,37
2021,all,90-94,Eventos de intención no determinada,1
2021,all,90-94,Suicidio y lesiones autoinfligidas,89
2021,all,90-94,Todas las causas,78091
2021,all,90-94,"Trastornos mentales debidos al uso de drogas (drogodependencia, toxicomanía)",0
2021,all,95+,Accidentes de tráfico,3
2021,all,95+,Agresiones (homicidio),2
2021,all,95+,Envenenamiento accidental por psicofármacos y drogas de abuso,10
2021,all,95+,Eventos de intención no determinada,0
2021,all,95+,Suicidio y lesiones autoinfligidas,21
2021,all,95+,Todas las causas,38365
2021,all,95+,"Trastornos mentales debidos al uso de drogas (drogodependencia, toxicomanía)",0
2021,all,<1,Accidentes de tráfico,2
2021,all,<1,Agresiones (homicidio),2
2021,all,<1,Envenenamiento accidental por psicofármacos y drogas de abuso,0
2021,all,<1,Eventos de intención no determinada,1
2021,all,<1,Suicidio y lesiones autoinfligidas,0
2021,all,<1,Todas las causas,861
2021,all,<1,"Trastornos mentales debidos al uso de drogas (drogodependencia, toxicomanía)",0
2021,all,all,Accidentes de tráfico,1599
2021,all,all,Agresiones (homicidio),283
2021,all,all,Envenenamiento accidental por psicofármacos y drogas de abuso,959
2021,all,all,Eventos de intención no determinada,61
2021,all,all,Suicidio y lesiones autoinfligidas,4003
2021,all,all,Todas las causas,450744
2021,all,all,"Trastornos mentales debidos al uso de drogas (drogodependencia, toxicomanía)",43
2021,female,1-4,Accidentes de tráfico,2
2021,female,1-4,Agresiones (homicidio),2
2021,female,1-4,Envenenamiento accidental por psicofármacos y drogas de abuso,0
2021,female,1-4,Eventos de intención no determinada,0
2021,female,1-4,Suicidio y lesiones autoinfligidas,0
2021,female,1-4,Todas las causas,85
2021,female,1-4,"Trastornos mentales debidos al uso de drogas (drogodependencia, toxicomanía)",0
2021,female,10-14,Accidentes de tráfico,3
2021,female,10-14,Agresiones (homicidio),1
2021,female,10-14,Envenenamiento accidental por psicofármacos y drogas de abuso,0
2021,female,10-14,Eventos de intención no determinada,0
2021,female,10-14,Suicidio y lesiones autoinfligidas,8
2021,female,10-14,Todas las causas,98
2021,female,10-14,"Trastornos mentales debidos al uso de drogas (drogodependencia, toxicomanía)",0
2021,female,15-19,Accidentes de tráfico,14
2021,female,15-19,Agresiones (homicidio),3
2021,female,15-19,Envenenamiento accidental por psicofármacos y drogas de abuso,0
2021,female,15-19,Eventos de intención no determinada,0
2021,female,15-19,Suicidio y lesiones autoinfligidas,25
2021,female,15-19,Todas las causas,133
2021,female,15-19,"Trastornos mentales debidos al uso de drogas (drogodependencia, toxicomanía)",0
2021,female,20-24,Accidentes de tráfico,30
2021,female,20-24,Agresiones (homicidio),2
2021,female,20-24,Envenenamiento accidental por psicofármacos y drogas de abuso,2
2021,female,20-24,Eventos de intención no determinada,0
2021,female,20-24,Suicidio y lesiones autoinfligidas,30
2021,female,20-24,Todas las causas,189
2021,female,20-24,"Trastornos mentales debidos al uso de drogas (drogodependencia, toxicomanía)",0
2021,female,25-29,Accidentes de tráfico,10
2021,female,25-29,Agresiones (homicidio),5
2021,female,25-29,Envenenamiento accidental por psicofármacos y drogas de abuso,3
2021,female,25-29,Eventos de intención no determinada,0
2021,female,25-29,Suicidio y lesiones autoinfligidas,24
2021,female,25-29,Todas las causas,210
2021,female,25-29,"Trastornos mentales debidos al uso de drogas (drogodependencia, toxicomanía)",0
2021,female,30-34,Accidentes de tráfico,16
2021,female,30-34,Agresiones (homicidio),7
2021,female,30-34,Envenenamiento accidental por psicofármacos y drogas de abuso,13
2021,female,30-34,Eventos de intención no determinada,0
2021,female,30-34,Suicidio y lesiones autoinfligidas,42
2021,female,30-34,Todas las causas,365
2021,female,30-34,"Trastornos mentales debidos al uso de drogas (drogodependencia, toxicomanía)",0
2021,female,35-39,Accidentes de tráfico,20
2021,female,35-39,Agresiones (homicidio),12
2021,female,35-39,Envenenamiento accidental por psicofármacos y drogas de abuso,15
2021,female,35-39,Eventos de intención no determinada,2
2021,female,35-39,Suicidio y lesiones autoinfligidas,57
2021,female,35-39,Todas las causas,682
2021,female,35-39,"Trastornos mentales debidos al uso de drogas (drogodependencia, toxicomanía)",1
2021,female,40-44,Accidentes de tráfico,11
2021,female,40-44,Agresiones (homicidio),11
2021,female,40-44,Envenenamiento accidental por psicofármacos y drogas de abuso,27
2021,female,40-44,Eventos de intención no determinada,1
2021,female,40-44,Suicidio y lesiones autoinfligidas,74
2021,female,40-44,Todas las causas,1207
2021,female,40-44,"Trastornos mentales debidos al uso de drogas (drogodependencia, toxicomanía)",3
2021,female,45-49,Accidentes de tráfico,19
2021,female,45-49,Agresiones (homicidio),6
2021,female,45-49,Envenenamiento accidental por psicofármacos y drogas de abuso,28
2021,female,45-49,Eventos de intención no determinada,2
2021,female,45-49,Suicidio y lesiones autoinfligidas,120
2021,female,45-49,Todas las causas,2092
2021,female,45-49,"Trastornos mentales debidos al uso de drogas (drogodependencia, toxicomanía)",0
2021,female,5-9,Accidentes de tráfico,4
2021,female,5-9,Agresiones (homicidio),1
2021,female,5-9,Envenenamiento accidental por psicofármacos y drogas de abuso,0
2021,female,5-9,Eventos de intención no determinada,0
2021,female,5-9,Suicidio y lesiones autoinfligidas,0
2021,female,5-9,Todas las causas,84
2021,female,5-9,"Trastornos mentales debidos al uso de drogas (drogodependencia, toxicomanía)",0
2021,female,50-54,Accidentes de tráfico,20
2021,female,50-54,Agresiones (homicidio),5
2021,female,50-54,Envenenamiento accidental por psicofármacos y drogas de abuso,25
2021,female,50-54,Eventos de intención no determinada,1
2021,female,50-54,Suicidio y lesiones autoinfligidas,137
2021,female,50-54,Todas las causas,3407
2021,female,50-54,"Trastornos mentales debidos al uso de drogas (drogodependencia, toxicomanía)",0
2021,female,55-59,Accidentes de tráfico,15
2021,female,55-59,Agresiones (homicidio),4
2021,female,55-59,Envenenamiento accidental por psicofármacos y drogas de abuso,20
2021,female,55-59,Eventos de intención no determinada,3
2021,female,55-59,Suicidio y lesiones autoinfligidas,102
2021,female,55-59,Todas las causas,4993
2021,female,55-59,"Trastornos mentales debidos al uso de drogas (drogodependencia, toxicomanía)",1
2021,female,60-64,Accidentes de tráfico,25
2021,female,60-64,Agresiones (homicidio),8
2021,female,60-64,Envenenamiento accidental por psicofármacos y drogas de abuso,11
2021,female,60-64,Eventos de intención no determinada,2
2021,female,60-64,Suicidio y lesiones autoinfligidas,88
2021,female,60-64,Todas las causas,7056
2021,female,60-64,"Trastornos mentales debidos al uso de drogas (drogodependencia, toxicomanía)",1
2021,female,65-69,Accidentes de tráfico,24
2021,female,65-69,Agresiones (homicidio),3
2021,female,65-69,Envenenamiento accidental por psicofármacos y drogas de abuso,8
2021,female,65-69,Eventos de intención no determinada,2
2021,female,65-69,Suicidio y lesiones autoinfligidas,75
2021,female,65-69,Todas las causas,8834
2021,female,65-69,"Trastornos mentales debidos al uso de drogas (drogodependencia, toxicomanía)",0
2021,female,70-74,Accidentes de tráfico,23
2021,female,70-74,Agresiones (homicidio),3
2021,female,70-74,Envenenamiento accidental por psicofármacos y drogas de abuso,14
2021,female,70-74,Eventos de intención no determinada,0
2021,female,70-74,Suicidio y lesiones autoinfligidas,56
2021,female,70-74,Todas las causas,12455
2021,female,70-74,"Trastornos mentales debidos al uso de drogas (drogodependencia, toxicomanía)",0
2021,female,75-79,Accidentes de tráfico,30
2021,female,75-79,Agresiones (homicidio),4
2021,female,75-79,Envenenamiento accidental por psicofármacos y drogas de abuso,14
2021,female,75-79,Eventos de intención no determinada,3
2021,female,75-79,Suicidio y lesiones autoinfligidas,65
2021,female,75-79,Todas las causas,18951
2021,female,75-79,"Trastornos mentales debidos al uso de drogas (drogodependencia, toxicomanía)",0
2021,female,80-84,Accidentes de tráfico,20
2021,female,80-84,Agresiones (homicidio),4
2021,female,80-84,Envenenamiento accidental por psicofármacos y drogas de abuso,14
2021,female,80-84,Eventos de intención no determinada,0
2021,female,80-84,Suicidio y lesiones autoinfligidas,59
2021,female,80-84,Todas las causas,29634
2021,female,80-84,"Trastornos mentales debidos al uso de drogas (drogodependencia, toxicomanía)",0
2021,female,85-89,Accidentes de tráfico,23
2021,female,85-89,Agresiones (homicidio),2
2021,female,85-89,Envenenamiento accidental por psicofármacos y drogas de abuso,23
2021,female,85-89,Eventos de intención no determinada,0
2021,female,85-89,Suicidio y lesiones autoinfligidas,41
2021,female,85-89,Todas las causas,51232
2021,female,85-89,"Trastornos mentales debidos al uso de drogas (drogodependencia, toxicomanía)",0
2021,female,90-94,Accidentes de tráfico,5
2021,female,90-94,Agresiones (homicidio),1
2021,female,90-94,Envenenamiento accidental por psicofármacos y drogas de abuso,22
2021,female,90-94,Eventos de intención no determinada,1
2021,female,90-94,Suicidio y lesiones autoinfligidas,15
2021,female,90-94,Todas las causas,49254
2021,female,90-94,"Trastornos mentales debidos al uso de drogas (drogodependencia, toxicomanía)",0
2021,female,95+,Accidentes de tráfico,2
2021,female,95+,Agresiones (homicidio),1
2021,female,95+,Envenenamiento accidental por psicofármacos y drogas de abuso,9
2021,female,95+,Eventos de intención no determinada,0
2021,female,95+,Suicidio y lesiones autoinfligidas,3
2021,female,95+,Todas las causas,27990
2021,female,95+,"Trastornos mentales debidos al uso de drogas (drogodependencia, toxicomanía)",0
2021,female,<1,Accidentes de tráfico,0
2021,female,<1,Agresiones (homicidio),1
2021,female,<1,Envenenamiento accidental por psicofármacos y drogas de abuso,0
2021,female,<1,Eventos de intención no determinada,0
2021,female,<1,Suicidio y lesiones autoinfligidas,0
2021,female,<1,Todas las causas,383
2021,female,<1,"Trastornos mentales debidos al uso de drogas (drogodependencia, toxicomanía)",0
2021,female,all,Accidentes de tráfico,316
2021,female,all,Agresiones (homicidio),86
2021,female,all,Envenenamiento accidental por psicofármacos y drogas de abuso,248
2021,female,all,Eventos de intención no determinada,17
2021,female,all,Suicidio y lesiones autoinfligidas,1021
2021,female,all,Todas las causas,219334
2021,female,all,"Trastornos mentales debidos al uso de drogas (drogodependencia, toxicomanía)",6
2021,male,1-4,Accidentes de tráfico,5
2021,male,1-4,Agresiones (homicidio),2
2021,male,1-4,Envenenamiento accidental por psicofármacos y drogas de abuso,0
2021,male,1-4,Eventos de intención no determinada,0
2021,male,1-4,Suicidio y lesiones autoinfligidas,0
2021,male,1-4,Todas las causas,104
2021,male,1-4,"Trastornos mentales debidos al uso de drogas (drogodependencia, toxicomanía)",0
2021,male,10-14,Accidentes de tráfico,5
2021,male,10-14,Agresiones (homicidio),0
2021,male,10-14,Envenenamiento accidental por psicofármacos y drogas de abuso,0
2021,male,10-14,Eventos de intención no determinada,0
2021,male,10-14,Suicidio y lesiones autoinfligidas,14
2021,male,10-14,Todas las causas,117
2021,male,10-14,"Trastornos mentales debidos al uso de drogas (drogodependencia, toxicomanía)",0
2021,male,15-19,Accidentes de tráfico,62
2021,male,15-19,Agresiones (homicidio),7
2021,male,15-19,Envenenamiento accidental por psicofármacos y drogas de abuso,11
2021,male,15-19,Eventos de intención no determinada,0
2021,male,15-19,Suicidio y lesiones autoinfligidas,28
2021,male,15-19,Todas las causas,305
2021,male,15-19,"Trastornos mentales debidos al uso de drogas (drogodependencia, toxicomanía)",0
2021,male,20-24,Accidentes de tráfico,104
2021,male,20-24,Agresiones (homicidio),14
2021,male,20-24,Envenenamiento accidental por psicofármacos y drogas de abuso,23
2021,male,20-24,Eventos de intención no determinada,0
2021,male,20-24,Suicidio y lesiones autoinfligidas,96
2021,male,20-24,Todas las causas,508
2021,male,20-24,"Trastornos mentales debidos al uso de drogas (drogodependencia, toxicomanía)",0
2021,male,25-29,Accidentes de tráfico,79
2021,male,25-29,Agresiones (homicidio),9
2021,male,25-29,Envenenamiento accidental por psicofármacos y drogas de abuso,34
2021,male,25-29,Eventos de intención no determinada,2
2021,male,25-29,Suicidio y lesiones autoinfligidas,113
2021,male,25-29,Todas las causas,596
2021,male,25-29,"Trastornos mentales debidos al uso de drogas (drogodependencia, toxicomanía)",0
2021,male,30-34,Accidentes de tráfico,90
2021,male,30-34,Agresiones (homicidio),14
2021,male,30-34,Envenenamiento accidental por psicofármacos y drogas de abuso,63
2021,male,30-34,Eventos de intención no determinada,2
2021,male,30-34,Suicidio y lesiones autoinfligidas,143
2021,male,30-34,Todas las causas,841
2021,male,30-34,"Trastornos mentales debidos al uso de drogas (drogodependencia, toxicomanía)",0
2021,male,35-39,Accidentes de tráfico,96
2021,male,35-39,Agresiones (homicidio),25
2021,male,35-39,Envenenamiento accidental por psicofármacos y drogas de abuso,61
2021,male,35-39,Eventos de intención no determinada,3
2021,male,35-39,Suicidio y lesiones autoinfligidas,172
2021,male,35-39,Todas las causas,1216
2021,male,35-39,"Trastornos mentales debidos al uso de drogas (drogodependencia, toxicomanía)",3
2021,male,40-44,Accidentes de tráfico,111
2021,male,40-44,Agresiones (homicidio),19
2021,male,40-44,Envenenamiento accidental por psicofármacos y drogas de abuso,95
2021,male,40-44,Eventos de intención no determinada,3
2021,male,40-44,Suicidio y lesiones autoinfligidas,281
2021,male,40-44,Todas las causas,2203
2021,male,40-44,"Trastornos mentales debidos al uso de drogas (drogodependencia, toxicomanía)",3
2021,male,45-49,Accidentes de tráfico,118
2021,male,45-49,Agresiones (homicidio),24
2021,male,45-49,Envenenamiento accidental por psicofármacos y drogas de abuso,107
2021,male,45-49,Eventos de intención no determinada,8
2021,male,45-49,Suicidio y lesiones autoinfligidas,318
2021,male,45-49,Todas las causas,3759
2021,male,45-49,"Trastornos mentales debidos al uso de drogas (drogodependencia, toxicomanía)",7
2021,male,5-9,Accidentes de tráfico,6
2021,male,5-9,Agresiones (homicidio),2
2021,male,5-9,Envenenamiento accidental por psicofármacos y drogas de abuso,0
2021,male,5-9,Eventos de intención no determinada,0
2021,male,5-9,Suicidio y lesiones autoinfligidas,0
2021,male,5-9,Todas las causas,86
2021,male,5-9,"Trastornos mentales debidos al uso de drogas (drogodependencia, toxicomanía)",0
2021,male,50-54,Accidentes de tráfico,125
2021,male,50-54,Agresiones (homicidio),29
2021,male,50-54,Envenenamiento accidental por psicofármacos y drogas de abuso,119
2021,male,50-54,Eventos de intención no determinada,12
2021,male,50-54,Suicidio y lesiones autoinfligidas,323
2021,male,50-54,Todas las causas,6496
2021,male,50-54,"Trastornos mentales debidos al uso de drogas (drogodependencia, toxicomanía)",11
2021,male,55-59,Accidentes de tráfico,119
2021,male,55-59,Agresiones (homicidio),9
2021,male,55-59,Envenenamiento accidental por psicofármacos y drogas de abuso,67
2021,male,55-59,Eventos de intención no determinada,4
2021,male,55-59,Suicidio y lesiones autoinfligidas,305
2021,male,55-59,Todas las causas,10551
2021,male,55-59,"Trastornos mentales debidos al uso de drogas (drogodependencia, toxicomanía)",8
2021,male,60-64,Accidentes de tráfico,98
2021,male,60-64,Agresiones (homicidio),14
2021,male,60-64,Envenenamiento accidental por psicofármacos y drogas de abuso,40
2021,male,60-64,Eventos de intención no determinada,3
2021,male,60-64,Suicidio y lesiones autoinfligidas,268
2021,male,60-64,Todas las causas,14938
2021,male,60-64,"Trastornos mentales debidos al uso de drogas (drogodependencia, toxicomanía)",2
2021,male,65-69,Accidentes de tráfico,64
2021,male,65-69,Agresiones (homicidio),10
2021,male,65-69,Envenenamiento accidental por psicofármacos y drogas de abuso,12
2021,male,65-69,Eventos de intención no determinada,1
2021,male,65-69,Suicidio y lesiones autoinfligidas,161
2021,male,65-69,Todas las causas,18631
2021,male,65-69,"Trastornos mentales debidos al uso de drogas (drogodependencia, toxicomanía)",1
2021,male,70-74,Accidentes de tráfico,50
2021,male,70-74,Agresiones (homicidio),3
2021,male,70-74,Envenenamiento accidental por psicofármacos y drogas de abuso,14
2021,male,70-74,Eventos de intención no determinada,1
2021,male,70-74,Suicidio y lesiones autoinfligidas,162
2021,male,70-74,Todas las causas,23900
2021,male,70-74,"Trastornos mentales debidos al uso de drogas (drogodependencia, toxicomanía)",0
2021,male,75-79,Accidentes de tráfico,60
2021,male,75-79,Agresiones (homicidio),5
2021,male,75-79,Envenenamiento accidental por psicofármacos y drogas de abuso,13
2021,male,75-79,Eventos de intención no determinada,2
2021,male,75-79,Suicidio y lesiones autoinfligidas,197
2021,male,75-79,Todas las causas,29896
2021,male,75-79,"Trastornos mentales debidos al uso de drogas (drogodependencia, toxicomanía)",1
2021,male,80-84,Accidentes de tráfico,50
2021,male,80-84,Agresiones (homicidio),6
2021,male,80-84,Envenenamiento accidental por psicofármacos y drogas de abuso,19
2021,male,80-84,Eventos de intención no determinada,1
2021,male,80-84,Suicidio y lesiones autoinfligidas,168
2021,male,80-84,Todas las causas,34440
2021,male,80-84,"Trastornos mentales debidos al uso de drogas (drogodependencia, toxicomanía)",1
2021,male,85-89,Accidentes de tráfico,30
2021,male,85-89,Agresiones (homicidio),2
2021,male,85-89,Envenenamiento accidental por psicofármacos y drogas de abuso,17
2021,male,85-89,Eventos de intención no determinada,1
2021,male,85-89,Suicidio y lesiones autoinfligidas,141
2021,male,85-89,Todas las causas,43133
2021,male,85-89,"Trastornos mentales debidos al uso de drogas (drogodependencia, toxicomanía)",0
2021,male,90-94,Accidentes de tráfico,8
2021,male,90-94,Agresiones (homicidio),1
2021,male,90-94,Envenenamiento accidental por psicofármacos y drogas de abuso,15
2021,male,90-94,Eventos de intención no determinada,0
2021,male,90-94,Suicidio y lesiones autoinfligidas,74
2021,male,90-94,Todas las causas,28837
2021,male,90-94,"Trastornos mentales debidos al uso de drogas (drogodependencia, toxicomanía)",0
2021,male,95+,Accidentes de tráfico,1
2021,male,95+,Agresiones (homicidio),1
2021,male,95+,Envenenamiento accidental por psicofármacos y drogas de abuso,1
2021,male,95+,Eventos de intención no determinada,0
2021,male,95+,Suicidio y lesiones autoinfligidas,18
2021,male,95+,Todas las causas,10375
2021,male,95+,"Trastornos mentales debidos al uso de drogas (drogodependencia, toxicomanía)",0
2021,male,<1,Accidentes de tráfico,2
2021,male,<1,Agresiones (homicidio),1
2021,male,<1,Envenenamiento accidental por psicofármacos y drogas de abuso,0
2021,male,<1,Eventos de intención no determinada,1
2021,male,<1,Suicidio y lesiones autoinfligidas,0
2021,male,<1,Todas las causas,478
2021,male,<1,"Trastornos mentales debidos al uso de drogas (drogodependencia, toxicomanía)",0
2021,male,all,Accidentes de tráfico,1283
2021,male,all,Agresiones (homicidio),197
2021,male,all,Envenenamiento accidental por psicofármacos y drogas de abuso,711
2021,male,all,Eventos de intención no determinada,44
2021,male,all,Suicidio y lesiones autoinfligidas,2982
2021,male,all,Todas las causas,231410
2021,male,all,"Trastornos mentales debidos al uso de drogas (drogodependencia, toxicomanía)",37
2022,all,1-4,Accidentes de tráfico,7
2022,all,1-4,Agresiones (homicidio),2
2022,all,1-4,Envenenamiento accidental por psicofármacos y drogas de abuso,0
2022,all,1-4,Eventos de intención no determinada,0
2022,all,1-4,Suicidio y lesiones autoinfligidas,0
2022,all,1-4,Todas las causas,257
2022,all,1-4,"Trastornos mentales debidos al uso de drogas (drogodependencia, toxicomanía)",0
2022,all,10-14,Accidentes de tráfico,7
2022,all,10-14,Agresiones (homicidio),6
2022,all,10-14,Envenenamiento accidental por psicofármacos y drogas de abuso,0
2022,all,10-14,Eventos de intención no determinada,0
2022,all,10-14,Suicidio y lesiones autoinfligidas,12
2022,all,10-14,Todas las causas,247
2022,all,10-14,"Trastornos mentales debidos al uso de drogas (drogodependencia, toxicomanía)",0
2022,all,15-19,Accidentes de tráfico,74
2022,all,15-19,Agresiones (homicidio),19
2022,all,15-19,Envenenamiento accidental por psicofármacos y drogas de abuso,10
2022,all,15-19,Eventos de intención no determinada,2
2022,all,15-19,Suicidio y lesiones autoinfligidas,75
2022,all,15-19,Todas las causas,475
2022,all,15-19,"Trastornos mentales debidos al uso de drogas (drogodependencia, toxicomanía)",0
2022,all,20-24,Accidentes de tráfico,126
2022,all,20-24,Agresiones (homicidio),16
2022,all,20-24,Envenenamiento accidental por psicofármacos y drogas de abuso,36
2022,all,20-24,Eventos de intención no determinada,4
2022,all,20-24,Suicidio y lesiones autoinfligidas,131
2022,all,20-24,Todas las causas,744
2022,all,20-24,"Trastornos mentales debidos al uso de drogas (drogodependencia, toxicomanía)",2
2022,all,25-29,Accidentes de tráfico,120
2022,all,25-29,Agresiones (homicidio),22
2022,all,25-29,Envenenamiento accidental por psicofármacos y drogas de abuso,45
2022,all,25-29,Eventos de intención no determinada,5
2022,all,25-29,Suicidio y lesiones autoinfligidas,135
2022,all,25-29,Todas las causas,785
2022,all,25-29,"Trastornos mentales debidos al uso de drogas (drogodependencia, toxicomanía)",0
2022,all,30-34,Accidentes de tráfico,107
2022,all,30-34,Agresiones (homicidio),23
2022,all,30-34,Envenenamiento accidental por psicofármacos y drogas de abuso,69
2022,all,30-34,Eventos de intención no determinada,4
2022,all,30-34,Suicidio y lesiones autoinfligidas,201
2022,all,30-34,Todas las causas,1214
2022,all,30-34,"Trastornos mentales debidos al uso de drogas (drogodependencia, toxicomanía)",2
2022,all,35-39,Accidentes de tráfico,114
2022,all,35-39,Agresiones (homicidio),23
2022,all,35-39,Envenenamiento accidental por psicofármacos y drogas de abuso,98
2022,all,35-39,Eventos de intención no determinada,5
2022,all,35-39,Suicidio y lesiones autoinfligidas,235
2022,all,35-39,Todas las causas,1790
2022,all,35-39,"Trastornos mentales debidos al uso de drogas (drogodependencia, toxicomanía)",1
2022,all,40-44,Accidentes de tráfico,158
2022,all,40-44,Agresiones (homicidio),32
2022,all,40-44,Envenenamiento accidental por psicofármacos y drogas de abuso,163
2022,all,40-44,Eventos de intención no determinada,7
2022,all,40-44,Suicidio y lesiones autoinfligidas,350
2022,all,40-44,Todas las causas,3422
2022,all,40-44,"Trastornos mentales debidos al uso de drogas (drogodependencia, toxicomanía)",6
2022,all,45-49,Accidentes de tráfico,153
2022,all,45-49,Agresiones (homicidio),28
2022,all,45-49,Envenenamiento accidental por psicofármacos y drogas de abuso,147
2022,all,45-49,Eventos de intención no determinada,3
2022,all,45-49,Suicidio y lesiones autoinfligidas,444
2022,all,45-49,Todas las causas,5697
2022,all,45-49,"Trastornos mentales debidos al uso de drogas (drogodependencia, toxicomanía)",5
2022,all,5-9,Accidentes de tráfico,4
2022,all,5-9,Agresiones (homicidio),4
2022,all,5-9,Envenenamiento accidental por psicofármacos y drogas de abuso,0
2022,all,5-9,Eventos de intención no determinada,0
2022,all,5-9,Suicidio y lesiones autoinfligidas,0
2022,all,5-9,Todas las causas,175
2022,all,5-9,"Trastornos mentales debidos al uso de drogas (drogodependencia, toxicomanía)",0
2022,all,50-54,Accidentes de tráfico,141
2022,all,50-54,Agresiones (homicidio),37
2022,all,50-54,Envenenamiento accidental por psicofármacos y drogas de abuso,148
2022,all,50-54,Eventos de intención no determinada,7
2022,all,50-54,Suicidio y lesiones autoinfligidas,486
2022,all,50-54,Todas las causas,9768
2022,all,50-54,"Trastornos mentales debidos al uso de drogas (drogodependencia, toxicomanía)",10
2022,all,55-59,Accidentes de tráfico,135
2022,all,55-59,Agresiones (homicidio),20
2022,all,55-59,Envenenamiento accidental por psicofármacos y drogas de abuso,105
2022,all,55-59,Eventos de intención no determinada,13
2022,all,55-59,Suicidio y lesiones autoinfligidas,479
2022,all,55-59,Todas las causas,15497
2022,all,55-59,"Trastornos mentales debidos al uso de drogas (drogodependencia, toxicomanía)",7
2022,all,60-64,Accidentes de tráfico,158
2022,all,60-64,Agresiones (homicidio),15
2022,all,60-64,Envenenamiento accidental por psicofármacos y drogas de abuso,56
2022,all,60-64,Eventos de intención no determinada,13
2022,all,60-64,Suicidio y lesiones autoinfligidas,385
2022,all,60-64,Todas las causas,21799
2022,all,60-64,"Trastornos mentales debidos al uso de drogas (drogodependencia, toxicomanía)",5
2022,all,65-69,Accidentes de tráfico,107
2022,all,65-69,Agresiones (homicidio),12
2022,all,65-69,Envenenamiento accidental por psicofármacos y drogas de abuso,27
2022,all,65-69,Eventos de intención no determinada,3
2022,all,65-69,Suicidio y lesiones autoinfligidas,278
2022,all,65-69,Todas las causas,27473
2022,all,65-69,"Trastornos mentales debidos al uso de drogas (drogodependencia, toxicomanía)",2
2022,all,70-74,Accidentes de tráfico,111
2022,all,70-74,Agresiones (homicidio),11
2022,all,70-74,Envenenamiento accidental por psicofármacos y drogas de abuso,18
2022,all,70-74,Eventos de intención no determinada,3
2022,all,70-74,Suicidio y lesiones autoinfligidas,275
2022,all,70-74,Todas las causas,36476
2022,all,70-74,"Trastornos mentales debidos al uso de drogas (drogodependencia, toxicomanía)",0
2022,all,75-79,Accidentes de tráfico,105
2022,all,75-79,Agresiones (homicidio),11
2022,all,75-79,Envenenamiento accidental por psicofármacos y drogas de abuso,23
2022,all,75-79,Eventos de intención no determinada,2
2022,all,75-79,Suicidio y lesiones autoinfligidas,212
2022,all,75-79,Todas las causas,50617
2022,all,75-79,"Trastornos mentales debidos al uso de drogas (drogodependencia, toxicomanía)",1
2022,all,80-84,Accidentes de tráfico,82
2022,all,80-84,Agresiones (homicidio),8
2022,all,80-84,Envenenamiento accidental por psicofármacos y drogas de abuso,28
2022,all,80-84,Eventos de intención no determinada,4
2022,all,80-84,Suicidio y lesiones autoinfligidas,216
2022,all,80-84,Todas las causas,61479
2022,all,80-84,"Trastornos mentales debidos al uso de drogas (drogodependencia, toxicomanía)",1
2022,all,85-89,Accidentes de tráfico,77
2022,all,85-89,Agresiones (homicidio),3
2022,all,85-89,Envenenamiento accidental por psicofármacos y drogas de abuso,43
2022,all,85-89,Eventos de intención no determinada,3
2022,all,85-89,Suicidio y lesiones autoinfligidas,194
2022,all,85-89,Todas las causas,96180
2022,all,85-89,"Trastornos mentales debidos al uso de drogas (drogodependencia, toxicomanía)",0
2022,all,90-94,Accidentes de tráfico,25
2022,all,90-94,Agresiones (homicidio),4
2022,all,90-94,Envenenamiento accidental por psicofármacos y drogas de abuso,34
2022,all,90-94,Eventos de intención no determinada,1
2022,all,90-94,Suicidio y lesiones autoinfligidas,94
2022,all,90-94,Todas las causas,85890
2022,all,90-94,"Trastornos mentales debidos al uso de drogas (drogodependencia, toxicomanía)",0
2022,all,95+,Accidentes de tráfico,3
2022,all,95+,Agresiones (homicidio),4
2022,all,95+,Envenenamiento accidental por psicofármacos y drogas de abuso,20
2022,all,95+,Eventos de intención no determinada,0
2022,all,95+,Suicidio y lesiones autoinfligidas,25
2022,all,95+,Todas las causas,43563
2022,all,95+,"Trastornos mentales debidos al uso de drogas (drogodependencia, toxicomanía)",0
2022,all,<1,Accidentes de tráfico,1
2022,all,<1,Agresiones (homicidio),5
2022,all,<1,Envenenamiento accidental por psicofármacos y drogas de abuso,0
2022,all,<1,Eventos de intención no determinada,0
2022,all,<1,Suicidio y lesiones autoinfligidas,0
2022,all,<1,Todas las causas,869
2022,all,<1,"Trastornos mentales debidos al uso de drogas (drogodependencia, toxicomanía)",0
2022,all,all,Accidentes de tráfico,1815
2022,all,all,Agresiones (homicidio),305
2022,all,all,Envenenamiento accidental por psicofármacos y drogas de abuso,1070
2022,all,all,Eventos de intención no determinada,79
2022,all,all,Suicidio y lesiones autoinfligidas,4227
2022,all,all,Todas las causas,464417
2022,all,all,"Trastornos mentales debidos al uso de drogas (drogodependencia, toxicomanía)",42
2022,female,1-4,Accidentes de tráfico,3
2022,female,1-4,Agresiones (homicidio),0
2022,female,1-4,Envenenamiento accidental por psicofármacos y drogas de abuso,0
2022,female,1-4,Eventos de intención no determinada,0
2022,female,1-4,Suicidio y lesiones autoinfligidas,0
2022,female,1-4,Todas las causas,106
2022,female,1-4,"Trastornos mentales debidos al uso de drogas (drogodependencia, toxicomanía)",0
2022,female,10-14,Accidentes de tráfico,4
2022,female,10-14,Agresiones (homicidio),3
2022,female,10-14,Envenenamiento accidental por psicofármacos y drogas de abuso,0
2022,female,10-14,Eventos de intención no determinada,0
2022,female,10-14,Suicidio y lesiones autoinfligidas,3
2022,female,10-14,Todas las causas,94
2022,female,10-14,"Trastornos mentales debidos al uso de drogas (drogodependencia, toxicomanía)",0
2022,female,15-19,Accidentes de tráfico,15
2022,female,15-19,Agresiones (homicidio),3
2022,female,15-19,Envenenamiento accidental por psicofármacos y drogas de abuso,3
2022,female,15-19,Eventos de intención no determinada,1
2022,female,15-19,Suicidio y lesiones autoinfligidas,31
2022,female,15-19,Todas las causas,144
2022,female,15-19,"Trastornos mentales debidos al uso de drogas (drogodependencia, toxicomanía)",0
2022,female,20-24,Accidentes de tráfico,24
2022,female,20-24,Agresiones (homicidio),3
2022,female,20-24,Envenenamiento accidental por psicofármacos y drogas de abuso,6
2022,female,20-24,Eventos de intención no determinada,1
2022,female,20-24,Suicidio y lesiones autoinfligidas,39
2022,female,20-24,Todas las causas,211
2022,female,20-24,"Trastornos mentales debidos al uso de drogas (drogodependencia, toxicomanía)",0
2022,female,25-29,Accidentes de tráfico,24
2022,female,25-29,Agresiones (homicidio),4
2022,female,25-29,Envenenamiento accidental por psicofármacos y drogas de abuso,13
2022,female,25-29,Eventos de intención no determinada,1
2022,female,25-29,Suicidio y lesiones autoinfligidas,47
2022,female,25-29,Todas las causas,231
2022,female,25-29,"Trastornos mentales debidos al uso de drogas (drogodependencia, toxicomanía)",0
2022,female,30-34,Accidentes de tráfico,12
2022,female,30-34,Agresiones (homicidio),10
2022,female,30-34,Envenenamiento accidental por psicofármacos y drogas de abuso,16
2022,female,30-34,Eventos de intención no determinada,1
2022,female,30-34,Suicidio y lesiones autoinfligidas,40
2022,female,30-34,Todas las causas,363
2022,female,30-34,"Trastornos mentales debidos al uso de drogas (drogodependencia, toxicomanía)",0
2022,female,35-39,Accidentes de tráfico,22
2022,female,35-39,Agresiones (homicidio),6
2022,female,35-39,Envenenamiento accidental por psicofármacos y drogas de abuso,21
2022,female,35-39,Eventos de intención no determinada,2
2022,female,35-39,Suicidio y lesiones autoinfligidas,60
2022,female,35-39,Todas las causas,621
2022,female,35-39,"Trastornos mentales debidos al uso de drogas (drogodependencia, toxicomanía)",1
2022,female,40-44,Accidentes de tráfico,20
2022,female,40-44,Agresiones (homicidio),7
2022,female,40-44,Envenenamiento accidental por psicofármacos y drogas de abuso,29
2022,female,40-44,Eventos de intención no determinada,4
2022,female,40-44,Suicidio y lesiones autoinfligidas,77
2022,female,40-44,Todas las causas,1194
2022,female,40-44,"Trastornos mentales debidos al uso de drogas (drogodependencia, toxicomanía)",0
2022,female,45-49,Accidentes de tráfico,21
2022,female,45-49,Agresiones (homicidio),8
2022,female,45-49,Envenenamiento accidental por psicofármacos y drogas de abuso,29
2022,female,45-49,Eventos de intención no determinada,2
2022,female,45-49,Suicidio y lesiones autoinfligidas,112
2022,female,45-49,Todas las causas,2084
2022,female,45-49,"Trastornos mentales debidos al uso de drogas (drogodependencia, toxicomanía)",0
2022,female,5-9,Accidentes de tráfico,2
2022,female,5-9,Agresiones (homicidio),3
2022,female,5-9,Envenenamiento accidental por psicofármacos y drogas de abuso,0
2022,female,5-9,Eventos de intención no determinada,0
2022,female,5-9,Suicidio y lesiones autoinfligidas,0
2022,female,5-9,Todas las causas,76
2022,female,5-9,"Trastornos mentales debidos al uso de drogas (drogodependencia, toxicomanía)",0
2022,female,50-54,Accidentes de tráfico,23
2022,female,50-54,Agresiones (homicidio),15
2022,female,50-54,Envenenamiento accidental por psicofármacos y drogas de abuso,25
2022,female,50-54,Eventos de intención no determinada,4
2022,female,50-54,Suicidio y lesiones autoinfligidas,134
2022,female,50-54,Todas las causas,3410
2022,female,50-54,"Trastornos mentales debidos al uso de drogas (drogodependencia, toxicomanía)",1
2022,female,55-59,Accidentes de tráfico,24
2022,female,55-59,Agresiones (homicidio),6
2022,female,55-59,Envenenamiento accidental por psicofármacos y drogas de abuso,16
2022,female,55-59,Eventos de intención no determinada,4
2022,female,55-59,Suicidio y lesiones autoinfligidas,125
2022,female,55-59,Todas las causas,5131
2022,female,55-59,"Trastornos mentales debidos al uso de drogas (drogodependencia, toxicomanía)",1
2022,female,60-64,Accidentes de tráfico,35
2022,female,60-64,Agresiones (homicidio),6
2022,female,60-64,Envenenamiento accidental por psicofármacos y drogas de abuso,17
2022,female,60-64,Eventos de intención no determinada,7
2022,female,60-64,Suicidio y lesiones autoinfligidas,88
2022,female,60-64,Todas las causas,7227
2022,female,60-64,"Trastornos mentales debidos al uso de drogas (drogodependencia, toxicomanía)",1
2022,female,65-69,Accidentes de tráfico,28
2022,female,65-69,Agresiones (homicidio),7
2022,female,65-69,Envenenamiento accidental por psicofármacos y drogas de abuso,14
2022,female,65-69,Eventos de intención no determinada,2
2022,female,65-69,Suicidio y lesiones autoinfligidas,81
2022,female,65-69,Todas las causas,9075
2022,female,65-69,"Trastornos mentales debidos al uso de drogas (drogodependencia, toxicomanía)",0
2022,female,70-74,Accidentes de tráfico,36
2022,female,70-74,Agresiones (homicidio),3
2022,female,70-74,Envenenamiento accidental por psicofármacos y drogas de abuso,9
2022,female,70-74,Eventos de intención no determinada,2
2022,female,70-74,Suicidio y lesiones autoinfligidas,87
2022,female,70-74,Todas las causas,12667
2022,female,70-74,"Trastornos mentales debidos al uso de drogas (drogodependencia, toxicomanía)",0
2022,female,75-79,Accidentes de tráfico,34
2022,female,75-79,Agresiones (homicidio),3
2022,female,75-79,Envenenamiento accidental por psicofármacos y drogas de abuso,16
2022,female,75-79,Eventos de intención no determinada,0
2022,female,75-79,Suicidio y lesiones autoinfligidas,50
2022,female,75-79,Todas las causas,19885
2022,female,75-79,"Trastornos mentales debidos al uso de drogas (drogodependencia, toxicomanía)",0
2022,female,80-84,Accidentes de tráfico,38
2022,female,80-84,Agresiones (homicidio),6
2022,female,80-84,Envenenamiento accidental por psicofármacos y drogas de abuso,19
2022,female,80-84,Eventos de intención no determinada,1
2022,female,80-84,Suicidio y lesiones autoinfligidas,61
2022,female,80-84,Todas las causas,28517
2022,female,80-84,"Trastornos mentales debidos al uso de drogas (drogodependencia, toxicomanía)",1
2022,female,85-89,Accidentes de tráfico,24
2022,female,85-89,Agresiones (homicidio),3
2022,female,85-89,Envenenamiento accidental por psicofármacos y drogas de abuso,29
2022,female,85-89,Eventos de intención no determinada,1
2022,female,85-89,Suicidio y lesiones autoinfligidas,35
2022,female,85-89,Todas las causas,52390
2022,female,85-89,"Trastornos mentales debidos al uso de drogas (drogodependencia, toxicomanía)",0
2022,female,90-94,Accidentes de tráfico,12
2022,female,90-94,Agresiones (homicidio),3
2022,female,90-94,Envenenamiento accidental por psicofármacos y drogas de abuso,25
2022,female,90-94,Eventos de intención no determinada,0
2022,female,90-94,Suicidio y lesiones autoinfligidas,22
2022,female,90-94,Todas las causas,54179
2022,female,90-94,"Trastornos mentales debidos al uso de drogas (drogodependencia, toxicomanía)",0
2022,female,95+,Accidentes de tráfico,2
2022,female,95+,Agresiones (homicidio),4
2022,female,95+,Envenenamiento accidental por psicofármacos y drogas de abuso,15
2022,female,95+,Eventos de intención no determinada,0
2022,female,95+,Suicidio y lesiones autoinfligidas,9
2022,female,95+,Todas las causas,32080
2022,female,95+,"Trastornos mentales debidos al uso de drogas (drogodependencia, toxicomanía)",0
2022,female,<1,Accidentes de tráfico,1
2022,female,<1,Agresiones (homicidio),3
2022,female,<1,Envenenamiento accidental por psicofármacos y drogas de abuso,0
2022,female,<1,Eventos de intención no determinada,0
2022,female,<1,Suicidio y lesiones autoinfligidas,0
2022,female,<1,Todas las causas,370
2022,female,<1,"Trastornos mentales debidos al uso de drogas (drogodependencia, toxicomanía)",0
2022,female,all,Accidentes de tráfico,404
2022,female,all,Agresiones (homicidio),106
2022,female,all,Envenenamiento accidental por psicofármacos y drogas de abuso,302
2022,female,all,Eventos de intención no determinada,33
2022,female,all,Suicidio y lesiones autoinfligidas,1101
2022,female,all,Todas las causas,230055
2022,female,all,"Trastornos mentales debidos al uso de drogas (drogodependencia, toxicomanía)",5
2022,male,1-4,Accidentes de tráfico,4
2022,male,1-4,Agresiones (homicidio),2
2022,male,1-4,Envenenamiento accidental por psicofármacos y drogas de abuso,0
2022,male,1-4,Eventos de intención no determinada,0
2022,male,1-4,Suicidio y lesiones autoinfligidas,0
2022,male,1-4,Todas las causas,151
2022,male,1-4,"Trastornos mentales debidos al uso de drogas (drogodependencia, toxicomanía)",0
2022,male,10-14,Accidentes de tráfico,3
2022,male,10-14,Agresiones (homicidio),3
2022,male,10-14,Envenenamiento accidental por psicofármacos y drogas de abuso,0
2022,male,10-14,Eventos de intención no determinada,0
2022,male,10-14,Suicidio y lesiones autoinfligidas,9
2022,male,10-14,Todas las causas,153
2022,male,10-14,"Trastornos mentales debidos al uso de drogas (drogodependencia, toxicomanía)",0
2022,male,15-19,Accidentes de tráfico,59
2022,male,15-19,Agresiones (homicidio),16
2022,male,15-19,Envenenamiento accidental por psicofármacos y drogas de abuso,7
2022,male,15-19,Eventos de intención no determinada,1
2022,male,15-19,Suicidio y lesiones autoinfligidas,44
2022,male,15-19,Todas las causas,331
2022,male,15-19,"Trastornos mentales debidos al uso de drogas (drogodependencia, toxicomanía)",0
2022,male,20-24,Accidentes de tráfico,102
2022,male,20-24,Agresiones (homicidio),13
2022,male,20-24,Envenenamiento accidental por psicofármacos y drogas de abuso,30
2022,male,20-24,Eventos de intención no determinada,3
2022,male,20-24,Suicidio y lesiones autoinfligidas,92
2022,male,20-24,Todas las causas,533
2022,male,20-24,"Trastornos mentales debidos al uso de drogas (drogodependencia, toxicomanía)",2
2022,male,25-29,Accidentes de tráfico,96
2022,male,25-29,Agresiones (homicidio),18
2022,male,25-29,Envenenamiento accidental por psicofármacos y drogas de abuso,32
2022,male,25-29,Eventos de intención no determinada,4
2022,male,25-29,Suicidio y lesiones autoinfligidas,88
2022,male,25-29,Todas las causas,554
2022,male,25-29,"Trastornos mentales debidos al uso de drogas (drogodependencia, toxicomanía)",0
2022,male,30-34,Accidentes de tráfico,95
2022,male,30-34,Agresiones (homicidio),13
2022,male,30-34,Envenenamiento accidental por psicofármacos y drogas de abuso,53
2022,male,30-34,Eventos de intención no determinada,3
2022,male,30-34,Suicidio y lesiones autoinfligidas,161
2022,male,30-34,Todas las causas,851
2022,male,30-34,"Trastornos mentales debidos al uso de drogas (drogodependencia, toxicomanía)",2
2022,male,35-39,Accidentes de tráfico,92
2022,male,35-39,Agresiones (homicidio),17
2022,male,35-39,Envenenamiento accidental por psicofármacos y drogas de abuso,77
2022,male,35-39,Eventos de intención no determinada,3
2022,male,35-39,Suicidio y lesiones autoinfligidas,175
2022,male,35-39,Todas las causas,1169
2022,male,35-39,"Trastornos mentales debidos al uso de drogas (drogodependencia, toxicomanía)",0
2022,male,40-44,Accidentes de tráfico,138
2022,male,40-44,Agresiones (homicidio),25
2022,male,40-44,Envenenamiento accidental por psicofármacos y drogas de abuso,134
2022,male,40-44,Eventos de intención no determinada,3
2022,male,40-44,Suicidio y lesiones autoinfligidas,273
2022,male,40-44,Todas las causas,2228
2022,male,40-44,"Trastornos mentales debidos al uso de drogas (drogodependencia, toxicomanía)",6
2022,male,45-49,Accidentes de tráfico,132
2022,male,45-49,Agresiones (homicidio),20
2022,male,45-49,Envenenamiento accidental por psicofármacos y drogas de abuso,118
2022,male,45-49,Eventos de intención no determinada,1
2022,male,45-49,Suicidio y lesiones autoinfligidas,332
2022,male,45-49,Todas las causas,3613
2022,male,45-49,"Trastornos mentales debidos al uso de drogas (drogodependencia, toxicomanía)",5
2022,male,5-9,Accidentes de tráfico,2
2022,male,5-9,Agresiones (homicidio),1
2022,male,5-9,Envenenamiento accidental por psicofármacos y drogas de abuso,0
2022,male,5-9,Eventos de intención no determinada,0
2022,male,5-9,Suicidio y lesiones autoinfligidas,0
2022,male,5-9,Todas las causas,99
2022,male,5-9,"Trastornos mentales debidos al uso de drogas (drogodependencia, toxicomanía)",0
2022,male,50-54,Accidentes de tráfico,118
2022,male,50-54,Agresiones (homicidio),22
2022,male,50-54,Envenenamiento accidental por psicofármacos y drogas de abuso,123
2022,male,50-54,Eventos de intención no determinada,3
2022,male,50-54,Suicidio y lesiones autoinfligidas,352
2022,male,50-54,Todas las causas,6358
2022,male,50-54,"Trastornos mentales debidos al uso de drogas (drogodependencia, toxicomanía)",9
2022,male,55-59,Accidentes de tráfico,111
2022,male,55-59,Agresiones (homicidio),14
2022,male,55-59,Envenenamiento accidental por psicofármacos y drogas de abuso,89
2022,male,55-59,Eventos de intención no determinada,9
2022,male,55-59,Suicidio y lesiones autoinfligidas,354
2022,male,55-59,Todas las causas,10366
2022,male,55-59,"Trastornos mentales debidos al uso de drogas (drogodependencia, toxicomanía)",6
2022,male,60-64,Accidentes de tráfico,123
2022,male,60-64,Agresiones (homicidio),9
2022,male,60-64,Envenenamiento accidental por psicofármacos y drogas de abuso,39
2022,male,60-64,Eventos de intención no determinada,6
2022,male,60-64,Suicidio y lesiones autoinfligidas,297
2022,male,60-64,Todas las causas,14572
2022,male,60-64,"Trastornos mentales debidos al uso de drogas (drogodependencia, toxicomanía)",4
2022,male,65-69,Accidentes de tráfico,79
2022,male,65-69,Agresiones (homicidio),5
2022,male,65-69,Envenenamiento accidental por psicofármacos y drogas de abuso,13
2022,male,65-69,Eventos de intención no determinada,1
2022,male,65-69,Suicidio y lesiones autoinfligidas,197
2022,male,65-69,Todas las causas,18398
2022,male,65-69,"Trastornos mentales debidos al uso de drogas (drogodependencia, toxicomanía)",2
2022,male,70-74,Accidentes de tráfico,75
2022,male,70-74,Agresiones (homicidio),8
2022,male,70-74,Envenenamiento accidental por psicofármacos y drogas de abuso,9
2022,male,70-74,Eventos de intención no determinada,1
2022,male,70-74,Suicidio y lesiones autoinfligidas,188
2022,male,70-74,Todas las causas,23809
2022,male,70-74,"Trastornos mentales debidos al uso de drogas (drogodependencia, toxicomanía)",0
2022,male,75-79,Accidentes de tráfico,71
2022,male,75-79,Agresiones (homicidio),8
2022,male,75-79,Envenenamiento accidental por psicofármacos y drogas de abuso,7
2022,male,75-79,Eventos de intención no determinada,2
2022,male,75-79,Suicidio y lesiones autoinfligidas,162
2022,male,75-79,Todas las causas,30732
2022,male,75-79,"Trastornos mentales debidos al uso de drogas (drogodependencia, toxicomanía)",1
2022,male,80-84,Accidentes de tráfico,44
2022,male,80-84,Agresiones (homicidio),2
2022,male,80-84,Envenenamiento accidental por psicofármacos y drogas de abuso,9
2022,male,80-84,Eventos de intención no determinada,3
2022,male,80-84,Suicidio y lesiones autoinfligidas,155
2022,male,80-84,Todas las causas,32962
2022,male,80-84,"Trastornos mentales debidos al uso de drogas (drogodependencia, toxicomanía)",0
2022,male,85-89,Accidentes de tráfico,53
2022,male,85-89,Agresiones (homicidio),0
2022,male,85-89,Envenenamiento accidental por psicofármacos y drogas de abuso,14
2022,male,85-89,Eventos de intención no determinada,2
2022,male,85-89,Suicidio y lesiones autoinfligidas,159
2022,male,85-89,Todas las causas,43790
2022,male,85-89,"Trastornos mentales debidos al uso de drogas (drogodependencia, toxicomanía)",0
2022,male,90-94,Accidentes de tráfico,13
2022,male,90-94,Agresiones (homicidio),1
2022,male,90-94,Envenenamiento accidental por psicofármacos y drogas de abuso,9
2022,male,90-94,Eventos de intención no determinada,1
2022,male,90-94,Suicidio y lesiones autoinfligidas,72
2022,male,90-94,Todas las causas,31711
2022,male,90-94,"Trastornos mentales debidos al uso de drogas (drogodependencia, toxicomanía)",0
2022,male,95+,Accidentes de tráfico,1
2022,male,95+,Agresiones (homicidio),0
2022,male,95+,Envenenamiento accidental por psicofármacos y drogas de abuso,5
2022,male,95+,Eventos de intención no determinada,0
2022,male,95+,Suicidio y lesiones autoinfligidas,16
2022,male,95+,Todas las causas,11483
2022,male,95+,"Trastornos mentales debidos al uso de drogas (drogodependencia, toxicomanía)",0
2022,male,<1,Accidentes de tráfico,0
2022,male,<1,Agresiones (homicidio),2
2022,male,<1,Envenenamiento accidental por psicofármacos y drogas de abuso,0
2022,male,<1,Eventos de intención no determinada,0
2022,male,<1,Suicidio y lesiones autoinfligidas,0
2022,male,<1,Todas las causas,499
2022,male,<1,"Trastornos mentales debidos al uso de drogas (drogodependencia, toxicomanía)",0
2022,male,all,Accidentes de tráfico,1411
2022,male,all,Agresiones (homicidio),199
2022,male,all,Envenenamiento accidental por psicofármacos y drogas de abuso,768
2022,male,all,Eventos de intención no determinada,46
2022,male,all,Suicidio y lesiones autoinfligidas,3126
2022,male,all,Todas las causas,234362
2022,male,all,"Trastornos mentales debidos al uso de drogas (drogodependencia, toxicomanía)",37
2023,all,1-4,Accidentes de tráfico,13
2023,all,1-4,Agresiones (homicidio),2
2023,all,1-4,Envenenamiento accidental por psicofármacos y drogas de abuso,0
2023,all,1-4,Eventos de intención no determinada,0
2023,all,1-4,Suicidio y lesiones autoinfligidas,0
2023,all,1-4,Todas las causas,229
2023,all,1-4,"Trastornos mentales debidos al uso de drogas (drogodependencia, toxicomanía)",0
2023,all,10-14,Accidentes de tráfico,14
2023,all,10-14,Agresiones (homicidio),0
2023,all,10-14,Envenenamiento accidental por psicofármacos y drogas de abuso,0
2023,all,10-14,Eventos de intención no determinada,0
2023,all,10-14,Suicidio y lesiones autoinfligidas,10
2023,all,10-14,Todas las causas,188
2023,all,10-14,"Trastornos mentales debidos al uso de drogas (drogodependencia, toxicomanía)",0
2023,all,15-19,Accidentes de tráfico,89
2023,all,15-19,Agresiones (homicidio),4
2023,all,15-19,Envenenamiento accidental por psicofármacos y drogas de abuso,9
2023,all,15-19,Eventos de intención no determinada,1
2023,all,15-19,Suicidio y lesiones autoinfligidas,66
2023,all,15-19,Todas las causas,444
2023,all,15-19,"Trastornos mentales debidos al uso de drogas (drogodependencia, toxicomanía)",0
2023,all,20-24,Accidentes de tráfico,124
2023,all,20-24,Agresiones (homicidio),13
2023,all,20-24,Envenenamiento accidental por psicofármacos y drogas de abuso,28
2023,all,20-24,Eventos de intención no determinada,0
2023,all,20-24,Suicidio y lesiones autoinfligidas,127
2023,all,20-24,Todas las causas,728
2023,all,20-24,"Trastornos mentales debidos al uso de drogas (drogodependencia, toxicomanía)",0
2023,all,25-29,Accidentes de tráfico,108
2023,all,25-29,Agresiones (homicidio),26
2023,all,25-29,Envenenamiento accidental por psicofármacos y drogas de abuso,39
2023,all,25-29,Eventos de intención no determinada,10
2023,all,25-29,Suicidio y lesiones autoinfligidas,161
2023,all,25-29,Todas las causas,825
2023,all,25-29,"Trastornos mentales debidos al uso de drogas (drogodependencia, toxicomanía)",0
2023,all,30-34,Accidentes de tráfico,108
2023,all,30-34,Agresiones (homicidio),26
2023,all,30-34,Envenenamiento accidental por psicofármacos y drogas de abuso,62
2023,all,30-34,Eventos de intención no determinada,5
2023,all,30-34,Suicidio y lesiones autoinfligidas,210
2023,all,30-34,Todas las causas,1168
2023,all,30-34,"Trastornos mentales debidos al uso de drogas (drogodependencia, toxicomanía)",1
2023,all,35-39,Accidentes de tráfico,112
2023,all,35-39,Agresiones (homicidio),34
2023,all,35-39,Envenenamiento accidental por psicofármacos y drogas de abuso,95
2023,all,35-39,Eventos de intención no determinada,12
2023,all,35-39,Suicidio y lesiones autoinfligidas,251
2023,all,35-39,Todas las causas,1722
2023,all,35-39,"Trastornos mentales debidos al uso de drogas (drogodependencia, toxicomanía)",3
2023,all,40-44,Accidentes de tráfico,129
2023,all,40-44,Agresiones (homicidio),41
2023,all,40-44,Envenenamiento accidental por psicofármacos y drogas de abuso,140
2023,all,40-44,Eventos de intención no determinada,11
2023,all,40-44,Suicidio y lesiones autoinfligidas,355
2023,all,40-44,Todas las causas,3170
2023,all,40-44,"Trastornos mentales debidos al uso de drogas (drogodependencia, toxicomanía)",5
2023,all,45-49,Accidentes de tráfico,142
2023,all,45-49,Agresiones (homicidio),40
2023,all,45-49,Envenenamiento accidental por psicofármacos y drogas de abuso,154
2023,all,45-49,Eventos de intención no determinada,22
2023,all,45-49,Suicidio y lesiones autoinfligidas,445
2023,all,45-49,Todas las causas,5520
2023,all,45-49,"Trastornos mentales debidos al uso de drogas (drogodependencia, toxicomanía)",8
2023,all,5-9,Accidentes de tráfico,5
2023,all,5-9,Agresiones (homicidio),3
2023,all,5-9,Envenenamiento accidental por psicofármacos y drogas de abuso,0
2023,all,5-9,Eventos de intención no determinada,0
2023,all,5-9,Suicidio y lesiones autoinfligidas,0
2023,all,5-9,Todas las causas,169
2023,all,5-9,"Trastornos mentales debidos al uso de drogas (drogodependencia, toxicomanía)",0
2023,all,50-54,Accidentes de tráfico,167
2023,all,50-54,Agresiones (homicidio),25
2023,all,50-54,Envenenamiento accidental por psicofármacos y drogas de abuso,154
2023,all,50-54,Eventos de intención no determinada,16
2023,all,50-54,Suicidio y lesiones autoinfligidas,441
2023,all,50-54,Todas las causas,9069
2023,all,50-54,"Trastornos mentales debidos al uso de drogas (drogodependencia, toxicomanía)",7
2023,all,55-59,Accidentes de tráfico,183
2023,all,55-59,Agresiones (homicidio),15
2023,all,55-59,Envenenamiento accidental por psicofármacos y drogas de abuso,140
2023,all,55-59,Eventos de intención no determinada,14
2023,all,55-59,Suicidio y lesiones autoinfligidas,457
2023,all,55-59,Todas las causas,14901
2023,all,55-59,"Trastornos mentales debidos al uso de drogas (drogodependencia, toxicomanía)",11
2023,all,60-64,Accidentes de tráfico,132
2023,all,60-64,Agresiones (homicidio),17
2023,all,60-64,Envenenamiento accidental por psicofármacos y drogas de abuso,63
2023,all,60-64,Eventos de intención no determinada,8
2023,all,60-64,Suicidio y lesiones autoinfligidas,362
2023,all,60-64,Todas las causas,20953
2023,all,60-64,"Trastornos mentales debidos al uso de drogas (drogodependencia, toxicomanía)",4
2023,all,65-69,Accidentes de tráfico,108
2023,all,65-69,Agresiones (homicidio),21
2023,all,65-69,Envenenamiento accidental por psicofármacos y drogas de abuso,34
2023,all,65-69,Eventos de intención no determinada,6
2023,all,65-69,Suicidio y lesiones autoinfligidas,292
2023,all,65-69,Todas las causas,26669
2023,all,65-69,"Trastornos mentales debidos al uso de drogas (drogodependencia, toxicomanía)",0
2023,all,70-74,Accidentes de tráfico,102
2023,all,70-74,Agresiones (homicidio),3
2023,all,70-74,Envenenamiento accidental por psicofármacos y drogas de abuso,19
2023,all,70-74,Eventos de intención no determinada,9
2023,all,70-74,Suicidio y lesiones autoinfligidas,216
2023,all,70-74,Todas las causas,34329
2023,all,70-74,"Trastornos mentales debidos al uso de drogas (drogodependencia, toxicomanía)",3
2023,all,75-79,Accidentes de tráfico,113
2023,all,75-79,Agresiones (homicidio),18
2023,all,75-79,Envenenamiento accidental por psicofármacos y drogas de abuso,17
2023,all,75-79,Eventos de intención no determinada,6
2023,all,75-79,Suicidio y lesiones autoinfligidas,250
2023,all,75-79,Todas las causas,49031
2023,all,75-79,"Trastornos mentales debidos al uso de drogas (drogodependencia, toxicomanía)",1
2023,all,80-84,Accidentes de tráfico,76
2023,all,80-84,Agresiones (homicidio),13
2023,all,80-84,Envenenamiento accidental por psicofármacos y drogas de abuso,22
2023,all,80-84,Eventos de intención no determinada,3
2023,all,80-84,Suicidio y lesiones autoinfligidas,204
2023,all,80-84,Todas las causas,58334
2023,all,80-84,"Trastornos mentales debidos al uso de drogas (drogodependencia, toxicomanía)",0
2023,all,85-89,Accidentes de tráfico,72
2023,all,85-89,Agresiones (homicidio),5
2023,all,85-89,Envenenamiento accidental por psicofármacos y drogas de abuso,34
2023,all,85-89,Eventos de intención no determinada,2
2023,all,85-89,Suicidio y lesiones autoinfligidas,166
2023,all,85-89,Todas las causas,85598
2023,all,85-89,"Trastornos mentales debidos al uso de drogas (drogodependencia, toxicomanía)",0
2023,all,90-94,Accidentes de tráfico,26
2023,all,90-94,Agresiones (homicidio),3
2023,all,90-94,Envenenamiento accidental por psicofármacos y drogas de abuso,35
2023,all,90-94,Eventos de intención no determinada,3
2023,all,90-94,Suicidio y lesiones autoinfligidas,86
2023,all,90-94,Todas las causas,80923
2023,all,90-94,"Trastornos mentales debidos al uso de drogas (drogodependencia, toxicomanía)",0
2023,all,95+,Accidentes de tráfico,4
2023,all,95+,Agresiones (homicidio),0
2023,all,95+,Envenenamiento accidental por psicofármacos y drogas de abuso,13
2023,all,95+,Eventos de intención no determinada,0
2023,all,95+,Suicidio y lesiones autoinfligidas,17
2023,all,95+,Todas las causas,41306
2023,all,95+,"Trastornos mentales debidos al uso de drogas (drogodependencia, toxicomanía)",0
2023,all,<1,Accidentes de tráfico,0
2023,all,<1,Agresiones (homicidio),7
2023,all,<1,Envenenamiento accidental por psicofármacos y drogas de abuso,0
2023,all,<1,Eventos de intención no determinada,2
2023,all,<1,Suicidio y lesiones autoinfligidas,0
2023,all,<1,Todas las causas,848
2023,all,<1,"Trastornos mentales debidos al uso de drogas (drogodependencia, toxicomanía)",0
2023,all,all,Accidentes de tráfico,1827
2023,all,all,Agresiones (homicidio),316
2023,all,all,Envenenamiento accidental por psicofármacos y drogas de abuso,1058
2023,all,all,Eventos de intención no determinada,130
2023,all,all,Suicidio y lesiones autoinfligidas,4116
2023,all,all,Todas las causas,436124
2023,all,all,"Trastornos mentales debidos al uso de drogas (drogodependencia, toxicomanía)",43
2023,female,1-4,Accidentes de tráfico,4
2023,female,1-4,Agresiones (homicidio),0
2023,female,1-4,Envenenamiento accidental por psicofármacos y drogas de abuso,0
2023,female,1-4,Eventos de intención no determinada,0
2023,female,1-4,Suicidio y lesiones autoinfligidas,0
2023,female,1-4,Todas las causas,92
2023,female,1-4,"Trastornos mentales debidos al uso de drogas (drogodependencia, toxicomanía)",0
2023,female,10-14,Accidentes de tráfico,4
2023,female,10-14,Agresiones (homicidio),0
2023,female,10-14,Envenenamiento accidental por psicofármacos y drogas de abuso,0
2023,female,10-14,Eventos de intención no determinada,0
2023,female,10-14,Suicidio y lesiones autoinfligidas,7
2023,female,10-14,Todas las causas,86
2023,female,10-14,"Trastornos mentales debidos al uso de drogas (drogodependencia, toxicomanía)",0
2023,female,15-19,Accidentes de tráfico,27
2023,female,15-19,Agresiones (homicidio),1
2023,female,15-19,Envenenamiento accidental por psicofármacos y drogas de abuso,1
2023,female,15-19,Eventos de intención no determinada,0
2023,female,15-19,Suicidio y lesiones autoinfligidas,29
2023,female,15-19,Todas las causas,164
2023,female,15-19,"Trastornos mentales debidos al uso de drogas (drogodependencia, toxicomanía)",0
2023,female,20-24,Accidentes de tráfico,25
2023,female,20-24,Agresiones (homicidio),2
2023,female,20-24,Envenenamiento accidental por psicofármacos y drogas de abuso,2
2023,female,20-24,Eventos de intención no determinada,0
2023,female,20-24,Suicidio y lesiones autoinfligidas,32
2023,female,20-24,Todas las causas,186
2023,female,20-24,"Trastornos mentales debidos al uso de drogas (drogodependencia, toxicomanía)",0
2023,female,25-29,Accidentes de tráfico,25
2023,female,25-29,Agresiones (homicidio),8
2023,female,25-29,Envenenamiento accidental por psicofármacos y drogas de abuso,7
2023,female,25-29,Eventos de intención no determinada,2
2023,female,25-29,Suicidio y lesiones autoinfligidas,37
2023,female,25-29,Todas las causas,239
2023,female,25-29,"Trastornos mentales debidos al uso de drogas (drogodependencia, toxicomanía)",0
2023,female,30-34,Accidentes de tráfico,19
2023,female,30-34,Agresiones (homicidio),5
2023,female,30-34,Envenenamiento accidental por psicofármacos y drogas de abuso,13
2023,female,30-34,Eventos de intención no determinada,0
2023,female,30-34,Suicidio y lesiones autoinfligidas,59
2023,female,30-34,Todas las causas,351
2023,female,30-34,"Trastornos mentales debidos al uso de drogas (drogodependencia, toxicomanía)",0
2023,female,35-39,Accidentes de tráfico,17
2023,female,35-39,Agresiones (homicidio),16
2023,female,35-39,Envenenamiento accidental por psicofármacos y drogas de abuso,15
2023,female,35-39,Eventos de intención no determinada,3
2023,female,35-39,Suicidio y lesiones autoinfligidas,60
2023,female,35-39,Todas las causas,567
2023,female,35-39,"Trastornos mentales debidos al uso de drogas (drogodependencia, toxicomanía)",0
2023,female,40-44,Accidentes de tráfico,23
2023,female,40-44,Agresiones (homicidio),10
2023,female,40-44,Envenenamiento accidental por psicofármacos y drogas de abuso,22
2023,female,40-44,Eventos de intención no determinada,2
2023,female,40-44,Suicidio y lesiones autoinfligidas,91
2023,female,40-44,Todas las causas,1144
2023,female,40-44,"Trastornos mentales debidos al uso de drogas (drogodependencia, toxicomanía)",0
2023,female,45-49,Accidentes de tráfico,21
2023,female,45-49,Agresiones (homicidio),13
2023,female,45-49,Envenenamiento accidental por psicofármacos y drogas de abuso,34
2023,female,45-49,Eventos de intención no determinada,5
2023,female,45-49,Suicidio y lesiones autoinfligidas,108
2023,female,45-49,Todas las causas,1979
2023,female,45-49,"Trastornos mentales debidos al uso de drogas (drogodependencia, toxicomanía)",2
2023,female,5-9,Accidentes de tráfico,2
2023,female,5-9,Agresiones (homicidio),2
2023,female,5-9,Envenenamiento accidental por psicofármacos y drogas de abuso,0
2023,female,5-9,Eventos de intención no determinada,0
2023,female,5-9,Suicidio y lesiones autoinfligidas,0
2023,female,5-9,Todas las causas,85
2023,female,5-9,"Trastornos mentales debidos al uso de drogas (drogodependencia, toxicomanía)",0
2023,female,50-54,Accidentes de tráfico,23
2023,female,50-54,Agresiones (homicidio),7
2023,female,50-54,Envenenamiento accidental por psicofármacos y drogas de abuso,31
2023,female,50-54,Eventos de intención no determinada,3
2023,female,50-54,Suicidio y lesiones autoinfligidas,121
2023,female,50-54,Todas las causas,3125
2023,female,50-54,"Trastornos mentales debidos al uso de drogas (drogodependencia, toxicomanía)",0
2023,female,55-59,Accidentes de tráfico,33
2023,female,55-59,Agresiones (homicidio),3
2023,female,55-59,Envenenamiento accidental por psicofármacos y drogas de abuso,16
2023,female,55-59,Eventos de intención no determinada,7
2023,female,55-59,Suicidio y lesiones autoinfligidas,122
2023,female,55-59,Todas las causas,5016
2023,female,55-59,"Trastornos mentales debidos al uso de drogas (drogodependencia, toxicomanía)",0
2023,female,60-64,Accidentes de tráfico,23
2023,female,60-64,Agresiones (homicidio),7
2023,female,60-64,Envenenamiento accidental por psicofármacos y drogas de abuso,16
2023,female,60-64,Eventos de intención no determinada,4
2023,female,60-64,Suicidio y lesiones autoinfligidas,93
2023,female,60-64,Todas las causas,6957
2023,female,60-64,"Trastornos mentales debidos al uso de drogas (drogodependencia, toxicomanía)",0
2023,female,65-69,Accidentes de tráfico,25
2023,female,65-69,Agresiones (homicidio),6
2023,female,65-69,Envenenamiento accidental por psicofármacos y drogas de abuso,10
2023,female,65-69,Eventos de intención no determinada,1
2023,female,65-69,Suicidio y lesiones autoinfligidas,78
2023,female,65-69,Todas las causas,8918
2023,female,65-69,"Trastornos mentales debidos al uso de drogas (drogodependencia, toxicomanía)",0
2023,female,70-74,Accidentes de tráfico,27
2023,female,70-74,Agresiones (homicidio),2
2023,female,70-74,Envenenamiento accidental por psicofármacos y drogas de abuso,10
2023,female,70-74,Eventos de intención no determinada,2
2023,female,70-74,Suicidio y lesiones autoinfligidas,53
2023,female,70-74,Todas las causas,11988
2023,female,70-74,"Trastornos mentales debidos al uso de drogas (drogodependencia, toxicomanía)",2
2023,female,75-79,Accidentes de tráfico,38
2023,female,75-79,Agresiones (homicidio),5
2023,female,75-79,Envenenamiento accidental por psicofármacos y drogas de abuso,10
2023,female,75-79,Eventos de intención no determinada,1
2023,female,75-79,Suicidio y lesiones autoinfligidas,77
2023,female,75-79,Todas las causas,19180
2023,female,75-79,"Trastornos mentales debidos al uso de drogas (drogodependencia, toxicomanía)",1
2023,female,80-84,Accidentes de tráfico,24
2023,female,80-84,Agresiones (homicidio),6
2023,female,80-84,Envenenamiento accidental por psicofármacos y drogas de abuso,12
2023,female,80-84,Eventos de intención no determinada,2
2023,female,80-84,Suicidio y lesiones autoinfligidas,50
2023,female,80-84,Todas las causas,26657
2023,female,80-84,"Trastornos mentales debidos al uso de drogas (drogodependencia, toxicomanía)",0
2023,female,85-89,Accidentes de tráfico,27
2023,female,85-89,Agresiones (homicidio),2
2023,female,85-89,Envenenamiento accidental por psicofármacos y drogas de abuso,27
2023,female,85-89,Eventos de intención no determinada,1
2023,female,85-89,Suicidio y lesiones autoinfligidas,36
2023,female,85-89,Todas las causas,47100
2023,female,85-89,"Trastornos mentales debidos al uso de drogas (drogodependencia, toxicomanía)",0
2023,female,90-94,Accidentes de tráfico,14
2023,female,90-94,Agresiones (homicidio),1
2023,female,90-94,Envenenamiento accidental por psicofármacos y drogas de abuso,26
2023,female,90-94,Eventos de intención no determinada,1
2023,female,90-94,Suicidio y lesiones autoinfligidas,15
2023,female,90-94,Todas las causas,50883
2023,female,90-94,"Trastornos mentales debidos al uso de drogas (drogodependencia, toxicomanía)",0
2023,female,95+,Accidentes de tráfico,2
2023,female,95+,Agresiones (homicidio),0
2023,female,95+,Envenenamiento accidental por psicofármacos y drogas de abuso,7
2023,female,95+,Eventos de intención no determinada,0
2023,female,95+,Suicidio y lesiones autoinfligidas,4
2023,female,95+,Todas las causas,30277
2023,female,95+,"Trastornos mentales debidos al uso de drogas (drogodependencia, toxicomanía)",0
2023,female,<1,Accidentes de tráfico,0
2023,female,<1,Agresiones (homicidio),3
2023,female,<1,Envenenamiento accidental por psicofármacos y drogas de abuso,0
2023,female,<1,Eventos de intención no determinada,1
2023,female,<1,Suicidio y lesiones autoinfligidas,0
2023,female,<1,Todas las causas,388
2023,female,<1,"Trastornos mentales debidos al uso de drogas (drogodependencia, toxicomanía)",0
2023,female,all,Accidentes de tráfico,403
2023,female,all,Agresiones (homicidio),99
2023,female,all,Envenenamiento accidental por psicofármacos y drogas de abuso,259
2023,female,all,Eventos de intención no determinada,35
2023,female,all,Suicidio y lesiones autoinfligidas,1072
2023,female,all,Todas las causas,215382
2023,female,all,"Trastornos mentales debidos al uso de drogas (drogodependencia, toxicomanía)",5
2023,male,1-4,Accidentes de tráfico,9
2023,male,1-4,Agresiones (homicidio),2
2023,male,1-4,Envenenamiento accidental por psicofármacos y drogas de abuso,0
2023,male,1-4,Eventos de intención no determinada,0
2023,male,1-4,Suicidio y lesiones autoinfligidas,0
2023,male,1-4,Todas las causas,137
2023,male,1-4,"Trastornos mentales debidos al uso de drogas (drogodependencia, toxicomanía)",0
2023,male,10-14,Accidentes de tráfico,10
2023,male,10-14,Agresiones (homicidio),0
2023,male,10-14,Envenenamiento accidental por psicofármacos y drogas de abuso,0
2023,male,10-14,Eventos de intención no determinada,0
2023,male,10-14,Suicidio y lesiones autoinfligidas,3
2023,male,10-14,Todas las causas,102
2023,male,10-14,"Trastornos mentales debidos al uso de drogas (drogodependencia, toxicomanía)",0
2023,male,15-19,Accidentes de tráfico,62
2023,male,15-19,Agresiones (homicidio),3
2023,male,15-19,Envenenamiento accidental por psicofármacos y drogas de abuso,8
2023,male,15-19,Eventos de intención no determinada,1
2023,male,15-19,Suicidio y lesiones autoinfligidas,37
2023,male,15-19,Todas las causas,280
2023,male,15-19,"Trastornos mentales debidos al uso de drogas (drogodependencia, toxicomanía)",0
2023,male,20-24,Accidentes de tráfico,99
2023,male,20-24,Agresiones (homicidio),11
2023,male,20-24,Envenenamiento accidental por psicofármacos y drogas de abuso,26
2023,male,20-24,Eventos de intención no determinada,0
2023,male,20-24,Suicidio y lesiones autoinfligidas,95
2023,male,20-24,Todas las causas,542
2023,male,20-24,"Trastornos mentales debidos al uso de drogas (drogodependencia, toxicomanía)",0
2023,male,25-29,Accidentes de tráfico,83
2023,male,25-29,Agresiones (homicidio),18
2023,male,25-29,Envenenamiento accidental por psicofármacos y drogas de abuso,32
2023,male,25-29,Eventos de intención no determinada,8
2023,male,25-29,Suicidio y lesiones autoinfligidas,124
2023,male,25-29,Todas las causas,586
2023,male,25-29,"Trastornos mentales debidos al uso de drogas (drogodependencia, toxicomanía)",0
2023,male,30-34,Accidentes de tráfico,89
2023,male,30-34,Agresiones (homicidio),21
2023,male,30-34,Envenenamiento accidental por psicofármacos y drogas de abuso,49
2023,male,30-34,Eventos de intención no determinada,5
2023,male,30-34,Suicidio y lesiones autoinfligidas,151
2023,male,30-34,Todas las causas,817
2023,male,30-34,"Trastornos mentales debidos al uso de drogas (drogodependencia, toxicomanía)",1
2023,male,35-39,Accidentes de tráfico,95
2023,male,35-39,Agresiones (homicidio),18
2023,male,35-39,Envenenamiento accidental por psicofármacos y drogas de abuso,80
2023,male,35-39,Eventos de intención no determinada,9
2023,male,35-39,Suicidio y lesiones autoinfligidas,191
2023,male,35-39,Todas las causas,1155
2023,male,35-39,"Trastornos mentales debidos al uso de drogas (drogodependencia, toxicomanía)",3
2023,male,40-44,Accidentes de tráfico,106
2023,male,40-44,Agresiones (homicidio),31
2023,male,40-44,Envenenamiento accidental por psicofármacos y drogas de abuso,118
2023,male,40-44,Eventos de intención no determinada,9
2023,male,40-44,Suicidio y lesiones autoinfligidas,264
2023,male,40-44,Todas las causas,2026
2023,male,40-44,"Trastornos mentales debidos al uso de drogas (drogodependencia, toxicomanía)",5
2023,male,45-49,Accidentes de tráfico,121
2023,male,45-49,Agresiones (homicidio),27
2023,male,45-49,Envenenamiento accidental por psicofármacos y drogas de abuso,120
2023,male,45-49,Eventos de intención no determinada,17
2023,male,45-49,Suicidio y lesiones autoinfligidas,337
2023,male,45-49,Todas las causas,3541
2023,male,45-49,"Trastornos mentales debidos al uso de drogas (drogodependencia, toxicomanía)",6
2023,male,5-9,Accidentes de tráfico,3
2023,male,5-9,Agresiones (homicidio),1
2023,male,5-9,Envenenamiento accidental por psicofármacos y drogas de abuso,0
2023,male,5-9,Eventos de intención no determinada,0
2023,male,5-9,Suicidio y lesiones autoinfligidas,0
2023,male,5-9,Todas las causas,84
2023,male,5-9,"Trastornos mentales debidos al uso de drogas (drogodependencia, toxicomanía)",0
2023,male,50-54,Accidentes de tráfico,144
2023,male,50-54,Agresiones (homicidio),18
2023,male,50-54,Envenenamiento accidental por psicofármacos y drogas de abuso,123
2023,male,50-54,Eventos de intención no determinada,13
2023,male,50-54,Suicidio y lesiones autoinfligidas,320
2023,male,50-54,Todas las causas,5944
2023,male,50-54,"Trastornos mentales debidos al uso de drogas (drogodependencia, toxicomanía)",7
2023,male,55-59,Accidentes de tráfico,150
2023,male,55-59,Agresiones (homicidio),12
2023,male,55-59,Envenenamiento accidental por psicofármacos y drogas de abuso,124
2023,male,55-59,Eventos de intención no determinada,7
2023,male,55-59,Suicidio y lesiones autoinfligidas,335
2023,male,55-59,Todas las causas,9885
2023,male,55-59,"Trastornos mentales debidos al uso de drogas (drogodependencia, toxicomanía)",11
2023,male,60-64,Accidentes de tráfico,109
2023,male,60-64,Agresiones (homicidio),10
2023,male,60-64,Envenenamiento accidental por psicofármacos y drogas de abuso,47
2023,male,60-64,Eventos de intención no determinada,4
2023,male,60-64,Suicidio y lesiones autoinfligidas,269
2023,male,60-64,Todas las causas,13996
2023,male,60-64,"Trastornos mentales debidos al uso de drogas (drogodependencia, toxicomanía)",4
2023,male,65-69,Accidentes de tráfico,83
2023,male,65-69,Agresiones (homicidio),15
2023,male,65-69,Envenenamiento accidental por psicofármacos y drogas de abuso,24
2023,male,65-69,Eventos de intención no determinada,5
2023,male,65-69,Suicidio y lesiones autoinfligidas,214
2023,male,65-69,Todas las causas,17751
2023,male,65-69,"Trastornos mentales debidos al uso de drogas (drogodependencia, toxicomanía)",0
2023,male,70-74,Accidentes de tráfico,75
2023,male,70-74,Agresiones (homicidio),1
2023,male,70-74,Envenenamiento accidental por psicofármacos y drogas de abuso,9
2023,male,70-74,Eventos de intención no determinada,7
2023,male,70-74,Suicidio y lesiones autoinfligidas,163
2023,male,70-74,Todas las causas,22341
2023,male,70-74,"Trastornos mentales debidos al uso de drogas (drogodependencia, toxicomanía)",1
2023,male,75-79,Accidentes de tráfico,75
2023,male,75-79,Agresiones (homicidio),13
2023,male,75-79,Envenenamiento accidental por psicofármacos y drogas de abuso,7
2023,male,75-79,Eventos de intención no determinada,5
2023,male,75-79,Suicidio y lesiones autoinfligidas,173
2023,male,75-79,Todas las causas,29851
2023,male,75-79,"Trastornos mentales debidos al uso de drogas (drogodependencia, toxicomanía)",0
2023,male,80-84,Accidentes de tráfico,52
2023,male,80-84,Agresiones (homicidio),7
2023,male,80-84,Envenenamiento accidental por psicofármacos y drogas de abuso,10
2023,male,80-84,Eventos de intención no determinada,1
2023,male,80-84,Suicidio y lesiones autoinfligidas,154
2023,male,80-84,Todas las causas,31677
2023,male,80-84,"Trastornos mentales debidos al uso de drogas (drogodependencia, toxicomanía)",0
2023,male,85-89,Accidentes de tráfico,45
2023,male,85-89,Agresiones (homicidio),3
2023,male,85-89,Envenenamiento accidental por psicofármacos y drogas de abuso,7
2023,male,85-89,Eventos de intención no determinada,1
2023,male,85-89,Suicidio y lesiones autoinfligidas,130
2023,male,85-89,Todas las causas,38498
2023,male,85-89,"Trastornos mentales debidos al uso de drogas (drogodependencia, toxicomanía)",0
2023,male,90-94,Accidentes de tráfico,12
2023,male,90-94,Agresiones (homicidio),2
2023,male,90-94,Envenenamiento accidental por psicofármacos y drogas de abuso,9
2023,male,90-94,Eventos de intención no determinada,2
2023,male,90-94,Suicidio y lesiones autoinfligidas,71
2023,male,90-94,Todas las causas,30040
2023,male,90-94,"Trastornos mentales debidos al uso de drogas (drogodependencia, toxicomanía)",0
2023,male,95+,Accidentes de tráfico,2
2023,male,95+,Agresiones (homicidio),0
2023,male,95+,Envenenamiento accidental por psicofármacos y drogas de abuso,6
2023,male,95+,Eventos de intención no determinada,0
2023,male,95+,Suicidio y lesiones autoinfligidas,13
2023,male,95+,Todas las causas,11029
2023,male,95+,"Trastornos mentales debidos al uso de drogas (drogodependencia, toxicomanía)",0
2023,male,<1,Accidentes de tráfico,0
2023,male,<1,Agresiones (homicidio),4
2023,male,<1,Envenenamiento accidental por psicofármacos y drogas de abuso,0
2023,male,<1,Eventos de intención no determinada,1
2023,male,<1,Suicidio y lesiones autoinfligidas,0
2023,male,<1,Todas las causas,460
2023,male,<1,"Trastornos mentales debidos al uso de drogas (drogodependencia, toxicomanía)",0
2023,male,all,Accidentes de tráfico,1424
2023,male,all,Agresiones (homicidio),217
2023,male,all,Envenenamiento accidental por psicofármacos y drogas de abuso,799
2023,male,all,Eventos de intención no determinada,95
2023,male,all,Suicidio y lesiones autoinfligidas,3044
2023,male,all,Todas las causas,220742
2023,male,all,"Trastornos mentales debidos al uso de drogas (drogodependencia, toxicomanía)",38
2024,all,1-4,Accidentes de tráfico,7
2024,all,1-4,Agresiones (homicidio),4
2024,all,1-4,Envenenamiento accidental por psicofármacos y drogas de abuso,0
2024,all,1-4,Eventos de intención no determinada,0
2024,all,1-4,Suicidio y lesiones autoinfligidas,0
2024,all,1-4,Todas las causas,201
2024,all,1-4,"Trastornos mentales debidos al uso de drogas (drogodependencia, toxicomanía)",0
2024,all,10-14,Accidentes de tráfico,9
2024,all,10-14,Agresiones (homicidio),3
2024,all,10-14,Envenenamiento accidental por psicofármacos y drogas de abuso,1
2024,all,10-14,Eventos de intención no determinada,0
2024,all,10-14,Suicidio y lesiones autoinfligidas,12
2024,all,10-14,Todas las causas,210
2024,all,10-14,"Trastornos mentales debidos al uso de drogas (drogodependencia, toxicomanía)",0
2024,all,15-19,Accidentes de tráfico,65
2024,all,15-19,Agresiones (homicidio),6
2024,all,15-19,Envenenamiento accidental por psicofármacos y drogas de abuso,6
2024,all,15-19,Eventos de intención no determinada,2
2024,all,15-19,Suicidio y lesiones autoinfligidas,78
2024,all,15-19,Todas las causas,432
2024,all,15-19,"Trastornos mentales debidos al uso de drogas (drogodependencia, toxicomanía)",0
2024,all,20-24,Accidentes de tráfico,132
2024,all,20-24,Agresiones (homicidio),17
2024,all,20-24,Envenenamiento accidental por psicofármacos y drogas de abuso,26
2024,all,20-24,Eventos de intención no determinada,3
2024,all,20-24,Suicidio y lesiones autoinfligidas,120
2024,all,20-24,Todas las causas,661
2024,all,20-24,"Trastornos mentales debidos al uso de drogas (drogodependencia, toxicomanía)",1
2024,all,25-29,Accidentes de tráfico,105
2024,all,25-29,Agresiones (homicidio),19
2024,all,25-29,Envenenamiento accidental por psicofármacos y drogas de abuso,35
2024,all,25-29,Eventos de intención no determinada,2
2024,all,25-29,Suicidio y lesiones autoinfligidas,134
2024,all,25-29,Todas las causas,808
2024,all,25-29,"Trastornos mentales debidos al uso de drogas (drogodependencia, toxicomanía)",1
2024,all,30-34,Accidentes de tráfico,104
2024,all,30-34,Agresiones (homicidio),33
2024,all,30-34,Envenenamiento accidental por psicofármacos y drogas de abuso,60
2024,all,30-34,Eventos de intención no determinada,6
2024,all,30-34,Suicidio y lesiones autoinfligidas,161
2024,all,30-34,Todas las causas,1127
2024,all,30-34,"Trastornos mentales debidos al uso de drogas (drogodependencia, toxicomanía)",1
2024,all,35-39,Accidentes de tráfico,116
2024,all,35-39,Agresiones (homicidio),31
2024,all,35-39,Envenenamiento accidental por psicofármacos y drogas de abuso,95
2024,all,35-39,Eventos de intención no determinada,8
2024,all,35-39,Suicidio y lesiones autoinfligidas,230
2024,all,35-39,Todas las causas,1671
2024,all,35-39,"Trastornos mentales debidos al uso de drogas (drogodependencia, toxicomanía)",3
2024,all,40-44,Accidentes de tráfico,147
2024,all,40-44,Agresiones (homicidio),35
2024,all,40-44,Envenenamiento accidental por psicofármacos y drogas de abuso,108
2024,all,40-44,Eventos de intención no determinada,6
2024,all,40-44,Suicidio y lesiones autoinfligidas,314
2024,all,40-44,Todas las causas,3055
2024,all,40-44,"Trastornos mentales debidos al uso de drogas (drogodependencia, toxicomanía)",6
2024,all,45-49,Accidentes de tráfico,175
2024,all,45-49,Agresiones (homicidio),34
2024,all,45-49,Envenenamiento accidental por psicofármacos y drogas de abuso,138
2024,all,45-49,Eventos de intención no determinada,16
2024,all,45-49,Suicidio y lesiones autoinfligidas,465
2024,all,45-49,Todas las causas,5450
2024,all,45-49,"Trastornos mentales debidos al uso de drogas (drogodependencia, toxicomanía)",7
2024,all,5-9,Accidentes de tráfico,8
2024,all,5-9,Agresiones (homicidio),6
2024,all,5-9,Envenenamiento accidental por psicofármacos y drogas de abuso,0
2024,all,5-9,Eventos de intención no determinada,1
2024,all,5-9,Suicidio y lesiones autoinfligidas,0
2024,all,5-9,Todas las causas,171
2024,all,5-9,"Trastornos mentales debidos al uso de drogas (drogodependencia, toxicomanía)",0
2024,all,50-54,Accidentes de tráfico,158
2024,all,50-54,Agresiones (homicidio),21
2024,all,50-54,Envenenamiento accidental por psicofármacos y drogas de abuso,144
2024,all,50-54,Eventos de intención no determinada,14
2024,all,50-54,Suicidio y lesiones autoinfligidas,468
2024,all,50-54,Todas las causas,8831
2024,all,50-54,"Trastornos mentales debidos al uso de drogas (drogodependencia, toxicomanía)",14
2024,all,55-59,Accidentes de tráfico,144
2024,all,55-59,Agresiones (homicidio),24
2024,all,55-59,Envenenamiento accidental por psicofármacos y drogas de abuso,140
2024,all,55-59,Eventos de intención no determinada,24
2024,all,55-59,Suicidio y lesiones autoinfligidas,444
2024,all,55-59,Todas las causas,14389
2024,all,55-59,"Trastornos mentales debidos al uso de drogas (drogodependencia, toxicomanía)",6
2024,all,60-64,Accidentes de tráfico,134
2024,all,60-64,Agresiones (homicidio),23
2024,all,60-64,Envenenamiento accidental por psicofármacos y drogas de abuso,82
2024,all,60-64,Eventos de intención no determinada,8
2024,all,60-64,Suicidio y lesiones autoinfligidas,365
2024,all,60-64,Todas las causas,20963
2024,all,60-64,"Trastornos mentales debidos al uso de drogas (drogodependencia, toxicomanía)",7
2024,all,65-69,Accidentes de tráfico,118
2024,all,65-69,Agresiones (homicidio),14
2024,all,65-69,Envenenamiento accidental por psicofármacos y drogas de abuso,42
2024,all,65-69,Eventos de intención no determinada,8
2024,all,65-69,Suicidio y lesiones autoinfligidas,278
2024,all,65-69,Todas las causas,27004
2024,all,65-69,"Trastornos mentales debidos al uso de drogas (drogodependencia, toxicomanía)",3
2024,all,70-74,Accidentes de tráfico,106
2024,all,70-74,Agresiones (homicidio),11
2024,all,70-74,Envenenamiento accidental por psicofármacos y drogas de abuso,21
2024,all,70-74,Eventos de intención no determinada,6
2024,all,70-74,Suicidio y lesiones autoinfligidas,218
2024,all,70-74,Todas las causas,33622
2024,all,70-74,"Trastornos mentales debidos al uso de drogas (drogodependencia, toxicomanía)",2
2024,all,75-79,Accidentes de tráfico,109
2024,all,75-79,Agresiones (homicidio),11
2024,all,75-79,Envenenamiento accidental por psicofármacos y drogas de abuso,15
2024,all,75-79,Eventos de intención no determinada,6
2024,all,75-79,Suicidio y lesiones autoinfligidas,216
2024,all,75-79,Todas las causas,48173
2024,all,75-79,"Trastornos mentales debidos al uso de drogas (drogodependencia, toxicomanía)",1
2024,all,80-84,Accidentes de tráfico,94
2024,all,80-84,Agresiones (homicidio),7
2024,all,80-84,Envenenamiento accidental por psicofármacos y drogas de abuso,21
2024,all,80-84,Eventos de intención no determinada,6
2024,all,80-84,Suicidio y lesiones autoinfligidas,186
2024,all,80-84,Todas las causas,61177
2024,all,80-84,"Trastornos mentales debidos al uso de drogas (drogodependencia, toxicomanía)",0
2024,all,85-89,Accidentes de tráfico,78
2024,all,85-89,Agresiones (homicidio),4
2024,all,85-89,Envenenamiento accidental por psicofármacos y drogas de abuso,31
2024,all,85-89,Eventos de intención no determinada,2
2024,all,85-89,Suicidio y lesiones autoinfligidas,158
2024,all,85-89,Todas las causas,80436
2024,all,85-89,"Trastornos mentales debidos al uso de drogas (drogodependencia, toxicomanía)",0
2024,all,90-94,Accidentes de tráfico,32
2024,all,90-94,Agresiones (homicidio),7
2024,all,90-94,Envenenamiento accidental por psicofármacos y drogas de abuso,23
2024,all,90-94,Eventos de intención no determinada,1
2024,all,90-94,Suicidio y lesiones autoinfligidas,88
2024,all,90-94,Todas las causas,82931
2024,all,90-94,"Trastornos mentales debidos al uso de drogas (drogodependencia, toxicomanía)",0
2024,all,95+,Accidentes de tráfico,8
2024,all,95+,Agresiones (homicidio),2
2024,all,95+,Envenenamiento accidental por psicofármacos y drogas de abuso,10
2024,all,95+,Eventos de intención no determinada,0
2024,all,95+,Suicidio y lesiones autoinfligidas,18
2024,all,95+,Todas las causas,43836
2024,all,95+,"Trastornos mentales debidos al uso de drogas (drogodependencia, toxicomanía)",0
2024,all,<1,Accidentes de tráfico,4
2024,all,<1,Agresiones (homicidio),12
2024,all,<1,Envenenamiento accidental por psicofármacos y drogas de abuso,0
2024,all,<1,Eventos de intención no determinada,0
2024,all,<1,Suicidio y lesiones autoinfligidas,0
2024,all,<1,Todas las causas,970
2024,all,<1,"Trastornos mentales debidos al uso de drogas (drogodependencia, toxicomanía)",0
2024,all,all,Accidentes de tráfico,1853
2024,all,all,Agresiones (homicidio),324
2024,all,all,Envenenamiento accidental por psicofármacos y drogas de abuso,998
2024,all,all,Eventos de intención no determinada,119
2024,all,all,Suicidio y lesiones autoinfligidas,3953
2024,all,all,Todas las causas,436118
2024,all,all,"Trastornos mentales debidos al uso de drogas (drogodependencia, toxicomanía)",52
2024,female,1-4,Accidentes de tráfico,2
2024,female,1-4,Agresiones (homicidio),3
2024,female,1-4,Envenenamiento accidental por psicofármacos y drogas de abuso,0
2024,female,1-4,Eventos de intención no determinada,0
2024,female,1-4,Suicidio y lesiones autoinfligidas,0
2024,female,1-4,Todas las causas,89
2024,female,1-4,"Trastornos mentales debidos al uso de drogas (drogodependencia, toxicomanía)",0
2024,female,10-14,Accidentes de tráfico,3
2024,female,10-14,Agresiones (homicidio),0
2024,female,10-14,Envenenamiento accidental por psicofármacos y drogas de abuso,0
2024,female,10-14,Eventos de intención no determinada,0
2024,female,10-14,Suicidio y lesiones autoinfligidas,6
2024,female,10-14,Todas las causas,90
2024,female,10-14,"Trastornos mentales debidos al uso de drogas (drogodependencia, toxicomanía)",0
2024,female,15-19,Accidentes de tráfico,22
2024,female,15-19,Agresiones (homicidio),3
2024,female,15-19,Envenenamiento accidental por psicofármacos y drogas de abuso,1
2024,female,15-19,Eventos de intención no determinada,1
2024,female,15-19,Suicidio y lesiones autoinfligidas,31
2024,female,15-19,Todas las causas,143
2024,female,15-19,"Trastornos mentales debidos al uso de drogas (drogodependencia, toxicomanía)",0
2024,female,20-24,Accidentes de tráfico,23
2024,female,20-24,Agresiones (homicidio),6
2024,female,20-24,Envenenamiento accidental por psicofármacos y drogas de abuso,3
2024,female,20-24,Eventos de intención no determinada,1
2024,female,20-24,Suicidio y lesiones autoinfligidas,38
2024,female,20-24,Todas las causas,191
2024,female,20-24,"Trastornos mentales debidos al uso de drogas (drogodependencia, toxicomanía)",1
2024,female,25-29,Accidentes de tráfico,13
2024,female,25-29,Agresiones (homicidio),3
2024,female,25-29,Envenenamiento accidental por psicofármacos y drogas de abuso,4
2024,female,25-29,Eventos de intención no determinada,0
2024,female,25-29,Suicidio y lesiones autoinfligidas,33
2024,female,25-29,Todas las causas,238
2024,female,25-29,"Trastornos mentales debidos al uso de drogas (drogodependencia, toxicomanía)",0
2024,female,30-34,Accidentes de tráfico,14
2024,female,30-34,Agresiones (homicidio),8
2024,female,30-34,Envenenamiento accidental por psicofármacos y drogas de abuso,14
2024,female,30-34,Eventos de intención no determinada,2
2024,female,30-34,Suicidio y lesiones autoinfligidas,37
2024,female,30-34,Todas las causas,355
2024,female,30-34,"Trastornos mentales debidos al uso de drogas (drogodependencia, toxicomanía)",1
2024,female,35-39,Accidentes de tráfico,17
2024,female,35-39,Agresiones (homicidio),5
2024,female,35-39,Envenenamiento accidental por psicofármacos y drogas de abuso,15
2024,female,35-39,Eventos de intención no determinada,3
2024,female,35-39,Suicidio y lesiones autoinfligidas,38
2024,female,35-39,Todas las causas,532
2024,female,35-39,"Trastornos mentales debidos al uso de drogas (drogodependencia, toxicomanía)",0
2024,female,40-44,Accidentes de tráfico,26
2024,female,40-44,Agresiones (homicidio),10
2024,female,40-44,Envenenamiento accidental por psicofármacos y drogas de abuso,19
2024,female,40-44,Eventos de intención no determinada,2
2024,female,40-44,Suicidio y lesiones autoinfligidas,71
2024,female,40-44,Todas las causas,1046
2024,female,40-44,"Trastornos mentales debidos al uso de drogas (drogodependencia, toxicomanía)",0
2024,female,45-49,Accidentes de tráfico,23
2024,female,45-49,Agresiones (homicidio),12
2024,female,45-49,Envenenamiento accidental por psicofármacos y drogas de abuso,28
2024,female,45-49,Eventos de intención no determinada,7
2024,female,45-49,Suicidio y lesiones autoinfligidas,129
2024,female,45-49,Todas las causas,1957
2024,female,45-49,"Trastornos mentales debidos al uso de drogas (drogodependencia, toxicomanía)",2
2024,female,5-9,Accidentes de tráfico,4
2024,female,5-9,Agresiones (homicidio),2
2024,female,5-9,Envenenamiento accidental por psicofármacos y drogas de abuso,0
2024,female,5-9,Eventos de intención no determinada,0
2024,female,5-9,Suicidio y lesiones autoinfligidas,0
2024,female,5-9,Todas las causas,65
2024,female,5-9,"Trastornos mentales debidos al uso de drogas (drogodependencia, toxicomanía)",0
2024,female,50-54,Accidentes de tráfico,24
2024,female,50-54,Agresiones (homicidio),6
2024,female,50-54,Envenenamiento accidental por psicofármacos y drogas de abuso,30
2024,female,50-54,Eventos de intención no determinada,3
2024,female,50-54,Suicidio y lesiones autoinfligidas,140
2024,female,50-54,Todas las causas,3132
2024,female,50-54,"Trastornos mentales debidos al uso de drogas (drogodependencia, toxicomanía)",2
2024,female,55-59,Accidentes de tráfico,25
2024,female,55-59,Agresiones (homicidio),5
2024,female,55-59,Envenenamiento accidental por psicofármacos y drogas de abuso,37
2024,female,55-59,Eventos de intención no determinada,10
2024,female,55-59,Suicidio y lesiones autoinfligidas,141
2024,female,55-59,Todas las causas,4893
2024,female,55-59,"Trastornos mentales debidos al uso de drogas (drogodependencia, toxicomanía)",0
2024,female,60-64,Accidentes de tráfico,23
2024,female,60-64,Agresiones (homicidio),9
2024,female,60-64,Envenenamiento accidental por psicofármacos y drogas de abuso,26
2024,female,60-64,Eventos de intención no determinada,4
2024,female,60-64,Suicidio y lesiones autoinfligidas,92
2024,female,60-64,Todas las causas,6967
2024,female,60-64,"Trastornos mentales debidos al uso de drogas (drogodependencia, toxicomanía)",1
2024,female,65-69,Accidentes de tráfico,22
2024,female,65-69,Agresiones (homicidio),6
2024,female,65-69,Envenenamiento accidental por psicofármacos y drogas de abuso,9
2024,female,65-69,Eventos de intención no determinada,4
2024,female,65-69,Suicidio y lesiones autoinfligidas,87
2024,female,65-69,Todas las causas,9373
2024,female,65-69,"Trastornos mentales debidos al uso de drogas (drogodependencia, toxicomanía)",0
2024,female,70-74,Accidentes de tráfico,32
2024,female,70-74,Agresiones (homicidio),4
2024,female,70-74,Envenenamiento accidental por psicofármacos y drogas de abuso,10
2024,female,70-74,Eventos de intención no determinada,2
2024,female,70-74,Suicidio y lesiones autoinfligidas,58
2024,female,70-74,Todas las causas,11879
2024,female,70-74,"Trastornos mentales debidos al uso de drogas (drogodependencia, toxicomanía)",1
2024,female,75-79,Accidentes de tráfico,25
2024,female,75-79,Agresiones (homicidio),3
2024,female,75-79,Envenenamiento accidental por psicofármacos y drogas de abuso,8
2024,female,75-79,Eventos de intención no determinada,4
2024,female,75-79,Suicidio y lesiones autoinfligidas,63
2024,female,75-79,Todas las causas,18640
2024,female,75-79,"Trastornos mentales debidos al uso de drogas (drogodependencia, toxicomanía)",0
2024,female,80-84,Accidentes de tráfico,26
2024,female,80-84,Agresiones (homicidio),4
2024,female,80-84,Envenenamiento accidental por psicofármacos y drogas de abuso,15
2024,female,80-84,Eventos de intención no determinada,1
2024,female,80-84,Suicidio y lesiones autoinfligidas,46
2024,female,80-84,Todas las causas,27754
2024,female,80-84,"Trastornos mentales debidos al uso de drogas (drogodependencia, toxicomanía)",0
2024,female,85-89,Accidentes de tráfico,32
2024,female,85-89,Agresiones (homicidio),2
2024,female,85-89,Envenenamiento accidental por psicofármacos y drogas de abuso,18
2024,female,85-89,Eventos de intención no determinada,1
2024,female,85-89,Suicidio y lesiones autoinfligidas,22
2024,female,85-89,Todas las causas,43964
2024,female,85-89,"Trastornos mentales debidos al uso de drogas (drogodependencia, toxicomanía)",0
2024,female,90-94,Accidentes de tráfico,13
2024,female,90-94,Agresiones (homicidio),5
2024,female,90-94,Envenenamiento accidental por psicofármacos y drogas de abuso,15
2024,female,90-94,Eventos de intención no determinada,0
2024,female,90-94,Suicidio y lesiones autoinfligidas,16
2024,female,90-94,Todas las causas,52142
2024,female,90-94,"Trastornos mentales debidos al uso de drogas (drogodependencia, toxicomanía)",0
2024,female,95+,Accidentes de tráfico,3
2024,female,95+,Agresiones (homicidio),0
2024,female,95+,Envenenamiento accidental por psicofármacos y drogas de abuso,9
2024,female,95+,Eventos de intención no determinada,0
2024,female,95+,Suicidio y lesiones autoinfligidas,3
2024,female,95+,Todas las causas,32163
2024,female,95+,"Trastornos mentales debidos al uso de drogas (drogodependencia, toxicomanía)",0
2024,female,<1,Accidentes de tráfico,2
2024,female,<1,Agresiones (homicidio),5
2024,female,<1,Envenenamiento accidental por psicofármacos y drogas de abuso,0
2024,female,<1,Eventos de intención no determinada,0
2024,female,<1,Suicidio y lesiones autoinfligidas,0
2024,female,<1,Todas las causas,415
2024,female,<1,"Trastornos mentales debidos al uso de drogas (drogodependencia, toxicomanía)",0
2024,female,all,Accidentes de tráfico,374
2024,female,all,Agresiones (homicidio),101
2024,female,all,Envenenamiento accidental por psicofármacos y drogas de abuso,261
2024,female,all,Eventos de intención no determinada,45
2024,female,all,Suicidio y lesiones autoinfligidas,1051
2024,female,all,Todas las causas,216028
2024,female,all,"Trastornos mentales debidos al uso de drogas (drogodependencia, toxicomanía)",8
2024,male,1-4,Accidentes de tráfico,5
2024,male,1-4,Agresiones (homicidio),1
2024,male,1-4,Envenenamiento accidental por psicofármacos y drogas de abuso,0
2024,male,1-4,Eventos de intención no determinada,0
2024,male,1-4,Suicidio y lesiones autoinfligidas,0
2024,male,1-4,Todas las causas,112
2024,male,1-4,"Trastornos mentales debidos al uso de drogas (drogodependencia, toxicomanía)",0
2024,male,10-14,Accidentes de tráfico,6
2024,male,10-14,Agresiones (homicidio),3
2024,male,10-14,Envenenamiento accidental por psicofármacos y drogas de abuso,1
2024,male,10-14,Eventos de intención no determinada,0
2024,male,10-14,Suicidio y lesiones autoinfligidas,6
2024,male,10-14,Todas las causas,120
2024,male,10-14,"Trastornos mentales debidos al uso de drogas (drogodependencia, toxicomanía)",0
2024,male,15-19,Accidentes de tráfico,43
2024,male,15-19,Agresiones (homicidio),3
2024,male,15-19,Envenenamiento accidental por psicofármacos y drogas de abuso,5
2024,male,15-19,Eventos de intención no determinada,1
2024,male,15-19,Suicidio y lesiones autoinfligidas,47
2024,male,15-19,Todas las causas,289
2024,male,15-19,"Trastornos mentales debidos al uso de drogas (drogodependencia, toxicomanía)",0
2024,male,20-24,Accidentes de tráfico,109
2024,male,20-24,Agresiones (homicidio),11
2024,male,20-24,Envenenamiento accidental por psicofármacos y drogas de abuso,23
2024,male,20-24,Eventos de intención no determinada,2
2024,male,20-24,Suicidio y lesiones autoinfligidas,82
2024,male,20-24,Todas las causas,470
2024,male,20-24,"Trastornos mentales debidos al uso de drogas (drogodependencia, toxicomanía)",0
2024,male,25-29,Accidentes de tráfico,92
2024,male,25-29,Agresiones (homicidio),16
2024,male,25-29,Envenenamiento accidental por psicofármacos y drogas de abuso,31
2024,male,25-29,Eventos de intención no determinada,2
2024,male,25-29,Suicidio y lesiones autoinfligidas,101
2024,male,25-29,Todas las causas,570
2024,male,25-29,"Trastornos mentales debidos al uso de drogas (drogodependencia, toxicomanía)",1
2024,male,30-34,Accidentes de tráfico,90
2024,male,30-34,Agresiones (homicidio),25
2024,male,30-34,Envenenamiento accidental por psicofármacos y drogas de abuso,46
2024,male,30-34,Eventos de intención no determinada,4
2024,male,30-34,Suicidio y lesiones autoinfligidas,124
2024,male,30-34,Todas las causas,772
2024,male,30-34,"Trastornos mentales debidos al uso de drogas (drogodependencia, toxicomanía)",0
2024,male,35-39,Accidentes de tráfico,99
2024,male,35-39,Agresiones (homicidio),26
2024,male,35-39,Envenenamiento accidental por psicofármacos y drogas de abuso,80
2024,male,35-39,Eventos de intención no determinada,5
2024,male,35-39,Suicidio y lesiones autoinfligidas,192
2024,male,35-39,Todas las causas,1139
2024,male,35-39,"Trastornos mentales debidos al uso de drogas (drogodependencia, toxicomanía)",3
2024,male,40-44,Accidentes de tráfico,121
2024,male,40-44,Agresiones (homicidio),25
2024,male,40-44,Envenenamiento accidental por psicofármacos y drogas de abuso,89
2024,male,40-44,Eventos de intención no determinada,4
2024,male,40-44,Suicidio y lesiones autoinfligidas,243
2024,male,40-44,Todas las causas,2009
2024,male,40-44,"Trastornos mentales debidos al uso de drogas (drogodependencia, toxicomanía)",6
2024,male,45-49,Accidentes de tráfico,152
2024,male,45-49,Agresiones (homicidio),22
2024,male,45-49,Envenenamiento accidental por psicofármacos y drogas de abuso,110
2024,male,45-49,Eventos de intención no determinada,9
2024,male,45-49,Suicidio y lesiones autoinfligidas,336
2024,male,45-49,Todas las causas,3493
2024,male,45-49,"Trastornos mentales debidos al uso de drogas (drogodependencia, toxicomanía)",5
2024,male,5-9,Accidentes de tráfico,4
2024,male,5-9,Agresiones (homicidio),4
2024,male,5-9,Envenenamiento accidental por psicofármacos y drogas de abuso,0
2024,male,5-9,Eventos de intención no determinada,1
2024,male,5-9,Suicidio y lesiones autoinfligidas,0
2024,male,5-9,Todas las causas,106
2024,male,5-9,"Trastornos mentales debidos al uso de drogas (drogodependencia, toxicomanía)",0
2024,male,50-54,Accidentes de tráfico,134
2024,male,50-54,Agresiones (homicidio),15
2024,male,50-54,Envenenamiento accidental por psicofármacos y drogas de abuso,114
2024,male,50-54,Eventos de intención no determinada,11
2024,male,50-54,Suicidio y lesiones autoinfligidas,328
2024,male,50-54,Todas las causas,5699
2024,male,50-54,"Trastornos mentales debidos al uso de drogas (drogodependencia, toxicomanía)",12
2024,male,55-59,Accidentes de tráfico,119
2024,male,55-59,Agresiones (homicidio),19
2024,male,55-59,Envenenamiento accidental por psicofármacos y drogas de abuso,103
2024,male,55-59,Eventos de intención no determinada,14
2024,male,55-59,Suicidio y lesiones autoinfligidas,303
2024,male,55-59,Todas las causas,9496
2024,male,55-59,"Trastornos mentales debidos al uso de drogas (drogodependencia, toxicomanía)",6
2024,male,60-64,Accidentes de tráfico,111
2024,male,60-64,Agresiones (homicidio),14
2024,male,60-64,Envenenamiento accidental por psicofármacos y drogas de abuso,56
2024,male,60-64,Eventos de intención no determinada,4
2024,male,60-64,Suicidio y lesiones autoinfligidas,273
2024,male,60-64,Todas las causas,13996
2024,male,60-64,"Trastornos mentales debidos al uso de drogas (drogodependencia, toxicomanía)",6
2024,male,65-69,Accidentes de tráfico,96
2024,male,65-69,Agresiones (homicidio),8
2024,male,65-69,Envenenamiento accidental por psicofármacos y drogas de abuso,33
2024,male,65-69,Eventos de intención no determinada,4
2024,male,65-69,Suicidio y lesiones autoinfligidas,191
2024,male,65-69,Todas las causas,17631
2024,male,65-69,"Trastornos mentales debidos al uso de drogas (drogodependencia, toxicomanía)",3
2024,male,70-74,Accidentes de tráfico,74
2024,male,70-74,Agresiones (homicidio),7
2024,male,70-74,Envenenamiento accidental por psicofármacos y drogas de abuso,11
2024,male,70-74,Eventos de intención no determinada,4
2024,male,70-74,Suicidio y lesiones autoinfligidas,160
2024,male,70-74,Todas las causas,21743
2024,male,70-74,"Trastornos mentales debidos al uso de drogas (drogodependencia, toxicomanía)",1
2024,male,75-79,Accidentes de tráfico,84
2024,male,75-79,Agresiones (homicidio),8
2024,male,75-79,Envenenamiento accidental por psicofármacos y drogas de abuso,7
2024,male,75-79,Eventos de intención no determinada,2
2024,male,75-79,Suicidio y lesiones autoinfligidas,153
2024,male,75-79,Todas las causas,29533
2024,male,75-79,"Trastornos mentales debidos al uso de drogas (drogodependencia, toxicomanía)",1
2024,male,80-84,Accidentes de tráfico,68
2024,male,80-84,Agresiones (homicidio),3
2024,male,80-84,Envenenamiento accidental por psicofármacos y drogas de abuso,6
2024,male,80-84,Eventos de intención no determinada,5
2024,male,80-84,Suicidio y lesiones autoinfligidas,140
2024,male,80-84,Todas las causas,33423
2024,male,80-84,"Trastornos mentales debidos al uso de drogas (drogodependencia, toxicomanía)",0
2024,male,85-89,Accidentes de tráfico,46
2024,male,85-89,Agresiones (homicidio),2
2024,male,85-89,Envenenamiento accidental por psicofármacos y drogas de abuso,13
2024,male,85-89,Eventos de intención no determinada,1
2024,male,85-89,Suicidio y lesiones autoinfligidas,136
2024,male,85-89,Todas las causas,36472
2024,male,85-89,"Trastornos mentales debidos al uso de drogas (drogodependencia, toxicomanía)",0
2024,male,90-94,Accidentes de tráfico,19
2024,male,90-94,Agresiones (homicidio),2
2024,male,90-94,Envenenamiento accidental por psicofármacos y drogas de abuso,8
2024,male,90-94,Eventos de intención no determinada,1
2024,male,90-94,Suicidio y lesiones autoinfligidas,72
2024,male,90-94,Todas las causas,30789
2024,male,90-94,"Trastornos mentales debidos al uso de drogas (drogodependencia, toxicomanía)",0
2024,male,95+,Accidentes de tráfico,5
2024,male,95+,Agresiones (homicidio),2
2024,male,95+,Envenenamiento accidental por psicofármacos y drogas de abuso,1
2024,male,95+,Eventos de intención no determinada,0
2024,male,95+,Suicidio y lesiones autoinfligidas,15
2024,male,95+,Todas las causas,11673
2024,male,95+,"Trastornos mentales debidos al uso de drogas (drogodependencia, toxicomanía)",0
2024,male,<1,Accidentes de tráfico,2
2024,male,<1,Agresiones (homicidio),7
2024,male,<1,Envenenamiento accidental por psicofármacos y drogas de abuso,0
2024,male,<1,Eventos de intención no determinada,0
2024,male,<1,Suicidio y lesiones autoinfligidas,0
2024,male,<1,Todas las causas,555
2024,male,<1,"Trastornos mentales debidos al uso de drogas (drogodependencia, toxicomanía)",0
2024,male,all,Accidentes de tráfico,1479
2024,male,all,Agresiones (homicidio),223
2024,male,all,Envenenamiento accidental por psicofármacos y drogas de abuso,737
2024,male,all,Eventos de intención no determinada,74
2024,male,all,Suicidio y lesiones autoinfligidas,2902
2024,male,all,Todas las causas,220090
2024,male,all,"Trastornos mentales debidos al uso de drogas (drogodependencia, toxicomanía)",44
