year,sex,age_group,nationality,population_july1
2002,all,0-4,foreign,88653
2002,all,0-4,spanish,1885497
2002,all,0-4,total,1974150
2002,all,10-14,foreign,98354
2002,all,10-14,spanish,2010051
2002,all,10-14,total,2108405
2002,all,15-19,foreign,111991
2002,all,15-19,spanish,2319969
2002,all,15-19,total,2431960
2002,all,20-24,foreign,237206
2002,all,20-24,spanish,2932949
2002,all,20-24,total,3170154
2002,all,25-29,foreign,315970
2002,all,25-29,spanish,3273698
2002,all,25-29,total,3589668
2002,all,30-34,foreign,296328
2002,all,30-34,spanish,3165228
2002,all,30-34,total,3461555
2002,all,35-39,foreign,235083
2002,all,35-39,spanish,3139287
2002,all,35-39,total,3374370
2002,all,40-44,foreign,167145
2002,all,40-44,spanish,2931405
2002,all,40-44,total,3098550
2002,all,45-49,foreign,113255
2002,all,45-49,spanish,2569532
2002,all,45-49,total,2682787
2002,all,5-9,foreign,97208
2002,all,5-9,spanish,1815649
2002,all,5-9,total,1912857
2002,all,50-54,foreign,77439
2002,all,50-54,spanish,2394643
2002,all,50-54,total,2472082
2002,all,55-59,foreign,59650
2002,all,55-59,spanish,2218688
2002,all,55-59,total,2278338
2002,all,60-64,foreign,53365
2002,all,60-64,spanish,1788682
2002,all,60-64,total,1842047
2002,all,65-69,foreign,41376
2002,all,65-69,spanish,2030171
2002,all,65-69,total,2071547
2002,all,70-74,foreign,28971
2002,all,70-74,spanish,1843931
2002,all,70-74,total,1872902
2002,all,75-79,foreign,18866
2002,all,75-79,spanish,1439061
2002,all,75-79,total,1457927
2002,all,80+,foreign,18019
2002,all,80+,spanish,1606200
2002,all,80+,total,1624218
2002,all,all,foreign,2058879
2002,all,all,spanish,39364640
2002,all,all,total,41423520
2002,female,0-4,foreign,43577
2002,female,0-4,spanish,917288
2002,female,0-4,total,960865
2002,female,10-14,foreign,47641
2002,female,10-14,spanish,977463
2002,female,10-14,total,1025104
2002,female,15-19,foreign,53938
2002,female,15-19,spanish,1130483
2002,female,15-19,total,1184421
2002,female,20-24,foreign,113520
2002,female,20-24,spanish,1432237
2002,female,20-24,total,1545757
2002,female,25-29,foreign,144199
2002,female,25-29,spanish,1605334
2002,female,25-29,total,1749533
2002,female,30-34,foreign,131480
2002,female,30-34,spanish,1564007
2002,female,30-34,total,1695488
2002,female,35-39,foreign,106857
2002,female,35-39,spanish,1565011
2002,female,35-39,total,1671867
2002,female,40-44,foreign,78205
2002,female,40-44,spanish,1470585
2002,female,40-44,total,1548791
2002,female,45-49,foreign,55233
2002,female,45-49,spanish,1291772
2002,female,45-49,total,1347005
2002,female,5-9,foreign,47399
2002,female,5-9,spanish,883563
2002,female,5-9,total,930961
2002,female,50-54,foreign,40263
2002,female,50-54,spanish,1208646
2002,female,50-54,total,1248909
2002,female,55-59,foreign,31496
2002,female,55-59,spanish,1133437
2002,female,55-59,total,1164933
2002,female,60-64,foreign,27107
2002,female,60-64,spanish,930103
2002,female,60-64,total,957210
2002,female,65-69,foreign,19929
2002,female,65-69,spanish,1086029
2002,female,65-69,total,1105958
2002,female,70-74,foreign,13985
2002,female,70-74,spanish,1020821
2002,female,70-74,total,1034806
2002,female,75-79,foreign,9467
2002,female,75-79,spanish,841247
2002,female,75-79,total,850714
2002,female,80+,foreign,10064
2002,female,80+,spanish,1064280
2002,female,80+,total,1074343
2002,female,all,foreign,974361
2002,female,all,spanish,20122305
2002,female,all,total,21096666
2002,male,0-4,foreign,45076
2002,male,0-4,spanish,968209
2002,male,0-4,total,1013285
2002,male,10-14,foreign,50713
2002,male,10-14,spanish,1032588
2002,male,10-14,total,1083301
2002,male,15-19,foreign,58053
2002,male,15-19,spanish,1189486
2002,male,15-19,total,1247539
2002,male,20-24,foreign,123686
2002,male,20-24,spanish,1500712
2002,male,20-24,total,1624398
2002,male,25-29,foreign,171771
2002,male,25-29,spanish,1668364
2002,male,25-29,total,1840135
2002,male,30-34,foreign,164847
2002,male,30-34,spanish,1601220
2002,male,30-34,total,1766068
2002,male,35-39,foreign,128227
2002,male,35-39,spanish,1574276
2002,male,35-39,total,1702503
2002,male,40-44,foreign,88940
2002,male,40-44,spanish,1460820
2002,male,40-44,total,1549760
2002,male,45-49,foreign,58022
2002,male,45-49,spanish,1277760
2002,male,45-49,total,1335782
2002,male,5-9,foreign,49809
2002,male,5-9,spanish,932086
2002,male,5-9,total,981895
2002,male,50-54,foreign,37176
2002,male,50-54,spanish,1185997
2002,male,50-54,total,1223173
2002,male,55-59,foreign,28154
2002,male,55-59,spanish,1085251
2002,male,55-59,total,1113405
2002,male,60-64,foreign,26258
2002,male,60-64,spanish,858580
2002,male,60-64,total,884837
2002,male,65-69,foreign,21447
2002,male,65-69,spanish,944142
2002,male,65-69,total,965589
2002,male,70-74,foreign,14986
2002,male,70-74,spanish,823110
2002,male,70-74,total,838096
2002,male,75-79,foreign,9399
2002,male,75-79,spanish,597814
2002,male,75-79,total,607213
2002,male,80+,foreign,7955
2002,male,80+,spanish,541920
2002,male,80+,total,549875
2002,male,all,foreign,1084519
2002,male,all,spanish,19242335
2002,male,all,total,20326854
2003,all,0-4,foreign,116448
2003,all,0-4,spanish,1947858
2003,all,0-4,total,2064306
2003,all,10-14,foreign,129545
2003,all,10-14,spanish,1987237
2003,all,10-14,total,2116782
2003,all,15-19,foreign,147559
2003,all,15-19,spanish,2236506
2003,all,15-19,total,2384065
2003,all,20-24,foreign,299603
2003,all,20-24,spanish,2804955
2003,all,20-24,total,3104558
2003,all,25-29,foreign,414107
2003,all,25-29,spanish,3269156
2003,all,25-29,total,3683263
2003,all,30-34,foreign,380657
2003,all,30-34,spanish,3187427
2003,all,30-34,total,3568084
2003,all,35-39,foreign,299314
2003,all,35-39,spanish,3174520
2003,all,35-39,total,3473833
2003,all,40-44,foreign,216139
2003,all,40-44,spanish,2974524
2003,all,40-44,total,3190663
2003,all,45-49,foreign,147354
2003,all,45-49,spanish,2643811
2003,all,45-49,total,2791165
2003,all,5-9,foreign,128504
2003,all,5-9,spanish,1800738
2003,all,5-9,total,1929242
2003,all,50-54,foreign,99303
2003,all,50-54,spanish,2408032
2003,all,50-54,total,2507335
2003,all,55-59,foreign,75808
2003,all,55-59,spanish,2286587
2003,all,55-59,total,2362395
2003,all,60-64,foreign,65725
2003,all,60-64,spanish,1835570
2003,all,60-64,total,1901294
2003,all,65-69,foreign,51177
2003,all,65-69,spanish,1953687
2003,all,65-69,total,2004864
2003,all,70-74,foreign,34004
2003,all,70-74,spanish,1882270
2003,all,70-74,total,1916274
2003,all,75-79,foreign,21608
2003,all,75-79,spanish,1470941
2003,all,75-79,total,1492548
2003,all,80+,foreign,20577
2003,all,80+,spanish,1684983
2003,all,80+,total,1705560
2003,all,all,foreign,2647431
2003,all,all,spanish,39548800
2003,all,all,total,42196231
2003,female,0-4,foreign,57117
2003,female,0-4,spanish,946572
2003,female,0-4,total,1003688
2003,female,10-14,foreign,62730
2003,female,10-14,spanish,966433
2003,female,10-14,total,1029163
2003,female,15-19,foreign,71380
2003,female,15-19,spanish,1089139
2003,female,15-19,total,1160519
2003,female,20-24,foreign,145398
2003,female,20-24,spanish,1369388
2003,female,20-24,total,1514786
2003,female,25-29,foreign,189097
2003,female,25-29,spanish,1600767
2003,female,25-29,total,1789865
2003,female,30-34,foreign,167578
2003,female,30-34,spanish,1571490
2003,female,30-34,total,1739068
2003,female,35-39,foreign,133755
2003,female,35-39,spanish,1580839
2003,female,35-39,total,1714594
2003,female,40-44,foreign,99904
2003,female,40-44,spanish,1490379
2003,female,40-44,total,1590283
2003,female,45-49,foreign,70804
2003,female,45-49,spanish,1329918
2003,female,45-49,total,1400722
2003,female,5-9,foreign,62637
2003,female,5-9,spanish,876067
2003,female,5-9,total,938704
2003,female,50-54,foreign,51190
2003,female,50-54,spanish,1213995
2003,female,50-54,total,1265185
2003,female,55-59,foreign,40310
2003,female,55-59,spanish,1167596
2003,female,55-59,total,1207906
2003,female,60-64,foreign,33722
2003,female,60-64,spanish,951916
2003,female,60-64,total,985638
2003,female,65-69,foreign,24771
2003,female,65-69,spanish,1044915
2003,female,65-69,total,1069686
2003,female,70-74,foreign,16462
2003,female,70-74,spanish,1039874
2003,female,70-74,total,1056336
2003,female,75-79,foreign,10871
2003,female,75-79,spanish,857917
2003,female,75-79,total,868788
2003,female,80+,foreign,11486
2003,female,80+,spanish,1111815
2003,female,80+,total,1123300
2003,female,all,foreign,1249212
2003,female,all,spanish,20209019
2003,female,all,total,21458232
2003,male,0-4,foreign,59332
2003,male,0-4,spanish,1001286
2003,male,0-4,total,1060618
2003,male,10-14,foreign,66816
2003,male,10-14,spanish,1020804
2003,male,10-14,total,1087619
2003,male,15-19,foreign,76179
2003,male,15-19,spanish,1147367
2003,male,15-19,total,1223546
2003,male,20-24,foreign,154205
2003,male,20-24,spanish,1435567
2003,male,20-24,total,1589772
2003,male,25-29,foreign,225010
2003,male,25-29,spanish,1668388
2003,male,25-29,total,1893398
2003,male,30-34,foreign,213080
2003,male,30-34,spanish,1615937
2003,male,30-34,total,1829017
2003,male,35-39,foreign,165559
2003,male,35-39,spanish,1593680
2003,male,35-39,total,1759239
2003,male,40-44,foreign,116234
2003,male,40-44,spanish,1484145
2003,male,40-44,total,1600380
2003,male,45-49,foreign,76549
2003,male,45-49,spanish,1313893
2003,male,45-49,total,1390443
2003,male,5-9,foreign,65867
2003,male,5-9,spanish,924671
2003,male,5-9,total,990538
2003,male,50-54,foreign,48113
2003,male,50-54,spanish,1194037
2003,male,50-54,total,1242150
2003,male,55-59,foreign,35498
2003,male,55-59,spanish,1118990
2003,male,55-59,total,1154488
2003,male,60-64,foreign,32003
2003,male,60-64,spanish,883654
2003,male,60-64,total,915657
2003,male,65-69,foreign,26406
2003,male,65-69,spanish,908772
2003,male,65-69,total,935178
2003,male,70-74,foreign,17542
2003,male,70-74,spanish,842397
2003,male,70-74,total,859939
2003,male,75-79,foreign,10737
2003,male,75-79,spanish,613024
2003,male,75-79,total,623761
2003,male,80+,foreign,9091
2003,male,80+,spanish,573169
2003,male,80+,total,582259
2003,male,all,foreign,1398219
2003,male,all,spanish,19339780
2003,male,all,total,20737999
2004,all,0-4,foreign,134697
2004,all,0-4,spanish,2004812
2004,all,0-4,total,2139508
2004,all,10-14,foreign,149672
2004,all,10-14,spanish,1956135
2004,all,10-14,total,2105807
2004,all,15-19,foreign,173195
2004,all,15-19,spanish,2170923
2004,all,15-19,total,2344118
2004,all,20-24,foreign,333596
2004,all,20-24,spanish,2677940
2004,all,20-24,total,3011536
2004,all,25-29,foreign,489821
2004,all,25-29,spanish,3239402
2004,all,25-29,total,3729223
2004,all,30-34,foreign,450972
2004,all,30-34,spanish,3223878
2004,all,30-34,total,3674850
2004,all,35-39,foreign,356797
2004,all,35-39,spanish,3185790
2004,all,35-39,total,3542587
2004,all,40-44,foreign,260073
2004,all,40-44,spanish,3034317
2004,all,40-44,total,3294390
2004,all,45-49,foreign,178968
2004,all,45-49,spanish,2732964
2004,all,45-49,total,2911932
2004,all,5-9,foreign,147466
2004,all,5-9,spanish,1810410
2004,all,5-9,total,1957876
2004,all,50-54,foreign,120581
2004,all,50-54,spanish,2411575
2004,all,50-54,total,2532156
2004,all,55-59,foreign,91057
2004,all,55-59,spanish,2333462
2004,all,55-59,total,2424518
2004,all,60-64,foreign,77158
2004,all,60-64,spanish,1959252
2004,all,60-64,total,2036411
2004,all,65-69,foreign,61165
2004,all,65-69,spanish,1841067
2004,all,65-69,total,1902232
2004,all,70-74,foreign,39082
2004,all,70-74,spanish,1903311
2004,all,70-74,total,1942393
2004,all,75-79,foreign,24093
2004,all,75-79,spanish,1507127
2004,all,75-79,total,1531221
2004,all,80+,foreign,23009
2004,all,80+,spanish,1755407
2004,all,80+,total,1778415
2004,all,all,foreign,3111401
2004,all,all,spanish,39747771
2004,all,all,total,42859172
2004,female,0-4,foreign,65804
2004,female,0-4,spanish,974218
2004,female,0-4,total,1040022
2004,female,10-14,foreign,72126
2004,female,10-14,spanish,951231
2004,female,10-14,total,1023357
2004,female,15-19,foreign,83671
2004,female,15-19,spanish,1056769
2004,female,15-19,total,1140440
2004,female,20-24,foreign,163601
2004,female,20-24,spanish,1306670
2004,female,20-24,total,1470271
2004,female,25-29,foreign,224557
2004,female,25-29,spanish,1584911
2004,female,25-29,total,1809468
2004,female,30-34,foreign,197540
2004,female,30-34,spanish,1586631
2004,female,30-34,total,1784172
2004,female,35-39,foreign,157299
2004,female,35-39,spanish,1583921
2004,female,35-39,total,1741220
2004,female,40-44,foreign,119015
2004,female,40-44,spanish,1518177
2004,female,40-44,total,1637192
2004,female,45-49,foreign,84882
2004,female,45-49,spanish,1374257
2004,female,45-49,total,1459139
2004,female,5-9,foreign,71918
2004,female,5-9,spanish,880800
2004,female,5-9,total,952718
2004,female,50-54,foreign,61523
2004,female,50-54,spanish,1214866
2004,female,50-54,total,1276389
2004,female,55-59,foreign,48364
2004,female,55-59,spanish,1190877
2004,female,55-59,total,1239240
2004,female,60-64,foreign,39791
2004,female,60-64,spanish,1013702
2004,female,60-64,total,1053493
2004,female,65-69,foreign,29625
2004,female,65-69,spanish,985042
2004,female,65-69,total,1014667
2004,female,70-74,foreign,18909
2004,female,70-74,spanish,1049383
2004,female,70-74,total,1068292
2004,female,75-79,foreign,12039
2004,female,75-79,spanish,877445
2004,female,75-79,total,889483
2004,female,80+,foreign,12782
2004,female,80+,spanish,1153775
2004,female,80+,total,1166558
2004,female,all,foreign,1463447
2004,female,all,spanish,20302674
2004,female,all,total,21766121
2004,male,0-4,foreign,68892
2004,male,0-4,spanish,1030594
2004,male,0-4,total,1099486
2004,male,10-14,foreign,77546
2004,male,10-14,spanish,1004905
2004,male,10-14,total,1082450
2004,male,15-19,foreign,89524
2004,male,15-19,spanish,1114154
2004,male,15-19,total,1203678
2004,male,20-24,foreign,169995
2004,male,20-24,spanish,1371270
2004,male,20-24,total,1541265
2004,male,25-29,foreign,265264
2004,male,25-29,spanish,1654491
2004,male,25-29,total,1919755
2004,male,30-34,foreign,253431
2004,male,30-34,spanish,1637247
2004,male,30-34,total,1890678
2004,male,35-39,foreign,199497
2004,male,35-39,spanish,1601869
2004,male,35-39,total,1801367
2004,male,40-44,foreign,141058
2004,male,40-44,spanish,1516140
2004,male,40-44,total,1657198
2004,male,45-49,foreign,94086
2004,male,45-49,spanish,1358707
2004,male,45-49,total,1452793
2004,male,5-9,foreign,75548
2004,male,5-9,spanish,929609
2004,male,5-9,total,1005157
2004,male,50-54,foreign,59058
2004,male,50-54,spanish,1196709
2004,male,50-54,total,1255767
2004,male,55-59,foreign,42693
2004,male,55-59,spanish,1142585
2004,male,55-59,total,1185278
2004,male,60-64,foreign,37367
2004,male,60-64,spanish,945551
2004,male,60-64,total,982918
2004,male,65-69,foreign,31540
2004,male,65-69,spanish,856025
2004,male,65-69,total,887565
2004,male,70-74,foreign,20173
2004,male,70-74,spanish,853928
2004,male,70-74,total,874101
2004,male,75-79,foreign,12055
2004,male,75-79,spanish,629683
2004,male,75-79,total,641737
2004,male,80+,foreign,10226
2004,male,80+,spanish,601631
2004,male,80+,total,611857
2004,male,all,foreign,1647954
2004,male,all,spanish,19445097
2004,male,all,total,21093052
2005,all,0-4,foreign,154968
2005,all,0-4,spanish,2058434
2005,all,0-4,total,2213403
2005,all,10-14,foreign,168355
2005,all,10-14,spanish,1922397
2005,all,10-14,total,2090751
2005,all,15-19,foreign,203885
2005,all,15-19,spanish,2116853
2005,all,15-19,total,2320737
2005,all,20-24,foreign,395001
2005,all,20-24,spanish,2559737
2005,all,20-24,total,2954738
2005,all,25-29,foreign,594994
2005,all,25-29,spanish,3173500
2005,all,25-29,total,3768494
2005,all,30-34,foreign,547782
2005,all,30-34,spanish,3266174
2005,all,30-34,total,3813956
2005,all,35-39,foreign,434475
2005,all,35-39,spanish,3192586
2005,all,35-39,total,3627061
2005,all,40-44,foreign,314816
2005,all,40-44,spanish,3092553
2005,all,40-44,total,3407369
2005,all,45-49,foreign,219912
2005,all,45-49,spanish,2826115
2005,all,45-49,total,3046026
2005,all,5-9,foreign,164487
2005,all,5-9,spanish,1843456
2005,all,5-9,total,2007942
2005,all,50-54,foreign,146556
2005,all,50-54,spanish,2448191
2005,all,50-54,total,2594748
2005,all,55-59,foreign,109314
2005,all,55-59,spanish,2343445
2005,all,55-59,total,2452759
2005,all,60-64,foreign,88918
2005,all,60-64,spanish,2045383
2005,all,60-64,total,2134301
2005,all,65-69,foreign,71562
2005,all,65-69,spanish,1788713
2005,all,65-69,total,1860275
2005,all,70-74,foreign,44587
2005,all,70-74,spanish,1906387
2005,all,70-74,total,1950974
2005,all,75-79,foreign,26865
2005,all,75-79,spanish,1544827
2005,all,75-79,total,1571693
2005,all,80+,foreign,25567
2005,all,80+,spanish,1821821
2005,all,80+,total,1847387
2005,all,all,foreign,3712043
2005,all,all,spanish,39950570
2005,all,all,total,43662613
2005,female,0-4,foreign,75454
2005,female,0-4,spanish,1000210
2005,female,0-4,total,1075664
2005,female,10-14,foreign,81089
2005,female,10-14,spanish,934675
2005,female,10-14,total,1015764
2005,female,15-19,foreign,97642
2005,female,15-19,spanish,1030209
2005,female,15-19,total,1127851
2005,female,20-24,foreign,190470
2005,female,20-24,spanish,1248096
2005,female,20-24,total,1438566
2005,female,25-29,foreign,268362
2005,female,25-29,spanish,1552043
2005,female,25-29,total,1820406
2005,female,30-34,foreign,235546
2005,female,30-34,spanish,1605390
2005,female,30-34,total,1840936
2005,female,35-39,foreign,187456
2005,female,35-39,spanish,1584031
2005,female,35-39,total,1771487
2005,female,40-44,foreign,141878
2005,female,40-44,spanish,1545440
2005,female,40-44,total,1687318
2005,female,45-49,foreign,102946
2005,female,45-49,spanish,1420091
2005,female,45-49,total,1523037
2005,female,5-9,foreign,80189
2005,female,5-9,spanish,896783
2005,female,5-9,total,976972
2005,female,50-54,foreign,73662
2005,female,50-54,spanish,1233335
2005,female,50-54,total,1306997
2005,female,55-59,foreign,57810
2005,female,55-59,spanish,1194429
2005,female,55-59,total,1252239
2005,female,60-64,foreign,45964
2005,female,60-64,spanish,1056984
2005,female,60-64,total,1102948
2005,female,65-69,foreign,34730
2005,female,65-69,spanish,956021
2005,female,65-69,total,990751
2005,female,70-74,foreign,21403
2005,female,70-74,spanish,1049309
2005,female,70-74,total,1070712
2005,female,75-79,foreign,13358
2005,female,75-79,spanish,897389
2005,female,75-79,total,910747
2005,female,80+,foreign,14104
2005,female,80+,spanish,1194148
2005,female,80+,total,1208253
2005,female,all,foreign,1722063
2005,female,all,spanish,20398585
2005,female,all,total,22120648
2005,male,0-4,foreign,79514
2005,male,0-4,spanish,1058224
2005,male,0-4,total,1137739
2005,male,10-14,foreign,87266
2005,male,10-14,spanish,987722
2005,male,10-14,total,1074987
2005,male,15-19,foreign,106242
2005,male,15-19,spanish,1086644
2005,male,15-19,total,1192886
2005,male,20-24,foreign,204531
2005,male,20-24,spanish,1311640
2005,male,20-24,total,1516171
2005,male,25-29,foreign,326632
2005,male,25-29,spanish,1621457
2005,male,25-29,total,1948088
2005,male,30-34,foreign,312236
2005,male,30-34,spanish,1660784
2005,male,30-34,total,1973020
2005,male,35-39,foreign,247019
2005,male,35-39,spanish,1608554
2005,male,35-39,total,1855573
2005,male,40-44,foreign,172938
2005,male,40-44,spanish,1547112
2005,male,40-44,total,1720051
2005,male,45-49,foreign,116966
2005,male,45-49,spanish,1406023
2005,male,45-49,total,1522989
2005,male,5-9,foreign,84297
2005,male,5-9,spanish,946673
2005,male,5-9,total,1030970
2005,male,50-54,foreign,72895
2005,male,50-54,spanish,1214857
2005,male,50-54,total,1287751
2005,male,55-59,foreign,51504
2005,male,55-59,spanish,1149015
2005,male,55-59,total,1200520
2005,male,60-64,foreign,42953
2005,male,60-64,spanish,988399
2005,male,60-64,total,1031352
2005,male,65-69,foreign,36832
2005,male,65-69,spanish,832693
2005,male,65-69,total,869525
2005,male,70-74,foreign,23184
2005,male,70-74,spanish,857078
2005,male,70-74,total,880262
2005,male,75-79,foreign,13507
2005,male,75-79,spanish,647438
2005,male,75-79,total,660945
2005,male,80+,foreign,11463
2005,male,80+,spanish,627674
2005,male,80+,total,639134
2005,male,all,foreign,1989980
2005,male,all,spanish,19551985
2005,male,all,total,21541965
2006,all,0-4,foreign,180138
2006,all,0-4,spanish,2107113
2006,all,0-4,total,2287251
2006,all,10-14,foreign,189701
2006,all,10-14,spanish,1893399
2006,all,10-14,total,2083099
2006,all,15-19,foreign,227605
2006,all,15-19,spanish,2076384
2006,all,15-19,total,2303989
2006,all,20-24,foreign,421537
2006,all,20-24,spanish,2447640
2006,all,20-24,total,2869176
2006,all,25-29,foreign,652203
2006,all,25-29,spanish,3080422
2006,all,25-29,total,3732625
2006,all,30-34,foreign,615345
2006,all,30-34,spanish,3306481
2006,all,30-34,total,3921826
2006,all,35-39,foreign,494204
2006,all,35-39,spanish,3212854
2006,all,35-39,total,3707059
2006,all,40-44,foreign,357188
2006,all,40-44,spanish,3144199
2006,all,40-44,total,3501387
2006,all,45-49,foreign,253041
2006,all,45-49,spanish,2907331
2006,all,45-49,total,3160372
2006,all,5-9,foreign,182522
2006,all,5-9,spanish,1891902
2006,all,5-9,total,2074424
2006,all,50-54,foreign,170579
2006,all,50-54,spanish,2510299
2006,all,50-54,total,2680878
2006,all,55-59,foreign,125434
2006,all,55-59,spanish,2349371
2006,all,55-59,total,2474805
2006,all,60-64,foreign,100278
2006,all,60-64,spanish,2101028
2006,all,60-64,total,2201306
2006,all,65-69,foreign,81222
2006,all,65-69,spanish,1764098
2006,all,65-69,total,1845321
2006,all,70-74,foreign,50067
2006,all,70-74,spanish,1910760
2006,all,70-74,total,1960826
2006,all,75-79,foreign,29688
2006,all,75-79,spanish,1585066
2006,all,75-79,total,1614754
2006,all,80+,foreign,28160
2006,all,80+,spanish,1913263
2006,all,80+,total,1941421
2006,all,all,foreign,4158912
2006,all,all,spanish,40201609
2006,all,all,total,44360521
2006,female,0-4,foreign,87209
2006,female,0-4,spanish,1023931
2006,female,0-4,total,1111140
2006,female,10-14,foreign,91450
2006,female,10-14,spanish,920906
2006,female,10-14,total,1012356
2006,female,15-19,foreign,109134
2006,female,15-19,spanish,1010040
2006,female,15-19,total,1119174
2006,female,20-24,foreign,207364
2006,female,20-24,spanish,1193228
2006,female,20-24,total,1400592
2006,female,25-29,foreign,300140
2006,female,25-29,spanish,1505734
2006,female,25-29,total,1805873
2006,female,30-34,foreign,266806
2006,female,30-34,spanish,1623921
2006,female,30-34,total,1890728
2006,female,35-39,foreign,212765
2006,female,35-39,spanish,1591124
2006,female,35-39,total,1803889
2006,female,40-44,foreign,160296
2006,female,40-44,spanish,1568932
2006,female,40-44,total,1729228
2006,female,45-49,foreign,118193
2006,female,45-49,spanish,1460118
2006,female,45-49,total,1578311
2006,female,5-9,foreign,89028
2006,female,5-9,spanish,920127
2006,female,5-9,total,1009154
2006,female,50-54,foreign,84687
2006,female,50-54,spanish,1265188
2006,female,50-54,total,1349875
2006,female,55-59,foreign,65870
2006,female,55-59,spanish,1195642
2006,female,55-59,total,1261512
2006,female,60-64,foreign,52056
2006,female,60-64,spanish,1085757
2006,female,60-64,total,1137813
2006,female,65-69,foreign,39583
2006,female,65-69,spanish,938518
2006,female,65-69,total,978101
2006,female,70-74,foreign,23726
2006,female,70-74,spanish,1050962
2006,female,70-74,total,1074687
2006,female,75-79,foreign,14628
2006,female,75-79,spanish,917427
2006,female,75-79,total,932054
2006,female,80+,foreign,15488
2006,female,80+,spanish,1249837
2006,female,80+,total,1265323
2006,female,all,foreign,1938422
2006,female,all,spanish,20521390
2006,female,all,total,22459813
2006,male,0-4,foreign,92929
2006,male,0-4,spanish,1083182
2006,male,0-4,total,1176111
2006,male,10-14,foreign,98251
2006,male,10-14,spanish,972493
2006,male,10-14,total,1070743
2006,male,15-19,foreign,118471
2006,male,15-19,spanish,1066344
2006,male,15-19,total,1184815
2006,male,20-24,foreign,214173
2006,male,20-24,spanish,1254411
2006,male,20-24,total,1468584
2006,male,25-29,foreign,352063
2006,male,25-29,spanish,1574688
2006,male,25-29,total,1926751
2006,male,30-34,foreign,348539
2006,male,30-34,spanish,1682560
2006,male,30-34,total,2031099
2006,male,35-39,foreign,281440
2006,male,35-39,spanish,1621730
2006,male,35-39,total,1903170
2006,male,40-44,foreign,196892
2006,male,40-44,spanish,1575267
2006,male,40-44,total,1772159
2006,male,45-49,foreign,134848
2006,male,45-49,spanish,1447213
2006,male,45-49,total,1582061
2006,male,5-9,foreign,93494
2006,male,5-9,spanish,971775
2006,male,5-9,total,1065270
2006,male,50-54,foreign,85893
2006,male,50-54,spanish,1245111
2006,male,50-54,total,1331003
2006,male,55-59,foreign,59564
2006,male,55-59,spanish,1153729
2006,male,55-59,total,1213293
2006,male,60-64,foreign,48222
2006,male,60-64,spanish,1015271
2006,male,60-64,total,1063493
2006,male,65-69,foreign,41639
2006,male,65-69,spanish,825581
2006,male,65-69,total,867220
2006,male,70-74,foreign,26341
2006,male,70-74,spanish,859798
2006,male,70-74,total,886139
2006,male,75-79,foreign,15060
2006,male,75-79,spanish,667639
2006,male,75-79,total,682699
2006,male,80+,foreign,12671
2006,male,80+,spanish,663427
2006,male,80+,total,676099
2006,male,all,foreign,2220490
2006,male,all,spanish,19680219
2006,male,all,total,21900709
2007,all,0-4,foreign,213252
2007,all,0-4,spanish,2149275
2007,all,0-4,total,2362527
2007,all,10-14,foreign,217148
2007,all,10-14,spanish,1869455
2007,all,10-14,total,2086604
2007,all,15-19,foreign,261151
2007,all,15-19,spanish,2051961
2007,all,15-19,total,2313112
2007,all,20-24,foreign,484720
2007,all,20-24,spanish,2348478
2007,all,20-24,total,2833198
2007,all,25-29,foreign,740731
2007,all,25-29,spanish,2966973
2007,all,25-29,total,3707704
2007,all,30-34,foreign,714246
2007,all,30-34,spanish,3329447
2007,all,30-34,total,4043692
2007,all,35-39,foreign,573960
2007,all,35-39,spanish,3237609
2007,all,35-39,total,3811569
2007,all,40-44,foreign,415031
2007,all,40-44,spanish,3201686
2007,all,40-44,total,3616717
2007,all,45-49,foreign,295848
2007,all,45-49,spanish,2966926
2007,all,45-49,total,3262774
2007,all,5-9,foreign,204461
2007,all,5-9,spanish,1942544
2007,all,5-9,total,2147005
2007,all,50-54,foreign,201311
2007,all,50-54,spanish,2579103
2007,all,50-54,total,2780415
2007,all,55-59,foreign,143029
2007,all,55-59,spanish,2380389
2007,all,55-59,total,2523417
2007,all,60-64,foreign,114242
2007,all,60-64,spanish,2181593
2007,all,60-64,total,2295836
2007,all,65-69,foreign,90838
2007,all,65-69,spanish,1726610
2007,all,65-69,total,1817448
2007,all,70-74,foreign,57093
2007,all,70-74,spanish,1892988
2007,all,70-74,total,1950082
2007,all,75-79,foreign,32625
2007,all,75-79,spanish,1623917
2007,all,75-79,total,1656542
2007,all,80+,foreign,30919
2007,all,80+,spanish,1996442
2007,all,80+,total,2027362
2007,all,all,foreign,4790606
2007,all,all,spanish,40445398
2007,all,all,total,45236004
2007,female,0-4,foreign,103104
2007,female,0-4,spanish,1043505
2007,female,0-4,total,1146609
2007,female,10-14,foreign,104984
2007,female,10-14,spanish,909735
2007,female,10-14,total,1014719
2007,female,15-19,foreign,124800
2007,female,15-19,spanish,997949
2007,female,15-19,total,1122749
2007,female,20-24,foreign,239357
2007,female,20-24,spanish,1144775
2007,female,20-24,total,1384132
2007,female,25-29,foreign,344503
2007,female,25-29,spanish,1449664
2007,female,25-29,total,1794167
2007,female,30-34,foreign,310881
2007,female,30-34,spanish,1634192
2007,female,30-34,total,1945072
2007,female,35-39,foreign,246913
2007,female,35-39,spanish,1600403
2007,female,35-39,total,1847315
2007,female,40-44,foreign,185270
2007,female,40-44,spanish,1595420
2007,female,40-44,total,1780690
2007,female,45-49,foreign,137476
2007,female,45-49,spanish,1488889
2007,female,45-49,total,1626365
2007,female,5-9,foreign,99854
2007,female,5-9,spanish,944411
2007,female,5-9,total,1044265
2007,female,50-54,foreign,98882
2007,female,50-54,spanish,1300517
2007,female,50-54,total,1399398
2007,female,55-59,foreign,74460
2007,female,55-59,spanish,1209749
2007,female,55-59,total,1284209
2007,female,60-64,foreign,59758
2007,female,60-64,spanish,1127414
2007,female,60-64,total,1187171
2007,female,65-69,foreign,44512
2007,female,65-69,spanish,914434
2007,female,65-69,total,958946
2007,female,70-74,foreign,27123
2007,female,70-74,spanish,1041402
2007,female,70-74,total,1068524
2007,female,75-79,foreign,15902
2007,female,75-79,spanish,936592
2007,female,75-79,total,952494
2007,female,80+,foreign,16934
2007,female,80+,spanish,1300171
2007,female,80+,total,1317105
2007,female,all,foreign,2234712
2007,female,all,spanish,20639219
2007,female,all,total,22873931
2007,male,0-4,foreign,110148
2007,male,0-4,spanish,1105770
2007,male,0-4,total,1215918
2007,male,10-14,foreign,112164
2007,male,10-14,spanish,959721
2007,male,10-14,total,1071885
2007,male,15-19,foreign,136351
2007,male,15-19,spanish,1054013
2007,male,15-19,total,1190364
2007,male,20-24,foreign,245363
2007,male,20-24,spanish,1203703
2007,male,20-24,total,1449066
2007,male,25-29,foreign,396229
2007,male,25-29,spanish,1517309
2007,male,25-29,total,1913538
2007,male,30-34,foreign,403365
2007,male,30-34,spanish,1695255
2007,male,30-34,total,2098620
2007,male,35-39,foreign,327048
2007,male,35-39,spanish,1637206
2007,male,35-39,total,1964254
2007,male,40-44,foreign,229761
2007,male,40-44,spanish,1606266
2007,male,40-44,total,1836027
2007,male,45-49,foreign,158372
2007,male,45-49,spanish,1478037
2007,male,45-49,total,1636409
2007,male,5-9,foreign,104607
2007,male,5-9,spanish,998133
2007,male,5-9,total,1102740
2007,male,50-54,foreign,102430
2007,male,50-54,spanish,1278587
2007,male,50-54,total,1381016
2007,male,55-59,foreign,68568
2007,male,55-59,spanish,1170640
2007,male,55-59,total,1239208
2007,male,60-64,foreign,54485
2007,male,60-64,spanish,1054180
2007,male,60-64,total,1108664
2007,male,65-69,foreign,46326
2007,male,65-69,spanish,812176
2007,male,65-69,total,858502
2007,male,70-74,foreign,29971
2007,male,70-74,spanish,851587
2007,male,70-74,total,881557
2007,male,75-79,foreign,16722
2007,male,75-79,spanish,687326
2007,male,75-79,total,704048
2007,male,80+,foreign,13985
2007,male,80+,spanish,696271
2007,male,80+,total,710257
2007,male,all,foreign,2555894
2007,male,all,spanish,19806180
2007,male,all,total,22362074
2008,all,0-4,foreign,244787
2008,all,0-4,spanish,2194096
2008,all,0-4,total,2438882
2008,all,10-14,foreign,242589
2008,all,10-14,spanish,1856494
2008,all,10-14,total,2099082
2008,all,15-19,foreign,281324
2008,all,15-19,spanish,2032978
2008,all,15-19,total,2314302
2008,all,20-24,foreign,519179
2008,all,20-24,spanish,2269885
2008,all,20-24,total,2789064
2008,all,25-29,foreign,792444
2008,all,25-29,spanish,2841579
2008,all,25-29,total,3634023
2008,all,30-34,foreign,792801
2008,all,30-34,spanish,3335144
2008,all,30-34,total,4127945
2008,all,35-39,foreign,633018
2008,all,35-39,spanish,3270810
2008,all,35-39,total,3903828
2008,all,40-44,foreign,466634
2008,all,40-44,spanish,3248239
2008,all,40-44,total,3714873
2008,all,45-49,foreign,331118
2008,all,45-49,spanish,3019110
2008,all,45-49,total,3350227
2008,all,5-9,foreign,221727
2008,all,5-9,spanish,1998120
2008,all,5-9,total,2219848
2008,all,50-54,foreign,226877
2008,all,50-54,spanish,2658738
2008,all,50-54,total,2885615
2008,all,55-59,foreign,156454
2008,all,55-59,spanish,2396754
2008,all,55-59,total,2553209
2008,all,60-64,foreign,125067
2008,all,60-64,spanish,2249810
2008,all,60-64,total,2374876
2008,all,65-69,foreign,98413
2008,all,65-69,spanish,1774838
2008,all,65-69,total,1873252
2008,all,70-74,foreign,63842
2008,all,70-74,spanish,1825472
2008,all,70-74,total,1889314
2008,all,75-79,foreign,35614
2008,all,75-79,spanish,1663037
2008,all,75-79,total,1698651
2008,all,80+,foreign,33568
2008,all,80+,spanish,2082610
2008,all,80+,total,2116178
2008,all,all,foreign,5265454
2008,all,all,spanish,40717715
2008,all,all,total,45983169
2008,female,0-4,foreign,118140
2008,female,0-4,spanish,1064728
2008,female,0-4,total,1182868
2008,female,10-14,foreign,117243
2008,female,10-14,spanish,903211
2008,female,10-14,total,1020453
2008,female,15-19,foreign,133458
2008,female,15-19,spanish,988863
2008,female,15-19,total,1122321
2008,female,20-24,foreign,256354
2008,female,20-24,spanish,1106025
2008,female,20-24,total,1362380
2008,female,25-29,foreign,371969
2008,female,25-29,spanish,1388878
2008,female,25-29,total,1760848
2008,female,30-34,foreign,346568
2008,female,30-34,spanish,1636385
2008,female,30-34,total,1982953
2008,female,35-39,foreign,271653
2008,female,35-39,spanish,1614312
2008,female,35-39,total,1885964
2008,female,40-44,foreign,205994
2008,female,40-44,spanish,1617315
2008,female,40-44,total,1823309
2008,female,45-49,foreign,152848
2008,female,45-49,spanish,1513413
2008,female,45-49,total,1666261
2008,female,5-9,foreign,107891
2008,female,5-9,spanish,971589
2008,female,5-9,total,1079480
2008,female,50-54,foreign,110240
2008,female,50-54,spanish,1341329
2008,female,50-54,total,1451569
2008,female,55-59,foreign,80677
2008,female,55-59,spanish,1216542
2008,female,55-59,total,1297219
2008,female,60-64,foreign,65485
2008,female,60-64,spanish,1161877
2008,female,60-64,total,1227362
2008,female,65-69,foreign,48683
2008,female,65-69,spanish,936981
2008,female,65-69,total,985663
2008,female,70-74,foreign,30296
2008,female,70-74,spanish,1003509
2008,female,70-74,total,1033806
2008,female,75-79,foreign,17309
2008,female,75-79,spanish,956195
2008,female,75-79,total,973503
2008,female,80+,foreign,18223
2008,female,80+,spanish,1352123
2008,female,80+,total,1370347
2008,female,all,foreign,2453030
2008,female,all,spanish,20773275
2008,female,all,total,23226305
2008,male,0-4,foreign,126647
2008,male,0-4,spanish,1129368
2008,male,0-4,total,1256015
2008,male,10-14,foreign,125346
2008,male,10-14,spanish,953283
2008,male,10-14,total,1078629
2008,male,15-19,foreign,147866
2008,male,15-19,spanish,1044115
2008,male,15-19,total,1191981
2008,male,20-24,foreign,262824
2008,male,20-24,spanish,1163860
2008,male,20-24,total,1426684
2008,male,25-29,foreign,420474
2008,male,25-29,spanish,1452700
2008,male,25-29,total,1873175
2008,male,30-34,foreign,446232
2008,male,30-34,spanish,1698759
2008,male,30-34,total,2144991
2008,male,35-39,foreign,361365
2008,male,35-39,spanish,1656498
2008,male,35-39,total,2017863
2008,male,40-44,foreign,260640
2008,male,40-44,spanish,1630924
2008,male,40-44,total,1891564
2008,male,45-49,foreign,178269
2008,male,45-49,spanish,1505697
2008,male,45-49,total,1683966
2008,male,5-9,foreign,113837
2008,male,5-9,spanish,1026531
2008,male,5-9,total,1140368
2008,male,50-54,foreign,116637
2008,male,50-54,spanish,1317410
2008,male,50-54,total,1434047
2008,male,55-59,foreign,75778
2008,male,55-59,spanish,1180212
2008,male,55-59,total,1255990
2008,male,60-64,foreign,59582
2008,male,60-64,spanish,1087933
2008,male,60-64,total,1147514
2008,male,65-69,foreign,49730
2008,male,65-69,spanish,837858
2008,male,65-69,total,887588
2008,male,70-74,foreign,33546
2008,male,70-74,spanish,821963
2008,male,70-74,total,855509
2008,male,75-79,foreign,18305
2008,male,75-79,spanish,706842
2008,male,75-79,total,725148
2008,male,80+,foreign,15345
2008,male,80+,spanish,730486
2008,male,80+,total,745831
2008,male,all,foreign,2812424
2008,male,all,spanish,19944440
2008,male,all,total,22756864
2009,all,0-4,foreign,266647
2009,all,0-4,spanish,2217057
2009,all,0-4,total,2483704
2009,all,10-14,foreign,254001
2009,all,10-14,spanish,1864187
2009,all,10-14,total,2118188
2009,all,15-19,foreign,281468
2009,all,15-19,spanish,2003642
2009,all,15-19,total,2285110
2009,all,20-24,foreign,496591
2009,all,20-24,spanish,2207172
2009,all,20-24,total,2703764
2009,all,25-29,foreign,775941
2009,all,25-29,spanish,2711042
2009,all,25-29,total,3486983
2009,all,30-34,foreign,825406
2009,all,30-34,spanish,3301553
2009,all,30-34,total,4126960
2009,all,35-39,foreign,663130
2009,all,35-39,spanish,3306901
2009,all,35-39,total,3970031
2009,all,40-44,foreign,499905
2009,all,40-44,spanish,3261224
2009,all,40-44,total,3761129
2009,all,45-49,foreign,353119
2009,all,45-49,spanish,3082129
2009,all,45-49,total,3435248
2009,all,5-9,foreign,225417
2009,all,5-9,spanish,2056223
2009,all,5-9,total,2281641
2009,all,50-54,foreign,243918
2009,all,50-54,spanish,2749924
2009,all,50-54,total,2993842
2009,all,55-59,foreign,165426
2009,all,55-59,spanish,2401267
2009,all,55-59,total,2566694
2009,all,60-64,foreign,131067
2009,all,60-64,spanish,2296075
2009,all,60-64,total,2427142
2009,all,65-69,foreign,103651
2009,all,65-69,spanish,1896427
2009,all,65-69,total,2000078
2009,all,70-74,foreign,70135
2009,all,70-74,spanish,1722589
2009,all,70-74,total,1792724
2009,all,75-79,foreign,38356
2009,all,75-79,spanish,1687459
2009,all,75-79,total,1725815
2009,all,80+,foreign,36006
2009,all,80+,spanish,2172493
2009,all,80+,total,2208499
2009,all,all,foreign,5430184
2009,all,all,spanish,40937366
2009,all,all,total,46367550
2009,female,0-4,foreign,128207
2009,female,0-4,spanish,1074817
2009,female,0-4,total,1203024
2009,female,10-14,foreign,122799
2009,female,10-14,spanish,906864
2009,female,10-14,total,1029663
2009,female,15-19,foreign,133351
2009,female,15-19,spanish,974407
2009,female,15-19,total,1107757
2009,female,20-24,foreign,249839
2009,female,20-24,spanish,1075113
2009,female,20-24,total,1324952
2009,female,25-29,foreign,374199
2009,female,25-29,spanish,1324617
2009,female,25-29,total,1698816
2009,female,30-34,foreign,369038
2009,female,30-34,spanish,1619220
2009,female,30-34,total,1988257
2009,female,35-39,foreign,287907
2009,female,35-39,spanish,1630090
2009,female,35-39,total,1917997
2009,female,40-44,foreign,221888
2009,female,40-44,spanish,1621784
2009,female,40-44,total,1843673
2009,female,45-49,foreign,163529
2009,female,45-49,spanish,1543218
2009,female,45-49,total,1706747
2009,female,5-9,foreign,109254
2009,female,5-9,spanish,999896
2009,female,5-9,total,1109150
2009,female,50-54,foreign,118274
2009,female,50-54,spanish,1386516
2009,female,50-54,total,1504790
2009,female,55-59,foreign,84972
2009,female,55-59,spanish,1217897
2009,female,55-59,total,1302869
2009,female,60-64,foreign,68853
2009,female,60-64,spanish,1184857
2009,female,60-64,total,1253710
2009,female,65-69,foreign,51876
2009,female,65-69,spanish,998375
2009,female,65-69,total,1050251
2009,female,70-74,foreign,33299
2009,female,70-74,spanish,946694
2009,female,70-74,total,979993
2009,female,75-79,foreign,18530
2009,female,75-79,spanish,967548
2009,female,75-79,total,986078
2009,female,80+,foreign,19392
2009,female,80+,spanish,1405927
2009,female,80+,total,1425320
2009,female,all,foreign,2555207
2009,female,all,spanish,20877841
2009,female,all,total,23433048
2009,male,0-4,foreign,138440
2009,male,0-4,spanish,1142240
2009,male,0-4,total,1280680
2009,male,10-14,foreign,131202
2009,male,10-14,spanish,957323
2009,male,10-14,total,1088525
2009,male,15-19,foreign,148117
2009,male,15-19,spanish,1029235
2009,male,15-19,total,1177353
2009,male,20-24,foreign,246752
2009,male,20-24,spanish,1132059
2009,male,20-24,total,1378811
2009,male,25-29,foreign,401742
2009,male,25-29,spanish,1386425
2009,male,25-29,total,1788167
2009,male,30-34,foreign,456369
2009,male,30-34,spanish,1682334
2009,male,30-34,total,2138703
2009,male,35-39,foreign,375224
2009,male,35-39,spanish,1676811
2009,male,35-39,total,2052035
2009,male,40-44,foreign,278016
2009,male,40-44,spanish,1639440
2009,male,40-44,total,1917456
2009,male,45-49,foreign,189590
2009,male,45-49,spanish,1538911
2009,male,45-49,total,1728501
2009,male,5-9,foreign,116163
2009,male,5-9,spanish,1056327
2009,male,5-9,total,1172490
2009,male,50-54,foreign,125644
2009,male,50-54,spanish,1363408
2009,male,50-54,total,1489052
2009,male,55-59,foreign,80454
2009,male,55-59,spanish,1183371
2009,male,55-59,total,1263825
2009,male,60-64,foreign,62214
2009,male,60-64,spanish,1111218
2009,male,60-64,total,1173432
2009,male,65-69,foreign,51775
2009,male,65-69,spanish,898051
2009,male,65-69,total,949826
2009,male,70-74,foreign,36836
2009,male,70-74,spanish,775895
2009,male,70-74,total,812731
2009,male,75-79,foreign,19826
2009,male,75-79,spanish,719911
2009,male,75-79,total,739737
2009,male,80+,foreign,16614
2009,male,80+,spanish,766565
2009,male,80+,total,783178
2009,male,all,foreign,2874977
2009,male,all,spanish,20059525
2009,male,all,total,22934502
2010,all,0-4,foreign,280027
2010,all,0-4,spanish,2208591
2010,all,0-4,total,2488618
2010,all,10-14,foreign,251110
2010,all,10-14,spanish,1897371
2010,all,10-14,total,2148481
2010,all,15-19,foreign,272668
2010,all,15-19,spanish,1973213
2010,all,15-19,total,2245881
2010,all,20-24,foreign,449087
2010,all,20-24,spanish,2159778
2010,all,20-24,total,2608865
2010,all,25-29,foreign,715382
2010,all,25-29,spanish,2597935
2010,all,25-29,total,3313317
2010,all,30-34,foreign,810645
2010,all,30-34,spanish,3244240
2010,all,30-34,total,4054885
2010,all,35-39,foreign,665119
2010,all,35-39,spanish,3359666
2010,all,35-39,total,4024785
2010,all,40-44,foreign,511299
2010,all,40-44,spanish,3278853
2010,all,40-44,total,3790152
2010,all,45-49,foreign,360053
2010,all,45-49,spanish,3150688
2010,all,45-49,total,3510740
2010,all,5-9,foreign,218818
2010,all,5-9,spanish,2108344
2010,all,5-9,total,2327162
2010,all,50-54,foreign,252694
2010,all,50-54,spanish,2849524
2010,all,50-54,total,3102219
2010,all,55-59,foreign,170732
2010,all,55-59,spanish,2441332
2010,all,55-59,total,2612064
2010,all,60-64,foreign,135003
2010,all,60-64,spanish,2307522
2010,all,60-64,total,2442525
2010,all,65-69,foreign,106693
2010,all,65-69,spanish,1982093
2010,all,65-69,total,2088787
2010,all,70-74,foreign,75420
2010,all,70-74,spanish,1677527
2010,all,70-74,total,1752947
2010,all,75-79,foreign,40944
2010,all,75-79,spanish,1698189
2010,all,75-79,total,1739133
2010,all,80+,foreign,38087
2010,all,80+,spanish,2273835
2010,all,80+,total,2311922
2010,all,all,foreign,5353781
2010,all,all,spanish,41208701
2010,all,all,total,46562483
2010,female,0-4,foreign,134456
2010,female,0-4,spanish,1070347
2010,female,0-4,total,1204803
2010,female,10-14,foreign,121420
2010,female,10-14,spanish,922784
2010,female,10-14,total,1044204
2010,female,15-19,foreign,129039
2010,female,15-19,spanish,959305
2010,female,15-19,total,1088344
2010,female,20-24,foreign,229656
2010,female,20-24,spanish,1052030
2010,female,20-24,total,1281686
2010,female,25-29,foreign,354984
2010,female,25-29,spanish,1269489
2010,female,25-29,total,1624473
2010,female,30-34,foreign,370406
2010,female,30-34,spanish,1592074
2010,female,30-34,total,1962480
2010,female,35-39,foreign,290618
2010,female,35-39,spanish,1655516
2010,female,35-39,total,1946134
2010,female,40-44,foreign,226711
2010,female,40-44,spanish,1628669
2010,female,40-44,total,1855380
2010,female,45-49,foreign,166707
2010,female,45-49,spanish,1576519
2010,female,45-49,total,1743226
2010,female,5-9,foreign,105751
2010,female,5-9,spanish,1025272
2010,female,5-9,total,1131023
2010,female,50-54,foreign,121761
2010,female,50-54,spanish,1435940
2010,female,50-54,total,1557701
2010,female,55-59,foreign,86965
2010,female,55-59,spanish,1238444
2010,female,55-59,total,1325408
2010,female,60-64,foreign,71060
2010,female,60-64,spanish,1189301
2010,female,60-64,total,1260361
2010,female,65-69,foreign,53704
2010,female,65-69,spanish,1041816
2010,female,65-69,total,1095520
2010,female,70-74,foreign,35897
2010,female,70-74,spanish,919904
2010,female,70-74,total,955801
2010,female,75-79,foreign,19610
2010,female,75-79,spanish,970835
2010,female,75-79,total,990445
2010,female,80+,foreign,20344
2010,female,80+,spanish,1466570
2010,female,80+,total,1486913
2010,female,all,foreign,2539088
2010,female,all,spanish,21014814
2010,female,all,total,23553902
2010,male,0-4,foreign,145570
2010,male,0-4,spanish,1138245
2010,male,0-4,total,1283815
2010,male,10-14,foreign,129690
2010,male,10-14,spanish,974587
2010,male,10-14,total,1104277
2010,male,15-19,foreign,143629
2010,male,15-19,spanish,1013908
2010,male,15-19,total,1157538
2010,male,20-24,foreign,219431
2010,male,20-24,spanish,1107748
2010,male,20-24,total,1327179
2010,male,25-29,foreign,360398
2010,male,25-29,spanish,1328446
2010,male,25-29,total,1688844
2010,male,30-34,foreign,440239
2010,male,30-34,spanish,1652166
2010,male,30-34,total,2092405
2010,male,35-39,foreign,374501
2010,male,35-39,spanish,1704150
2010,male,35-39,total,2078651
2010,male,40-44,foreign,284588
2010,male,40-44,spanish,1650184
2010,male,40-44,total,1934772
2010,male,45-49,foreign,193345
2010,male,45-49,spanish,1574169
2010,male,45-49,total,1767514
2010,male,5-9,foreign,113067
2010,male,5-9,spanish,1083072
2010,male,5-9,total,1196139
2010,male,50-54,foreign,130934
2010,male,50-54,spanish,1413584
2010,male,50-54,total,1544518
2010,male,55-59,foreign,83767
2010,male,55-59,spanish,1202888
2010,male,55-59,total,1286656
2010,male,60-64,foreign,63943
2010,male,60-64,spanish,1118221
2010,male,60-64,total,1182164
2010,male,65-69,foreign,52989
2010,male,65-69,spanish,940277
2010,male,65-69,total,993266
2010,male,70-74,foreign,39523
2010,male,70-74,spanish,757623
2010,male,70-74,total,797146
2010,male,75-79,foreign,21333
2010,male,75-79,spanish,727355
2010,male,75-79,total,748688
2010,male,80+,foreign,17744
2010,male,80+,spanish,807264
2010,male,80+,total,825009
2010,male,all,foreign,2814693
2010,male,all,spanish,20193887
2010,male,all,total,23008580
2011,all,0-4,foreign,283343
2011,all,0-4,spanish,2199557
2011,all,0-4,total,2482901
2011,all,10-14,foreign,243049
2011,all,10-14,spanish,1941699
2011,all,10-14,total,2184749
2011,all,15-19,foreign,265814
2011,all,15-19,spanish,1947239
2011,all,15-19,total,2213053
2011,all,20-24,foreign,408665
2011,all,20-24,spanish,2125329
2011,all,20-24,total,2533993
2011,all,25-29,foreign,655800
2011,all,25-29,spanish,2489102
2011,all,25-29,total,3144903
2011,all,30-34,foreign,787186
2011,all,30-34,spanish,3153452
2011,all,30-34,total,3940637
2011,all,35-39,foreign,668233
2011,all,35-39,spanish,3404040
2011,all,35-39,total,4072274
2011,all,40-44,foreign,523057
2011,all,40-44,spanish,3305384
2011,all,40-44,total,3828441
2011,all,45-49,foreign,367384
2011,all,45-49,spanish,3209679
2011,all,45-49,total,3577063
2011,all,5-9,foreign,214308
2011,all,5-9,spanish,2158042
2011,all,5-9,total,2372350
2011,all,50-54,foreign,261310
2011,all,50-54,spanish,2935475
2011,all,50-54,total,3196785
2011,all,55-59,foreign,177972
2011,all,55-59,spanish,2505521
2011,all,55-59,total,2683494
2011,all,60-64,foreign,138710
2011,all,60-64,spanish,2314703
2011,all,60-64,total,2453413
2011,all,65-69,foreign,110268
2011,all,65-69,spanish,2037448
2011,all,65-69,total,2147716
2011,all,70-74,foreign,80013
2011,all,70-74,spanish,1658516
2011,all,70-74,total,1738529
2011,all,75-79,foreign,44166
2011,all,75-79,spanish,1706701
2011,all,75-79,total,1750867
2011,all,80+,foreign,40179
2011,all,80+,spanish,2374909
2011,all,80+,total,2415088
2011,all,all,foreign,5269458
2011,all,all,spanish,41466799
2011,all,all,total,46736257
2011,female,0-4,foreign,135761
2011,female,0-4,spanish,1065343
2011,female,0-4,total,1201103
2011,female,10-14,foreign,117279
2011,female,10-14,spanish,943766
2011,female,10-14,total,1061044
2011,female,15-19,foreign,126037
2011,female,15-19,spanish,946999
2011,female,15-19,total,1073037
2011,female,20-24,foreign,210883
2011,female,20-24,spanish,1034802
2011,female,20-24,total,1245684
2011,female,25-29,foreign,335177
2011,female,25-29,spanish,1216487
2011,female,25-29,total,1551663
2011,female,30-34,foreign,368939
2011,female,30-34,spanish,1547870
2011,female,30-34,total,1916809
2011,female,35-39,foreign,295199
2011,female,35-39,spanish,1676884
2011,female,35-39,total,1972083
2011,female,40-44,foreign,232537
2011,female,40-44,spanish,1639526
2011,female,40-44,total,1872063
2011,female,45-49,foreign,169760
2011,female,45-49,spanish,1604526
2011,female,45-49,total,1774286
2011,female,5-9,foreign,103215
2011,female,5-9,spanish,1049390
2011,female,5-9,total,1152604
2011,female,50-54,foreign,125853
2011,female,50-54,spanish,1478733
2011,female,50-54,total,1604585
2011,female,55-59,foreign,90013
2011,female,55-59,spanish,1271168
2011,female,55-59,total,1361180
2011,female,60-64,foreign,72813
2011,female,60-64,spanish,1191094
2011,female,60-64,total,1263907
2011,female,65-69,foreign,55819
2011,female,65-69,spanish,1070562
2011,female,65-69,total,1126382
2011,female,70-74,foreign,38321
2011,female,70-74,spanish,904974
2011,female,70-74,total,943295
2011,female,75-79,foreign,20975
2011,female,75-79,spanish,974125
2011,female,75-79,total,995099
2011,female,80+,foreign,21225
2011,female,80+,spanish,1526933
2011,female,80+,total,1548158
2011,female,all,foreign,2519804
2011,female,all,spanish,21143179
2011,female,all,total,23662983
2011,male,0-4,foreign,147583
2011,male,0-4,spanish,1134215
2011,male,0-4,total,1281798
2011,male,10-14,foreign,125770
2011,male,10-14,spanish,997934
2011,male,10-14,total,1123704
2011,male,15-19,foreign,139777
2011,male,15-19,spanish,1000240
2011,male,15-19,total,1140017
2011,male,20-24,foreign,197782
2011,male,20-24,spanish,1090527
2011,male,20-24,total,1288309
2011,male,25-29,foreign,320624
2011,male,25-29,spanish,1272616
2011,male,25-29,total,1593239
2011,male,30-34,foreign,418246
2011,male,30-34,spanish,1605582
2011,male,30-34,total,2023828
2011,male,35-39,foreign,373035
2011,male,35-39,spanish,1727156
2011,male,35-39,total,2100191
2011,male,40-44,foreign,290520
2011,male,40-44,spanish,1665858
2011,male,40-44,total,1956378
2011,male,45-49,foreign,197624
2011,male,45-49,spanish,1605153
2011,male,45-49,total,1802777
2011,male,5-9,foreign,111093
2011,male,5-9,spanish,1108653
2011,male,5-9,total,1219746
2011,male,50-54,foreign,135458
2011,male,50-54,spanish,1456742
2011,male,50-54,total,1592200
2011,male,55-59,foreign,87960
2011,male,55-59,spanish,1234354
2011,male,55-59,total,1322313
2011,male,60-64,foreign,65897
2011,male,60-64,spanish,1123610
2011,male,60-64,total,1189507
2011,male,65-69,foreign,54448
2011,male,65-69,spanish,966886
2011,male,65-69,total,1021335
2011,male,70-74,foreign,41692
2011,male,70-74,spanish,753543
2011,male,70-74,total,795234
2011,male,75-79,foreign,23192
2011,male,75-79,spanish,732576
2011,male,75-79,total,755768
2011,male,80+,foreign,18954
2011,male,80+,spanish,847976
2011,male,80+,total,866929
2011,male,all,foreign,2749654
2011,male,all,spanish,20323620
2011,male,all,total,23073274
2012,all,0-4,foreign,284019
2012,all,0-4,spanish,2161540
2012,all,0-4,total,2445559
2012,all,10-14,foreign,230407
2012,all,10-14,spanish,1982520
2012,all,10-14,total,2212927
2012,all,15-19,foreign,257347
2012,all,15-19,spanish,1924826
2012,all,15-19,total,2182173
2012,all,20-24,foreign,372700
2012,all,20-24,spanish,2100856
2012,all,20-24,total,2473556
2012,all,25-29,foreign,595505
2012,all,25-29,spanish,2389435
2012,all,25-29,total,2984940
2012,all,30-34,foreign,744950
2012,all,30-34,spanish,3036095
2012,all,30-34,total,3781045
2012,all,35-39,foreign,662317
2012,all,35-39,spanish,3424272
2012,all,35-39,total,4086589
2012,all,40-44,foreign,523107
2012,all,40-44,spanish,3327761
2012,all,40-44,total,3850868
2012,all,45-49,foreign,372509
2012,all,45-49,spanish,3266703
2012,all,45-49,total,3639212
2012,all,5-9,foreign,213876
2012,all,5-9,spanish,2203432
2012,all,5-9,total,2417308
2012,all,50-54,foreign,266339
2012,all,50-54,spanish,2994351
2012,all,50-54,total,3260690
2012,all,55-59,foreign,183963
2012,all,55-59,spanish,2572919
2012,all,55-59,total,2756882
2012,all,60-64,foreign,139897
2012,all,60-64,spanish,2343266
2012,all,60-64,total,2483163
2012,all,65-69,foreign,115116
2012,all,65-69,spanish,2113517
2012,all,65-69,total,2228633
2012,all,70-74,foreign,84228
2012,all,70-74,spanish,1625478
2012,all,70-74,total,1709706
2012,all,75-79,foreign,47891
2012,all,75-79,spanish,1691737
2012,all,75-79,total,1739628
2012,all,80+,foreign,42510
2012,all,80+,spanish,2453914
2012,all,80+,total,2496424
2012,all,all,foreign,5136681
2012,all,all,spanish,41612622
2012,all,all,total,46749303
2012,female,0-4,foreign,136174
2012,female,0-4,spanish,1047281
2012,female,0-4,total,1183455
2012,female,10-14,foreign,111213
2012,female,10-14,spanish,963217
2012,female,10-14,total,1074430
2012,female,15-19,foreign,122474
2012,female,15-19,spanish,936595
2012,female,15-19,total,1059069
2012,female,20-24,foreign,193538
2012,female,20-24,spanish,1022709
2012,female,20-24,total,1216247
2012,female,25-29,foreign,313478
2012,female,25-29,spanish,1167990
2012,female,25-29,total,1481468
2012,female,30-34,foreign,359504
2012,female,30-34,spanish,1491280
2012,female,30-34,total,1850784
2012,female,35-39,foreign,297389
2012,female,35-39,spanish,1687165
2012,female,35-39,total,1984554
2012,female,40-44,foreign,234102
2012,female,40-44,spanish,1649233
2012,female,40-44,total,1883335
2012,female,45-49,foreign,172283
2012,female,45-49,spanish,1632169
2012,female,45-49,total,1804452
2012,female,5-9,foreign,102793
2012,female,5-9,spanish,1070575
2012,female,5-9,total,1173368
2012,female,50-54,foreign,128379
2012,female,50-54,spanish,1508282
2012,female,50-54,total,1636661
2012,female,55-59,foreign,92612
2012,female,55-59,spanish,1306625
2012,female,55-59,total,1399237
2012,female,60-64,foreign,73212
2012,female,60-64,spanish,1204479
2012,female,60-64,total,1277691
2012,female,65-69,foreign,58725
2012,female,65-69,spanish,1110799
2012,female,65-69,total,1169524
2012,female,70-74,foreign,40594
2012,female,70-74,spanish,883064
2012,female,70-74,total,923658
2012,female,75-79,foreign,22787
2012,female,75-79,spanish,965275
2012,female,75-79,total,988062
2012,female,80+,foreign,22116
2012,female,80+,spanish,1572262
2012,female,80+,total,1594378
2012,female,all,foreign,2481373
2012,female,all,spanish,21219000
2012,female,all,total,23700373
2012,male,0-4,foreign,147845
2012,male,0-4,spanish,1114259
2012,male,0-4,total,1262104
2012,male,10-14,foreign,119194
2012,male,10-14,spanish,1019303
2012,male,10-14,total,1138497
2012,male,15-19,foreign,134873
2012,male,15-19,spanish,988231
2012,male,15-19,total,1123104
2012,male,20-24,foreign,179162
2012,male,20-24,spanish,1078147
2012,male,20-24,total,1257309
2012,male,25-29,foreign,282027
2012,male,25-29,spanish,1221445
2012,male,25-29,total,1503472
2012,male,30-34,foreign,385446
2012,male,30-34,spanish,1544815
2012,male,30-34,total,1930261
2012,male,35-39,foreign,364928
2012,male,35-39,spanish,1737107
2012,male,35-39,total,2102035
2012,male,40-44,foreign,289005
2012,male,40-44,spanish,1678528
2012,male,40-44,total,1967533
2012,male,45-49,foreign,200226
2012,male,45-49,spanish,1634534
2012,male,45-49,total,1834760
2012,male,5-9,foreign,111083
2012,male,5-9,spanish,1132857
2012,male,5-9,total,1243940
2012,male,50-54,foreign,137960
2012,male,50-54,spanish,1486069
2012,male,50-54,total,1624029
2012,male,55-59,foreign,91351
2012,male,55-59,spanish,1266294
2012,male,55-59,total,1357645
2012,male,60-64,foreign,66685
2012,male,60-64,spanish,1138787
2012,male,60-64,total,1205472
2012,male,65-69,foreign,56391
2012,male,65-69,spanish,1002718
2012,male,65-69,total,1059109
2012,male,70-74,foreign,43634
2012,male,70-74,spanish,742414
2012,male,70-74,total,786048
2012,male,75-79,foreign,25104
2012,male,75-79,spanish,726462
2012,male,75-79,total,751566
2012,male,80+,foreign,20394
2012,male,80+,spanish,881652
2012,male,80+,total,902046
2012,male,all,foreign,2655308
2012,male,all,spanish,20393622
2012,male,all,total,23048930
2013,all,0-4,foreign,274156
2013,all,0-4,spanish,2087893
2013,all,0-4,total,2362049
2013,all,10-14,foreign,213432
2013,all,10-14,spanish,2029366
2013,all,10-14,total,2242798
2013,all,15-19,foreign,240557
2013,all,15-19,spanish,1911053
2013,all,15-19,total,2151610
2013,all,20-24,foreign,328811
2013,all,20-24,spanish,2078959
2013,all,20-24,total,2407770
2013,all,25-29,foreign,519244
2013,all,25-29,spanish,2307948
2013,all,25-29,total,2827192
2013,all,30-34,foreign,672004
2013,all,30-34,spanish,2904271
2013,all,30-34,total,3576275
2013,all,35-39,foreign,636195
2013,all,35-39,spanish,3421891
2013,all,35-39,total,4058086
2013,all,40-44,foreign,503988
2013,all,40-44,spanish,3352374
2013,all,40-44,total,3856362
2013,all,45-49,foreign,371483
2013,all,45-49,spanish,3306090
2013,all,45-49,total,3677573
2013,all,5-9,foreign,213947
2013,all,5-9,spanish,2240622
2013,all,5-9,total,2454569
2013,all,50-54,foreign,264997
2013,all,50-54,spanish,3041607
2013,all,50-54,total,3306604
2013,all,55-59,foreign,185808
2013,all,55-59,spanish,2647701
2013,all,55-59,total,2833509
2013,all,60-64,foreign,137863
2013,all,60-64,spanish,2355876
2013,all,60-64,total,2493739
2013,all,65-69,foreign,117481
2013,all,65-69,spanish,2176959
2013,all,65-69,total,2294440
2013,all,70-74,foreign,86599
2013,all,70-74,spanish,1671977
2013,all,70-74,total,1758576
2013,all,75-79,foreign,51233
2013,all,75-79,spanish,1633874
2013,all,75-79,total,1685107
2013,all,80+,foreign,44892
2013,all,80+,spanish,2549973
2013,all,80+,total,2594865
2013,all,all,foreign,4862690
2013,all,all,spanish,41718434
2013,all,all,total,46581124
2013,female,0-4,foreign,131655
2013,female,0-4,spanish,1012088
2013,female,0-4,total,1143743
2013,female,10-14,foreign,102918
2013,female,10-14,spanish,986818
2013,female,10-14,total,1089736
2013,female,15-19,foreign,114236
2013,female,15-19,spanish,929678
2013,female,15-19,total,1043914
2013,female,20-24,foreign,170726
2013,female,20-24,spanish,1012164
2013,female,20-24,total,1182890
2013,female,25-29,foreign,279872
2013,female,25-29,spanish,1128380
2013,female,25-29,total,1408252
2013,female,30-34,foreign,333988
2013,female,30-34,spanish,1428429
2013,female,30-34,total,1762417
2013,female,35-39,foreign,290366
2013,female,35-39,spanish,1686753
2013,female,35-39,total,1977119
2013,female,40-44,foreign,226885
2013,female,40-44,spanish,1660377
2013,female,40-44,total,1887262
2013,female,45-49,foreign,171787
2013,female,45-49,spanish,1651921
2013,female,45-49,total,1823708
2013,female,5-9,foreign,102645
2013,female,5-9,spanish,1087781
2013,female,5-9,total,1190426
2013,female,50-54,foreign,127533
2013,female,50-54,spanish,1532067
2013,female,50-54,total,1659600
2013,female,55-59,foreign,93190
2013,female,55-59,spanish,1345979
2013,female,55-59,total,1439169
2013,female,60-64,foreign,71995
2013,female,60-64,spanish,1210082
2013,female,60-64,total,1282077
2013,female,65-69,foreign,60168
2013,female,65-69,spanish,1143843
2013,female,65-69,total,1204011
2013,female,70-74,foreign,42051
2013,female,70-74,spanish,905240
2013,female,70-74,total,947291
2013,female,75-79,foreign,24254
2013,female,75-79,spanish,931263
2013,female,75-79,total,955517
2013,female,80+,foreign,23278
2013,female,80+,spanish,1628466
2013,female,80+,total,1651744
2013,female,all,foreign,2367547
2013,female,all,spanish,21281329
2013,female,all,total,23648876
2013,male,0-4,foreign,142501
2013,male,0-4,spanish,1075805
2013,male,0-4,total,1218306
2013,male,10-14,foreign,110514
2013,male,10-14,spanish,1042548
2013,male,10-14,total,1153062
2013,male,15-19,foreign,126321
2013,male,15-19,spanish,981375
2013,male,15-19,total,1107696
2013,male,20-24,foreign,158085
2013,male,20-24,spanish,1066795
2013,male,20-24,total,1224880
2013,male,25-29,foreign,239372
2013,male,25-29,spanish,1179568
2013,male,25-29,total,1418940
2013,male,30-34,foreign,338016
2013,male,30-34,spanish,1475842
2013,male,30-34,total,1813858
2013,male,35-39,foreign,345829
2013,male,35-39,spanish,1735138
2013,male,35-39,total,2080967
2013,male,40-44,foreign,277103
2013,male,40-44,spanish,1691997
2013,male,40-44,total,1969100
2013,male,45-49,foreign,199696
2013,male,45-49,spanish,1654169
2013,male,45-49,total,1853865
2013,male,5-9,foreign,111302
2013,male,5-9,spanish,1152841
2013,male,5-9,total,1264143
2013,male,50-54,foreign,137464
2013,male,50-54,spanish,1509540
2013,male,50-54,total,1647004
2013,male,55-59,foreign,92618
2013,male,55-59,spanish,1301722
2013,male,55-59,total,1394340
2013,male,60-64,foreign,65868
2013,male,60-64,spanish,1145794
2013,male,60-64,total,1211662
2013,male,65-69,foreign,57313
2013,male,65-69,spanish,1033116
2013,male,65-69,total,1090429
2013,male,70-74,foreign,44548
2013,male,70-74,spanish,766737
2013,male,70-74,total,811285
2013,male,75-79,foreign,26979
2013,male,75-79,spanish,702611
2013,male,75-79,total,729590
2013,male,80+,foreign,21614
2013,male,80+,spanish,921507
2013,male,80+,total,943121
2013,male,all,foreign,2495143
2013,male,all,spanish,20437105
2013,male,all,total,22932248
2014,all,0-4,foreign,253072
2014,all,0-4,spanish,2023608
2014,all,0-4,total,2276680
2014,all,10-14,foreign,192919
2014,all,10-14,spanish,2088160
2014,all,10-14,total,2281079
2014,all,15-19,foreign,218542
2014,all,15-19,spanish,1925160
2014,all,15-19,total,2143702
2014,all,20-24,foreign,291784
2014,all,20-24,spanish,2054553
2014,all,20-24,total,2346337
2014,all,25-29,foreign,451358
2014,all,25-29,spanish,2250361
2014,all,25-29,total,2701719
2014,all,30-34,foreign,590500
2014,all,30-34,spanish,2783807
2014,all,30-34,total,3374307
2014,all,35-39,foreign,593325
2014,all,35-39,spanish,3404451
2014,all,35-39,total,3997776
2014,all,40-44,foreign,474931
2014,all,40-44,spanish,3399908
2014,all,40-44,total,3874839
2014,all,45-49,foreign,361609
2014,all,45-49,spanish,3326050
2014,all,45-49,total,3687659
2014,all,5-9,foreign,208823
2014,all,5-9,spanish,2265407
2014,all,5-9,total,2474230
2014,all,50-54,foreign,258508
2014,all,50-54,spanish,3109104
2014,all,50-54,total,3367612
2014,all,55-59,foreign,184397
2014,all,55-59,spanish,2739343
2014,all,55-59,total,2923740
2014,all,60-64,foreign,135470
2014,all,60-64,spanish,2360119
2014,all,60-64,total,2495589
2014,all,65-69,foreign,117067
2014,all,65-69,spanish,2219813
2014,all,65-69,total,2336880
2014,all,70-74,foreign,87945
2014,all,70-74,spanish,1786837
2014,all,70-74,total,1874782
2014,all,75-79,foreign,54219
2014,all,75-79,spanish,1542797
2014,all,75-79,total,1597016
2014,all,80+,foreign,46913
2014,all,80+,spanish,2632190
2014,all,80+,total,2679103
2014,all,all,foreign,4521382
2014,all,all,spanish,41911668
2014,all,all,total,46433050
2014,female,0-4,foreign,121874
2014,female,0-4,spanish,981170
2014,female,0-4,total,1103044
2014,female,10-14,foreign,92713
2014,female,10-14,spanish,1015947
2014,female,10-14,total,1108660
2014,female,15-19,foreign,103853
2014,female,15-19,spanish,936343
2014,female,15-19,total,1040196
2014,female,20-24,foreign,150801
2014,female,20-24,spanish,1000137
2014,female,20-24,total,1150938
2014,female,25-29,foreign,245884
2014,female,25-29,spanish,1101146
2014,female,25-29,total,1347030
2014,female,30-34,foreign,298870
2014,female,30-34,spanish,1372054
2014,female,30-34,total,1670924
2014,female,35-39,foreign,273969
2014,female,35-39,spanish,1680430
2014,female,35-39,total,1954399
2014,female,40-44,foreign,213748
2014,female,40-44,spanish,1683835
2014,female,40-44,total,1897583
2014,female,45-49,foreign,166380
2014,female,45-49,spanish,1662104
2014,female,45-49,total,1828484
2014,female,5-9,foreign,100242
2014,female,5-9,spanish,1098888
2014,female,5-9,total,1199130
2014,female,50-54,foreign,123627
2014,female,50-54,spanish,1566456
2014,female,50-54,total,1690083
2014,female,55-59,foreign,91680
2014,female,55-59,spanish,1393021
2014,female,55-59,total,1484701
2014,female,60-64,foreign,70149
2014,female,60-64,spanish,1212338
2014,female,60-64,total,1282487
2014,female,65-69,foreign,60106
2014,female,65-69,spanish,1166101
2014,female,65-69,total,1226207
2014,female,70-74,foreign,42967
2014,female,70-74,spanish,964948
2014,female,70-74,total,1007915
2014,female,75-79,foreign,25742
2014,female,75-79,spanish,879403
2014,female,75-79,total,905145
2014,female,80+,foreign,24230
2014,female,80+,spanish,1676317
2014,female,80+,total,1700547
2014,female,all,foreign,2206835
2014,female,all,spanish,21390638
2014,female,all,total,23597473
2014,male,0-4,foreign,131198
2014,male,0-4,spanish,1042438
2014,male,0-4,total,1173636
2014,male,10-14,foreign,100206
2014,male,10-14,spanish,1072213
2014,male,10-14,total,1172419
2014,male,15-19,foreign,114689
2014,male,15-19,spanish,988817
2014,male,15-19,total,1103506
2014,male,20-24,foreign,140983
2014,male,20-24,spanish,1054416
2014,male,20-24,total,1195399
2014,male,25-29,foreign,205474
2014,male,25-29,spanish,1149215
2014,male,25-29,total,1354689
2014,male,30-34,foreign,291630
2014,male,30-34,spanish,1411753
2014,male,30-34,total,1703383
2014,male,35-39,foreign,319356
2014,male,35-39,spanish,1724021
2014,male,35-39,total,2043377
2014,male,40-44,foreign,261183
2014,male,40-44,spanish,1716073
2014,male,40-44,total,1977256
2014,male,45-49,foreign,195229
2014,male,45-49,spanish,1663946
2014,male,45-49,total,1859175
2014,male,5-9,foreign,108581
2014,male,5-9,spanish,1166519
2014,male,5-9,total,1275100
2014,male,50-54,foreign,134881
2014,male,50-54,spanish,1542648
2014,male,50-54,total,1677529
2014,male,55-59,foreign,92717
2014,male,55-59,spanish,1346322
2014,male,55-59,total,1439039
2014,male,60-64,foreign,65321
2014,male,60-64,spanish,1147781
2014,male,60-64,total,1213102
2014,male,65-69,foreign,56961
2014,male,65-69,spanish,1053712
2014,male,65-69,total,1110673
2014,male,70-74,foreign,44978
2014,male,70-74,spanish,821889
2014,male,70-74,total,866867
2014,male,75-79,foreign,28477
2014,male,75-79,spanish,663394
2014,male,75-79,total,691871
2014,male,80+,foreign,22683
2014,male,80+,spanish,955873
2014,male,80+,total,978556
2014,male,all,foreign,2314547
2014,male,all,spanish,20521030
2014,male,all,total,22835577
2015,all,0-4,foreign,241765
2015,all,0-4,spanish,1973056
2015,all,0-4,total,2214821
2015,all,10-14,foreign,181182
2015,all,10-14,spanish,2135514
2015,all,10-14,total,2316696
2015,all,15-19,foreign,206501
2015,all,15-19,spanish,1956922
2015,all,15-19,total,2163423
2015,all,20-24,foreign,277667
2015,all,20-24,spanish,2022641
2015,all,20-24,total,2300308
2015,all,25-29,foreign,418569
2015,all,25-29,spanish,2193029
2015,all,25-29,total,2611598
2015,all,30-34,foreign,550466
2015,all,30-34,spanish,2651343
2015,all,30-34,total,3201809
2015,all,35-39,foreign,580937
2015,all,35-39,spanish,3329860
2015,all,35-39,total,3910797
2015,all,40-44,foreign,474263
2015,all,40-44,spanish,3435714
2015,all,40-44,total,3909977
2015,all,45-49,foreign,369588
2015,all,45-49,spanish,3329822
2015,all,45-49,total,3699410
2015,all,5-9,foreign,208991
2015,all,5-9,spanish,2263313
2015,all,5-9,total,2472304
2015,all,50-54,foreign,261975
2015,all,50-54,spanish,3168442
2015,all,50-54,total,3430417
2015,all,55-59,foreign,189919
2015,all,55-59,spanish,2830613
2015,all,55-59,total,3020532
2015,all,60-64,foreign,137634
2015,all,60-64,spanish,2394801
2015,all,60-64,total,2532435
2015,all,65-69,foreign,118137
2015,all,65-69,spanish,2226949
2015,all,65-69,total,2345086
2015,all,70-74,foreign,89377
2015,all,70-74,spanish,1865744
2015,all,70-74,total,1955121
2015,all,75-79,foreign,57665
2015,all,75-79,spanish,1503077
2015,all,75-79,total,1560742
2015,all,80+,foreign,49731
2015,all,80+,spanish,2689172
2015,all,80+,total,2738903
2015,all,all,foreign,4414367
2015,all,all,spanish,41970012
2015,all,all,total,46384379
2015,female,0-4,foreign,116430
2015,female,0-4,spanish,956933
2015,female,0-4,total,1073363
2015,female,10-14,foreign,87061
2015,female,10-14,spanish,1039404
2015,female,10-14,total,1126465
2015,female,15-19,foreign,98268
2015,female,15-19,spanish,951676
2015,female,15-19,total,1049944
2015,female,20-24,foreign,142405
2015,female,20-24,spanish,984149
2015,female,20-24,total,1126554
2015,female,25-29,foreign,229089
2015,female,25-29,spanish,1072722
2015,female,25-29,total,1301811
2015,female,30-34,foreign,284227
2015,female,30-34,spanish,1306882
2015,female,30-34,total,1591109
2015,female,35-39,foreign,272718
2015,female,35-39,spanish,1645610
2015,female,35-39,total,1918328
2015,female,40-44,foreign,214627
2015,female,40-44,spanish,1700877
2015,female,40-44,total,1915504
2015,female,45-49,foreign,169836
2015,female,45-49,spanish,1662502
2015,female,45-49,total,1832338
2015,female,5-9,foreign,100165
2015,female,5-9,spanish,1097398
2015,female,5-9,total,1197563
2015,female,50-54,foreign,125039
2015,female,50-54,spanish,1596253
2015,female,50-54,total,1721292
2015,female,55-59,foreign,94231
2015,female,55-59,spanish,1439318
2015,female,55-59,total,1533549
2015,female,60-64,foreign,70845
2015,female,60-64,spanish,1230723
2015,female,60-64,total,1301568
2015,female,65-69,foreign,61276
2015,female,65-69,spanish,1169222
2015,female,65-69,total,1230498
2015,female,70-74,foreign,44280
2015,female,70-74,spanish,1006130
2015,female,70-74,total,1050410
2015,female,75-79,foreign,27624
2015,female,75-79,spanish,855180
2015,female,75-79,total,882804
2015,female,80+,foreign,25625
2015,female,80+,spanish,1708220
2015,female,80+,total,1733845
2015,female,all,foreign,2163746
2015,female,all,spanish,21423199
2015,female,all,total,23586945
2015,male,0-4,foreign,125335
2015,male,0-4,spanish,1016123
2015,male,0-4,total,1141458
2015,male,10-14,foreign,94121
2015,male,10-14,spanish,1096110
2015,male,10-14,total,1190231
2015,male,15-19,foreign,108233
2015,male,15-19,spanish,1005246
2015,male,15-19,total,1113479
2015,male,20-24,foreign,135262
2015,male,20-24,spanish,1038492
2015,male,20-24,total,1173754
2015,male,25-29,foreign,189480
2015,male,25-29,spanish,1120307
2015,male,25-29,total,1309787
2015,male,30-34,foreign,266239
2015,male,30-34,spanish,1344461
2015,male,30-34,total,1610700
2015,male,35-39,foreign,308219
2015,male,35-39,spanish,1684250
2015,male,35-39,total,1992469
2015,male,40-44,foreign,259636
2015,male,40-44,spanish,1734837
2015,male,40-44,total,1994473
2015,male,45-49,foreign,199752
2015,male,45-49,spanish,1667320
2015,male,45-49,total,1867072
2015,male,5-9,foreign,108826
2015,male,5-9,spanish,1165915
2015,male,5-9,total,1274741
2015,male,50-54,foreign,136936
2015,male,50-54,spanish,1572189
2015,male,50-54,total,1709125
2015,male,55-59,foreign,95688
2015,male,55-59,spanish,1391295
2015,male,55-59,total,1486983
2015,male,60-64,foreign,66789
2015,male,60-64,spanish,1164078
2015,male,60-64,total,1230867
2015,male,65-69,foreign,56861
2015,male,65-69,spanish,1057727
2015,male,65-69,total,1114588
2015,male,70-74,foreign,45097
2015,male,70-74,spanish,859614
2015,male,70-74,total,904711
2015,male,75-79,foreign,30041
2015,male,75-79,spanish,647897
2015,male,75-79,total,677938
2015,male,80+,foreign,24106
2015,male,80+,spanish,980952
2015,male,80+,total,1005058
2015,male,all,foreign,2250621
2015,male,all,spanish,20546813
2015,male,all,total,22797434
2016,all,0-4,foreign,238499
2016,all,0-4,spanish,1920877
2016,all,0-4,total,2159376
2016,all,10-14,foreign,177608
2016,all,10-14,spanish,2179673
2016,all,10-14,total,2357281
2016,all,15-19,foreign,199375
2016,all,15-19,spanish,1995762
2016,all,15-19,total,2195137
2016,all,20-24,foreign,270824
2016,all,20-24,spanish,1998198
2016,all,20-24,total,2269022
2016,all,25-29,foreign,399693
2016,all,25-29,spanish,2151328
2016,all,25-29,total,2551021
2016,all,30-34,foreign,523340
2016,all,30-34,spanish,2528578
2016,all,30-34,total,3051918
2016,all,35-39,foreign,572582
2016,all,35-39,spanish,3227713
2016,all,35-39,total,3800295
2016,all,40-44,foreign,480425
2016,all,40-44,spanish,3468514
2016,all,40-44,total,3948939
2016,all,45-49,foreign,379759
2016,all,45-49,spanish,3346300
2016,all,45-49,total,3726059
2016,all,5-9,foreign,209742
2016,all,5-9,spanish,2247714
2016,all,5-9,total,2457456
2016,all,50-54,foreign,269003
2016,all,50-54,spanish,3219078
2016,all,50-54,total,3488081
2016,all,55-59,foreign,197292
2016,all,55-59,spanish,2909412
2016,all,55-59,total,3106704
2016,all,60-64,foreign,142802
2016,all,60-64,spanish,2453090
2016,all,60-64,total,2595892
2016,all,65-69,foreign,119741
2016,all,65-69,spanish,2230912
2016,all,65-69,total,2350653
2016,all,70-74,foreign,90993
2016,all,70-74,spanish,1916526
2016,all,70-74,total,2007519
2016,all,75-79,foreign,60667
2016,all,75-79,spanish,1489371
2016,all,75-79,total,1550038
2016,all,80+,foreign,53468
2016,all,80+,spanish,2758241
2016,all,80+,total,2811709
2016,all,all,foreign,4385813
2016,all,all,spanish,42041287
2016,all,all,total,46427100
2016,female,0-4,foreign,114986
2016,female,0-4,spanish,931962
2016,female,0-4,total,1046948
2016,female,10-14,foreign,85065
2016,female,10-14,spanish,1061265
2016,female,10-14,total,1146330
2016,female,15-19,foreign,94883
2016,female,15-19,spanish,970246
2016,female,15-19,total,1065129
2016,female,20-24,foreign,137652
2016,female,20-24,spanish,972356
2016,female,20-24,total,1110008
2016,female,25-29,foreign,217981
2016,female,25-29,spanish,1051470
2016,female,25-29,total,1269451
2016,female,30-34,foreign,274869
2016,female,30-34,spanish,1246906
2016,female,30-34,total,1521775
2016,female,35-39,foreign,273032
2016,female,35-39,spanish,1597257
2016,female,35-39,total,1870289
2016,female,40-44,foreign,218653
2016,female,40-44,spanish,1717504
2016,female,40-44,total,1936157
2016,female,45-49,foreign,174782
2016,female,45-49,spanish,1669056
2016,female,45-49,total,1843838
2016,female,5-9,foreign,100550
2016,female,5-9,spanish,1089468
2016,female,5-9,total,1190018
2016,female,50-54,foreign,128241
2016,female,50-54,spanish,1621227
2016,female,50-54,total,1749468
2016,female,55-59,foreign,97811
2016,female,55-59,spanish,1479784
2016,female,55-59,total,1577595
2016,female,60-64,foreign,73311
2016,female,60-64,spanish,1261444
2016,female,60-64,total,1334755
2016,female,65-69,foreign,62422
2016,female,65-69,spanish,1170034
2016,female,65-69,total,1232456
2016,female,70-74,foreign,45607
2016,female,70-74,spanish,1033468
2016,female,70-74,total,1079075
2016,female,75-79,foreign,29479
2016,female,75-79,spanish,843192
2016,female,75-79,total,872671
2016,female,80+,foreign,27649
2016,female,80+,spanish,1748836
2016,female,80+,total,1776485
2016,female,all,foreign,2156973
2016,female,all,spanish,21465475
2016,female,all,total,23622448
2016,male,0-4,foreign,123513
2016,male,0-4,spanish,988915
2016,male,0-4,total,1112428
2016,male,10-14,foreign,92543
2016,male,10-14,spanish,1118408
2016,male,10-14,total,1210951
2016,male,15-19,foreign,104492
2016,male,15-19,spanish,1025516
2016,male,15-19,total,1130008
2016,male,20-24,foreign,133172
2016,male,20-24,spanish,1025842
2016,male,20-24,total,1159014
2016,male,25-29,foreign,181712
2016,male,25-29,spanish,1099858
2016,male,25-29,total,1281570
2016,male,30-34,foreign,248471
2016,male,30-34,spanish,1281672
2016,male,30-34,total,1530143
2016,male,35-39,foreign,299550
2016,male,35-39,spanish,1630456
2016,male,35-39,total,1930006
2016,male,40-44,foreign,261772
2016,male,40-44,spanish,1751010
2016,male,40-44,total,2012782
2016,male,45-49,foreign,204977
2016,male,45-49,spanish,1677244
2016,male,45-49,total,1882221
2016,male,5-9,foreign,109192
2016,male,5-9,spanish,1158246
2016,male,5-9,total,1267438
2016,male,50-54,foreign,140762
2016,male,50-54,spanish,1597851
2016,male,50-54,total,1738613
2016,male,55-59,foreign,99481
2016,male,55-59,spanish,1429628
2016,male,55-59,total,1529109
2016,male,60-64,foreign,69491
2016,male,60-64,spanish,1191646
2016,male,60-64,total,1261137
2016,male,65-69,foreign,57319
2016,male,65-69,spanish,1060878
2016,male,65-69,total,1118197
2016,male,70-74,foreign,45386
2016,male,70-74,spanish,883058
2016,male,70-74,total,928444
2016,male,75-79,foreign,31188
2016,male,75-79,spanish,646179
2016,male,75-79,total,677367
2016,male,80+,foreign,25819
2016,male,80+,spanish,1009405
2016,male,80+,total,1035224
2016,male,all,foreign,2228840
2016,male,all,spanish,20575812
2016,male,all,total,22804652
2017,all,0-4,foreign,243062
2017,all,0-4,spanish,1865848
2017,all,0-4,total,2108910
2017,all,10-14,foreign,179279
2017,all,10-14,spanish,2225887
2017,all,10-14,total,2405166
2017,all,15-19,foreign,197635
2017,all,15-19,spanish,2031996
2017,all,15-19,total,2229631
2017,all,20-24,foreign,277504
2017,all,20-24,spanish,1977206
2017,all,20-24,total,2254710
2017,all,25-29,foreign,397888
2017,all,25-29,spanish,2123132
2017,all,25-29,total,2521020
2017,all,30-34,foreign,512651
2017,all,30-34,spanish,2417468
2017,all,30-34,total,2930119
2017,all,35-39,foreign,571271
2017,all,35-39,spanish,3099065
2017,all,35-39,total,3670336
2017,all,40-44,foreign,495253
2017,all,40-44,spanish,3480533
2017,all,40-44,total,3975786
2017,all,45-49,foreign,391962
2017,all,45-49,spanish,3361793
2017,all,45-49,total,3753755
2017,all,5-9,foreign,215639
2017,all,5-9,spanish,2213078
2017,all,5-9,total,2428717
2017,all,50-54,foreign,281892
2017,all,50-54,spanish,3271274
2017,all,50-54,total,3553166
2017,all,55-59,foreign,205794
2017,all,55-59,spanish,2965913
2017,all,55-59,total,3171707
2017,all,60-64,foreign,149681
2017,all,60-64,spanish,2517392
2017,all,60-64,total,2667073
2017,all,65-69,foreign,120527
2017,all,65-69,spanish,2258257
2017,all,65-69,total,2378784
2017,all,70-74,foreign,93551
2017,all,70-74,spanish,1988004
2017,all,70-74,total,2081555
2017,all,75-79,foreign,62097
2017,all,75-79,spanish,1464077
2017,all,75-79,total,1526174
2017,all,80+,foreign,55112
2017,all,80+,spanish,2798740
2017,all,80+,total,2853852
2017,all,all,foreign,4450798
2017,all,all,spanish,42059663
2017,all,all,total,46510461
2017,female,0-4,foreign,117428
2017,female,0-4,spanish,905806
2017,female,0-4,total,1023234
2017,female,10-14,foreign,85796
2017,female,10-14,spanish,1083134
2017,female,10-14,total,1168930
2017,female,15-19,foreign,93947
2017,female,15-19,spanish,987754
2017,female,15-19,total,1081701
2017,female,20-24,foreign,140686
2017,female,20-24,spanish,962431
2017,female,20-24,total,1103117
2017,female,25-29,foreign,215088
2017,female,25-29,spanish,1036462
2017,female,25-29,total,1251550
2017,female,30-34,foreign,273268
2017,female,30-34,spanish,1191549
2017,female,30-34,total,1464817
2017,female,35-39,foreign,278183
2017,female,35-39,spanish,1535062
2017,female,35-39,total,1813245
2017,female,40-44,foreign,227701
2017,female,40-44,spanish,1723889
2017,female,40-44,total,1951590
2017,female,45-49,foreign,181723
2017,female,45-49,spanish,1674969
2017,female,45-49,total,1856692
2017,female,5-9,foreign,103722
2017,female,5-9,spanish,1072588
2017,female,5-9,total,1176310
2017,female,50-54,foreign,134834
2017,female,50-54,spanish,1646415
2017,female,50-54,total,1781249
2017,female,55-59,foreign,102545
2017,female,55-59,spanish,1508357
2017,female,55-59,total,1610902
2017,female,60-64,foreign,77255
2017,female,60-64,spanish,1295491
2017,female,60-64,total,1372746
2017,female,65-69,foreign,63098
2017,female,65-69,spanish,1182846
2017,female,65-69,total,1245944
2017,female,70-74,foreign,47584
2017,female,70-74,spanish,1072453
2017,female,70-74,total,1120037
2017,female,75-79,foreign,30670
2017,female,75-79,spanish,824740
2017,female,75-79,total,855410
2017,female,80+,foreign,28659
2017,female,80+,spanish,1772634
2017,female,80+,total,1801293
2017,female,all,foreign,2202187
2017,female,all,spanish,21476580
2017,female,all,total,23678767
2017,male,0-4,foreign,125634
2017,male,0-4,spanish,960042
2017,male,0-4,total,1085676
2017,male,10-14,foreign,93483
2017,male,10-14,spanish,1142753
2017,male,10-14,total,1236236
2017,male,15-19,foreign,103688
2017,male,15-19,spanish,1044242
2017,male,15-19,total,1147930
2017,male,20-24,foreign,136818
2017,male,20-24,spanish,1014775
2017,male,20-24,total,1151593
2017,male,25-29,foreign,182800
2017,male,25-29,spanish,1086670
2017,male,25-29,total,1269470
2017,male,30-34,foreign,239383
2017,male,30-34,spanish,1225919
2017,male,30-34,total,1465302
2017,male,35-39,foreign,293088
2017,male,35-39,spanish,1564003
2017,male,35-39,total,1857091
2017,male,40-44,foreign,267552
2017,male,40-44,spanish,1756644
2017,male,40-44,total,2024196
2017,male,45-49,foreign,210239
2017,male,45-49,spanish,1686824
2017,male,45-49,total,1897063
2017,male,5-9,foreign,111917
2017,male,5-9,spanish,1140490
2017,male,5-9,total,1252407
2017,male,50-54,foreign,147058
2017,male,50-54,spanish,1624859
2017,male,50-54,total,1771917
2017,male,55-59,foreign,103249
2017,male,55-59,spanish,1457556
2017,male,55-59,total,1560805
2017,male,60-64,foreign,72426
2017,male,60-64,spanish,1221901
2017,male,60-64,total,1294327
2017,male,65-69,foreign,57429
2017,male,65-69,spanish,1075411
2017,male,65-69,total,1132840
2017,male,70-74,foreign,45967
2017,male,70-74,spanish,915551
2017,male,70-74,total,961518
2017,male,75-79,foreign,31427
2017,male,75-79,spanish,639337
2017,male,75-79,total,670764
2017,male,80+,foreign,26453
2017,male,80+,spanish,1026106
2017,male,80+,total,1052559
2017,male,all,foreign,2248611
2017,male,all,spanish,20583083
2017,male,all,total,22831694
2018,all,0-4,foreign,255436
2018,all,0-4,spanish,1810947
2018,all,0-4,total,2066383
2018,all,10-14,foreign,190562
2018,all,10-14,spanish,2266931
2018,all,10-14,total,2457493
2018,all,15-19,foreign,205941
2018,all,15-19,spanish,2075101
2018,all,15-19,total,2281042
2018,all,20-24,foreign,301325
2018,all,20-24,spanish,1963689
2018,all,20-24,total,2265014
2018,all,25-29,foreign,423108
2018,all,25-29,spanish,2100585
2018,all,25-29,total,2523693
2018,all,30-34,foreign,527097
2018,all,30-34,spanish,2327276
2018,all,30-34,total,2854373
2018,all,35-39,foreign,583602
2018,all,35-39,spanish,2954724
2018,all,35-39,total,3538326
2018,all,40-44,foreign,522671
2018,all,40-44,spanish,3471147
2018,all,40-44,total,3993818
2018,all,45-49,foreign,409783
2018,all,45-49,spanish,3381047
2018,all,45-49,total,3790830
2018,all,5-9,foreign,230096
2018,all,5-9,spanish,2147789
2018,all,5-9,total,2377885
2018,all,50-54,foreign,303190
2018,all,50-54,spanish,3307977
2018,all,50-54,total,3611167
2018,all,55-59,foreign,219407
2018,all,55-59,spanish,3012278
2018,all,55-59,total,3231685
2018,all,60-64,foreign,160046
2018,all,60-64,spanish,2590978
2018,all,60-64,total,2751024
2018,all,65-69,foreign,124531
2018,all,65-69,spanish,2271529
2018,all,65-69,total,2396060
2018,all,70-74,foreign,96764
2018,all,70-74,spanish,2049076
2018,all,70-74,total,2145840
2018,all,75-79,foreign,63360
2018,all,75-79,spanish,1509550
2018,all,75-79,total,1572910
2018,all,80+,foreign,56033
2018,all,80+,spanish,2801807
2018,all,80+,total,2857840
2018,all,all,foreign,4672952
2018,all,all,spanish,42042431
2018,all,all,total,46715383
2018,female,0-4,foreign,123475
2018,female,0-4,spanish,879290
2018,female,0-4,total,1002765
2018,female,10-14,foreign,91540
2018,female,10-14,spanish,1102102
2018,female,10-14,total,1193642
2018,female,15-19,foreign,96954
2018,female,15-19,spanish,1009669
2018,female,15-19,total,1106623
2018,female,20-24,foreign,152228
2018,female,20-24,spanish,955467
2018,female,20-24,total,1107695
2018,female,25-29,foreign,225620
2018,female,25-29,spanish,1024801
2018,female,25-29,total,1250421
2018,female,30-34,foreign,282244
2018,female,30-34,spanish,1145732
2018,female,30-34,total,1427976
2018,female,35-39,foreign,289982
2018,female,35-39,spanish,1465039
2018,female,35-39,total,1755021
2018,female,40-44,foreign,243899
2018,female,40-44,spanish,1719747
2018,female,40-44,total,1963646
2018,female,45-49,foreign,190994
2018,female,45-49,spanish,1682902
2018,female,45-49,total,1873896
2018,female,5-9,foreign,110980
2018,female,5-9,spanish,1041183
2018,female,5-9,total,1152163
2018,female,50-54,foreign,146301
2018,female,50-54,spanish,1664094
2018,female,50-54,total,1810395
2018,female,55-59,foreign,110122
2018,female,55-59,spanish,1531492
2018,female,55-59,total,1641614
2018,female,60-64,foreign,83184
2018,female,60-64,spanish,1334191
2018,female,60-64,total,1417375
2018,female,65-69,foreign,65525
2018,female,65-69,spanish,1188483
2018,female,65-69,total,1254008
2018,female,70-74,foreign,49857
2018,female,70-74,spanish,1104890
2018,female,70-74,total,1154747
2018,female,75-79,foreign,31870
2018,female,75-79,spanish,846864
2018,female,75-79,total,878734
2018,female,80+,foreign,29505
2018,female,80+,spanish,1774502
2018,female,80+,total,1804007
2018,female,all,foreign,2324280
2018,female,all,spanish,21470448
2018,female,all,total,23794728
2018,male,0-4,foreign,131961
2018,male,0-4,spanish,931657
2018,male,0-4,total,1063618
2018,male,10-14,foreign,99022
2018,male,10-14,spanish,1164829
2018,male,10-14,total,1263851
2018,male,15-19,foreign,108987
2018,male,15-19,spanish,1065432
2018,male,15-19,total,1174419
2018,male,20-24,foreign,149097
2018,male,20-24,spanish,1008222
2018,male,20-24,total,1157319
2018,male,25-29,foreign,197488
2018,male,25-29,spanish,1075784
2018,male,25-29,total,1273272
2018,male,30-34,foreign,244853
2018,male,30-34,spanish,1181544
2018,male,30-34,total,1426397
2018,male,35-39,foreign,293620
2018,male,35-39,spanish,1489685
2018,male,35-39,total,1783305
2018,male,40-44,foreign,278772
2018,male,40-44,spanish,1751400
2018,male,40-44,total,2030172
2018,male,45-49,foreign,218789
2018,male,45-49,spanish,1698145
2018,male,45-49,total,1916934
2018,male,5-9,foreign,119116
2018,male,5-9,spanish,1106606
2018,male,5-9,total,1225722
2018,male,50-54,foreign,156889
2018,male,50-54,spanish,1643883
2018,male,50-54,total,1800772
2018,male,55-59,foreign,109285
2018,male,55-59,spanish,1480786
2018,male,55-59,total,1590071
2018,male,60-64,foreign,76862
2018,male,60-64,spanish,1256787
2018,male,60-64,total,1333649
2018,male,65-69,foreign,59006
2018,male,65-69,spanish,1083046
2018,male,65-69,total,1142052
2018,male,70-74,foreign,46907
2018,male,70-74,spanish,944186
2018,male,70-74,total,991093
2018,male,75-79,foreign,31490
2018,male,75-79,spanish,662686
2018,male,75-79,total,694176
2018,male,80+,foreign,26528
2018,male,80+,spanish,1027305
2018,male,80+,total,1053833
2018,male,all,foreign,2348672
2018,male,all,spanish,20571983
2018,male,all,total,22920655
2019,all,0-4,foreign,267872
2019,all,0-4,spanish,1751568
2019,all,0-4,total,2019440
2019,all,10-14,foreign,209825
2019,all,10-14,spanish,2291306
2019,all,10-14,total,2501131
2019,all,15-19,foreign,222782
2019,all,15-19,spanish,2125992
2019,all,15-19,total,2348774
2019,all,20-24,foreign,337127
2019,all,20-24,spanish,1969976
2019,all,20-24,total,2307103
2019,all,25-29,foreign,467370
2019,all,25-29,spanish,2073837
2019,all,25-29,total,2541207
2019,all,30-34,foreign,563550
2019,all,30-34,spanish,2259827
2019,all,30-34,total,2823377
2019,all,35-39,foreign,609336
2019,all,35-39,spanish,2813964
2019,all,35-39,total,3423300
2019,all,40-44,foreign,559506
2019,all,40-44,spanish,3435342
2019,all,40-44,total,3994848
2019,all,45-49,foreign,438563
2019,all,45-49,spanish,3414209
2019,all,45-49,total,3852772
2019,all,5-9,foreign,248100
2019,all,5-9,spanish,2081577
2019,all,5-9,total,2329677
2019,all,50-54,foreign,332397
2019,all,50-54,spanish,3319059
2019,all,50-54,total,3651456
2019,all,55-59,foreign,239896
2019,all,55-59,spanish,3074684
2019,all,55-59,total,3314580
2019,all,60-64,foreign,175582
2019,all,60-64,spanish,2678727
2019,all,60-64,total,2854309
2019,all,65-69,foreign,133886
2019,all,65-69,spanish,2275681
2019,all,65-69,total,2409567
2019,all,70-74,foreign,102659
2019,all,70-74,spanish,2091154
2019,all,70-74,total,2193813
2019,all,75-79,foreign,66767
2019,all,75-79,spanish,1617090
2019,all,75-79,total,1683857
2019,all,80+,foreign,58423
2019,all,80+,spanish,2780144
2019,all,80+,total,2838567
2019,all,all,foreign,5033641
2019,all,all,spanish,42054137
2019,all,all,total,47087778
2019,female,0-4,foreign,129531
2019,female,0-4,spanish,851133
2019,female,0-4,total,980664
2019,female,10-14,foreign,100987
2019,female,10-14,spanish,1112820
2019,female,10-14,total,1213807
2019,female,15-19,foreign,102840
2019,female,15-19,spanish,1035197
2019,female,15-19,total,1138037
2019,female,20-24,foreign,167946
2019,female,20-24,spanish,958432
2019,female,20-24,total,1126378
2019,female,25-29,foreign,244145
2019,female,25-29,spanish,1011275
2019,female,25-29,total,1255420
2019,female,30-34,foreign,299253
2019,female,30-34,spanish,1111447
2019,female,30-34,total,1410700
2019,female,35-39,foreign,307215
2019,female,35-39,spanish,1395868
2019,female,35-39,total,1703083
2019,female,40-44,foreign,264717
2019,female,40-44,spanish,1703416
2019,female,40-44,total,1968133
2019,female,45-49,foreign,205865
2019,female,45-49,spanish,1698228
2019,female,45-49,total,1904093
2019,female,5-9,foreign,119395
2019,female,5-9,spanish,1009718
2019,female,5-9,total,1129113
2019,female,50-54,foreign,161227
2019,female,50-54,spanish,1668736
2019,female,50-54,total,1829963
2019,female,55-59,foreign,121152
2019,female,55-59,spanish,1562763
2019,female,55-59,total,1683915
2019,female,60-64,foreign,91728
2019,female,60-64,spanish,1378850
2019,female,60-64,total,1470578
2019,female,65-69,foreign,70762
2019,female,65-69,spanish,1190151
2019,female,65-69,total,1260913
2019,female,70-74,foreign,53483
2019,female,70-74,spanish,1126871
2019,female,70-74,total,1180354
2019,female,75-79,foreign,33890
2019,female,75-79,spanish,904355
2019,female,75-79,total,938245
2019,female,80+,foreign,31080
2019,female,80+,spanish,1762476
2019,female,80+,total,1793556
2019,female,all,foreign,2505216
2019,female,all,spanish,21481736
2019,female,all,total,23986952
2019,male,0-4,foreign,138341
2019,male,0-4,spanish,900435
2019,male,0-4,total,1038776
2019,male,10-14,foreign,108838
2019,male,10-14,spanish,1178486
2019,male,10-14,total,1287324
2019,male,15-19,foreign,119942
2019,male,15-19,spanish,1090795
2019,male,15-19,total,1210737
2019,male,20-24,foreign,169181
2019,male,20-24,spanish,1011544
2019,male,20-24,total,1180725
2019,male,25-29,foreign,223225
2019,male,25-29,spanish,1062562
2019,male,25-29,total,1285787
2019,male,30-34,foreign,264297
2019,male,30-34,spanish,1148380
2019,male,30-34,total,1412677
2019,male,35-39,foreign,302121
2019,male,35-39,spanish,1418096
2019,male,35-39,total,1720217
2019,male,40-44,foreign,294789
2019,male,40-44,spanish,1731926
2019,male,40-44,total,2026715
2019,male,45-49,foreign,232698
2019,male,45-49,spanish,1715981
2019,male,45-49,total,1948679
2019,male,5-9,foreign,128705
2019,male,5-9,spanish,1071859
2019,male,5-9,total,1200564
2019,male,50-54,foreign,171170
2019,male,50-54,spanish,1650323
2019,male,50-54,total,1821493
2019,male,55-59,foreign,118744
2019,male,55-59,spanish,1511921
2019,male,55-59,total,1630665
2019,male,60-64,foreign,83854
2019,male,60-64,spanish,1299877
2019,male,60-64,total,1383731
2019,male,65-69,foreign,63124
2019,male,65-69,spanish,1085530
2019,male,65-69,total,1148654
2019,male,70-74,foreign,49176
2019,male,70-74,spanish,964283
2019,male,70-74,total,1013459
2019,male,75-79,foreign,32877
2019,male,75-79,spanish,712735
2019,male,75-79,total,745612
2019,male,80+,foreign,27343
2019,male,80+,spanish,1017668
2019,male,80+,total,1045011
2019,male,all,foreign,2528425
2019,male,all,spanish,20572401
2019,male,all,total,23100826
2020,all,0-4,foreign,272637
2020,all,0-4,spanish,1682342
2020,all,0-4,total,1954979
2020,all,10-14,foreign,230849
2020,all,10-14,spanish,2291583
2020,all,10-14,total,2522432
2020,all,15-19,foreign,234909
2020,all,15-19,spanish,2166043
2020,all,15-19,total,2400952
2020,all,20-24,foreign,363124
2020,all,20-24,spanish,1996251
2020,all,20-24,total,2359375
2020,all,25-29,foreign,501940
2020,all,25-29,spanish,2045432
2020,all,25-29,total,2547372
2020,all,30-34,foreign,593314
2020,all,30-34,spanish,2205704
2020,all,30-34,total,2799018
2020,all,35-39,foreign,628703
2020,all,35-39,spanish,2683386
2020,all,35-39,total,3312089
2020,all,40-44,foreign,593602
2020,all,40-44,spanish,3362159
2020,all,40-44,total,3955761
2020,all,45-49,foreign,468537
2020,all,45-49,spanish,3450263
2020,all,45-49,total,3918800
2020,all,5-9,foreign,267040
2020,all,5-9,spanish,2029650
2020,all,5-9,total,2296690
2020,all,50-54,foreign,360505
2020,all,50-54,spanish,3322949
2020,all,50-54,total,3683454
2020,all,55-59,foreign,258468
2020,all,55-59,spanish,3133753
2020,all,55-59,total,3392221
2020,all,60-64,foreign,190323
2020,all,60-64,spanish,2767856
2020,all,60-64,total,2958179
2020,all,65-69,foreign,142483
2020,all,65-69,spanish,2308210
2020,all,65-69,total,2450693
2020,all,70-74,foreign,108631
2020,all,70-74,spanish,2097150
2020,all,70-74,total,2205781
2020,all,75-79,foreign,69306
2020,all,75-79,spanish,1687233
2020,all,75-79,total,1756539
2020,all,80+,foreign,60811
2020,all,80+,spanish,2769706
2020,all,80+,total,2830517
2020,all,all,foreign,5345182
2020,all,all,spanish,41999670
2020,all,all,total,47344852
2020,female,0-4,foreign,132090
2020,female,0-4,spanish,817937
2020,female,0-4,total,950027
2020,female,10-14,foreign,111026
2020,female,10-14,spanish,1112299
2020,female,10-14,total,1223325
2020,female,15-19,foreign,107760
2020,female,15-19,spanish,1055428
2020,female,15-19,total,1163188
2020,female,20-24,foreign,179237
2020,female,20-24,spanish,970956
2020,female,20-24,total,1150193
2020,female,25-29,foreign,258227
2020,female,25-29,spanish,997149
2020,female,25-29,total,1255376
2020,female,30-34,foreign,311999
2020,female,30-34,spanish,1084155
2020,female,30-34,total,1396154
2020,female,35-39,foreign,320022
2020,female,35-39,spanish,1331629
2020,female,35-39,total,1651651
2020,female,40-44,foreign,283986
2020,female,40-44,spanish,1669630
2020,female,40-44,total,1953616
2020,female,45-49,foreign,221086
2020,female,45-49,spanish,1715605
2020,female,45-49,total,1936691
2020,female,5-9,foreign,128577
2020,female,5-9,spanish,984980
2020,female,5-9,total,1113557
2020,female,50-54,foreign,175275
2020,female,50-54,spanish,1669080
2020,female,50-54,total,1844355
2020,female,55-59,foreign,130915
2020,female,55-59,spanish,1592555
2020,female,55-59,total,1723470
2020,female,60-64,foreign,99693
2020,female,60-64,spanish,1424288
2020,female,60-64,total,1523981
2020,female,65-69,foreign,75627
2020,female,65-69,spanish,1207690
2020,female,65-69,total,1283317
2020,female,70-74,foreign,57275
2020,female,70-74,spanish,1129684
2020,female,70-74,total,1186959
2020,female,75-79,foreign,35537
2020,female,75-79,spanish,942660
2020,female,75-79,total,978197
2020,female,80+,foreign,32750
2020,female,80+,spanish,1755027
2020,female,80+,total,1787777
2020,female,all,foreign,2661082
2020,female,all,spanish,21460752
2020,female,all,total,24121834
2020,male,0-4,foreign,140547
2020,male,0-4,spanish,864405
2020,male,0-4,total,1004952
2020,male,10-14,foreign,119823
2020,male,10-14,spanish,1179284
2020,male,10-14,total,1299107
2020,male,15-19,foreign,127149
2020,male,15-19,spanish,1110615
2020,male,15-19,total,1237764
2020,male,20-24,foreign,183887
2020,male,20-24,spanish,1025295
2020,male,20-24,total,1209182
2020,male,25-29,foreign,243713
2020,male,25-29,spanish,1048283
2020,male,25-29,total,1291996
2020,male,30-34,foreign,281315
2020,male,30-34,spanish,1121549
2020,male,30-34,total,1402864
2020,male,35-39,foreign,308681
2020,male,35-39,spanish,1351757
2020,male,35-39,total,1660438
2020,male,40-44,foreign,309616
2020,male,40-44,spanish,1692529
2020,male,40-44,total,2002145
2020,male,45-49,foreign,247451
2020,male,45-49,spanish,1734658
2020,male,45-49,total,1982109
2020,male,5-9,foreign,138463
2020,male,5-9,spanish,1044670
2020,male,5-9,total,1183133
2020,male,50-54,foreign,185230
2020,male,50-54,spanish,1653869
2020,male,50-54,total,1839099
2020,male,55-59,foreign,127553
2020,male,55-59,spanish,1541198
2020,male,55-59,total,1668751
2020,male,60-64,foreign,90630
2020,male,60-64,spanish,1343568
2020,male,60-64,total,1434198
2020,male,65-69,foreign,66856
2020,male,65-69,spanish,1100520
2020,male,65-69,total,1167376
2020,male,70-74,foreign,51356
2020,male,70-74,spanish,967466
2020,male,70-74,total,1018822
2020,male,75-79,foreign,33769
2020,male,75-79,spanish,744573
2020,male,75-79,total,778342
2020,male,80+,foreign,28061
2020,male,80+,spanish,1014679
2020,male,80+,total,1042740
2020,male,all,foreign,2684100
2020,male,all,spanish,20538918
2020,male,all,total,23223018
2021,all,0-4,foreign,257082
2021,all,0-4,spanish,1603810
2021,all,0-4,total,1860892
2021,all,10-14,foreign,236488
2021,all,10-14,spanish,2279758
2021,all,10-14,total,2516246
2021,all,15-19,foreign,229404
2021,all,15-19,spanish,2207364
2021,all,15-19,total,2436768
2021,all,20-24,foreign,349508
2021,all,20-24,spanish,2029461
2021,all,20-24,total,2378969
2021,all,25-29,foreign,492610
2021,all,25-29,spanish,2025146
2021,all,25-29,total,2517756
2021,all,30-34,foreign,585814
2021,all,30-34,spanish,2168892
2021,all,30-34,total,2754706
2021,all,35-39,foreign,614616
2021,all,35-39,spanish,2561551
2021,all,35-39,total,3176167
2021,all,40-44,foreign,597588
2021,all,40-44,spanish,3269163
2021,all,40-44,total,3866751
2021,all,45-49,foreign,482784
2021,all,45-49,spanish,3488814
2021,all,45-49,total,3971598
2021,all,5-9,foreign,264068
2021,all,5-9,spanish,1988752
2021,all,5-9,total,2252820
2021,all,50-54,foreign,377294
2021,all,50-54,spanish,3340489
2021,all,50-54,total,3717783
2021,all,55-59,foreign,272249
2021,all,55-59,spanish,3183250
2021,all,55-59,total,3455499
2021,all,60-64,foreign,202113
2021,all,60-64,spanish,2842424
2021,all,60-64,total,3044537
2021,all,65-69,foreign,152087
2021,all,65-69,spanish,2359781
2021,all,65-69,total,2511868
2021,all,70-74,foreign,116000
2021,all,70-74,spanish,2097620
2021,all,70-74,total,2213620
2021,all,75-79,foreign,73561
2021,all,75-79,spanish,1732278
2021,all,75-79,total,1805839
2021,all,80+,foreign,65449
2021,all,80+,spanish,2799568
2021,all,80+,total,2865017
2021,all,all,foreign,5368715
2021,all,all,spanish,41978121
2021,all,all,total,47346836
2021,female,0-4,foreign,124454
2021,female,0-4,spanish,780133
2021,female,0-4,total,904587
2021,female,10-14,foreign,113821
2021,female,10-14,spanish,1105722
2021,female,10-14,total,1219543
2021,female,15-19,foreign,104685
2021,female,15-19,spanish,1076250
2021,female,15-19,total,1180935
2021,female,20-24,foreign,168962
2021,female,20-24,spanish,986994
2021,female,20-24,total,1155956
2021,female,25-29,foreign,250772
2021,female,25-29,spanish,987102
2021,female,25-29,total,1237874
2021,female,30-34,foreign,306205
2021,female,30-34,spanish,1064922
2021,female,30-34,total,1371127
2021,female,35-39,foreign,315794
2021,female,35-39,spanish,1271497
2021,female,35-39,total,1587291
2021,female,40-44,foreign,289312
2021,female,40-44,spanish,1625071
2021,female,40-44,total,1914383
2021,female,45-49,foreign,228016
2021,female,45-49,spanish,1734538
2021,female,45-49,total,1962554
2021,female,5-9,foreign,127222
2021,female,5-9,spanish,965529
2021,female,5-9,total,1092751
2021,female,50-54,foreign,182524
2021,female,50-54,spanish,1674968
2021,female,50-54,total,1857492
2021,female,55-59,foreign,136583
2021,female,55-59,spanish,1616552
2021,female,55-59,total,1753135
2021,female,60-64,foreign,104966
2021,female,60-64,spanish,1463060
2021,female,60-64,total,1568026
2021,female,65-69,foreign,80101
2021,female,65-69,spanish,1234889
2021,female,65-69,total,1314990
2021,female,70-74,foreign,61113
2021,female,70-74,spanish,1128565
2021,female,70-74,total,1189678
2021,female,75-79,foreign,37883
2021,female,75-79,spanish,967735
2021,female,75-79,total,1005618
2021,female,80+,foreign,35458
2021,female,80+,spanish,1772048
2021,female,80+,total,1807506
2021,female,all,foreign,2667871
2021,female,all,spanish,21455575
2021,female,all,total,24123446
2021,male,0-4,foreign,132628
2021,male,0-4,spanish,823677
2021,male,0-4,total,956305
2021,male,10-14,foreign,122667
2021,male,10-14,spanish,1174036
2021,male,10-14,total,1296703
2021,male,15-19,foreign,124719
2021,male,15-19,spanish,1131114
2021,male,15-19,total,1255833
2021,male,20-24,foreign,180546
2021,male,20-24,spanish,1042467
2021,male,20-24,total,1223013
2021,male,25-29,foreign,241838
2021,male,25-29,spanish,1038044
2021,male,25-29,total,1279882
2021,male,30-34,foreign,279609
2021,male,30-34,spanish,1103970
2021,male,30-34,total,1383579
2021,male,35-39,foreign,298822
2021,male,35-39,spanish,1290054
2021,male,35-39,total,1588876
2021,male,40-44,foreign,308276
2021,male,40-44,spanish,1644092
2021,male,40-44,total,1952368
2021,male,45-49,foreign,254768
2021,male,45-49,spanish,1754276
2021,male,45-49,total,2009044
2021,male,5-9,foreign,136846
2021,male,5-9,spanish,1023223
2021,male,5-9,total,1160069
2021,male,50-54,foreign,194770
2021,male,50-54,spanish,1665521
2021,male,50-54,total,1860291
2021,male,55-59,foreign,135666
2021,male,55-59,spanish,1566698
2021,male,55-59,total,1702364
2021,male,60-64,foreign,97147
2021,male,60-64,spanish,1379364
2021,male,60-64,total,1476511
2021,male,65-69,foreign,71986
2021,male,65-69,spanish,1124892
2021,male,65-69,total,1196878
2021,male,70-74,foreign,54887
2021,male,70-74,spanish,969055
2021,male,70-74,total,1023942
2021,male,75-79,foreign,35678
2021,male,75-79,spanish,764543
2021,male,75-79,total,800221
2021,male,80+,foreign,29991
2021,male,80+,spanish,1027520
2021,male,80+,total,1057511
2021,male,all,foreign,2700844
2021,male,all,spanish,20522546
2021,male,all,total,23223390
2022,all,0-4,foreign,260263
2022,all,0-4,spanish,1548942
2022,all,0-4,total,1809205
2022,all,10-14,foreign,266340
2022,all,10-14,spanish,2262873
2022,all,10-14,total,2529213
2022,all,15-19,foreign,259766
2022,all,15-19,spanish,2256132
2022,all,15-19,total,2515898
2022,all,20-24,foreign,385602
2022,all,20-24,spanish,2063380
2022,all,20-24,total,2448982
2022,all,25-29,foreign,537592
2022,all,25-29,spanish,2011087
2022,all,25-29,total,2548679
2022,all,30-34,foreign,625051
2022,all,30-34,spanish,2143873
2022,all,30-34,total,2768924
2022,all,35-39,foreign,642257
2022,all,35-39,spanish,2462294
2022,all,35-39,total,3104551
2022,all,40-44,foreign,629980
2022,all,40-44,spanish,3145501
2022,all,40-44,total,3775481
2022,all,45-49,foreign,518923
2022,all,45-49,spanish,3510144
2022,all,45-49,total,4029067
2022,all,5-9,foreign,279383
2022,all,5-9,spanish,1950050
2022,all,5-9,total,2229433
2022,all,50-54,foreign,410352
2022,all,50-54,spanish,3365552
2022,all,50-54,total,3775904
2022,all,55-59,foreign,297682
2022,all,55-59,spanish,3236796
2022,all,55-59,total,3534478
2022,all,60-64,foreign,222720
2022,all,60-64,spanish,2903061
2022,all,60-64,total,3125781
2022,all,65-69,foreign,167544
2022,all,65-69,spanish,2418234
2022,all,65-69,total,2585778
2022,all,70-74,foreign,126073
2022,all,70-74,spanish,2136764
2022,all,70-74,total,2262837
2022,all,75-79,foreign,83774
2022,all,75-79,spanish,1794978
2022,all,75-79,total,1878752
2022,all,80+,foreign,73711
2022,all,80+,spanish,2784680
2022,all,80+,total,2858391
2022,all,all,foreign,5787013
2022,all,all,spanish,41994341
2022,all,all,total,47781354
2022,female,0-4,foreign,126064
2022,female,0-4,spanish,752916
2022,female,0-4,total,878980
2022,female,10-14,foreign,128414
2022,female,10-14,spanish,1097773
2022,female,10-14,total,1226187
2022,female,15-19,foreign,119985
2022,female,15-19,spanish,1098163
2022,female,15-19,total,1218148
2022,female,20-24,foreign,183730
2022,female,20-24,spanish,1004366
2022,female,20-24,total,1188096
2022,female,25-29,foreign,271384
2022,female,25-29,spanish,981935
2022,female,25-29,total,1253319
2022,female,30-34,foreign,323648
2022,female,30-34,spanish,1051865
2022,female,30-34,total,1375513
2022,female,35-39,foreign,333855
2022,female,35-39,spanish,1223026
2022,female,35-39,total,1556881
2022,female,40-44,foreign,310945
2022,female,40-44,spanish,1566931
2022,female,40-44,total,1877876
2022,female,45-49,foreign,248142
2022,female,45-49,spanish,1744656
2022,female,45-49,total,1992798
2022,female,5-9,foreign,135262
2022,female,5-9,spanish,946955
2022,female,5-9,total,1082217
2022,female,50-54,foreign,200553
2022,female,50-54,spanish,1686292
2022,female,50-54,total,1886845
2022,female,55-59,foreign,150060
2022,female,55-59,spanish,1643228
2022,female,55-59,total,1793288
2022,female,60-64,foreign,116145
2022,female,60-64,spanish,1493714
2022,female,60-64,total,1609859
2022,female,65-69,foreign,89304
2022,female,65-69,spanish,1266627
2022,female,65-69,total,1355931
2022,female,70-74,foreign,67033
2022,female,70-74,spanish,1148327
2022,female,70-74,total,1215360
2022,female,75-79,foreign,43935
2022,female,75-79,spanish,1003613
2022,female,75-79,total,1047548
2022,female,80+,foreign,40202
2022,female,80+,spanish,1760381
2022,female,80+,total,1800583
2022,female,all,foreign,2888661
2022,female,all,spanish,21470768
2022,female,all,total,24359429
2022,male,0-4,foreign,134199
2022,male,0-4,spanish,796026
2022,male,0-4,total,930225
2022,male,10-14,foreign,137926
2022,male,10-14,spanish,1165100
2022,male,10-14,total,1303026
2022,male,15-19,foreign,139781
2022,male,15-19,spanish,1157969
2022,male,15-19,total,1297750
2022,male,20-24,foreign,201872
2022,male,20-24,spanish,1059014
2022,male,20-24,total,1260886
2022,male,25-29,foreign,266208
2022,male,25-29,spanish,1029152
2022,male,25-29,total,1295360
2022,male,30-34,foreign,301403
2022,male,30-34,spanish,1092008
2022,male,30-34,total,1393411
2022,male,35-39,foreign,308402
2022,male,35-39,spanish,1239268
2022,male,35-39,total,1547670
2022,male,40-44,foreign,319035
2022,male,40-44,spanish,1578570
2022,male,40-44,total,1897605
2022,male,45-49,foreign,270781
2022,male,45-49,spanish,1765488
2022,male,45-49,total,2036269
2022,male,5-9,foreign,144121
2022,male,5-9,spanish,1003095
2022,male,5-9,total,1147216
2022,male,50-54,foreign,209799
2022,male,50-54,spanish,1679260
2022,male,50-54,total,1889059
2022,male,55-59,foreign,147622
2022,male,55-59,spanish,1593568
2022,male,55-59,total,1741190
2022,male,60-64,foreign,106575
2022,male,60-64,spanish,1409347
2022,male,60-64,total,1515922
2022,male,65-69,foreign,78240
2022,male,65-69,spanish,1151607
2022,male,65-69,total,1229847
2022,male,70-74,foreign,59040
2022,male,70-74,spanish,988437
2022,male,70-74,total,1047477
2022,male,75-79,foreign,39839
2022,male,75-79,spanish,791365
2022,male,75-79,total,831204
2022,male,80+,foreign,33509
2022,male,80+,spanish,1024299
2022,male,80+,total,1057808
2022,male,all,foreign,2898352
2022,male,all,spanish,20523573
2022,male,all,total,23421925
2023,all,0-4,foreign,256919
2023,all,0-4,spanish,1507224
2023,all,0-4,total,1764143
2023,all,10-14,foreign,296142
2023,all,10-14,spanish,2209657
2023,all,10-14,total,2505799
2023,all,15-19,foreign,291744
2023,all,15-19,spanish,2305088
2023,all,15-19,total,2596832
2023,all,20-24,foreign,428830
2023,all,20-24,spanish,2119260
2023,all,20-24,total,2548090
2023,all,25-29,foreign,595963
2023,all,25-29,spanish,1997352
2023,all,25-29,total,2593315
2023,all,30-34,foreign,682611
2023,all,30-34,spanish,2137015
2023,all,30-34,total,2819626
2023,all,35-39,foreign,692120
2023,all,35-39,spanish,2380965
2023,all,35-39,total,3073085
2023,all,40-44,foreign,669937
2023,all,40-44,spanish,3011234
2023,all,40-44,total,3681171
2023,all,45-49,foreign,567478
2023,all,45-49,spanish,3512859
2023,all,45-49,total,4080337
2023,all,5-9,foreign,294204
2023,all,5-9,spanish,1915176
2023,all,5-9,total,2209380
2023,all,50-54,foreign,442085
2023,all,50-54,spanish,3386535
2023,all,50-54,total,3828620
2023,all,55-59,foreign,331004
2023,all,55-59,spanish,3288014
2023,all,55-59,total,3619018
2023,all,60-64,foreign,244794
2023,all,60-64,spanish,2948279
2023,all,60-64,total,3193073
2023,all,65-69,foreign,184303
2023,all,65-69,spanish,2495350
2023,all,65-69,total,2679653
2023,all,70-74,foreign,135260
2023,all,70-74,spanish,2132236
2023,all,70-74,total,2267496
2023,all,75-79,foreign,91209
2023,all,75-79,spanish,1863015
2023,all,75-79,total,1954224
2023,all,80+,foreign,80959
2023,all,80+,spanish,2825699
2023,all,80+,total,2906658
2023,all,all,foreign,6285562
2023,all,all,spanish,42034958
2023,all,all,total,48320520
2023,female,0-4,foreign,124839
2023,female,0-4,spanish,733107
2023,female,0-4,total,857946
2023,female,10-14,foreign,142834
2023,female,10-14,spanish,1072137
2023,female,10-14,total,1214971
2023,female,15-19,foreign,135419
2023,female,15-19,spanish,1121709
2023,female,15-19,total,1257128
2023,female,20-24,foreign,203310
2023,female,20-24,spanish,1032398
2023,female,20-24,total,1235708
2023,female,25-29,foreign,297038
2023,female,25-29,spanish,975210
2023,female,25-29,total,1272248
2023,female,30-34,foreign,348637
2023,female,30-34,spanish,1049140
2023,female,30-34,total,1397777
2023,female,35-39,foreign,359055
2023,female,35-39,spanish,1182145
2023,female,35-39,total,1541200
2023,female,40-44,foreign,335386
2023,female,40-44,spanish,1501637
2023,female,40-44,total,1837023
2023,female,45-49,foreign,274991
2023,female,45-49,spanish,1748018
2023,female,45-49,total,2023009
2023,female,5-9,foreign,142456
2023,female,5-9,spanish,929820
2023,female,5-9,total,1072276
2023,female,50-54,foreign,217714
2023,female,50-54,spanish,1694726
2023,female,50-54,total,1912440
2023,female,55-59,foreign,168130
2023,female,55-59,spanish,1667857
2023,female,55-59,total,1835987
2023,female,60-64,foreign,128297
2023,female,60-64,spanish,1515740
2023,female,60-64,total,1644037
2023,female,65-69,foreign,99166
2023,female,65-69,spanish,1307192
2023,female,65-69,total,1406358
2023,female,70-74,foreign,73071
2023,female,70-74,spanish,1144245
2023,female,70-74,total,1217316
2023,female,75-79,foreign,48586
2023,female,75-79,spanish,1040482
2023,female,75-79,total,1089068
2023,female,80+,foreign,44746
2023,female,80+,spanish,1779351
2023,female,80+,total,1824097
2023,female,all,foreign,3143675
2023,female,all,spanish,21494914
2023,female,all,total,24638589
2023,male,0-4,foreign,132080
2023,male,0-4,spanish,774117
2023,male,0-4,total,906197
2023,male,10-14,foreign,153308
2023,male,10-14,spanish,1137520
2023,male,10-14,total,1290828
2023,male,15-19,foreign,156325
2023,male,15-19,spanish,1183379
2023,male,15-19,total,1339704
2023,male,20-24,foreign,225520
2023,male,20-24,spanish,1086862
2023,male,20-24,total,1312382
2023,male,25-29,foreign,298925
2023,male,25-29,spanish,1022142
2023,male,25-29,total,1321067
2023,male,30-34,foreign,333974
2023,male,30-34,spanish,1087875
2023,male,30-34,total,1421849
2023,male,35-39,foreign,333065
2023,male,35-39,spanish,1198820
2023,male,35-39,total,1531885
2023,male,40-44,foreign,334551
2023,male,40-44,spanish,1509597
2023,male,40-44,total,1844148
2023,male,45-49,foreign,292487
2023,male,45-49,spanish,1764841
2023,male,45-49,total,2057328
2023,male,5-9,foreign,151748
2023,male,5-9,spanish,985356
2023,male,5-9,total,1137104
2023,male,50-54,foreign,224371
2023,male,50-54,spanish,1691809
2023,male,50-54,total,1916180
2023,male,55-59,foreign,162874
2023,male,55-59,spanish,1620157
2023,male,55-59,total,1783031
2023,male,60-64,foreign,116497
2023,male,60-64,spanish,1432539
2023,male,60-64,total,1549036
2023,male,65-69,foreign,85137
2023,male,65-69,spanish,1188158
2023,male,65-69,total,1273295
2023,male,70-74,foreign,62189
2023,male,70-74,spanish,987991
2023,male,70-74,total,1050180
2023,male,75-79,foreign,42623
2023,male,75-79,spanish,822533
2023,male,75-79,total,865156
2023,male,80+,foreign,36213
2023,male,80+,spanish,1046348
2023,male,80+,total,1082561
2023,male,all,foreign,3141887
2023,male,all,spanish,20540044
2023,male,all,total,23681931
2024,all,0-4,foreign,249108
2024,all,0-4,spanish,1480878
2024,all,0-4,total,1729986
2024,all,10-14,foreign,321001
2024,all,10-14,spanish,2159539
2024,all,10-14,total,2480540
2024,all,15-19,foreign,321794
2024,all,15-19,spanish,2345833
2024,all,15-19,total,2667627
2024,all,20-24,foreign,461440
2024,all,20-24,spanish,2176468
2024,all,20-24,total,2637908
2024,all,25-29,foreign,637134
2024,all,25-29,spanish,2011331
2024,all,25-29,total,2648465
2024,all,30-34,foreign,719749
2024,all,30-34,spanish,2135969
2024,all,30-34,total,2855718
2024,all,35-39,foreign,725422
2024,all,35-39,spanish,2331846
2024,all,35-39,total,3057268
2024,all,40-44,foreign,695436
2024,all,40-44,spanish,2892497
2024,all,40-44,total,3587933
2024,all,45-49,foreign,602611
2024,all,45-49,spanish,3494089
2024,all,45-49,total,4096700
2024,all,5-9,foreign,300558
2024,all,5-9,spanish,1870685
2024,all,5-9,total,2171243
2024,all,50-54,foreign,469792
2024,all,50-54,spanish,3431487
2024,all,50-54,total,3901279
2024,all,55-59,foreign,357130
2024,all,55-59,spanish,3298694
2024,all,55-59,total,3655824
2024,all,60-64,foreign,263127
2024,all,60-64,spanish,3018093
2024,all,60-64,total,3281220
2024,all,65-69,foreign,199596
2024,all,65-69,spanish,2583016
2024,all,65-69,total,2782612
2024,all,70-74,foreign,143811
2024,all,70-74,spanish,2142133
2024,all,70-74,total,2285944
2024,all,75-79,foreign,97207
2024,all,75-79,spanish,1895580
2024,all,75-79,total,1992787
2024,all,80+,foreign,87835
2024,all,80+,spanish,2901047
2024,all,80+,total,2988882
2024,all,all,foreign,6652751
2024,all,all,spanish,42169185
2024,all,all,total,48821936
2024,female,0-4,foreign,120946
2024,female,0-4,spanish,719866
2024,female,0-4,total,840812
2024,female,10-14,foreign,154756
2024,female,10-14,spanish,1048185
2024,female,10-14,total,1202941
2024,female,15-19,foreign,148437
2024,female,15-19,spanish,1139315
2024,female,15-19,total,1287752
2024,female,20-24,foreign,215931
2024,female,20-24,spanish,1062100
2024,female,20-24,total,1278031
2024,female,25-29,foreign,310689
2024,female,25-29,spanish,984006
2024,female,25-29,total,1294695
2024,female,30-34,foreign,358879
2024,female,30-34,spanish,1050850
2024,female,30-34,total,1409729
2024,female,35-39,foreign,370553
2024,female,35-39,spanish,1158888
2024,female,35-39,total,1529441
2024,female,40-44,foreign,348929
2024,female,40-44,spanish,1445462
2024,female,40-44,total,1794391
2024,female,45-49,foreign,293057
2024,female,45-49,spanish,1741771
2024,female,45-49,total,2034828
2024,female,5-9,foreign,146147
2024,female,5-9,spanish,908969
2024,female,5-9,total,1055116
2024,female,50-54,foreign,231096
2024,female,50-54,spanish,1716524
2024,female,50-54,total,1947620
2024,female,55-59,foreign,180949
2024,female,55-59,spanish,1672405
2024,female,55-59,total,1853354
2024,female,60-64,foreign,137615
2024,female,60-64,spanish,1551606
2024,female,60-64,total,1689221
2024,female,65-69,foreign,107385
2024,female,65-69,spanish,1351871
2024,female,65-69,total,1459256
2024,female,70-74,foreign,78272
2024,female,70-74,spanish,1147985
2024,female,70-74,total,1226257
2024,female,75-79,foreign,52647
2024,female,75-79,spanish,1057485
2024,female,75-79,total,1110132
2024,female,80+,foreign,49010
2024,female,80+,spanish,1819038
2024,female,80+,total,1868048
2024,female,all,foreign,3305298
2024,female,all,spanish,21576326
2024,female,all,total,24881624
2024,male,0-4,foreign,128162
2024,male,0-4,spanish,761012
2024,male,0-4,total,889174
2024,male,10-14,foreign,166245
2024,male,10-14,spanish,1111354
2024,male,10-14,total,1277599
2024,male,15-19,foreign,173357
2024,male,15-19,spanish,1206518
2024,male,15-19,total,1379875
2024,male,20-24,foreign,245509
2024,male,20-24,spanish,1114368
2024,male,20-24,total,1359877
2024,male,25-29,foreign,326445
2024,male,25-29,spanish,1027325
2024,male,25-29,total,1353770
2024,male,30-34,foreign,360870
2024,male,30-34,spanish,1085119
2024,male,30-34,total,1445989
2024,male,35-39,foreign,354869
2024,male,35-39,spanish,1172958
2024,male,35-39,total,1527827
2024,male,40-44,foreign,346507
2024,male,40-44,spanish,1447035
2024,male,40-44,total,1793542
2024,male,45-49,foreign,309554
2024,male,45-49,spanish,1752318
2024,male,45-49,total,2061872
2024,male,5-9,foreign,154411
2024,male,5-9,spanish,961716
2024,male,5-9,total,1116127
2024,male,50-54,foreign,238696
2024,male,50-54,spanish,1714963
2024,male,50-54,total,1953659
2024,male,55-59,foreign,176181
2024,male,55-59,spanish,1626289
2024,male,55-59,total,1802470
2024,male,60-64,foreign,125512
2024,male,60-64,spanish,1466487
2024,male,60-64,total,1591999
2024,male,65-69,foreign,92211
2024,male,65-69,spanish,1231145
2024,male,65-69,total,1323356
2024,male,70-74,foreign,65539
2024,male,70-74,spanish,994148
2024,male,70-74,total,1059687
2024,male,75-79,foreign,44560
2024,male,75-79,spanish,838095
2024,male,75-79,total,882655
2024,male,80+,foreign,38825
2024,male,80+,spanish,1082009
2024,male,80+,total,1120834
2024,male,all,foreign,3347453
2024,male,all,spanish,20592859
2024,male,all,total,23940312
