nacionalidad,anyo,ambito,sexo,total
ALBANIA,2021,ANTIGITANISMO,Ambos sexos,0
ALBANIA,2021,ANTIGITANISMO,Femenino,0
ALBANIA,2021,ANTIGITANISMO,Masculino,0
ALEMANIA,2021,ANTIGITANISMO,Ambos sexos,0
ALEMANIA,2021,ANTIGITANISMO,Femenino,0
ALEMANIA,2021,ANTIGITANISMO,Masculino,0
ANDORRA,2021,ANTIGITANISMO,Ambos sexos,0
ANDORRA,2021,ANTIGITANISMO,Femenino,0
ANDORRA,2021,ANTIGITANISMO,Masculino,0
ANGOLA,2021,ANTIGITANISMO,Ambos sexos,0
ANGOLA,2021,ANTIGITANISMO,Femenino,0
ANGOLA,2021,ANTIGITANISMO,Masculino,0
ARGELIA,2021,ANTIGITANISMO,Ambos sexos,0
ARGELIA,2021,ANTIGITANISMO,Femenino,0
ARGELIA,2021,ANTIGITANISMO,Masculino,0
ARGENTINA,2021,ANTIGITANISMO,Ambos sexos,0
ARGENTINA,2021,ANTIGITANISMO,Femenino,0
ARGENTINA,2021,ANTIGITANISMO,Masculino,0
ARMENIA,2021,ANTIGITANISMO,Ambos sexos,0
ARMENIA,2021,ANTIGITANISMO,Femenino,0
ARMENIA,2021,ANTIGITANISMO,Masculino,0
BANGLADESH,2021,ANTIGITANISMO,Ambos sexos,0
BANGLADESH,2021,ANTIGITANISMO,Femenino,0
BANGLADESH,2021,ANTIGITANISMO,Masculino,0
BIELORRUSIA,2021,ANTIGITANISMO,Ambos sexos,0
BIELORRUSIA,2021,ANTIGITANISMO,Femenino,0
BIELORRUSIA,2021,ANTIGITANISMO,Masculino,0
BOLIVIA,2021,ANTIGITANISMO,Ambos sexos,0
BOLIVIA,2021,ANTIGITANISMO,Femenino,0
BOLIVIA,2021,ANTIGITANISMO,Masculino,0
BRASIL,2021,ANTIGITANISMO,Ambos sexos,0
BRASIL,2021,ANTIGITANISMO,Femenino,0
BRASIL,2021,ANTIGITANISMO,Masculino,0
BULGARIA,2021,ANTIGITANISMO,Ambos sexos,0
BULGARIA,2021,ANTIGITANISMO,Femenino,0
BULGARIA,2021,ANTIGITANISMO,Masculino,0
BÉLGICA,2021,ANTIGITANISMO,Ambos sexos,0
BÉLGICA,2021,ANTIGITANISMO,Femenino,0
BÉLGICA,2021,ANTIGITANISMO,Masculino,0
CAMERÚN,2021,ANTIGITANISMO,Ambos sexos,0
CAMERÚN,2021,ANTIGITANISMO,Femenino,0
CAMERÚN,2021,ANTIGITANISMO,Masculino,0
CENTRO ÁFRICANA REPÚBLICA,2021,ANTIGITANISMO,Ambos sexos,0
CENTRO ÁFRICANA REPÚBLICA,2021,ANTIGITANISMO,Femenino,0
CENTRO ÁFRICANA REPÚBLICA,2021,ANTIGITANISMO,Masculino,0
CHILE,2021,ANTIGITANISMO,Ambos sexos,0
CHILE,2021,ANTIGITANISMO,Femenino,0
CHILE,2021,ANTIGITANISMO,Masculino,0
CHINA POPULAR,2021,ANTIGITANISMO,Ambos sexos,0
CHINA POPULAR,2021,ANTIGITANISMO,Femenino,0
CHINA POPULAR,2021,ANTIGITANISMO,Masculino,0
COLOMBIA,2021,ANTIGITANISMO,Ambos sexos,0
COLOMBIA,2021,ANTIGITANISMO,Femenino,0
COLOMBIA,2021,ANTIGITANISMO,Masculino,0
CONGO-BRAZZAVILLE,2021,ANTIGITANISMO,Ambos sexos,0
CONGO-BRAZZAVILLE,2021,ANTIGITANISMO,Femenino,0
CONGO-BRAZZAVILLE,2021,ANTIGITANISMO,Masculino,0
COSTA DE MARFIL,2021,ANTIGITANISMO,Ambos sexos,0
COSTA DE MARFIL,2021,ANTIGITANISMO,Femenino,0
COSTA DE MARFIL,2021,ANTIGITANISMO,Masculino,0
CROACIA,2021,ANTIGITANISMO,Ambos sexos,0
CROACIA,2021,ANTIGITANISMO,Femenino,0
CROACIA,2021,ANTIGITANISMO,Masculino,0
CUBA,2021,ANTIGITANISMO,Ambos sexos,0
CUBA,2021,ANTIGITANISMO,Femenino,0
CUBA,2021,ANTIGITANISMO,Masculino,0
ECUADOR,2021,ANTIGITANISMO,Ambos sexos,0
ECUADOR,2021,ANTIGITANISMO,Femenino,0
ECUADOR,2021,ANTIGITANISMO,Masculino,0
EE.UU.,2021,ANTIGITANISMO,Ambos sexos,0
EE.UU.,2021,ANTIGITANISMO,Femenino,0
EE.UU.,2021,ANTIGITANISMO,Masculino,0
EGIPTO,2021,ANTIGITANISMO,Ambos sexos,0
EGIPTO,2021,ANTIGITANISMO,Femenino,0
EGIPTO,2021,ANTIGITANISMO,Masculino,0
EL SALVADOR,2021,ANTIGITANISMO,Ambos sexos,0
EL SALVADOR,2021,ANTIGITANISMO,Femenino,0
EL SALVADOR,2021,ANTIGITANISMO,Masculino,0
ERITREA,2021,ANTIGITANISMO,Ambos sexos,0
ERITREA,2021,ANTIGITANISMO,Femenino,0
ERITREA,2021,ANTIGITANISMO,Masculino,0
ESLOVAQUIA,2021,ANTIGITANISMO,Ambos sexos,0
ESLOVAQUIA,2021,ANTIGITANISMO,Femenino,0
ESLOVAQUIA,2021,ANTIGITANISMO,Masculino,0
ESPAÑA,2021,ANTIGITANISMO,Ambos sexos,0
ESPAÑA,2021,ANTIGITANISMO,Femenino,0
ESPAÑA,2021,ANTIGITANISMO,Masculino,0
ESTONIA,2021,ANTIGITANISMO,Ambos sexos,0
ESTONIA,2021,ANTIGITANISMO,Femenino,0
ESTONIA,2021,ANTIGITANISMO,Masculino,0
FILIPINAS,2021,ANTIGITANISMO,Ambos sexos,0
FILIPINAS,2021,ANTIGITANISMO,Femenino,0
FILIPINAS,2021,ANTIGITANISMO,Masculino,0
FRANCIA,2021,ANTIGITANISMO,Ambos sexos,0
FRANCIA,2021,ANTIGITANISMO,Femenino,0
FRANCIA,2021,ANTIGITANISMO,Masculino,0
GAMBIA,2021,ANTIGITANISMO,Ambos sexos,0
GAMBIA,2021,ANTIGITANISMO,Femenino,0
GAMBIA,2021,ANTIGITANISMO,Masculino,0
GEORGIA,2021,ANTIGITANISMO,Ambos sexos,0
GEORGIA,2021,ANTIGITANISMO,Femenino,0
GEORGIA,2021,ANTIGITANISMO,Masculino,0
GHANA,2021,ANTIGITANISMO,Ambos sexos,0
GHANA,2021,ANTIGITANISMO,Femenino,0
GHANA,2021,ANTIGITANISMO,Masculino,0
GRECIA,2021,ANTIGITANISMO,Ambos sexos,0
GRECIA,2021,ANTIGITANISMO,Femenino,0
GRECIA,2021,ANTIGITANISMO,Masculino,0
GUATEMALA,2021,ANTIGITANISMO,Ambos sexos,0
GUATEMALA,2021,ANTIGITANISMO,Femenino,0
GUATEMALA,2021,ANTIGITANISMO,Masculino,0
GUINEA ECUATORIAL,2021,ANTIGITANISMO,Ambos sexos,0
GUINEA ECUATORIAL,2021,ANTIGITANISMO,Femenino,0
GUINEA ECUATORIAL,2021,ANTIGITANISMO,Masculino,0
GUINEA REP.,2021,ANTIGITANISMO,Ambos sexos,0
GUINEA REP.,2021,ANTIGITANISMO,Femenino,0
GUINEA REP.,2021,ANTIGITANISMO,Masculino,0
HAITI,2021,ANTIGITANISMO,Ambos sexos,0
HAITI,2021,ANTIGITANISMO,Femenino,0
HAITI,2021,ANTIGITANISMO,Masculino,0
HOLANDA,2021,ANTIGITANISMO,Ambos sexos,0
HOLANDA,2021,ANTIGITANISMO,Femenino,0
HOLANDA,2021,ANTIGITANISMO,Masculino,0
HONDURAS,2021,ANTIGITANISMO,Ambos sexos,0
HONDURAS,2021,ANTIGITANISMO,Femenino,0
HONDURAS,2021,ANTIGITANISMO,Masculino,0
INDIA,2021,ANTIGITANISMO,Ambos sexos,0
INDIA,2021,ANTIGITANISMO,Femenino,0
INDIA,2021,ANTIGITANISMO,Masculino,0
IRLANDA,2021,ANTIGITANISMO,Ambos sexos,0
IRLANDA,2021,ANTIGITANISMO,Femenino,0
IRLANDA,2021,ANTIGITANISMO,Masculino,0
IRÁN,2021,ANTIGITANISMO,Ambos sexos,0
IRÁN,2021,ANTIGITANISMO,Femenino,0
IRÁN,2021,ANTIGITANISMO,Masculino,0
ISRAEL,2021,ANTIGITANISMO,Ambos sexos,0
ISRAEL,2021,ANTIGITANISMO,Femenino,0
ISRAEL,2021,ANTIGITANISMO,Masculino,0
ITALIA,2021,ANTIGITANISMO,Ambos sexos,0
ITALIA,2021,ANTIGITANISMO,Femenino,0
ITALIA,2021,ANTIGITANISMO,Masculino,0
LETONIA,2021,ANTIGITANISMO,Ambos sexos,0
LETONIA,2021,ANTIGITANISMO,Femenino,0
LETONIA,2021,ANTIGITANISMO,Masculino,0
LIBERIA,2021,ANTIGITANISMO,Ambos sexos,0
LIBERIA,2021,ANTIGITANISMO,Femenino,0
LIBERIA,2021,ANTIGITANISMO,Masculino,0
LIBIA,2021,ANTIGITANISMO,Ambos sexos,0
LIBIA,2021,ANTIGITANISMO,Femenino,0
LIBIA,2021,ANTIGITANISMO,Masculino,0
LITUANIA,2021,ANTIGITANISMO,Ambos sexos,0
LITUANIA,2021,ANTIGITANISMO,Femenino,0
LITUANIA,2021,ANTIGITANISMO,Masculino,0
LÍBANO,2021,ANTIGITANISMO,Ambos sexos,0
LÍBANO,2021,ANTIGITANISMO,Femenino,0
LÍBANO,2021,ANTIGITANISMO,Masculino,0
MALI,2021,ANTIGITANISMO,Ambos sexos,0
MALI,2021,ANTIGITANISMO,Femenino,0
MALI,2021,ANTIGITANISMO,Masculino,0
MARRUECOS,2021,ANTIGITANISMO,Ambos sexos,0
MARRUECOS,2021,ANTIGITANISMO,Femenino,0
MARRUECOS,2021,ANTIGITANISMO,Masculino,0
MAURITANIA,2021,ANTIGITANISMO,Ambos sexos,0
MAURITANIA,2021,ANTIGITANISMO,Femenino,0
MAURITANIA,2021,ANTIGITANISMO,Masculino,0
MOLDAVIA,2021,ANTIGITANISMO,Ambos sexos,0
MOLDAVIA,2021,ANTIGITANISMO,Femenino,0
MOLDAVIA,2021,ANTIGITANISMO,Masculino,0
MONGOLIA,2021,ANTIGITANISMO,Ambos sexos,0
MONGOLIA,2021,ANTIGITANISMO,Femenino,0
MONGOLIA,2021,ANTIGITANISMO,Masculino,0
NEPAL,2021,ANTIGITANISMO,Ambos sexos,0
NEPAL,2021,ANTIGITANISMO,Femenino,0
NEPAL,2021,ANTIGITANISMO,Masculino,0
NICARAGUA,2021,ANTIGITANISMO,Ambos sexos,0
NICARAGUA,2021,ANTIGITANISMO,Femenino,0
NICARAGUA,2021,ANTIGITANISMO,Masculino,0
NIGERIA,2021,ANTIGITANISMO,Ambos sexos,0
NIGERIA,2021,ANTIGITANISMO,Femenino,0
NIGERIA,2021,ANTIGITANISMO,Masculino,0
NÍGER REP.,2021,ANTIGITANISMO,Ambos sexos,0
NÍGER REP.,2021,ANTIGITANISMO,Femenino,0
NÍGER REP.,2021,ANTIGITANISMO,Masculino,0
PANAMA,2021,ANTIGITANISMO,Ambos sexos,0
PANAMA,2021,ANTIGITANISMO,Femenino,0
PANAMA,2021,ANTIGITANISMO,Masculino,0
PAQUISTÁN,2021,ANTIGITANISMO,Ambos sexos,0
PAQUISTÁN,2021,ANTIGITANISMO,Femenino,0
PAQUISTÁN,2021,ANTIGITANISMO,Masculino,0
PARAGUAY,2021,ANTIGITANISMO,Ambos sexos,0
PARAGUAY,2021,ANTIGITANISMO,Femenino,0
PARAGUAY,2021,ANTIGITANISMO,Masculino,0
PAÍS DESCONOCIDO,2021,ANTIGITANISMO,Ambos sexos,0
PAÍS DESCONOCIDO,2021,ANTIGITANISMO,Femenino,0
PAÍS DESCONOCIDO,2021,ANTIGITANISMO,Masculino,0
PAÍS NO CODIFICADO,2021,ANTIGITANISMO,Ambos sexos,0
PAÍS NO CODIFICADO,2021,ANTIGITANISMO,Femenino,0
PAÍS NO CODIFICADO,2021,ANTIGITANISMO,Masculino,0
PERÚ,2021,ANTIGITANISMO,Ambos sexos,0
PERÚ,2021,ANTIGITANISMO,Femenino,0
PERÚ,2021,ANTIGITANISMO,Masculino,0
POLONIA,2021,ANTIGITANISMO,Ambos sexos,0
POLONIA,2021,ANTIGITANISMO,Femenino,0
POLONIA,2021,ANTIGITANISMO,Masculino,0
PORTUGAL,2021,ANTIGITANISMO,Ambos sexos,0
PORTUGAL,2021,ANTIGITANISMO,Femenino,0
PORTUGAL,2021,ANTIGITANISMO,Masculino,0
REINO UNIDO,2021,ANTIGITANISMO,Ambos sexos,0
REINO UNIDO,2021,ANTIGITANISMO,Femenino,0
REINO UNIDO,2021,ANTIGITANISMO,Masculino,0
REPÚBLICA CHECA,2021,ANTIGITANISMO,Ambos sexos,0
REPÚBLICA CHECA,2021,ANTIGITANISMO,Femenino,0
REPÚBLICA CHECA,2021,ANTIGITANISMO,Masculino,0
REPÚBLICA DOMINICANA,2021,ANTIGITANISMO,Ambos sexos,0
REPÚBLICA DOMINICANA,2021,ANTIGITANISMO,Femenino,0
REPÚBLICA DOMINICANA,2021,ANTIGITANISMO,Masculino,0
RUMANÍA,2021,ANTIGITANISMO,Ambos sexos,0
RUMANÍA,2021,ANTIGITANISMO,Femenino,0
RUMANÍA,2021,ANTIGITANISMO,Masculino,0
RUSIA,2021,ANTIGITANISMO,Ambos sexos,0
RUSIA,2021,ANTIGITANISMO,Femenino,0
RUSIA,2021,ANTIGITANISMO,Masculino,0
SENEGAL,2021,ANTIGITANISMO,Ambos sexos,0
SENEGAL,2021,ANTIGITANISMO,Femenino,0
SENEGAL,2021,ANTIGITANISMO,Masculino,0
SERBIA (YUGOSLAVIA),2021,ANTIGITANISMO,Ambos sexos,0
SERBIA (YUGOSLAVIA),2021,ANTIGITANISMO,Femenino,0
SERBIA (YUGOSLAVIA),2021,ANTIGITANISMO,Masculino,0
SIERRA LEONA,2021,ANTIGITANISMO,Ambos sexos,0
SIERRA LEONA,2021,ANTIGITANISMO,Femenino,0
SIERRA LEONA,2021,ANTIGITANISMO,Masculino,0
SIRIA,2021,ANTIGITANISMO,Ambos sexos,0
SIRIA,2021,ANTIGITANISMO,Femenino,0
SIRIA,2021,ANTIGITANISMO,Masculino,0
SUDÁFRICA R.,2021,ANTIGITANISMO,Ambos sexos,0
SUDÁFRICA R.,2021,ANTIGITANISMO,Femenino,0
SUDÁFRICA R.,2021,ANTIGITANISMO,Masculino,0
SUECIA,2021,ANTIGITANISMO,Ambos sexos,0
SUECIA,2021,ANTIGITANISMO,Femenino,0
SUECIA,2021,ANTIGITANISMO,Masculino,0
SUIZA,2021,ANTIGITANISMO,Ambos sexos,0
SUIZA,2021,ANTIGITANISMO,Femenino,0
SUIZA,2021,ANTIGITANISMO,Masculino,0
TOTAL nacionalidad,2021,ANTIGITANISMO,Ambos sexos,0
TOTAL nacionalidad,2021,ANTIGITANISMO,Femenino,0
TOTAL nacionalidad,2021,ANTIGITANISMO,Masculino,0
TURQUÍA,2021,ANTIGITANISMO,Ambos sexos,0
TURQUÍA,2021,ANTIGITANISMO,Femenino,0
TURQUÍA,2021,ANTIGITANISMO,Masculino,0
TÚNEZ,2021,ANTIGITANISMO,Ambos sexos,0
TÚNEZ,2021,ANTIGITANISMO,Femenino,0
TÚNEZ,2021,ANTIGITANISMO,Masculino,0
UCRANIA,2021,ANTIGITANISMO,Ambos sexos,0
UCRANIA,2021,ANTIGITANISMO,Femenino,0
UCRANIA,2021,ANTIGITANISMO,Masculino,0
URUGUAY,2021,ANTIGITANISMO,Ambos sexos,0
URUGUAY,2021,ANTIGITANISMO,Femenino,0
URUGUAY,2021,ANTIGITANISMO,Masculino,0
VENEZUELA,2021,ANTIGITANISMO,Ambos sexos,0
VENEZUELA,2021,ANTIGITANISMO,Femenino,0
VENEZUELA,2021,ANTIGITANISMO,Masculino,0
ZAMBIA,2021,ANTIGITANISMO,Ambos sexos,0
ZAMBIA,2021,ANTIGITANISMO,Femenino,0
ZAMBIA,2021,ANTIGITANISMO,Masculino,0
ALBANIA,2021,ANTISEMITISMO,Ambos sexos,0
ALBANIA,2021,ANTISEMITISMO,Femenino,0
ALBANIA,2021,ANTISEMITISMO,Masculino,0
ALEMANIA,2021,ANTISEMITISMO,Ambos sexos,0
ALEMANIA,2021,ANTISEMITISMO,Femenino,0
ALEMANIA,2021,ANTISEMITISMO,Masculino,0
ANDORRA,2021,ANTISEMITISMO,Ambos sexos,0
ANDORRA,2021,ANTISEMITISMO,Femenino,0
ANDORRA,2021,ANTISEMITISMO,Masculino,0
ANGOLA,2021,ANTISEMITISMO,Ambos sexos,0
ANGOLA,2021,ANTISEMITISMO,Femenino,0
ANGOLA,2021,ANTISEMITISMO,Masculino,0
ARGELIA,2021,ANTISEMITISMO,Ambos sexos,0
ARGELIA,2021,ANTISEMITISMO,Femenino,0
ARGELIA,2021,ANTISEMITISMO,Masculino,0
ARGENTINA,2021,ANTISEMITISMO,Ambos sexos,0
ARGENTINA,2021,ANTISEMITISMO,Femenino,0
ARGENTINA,2021,ANTISEMITISMO,Masculino,0
ARMENIA,2021,ANTISEMITISMO,Ambos sexos,0
ARMENIA,2021,ANTISEMITISMO,Femenino,0
ARMENIA,2021,ANTISEMITISMO,Masculino,0
BANGLADESH,2021,ANTISEMITISMO,Ambos sexos,0
BANGLADESH,2021,ANTISEMITISMO,Femenino,0
BANGLADESH,2021,ANTISEMITISMO,Masculino,0
BIELORRUSIA,2021,ANTISEMITISMO,Ambos sexos,0
BIELORRUSIA,2021,ANTISEMITISMO,Femenino,0
BIELORRUSIA,2021,ANTISEMITISMO,Masculino,0
BOLIVIA,2021,ANTISEMITISMO,Ambos sexos,0
BOLIVIA,2021,ANTISEMITISMO,Femenino,0
BOLIVIA,2021,ANTISEMITISMO,Masculino,0
BRASIL,2021,ANTISEMITISMO,Ambos sexos,0
BRASIL,2021,ANTISEMITISMO,Femenino,0
BRASIL,2021,ANTISEMITISMO,Masculino,0
BULGARIA,2021,ANTISEMITISMO,Ambos sexos,0
BULGARIA,2021,ANTISEMITISMO,Femenino,0
BULGARIA,2021,ANTISEMITISMO,Masculino,0
BÉLGICA,2021,ANTISEMITISMO,Ambos sexos,0
BÉLGICA,2021,ANTISEMITISMO,Femenino,0
BÉLGICA,2021,ANTISEMITISMO,Masculino,0
CAMERÚN,2021,ANTISEMITISMO,Ambos sexos,0
CAMERÚN,2021,ANTISEMITISMO,Femenino,0
CAMERÚN,2021,ANTISEMITISMO,Masculino,0
CENTRO ÁFRICANA REPÚBLICA,2021,ANTISEMITISMO,Ambos sexos,0
CENTRO ÁFRICANA REPÚBLICA,2021,ANTISEMITISMO,Femenino,0
CENTRO ÁFRICANA REPÚBLICA,2021,ANTISEMITISMO,Masculino,0
CHILE,2021,ANTISEMITISMO,Ambos sexos,0
CHILE,2021,ANTISEMITISMO,Femenino,0
CHILE,2021,ANTISEMITISMO,Masculino,0
CHINA POPULAR,2021,ANTISEMITISMO,Ambos sexos,0
CHINA POPULAR,2021,ANTISEMITISMO,Femenino,0
CHINA POPULAR,2021,ANTISEMITISMO,Masculino,0
COLOMBIA,2021,ANTISEMITISMO,Ambos sexos,0
COLOMBIA,2021,ANTISEMITISMO,Femenino,0
COLOMBIA,2021,ANTISEMITISMO,Masculino,0
CONGO-BRAZZAVILLE,2021,ANTISEMITISMO,Ambos sexos,0
CONGO-BRAZZAVILLE,2021,ANTISEMITISMO,Femenino,0
CONGO-BRAZZAVILLE,2021,ANTISEMITISMO,Masculino,0
COSTA DE MARFIL,2021,ANTISEMITISMO,Ambos sexos,0
COSTA DE MARFIL,2021,ANTISEMITISMO,Femenino,0
COSTA DE MARFIL,2021,ANTISEMITISMO,Masculino,0
CROACIA,2021,ANTISEMITISMO,Ambos sexos,0
CROACIA,2021,ANTISEMITISMO,Femenino,0
CROACIA,2021,ANTISEMITISMO,Masculino,0
CUBA,2021,ANTISEMITISMO,Ambos sexos,0
CUBA,2021,ANTISEMITISMO,Femenino,0
CUBA,2021,ANTISEMITISMO,Masculino,0
ECUADOR,2021,ANTISEMITISMO,Ambos sexos,0
ECUADOR,2021,ANTISEMITISMO,Femenino,0
ECUADOR,2021,ANTISEMITISMO,Masculino,0
EE.UU.,2021,ANTISEMITISMO,Ambos sexos,0
EE.UU.,2021,ANTISEMITISMO,Femenino,0
EE.UU.,2021,ANTISEMITISMO,Masculino,0
EGIPTO,2021,ANTISEMITISMO,Ambos sexos,0
EGIPTO,2021,ANTISEMITISMO,Femenino,0
EGIPTO,2021,ANTISEMITISMO,Masculino,0
EL SALVADOR,2021,ANTISEMITISMO,Ambos sexos,0
EL SALVADOR,2021,ANTISEMITISMO,Femenino,0
EL SALVADOR,2021,ANTISEMITISMO,Masculino,0
ERITREA,2021,ANTISEMITISMO,Ambos sexos,0
ERITREA,2021,ANTISEMITISMO,Femenino,0
ERITREA,2021,ANTISEMITISMO,Masculino,0
ESLOVAQUIA,2021,ANTISEMITISMO,Ambos sexos,0
ESLOVAQUIA,2021,ANTISEMITISMO,Femenino,0
ESLOVAQUIA,2021,ANTISEMITISMO,Masculino,0
ESPAÑA,2021,ANTISEMITISMO,Ambos sexos,5
ESPAÑA,2021,ANTISEMITISMO,Femenino,1
ESPAÑA,2021,ANTISEMITISMO,Masculino,4
ESTONIA,2021,ANTISEMITISMO,Ambos sexos,0
ESTONIA,2021,ANTISEMITISMO,Femenino,0
ESTONIA,2021,ANTISEMITISMO,Masculino,0
FILIPINAS,2021,ANTISEMITISMO,Ambos sexos,0
FILIPINAS,2021,ANTISEMITISMO,Femenino,0
FILIPINAS,2021,ANTISEMITISMO,Masculino,0
FRANCIA,2021,ANTISEMITISMO,Ambos sexos,0
FRANCIA,2021,ANTISEMITISMO,Femenino,0
FRANCIA,2021,ANTISEMITISMO,Masculino,0
GAMBIA,2021,ANTISEMITISMO,Ambos sexos,0
GAMBIA,2021,ANTISEMITISMO,Femenino,0
GAMBIA,2021,ANTISEMITISMO,Masculino,0
GEORGIA,2021,ANTISEMITISMO,Ambos sexos,0
GEORGIA,2021,ANTISEMITISMO,Femenino,0
GEORGIA,2021,ANTISEMITISMO,Masculino,0
GHANA,2021,ANTISEMITISMO,Ambos sexos,0
GHANA,2021,ANTISEMITISMO,Femenino,0
GHANA,2021,ANTISEMITISMO,Masculino,0
GRECIA,2021,ANTISEMITISMO,Ambos sexos,0
GRECIA,2021,ANTISEMITISMO,Femenino,0
GRECIA,2021,ANTISEMITISMO,Masculino,0
GUATEMALA,2021,ANTISEMITISMO,Ambos sexos,0
GUATEMALA,2021,ANTISEMITISMO,Femenino,0
GUATEMALA,2021,ANTISEMITISMO,Masculino,0
GUINEA ECUATORIAL,2021,ANTISEMITISMO,Ambos sexos,0
GUINEA ECUATORIAL,2021,ANTISEMITISMO,Femenino,0
GUINEA ECUATORIAL,2021,ANTISEMITISMO,Masculino,0
GUINEA REP.,2021,ANTISEMITISMO,Ambos sexos,0
GUINEA REP.,2021,ANTISEMITISMO,Femenino,0
GUINEA REP.,2021,ANTISEMITISMO,Masculino,0
HAITI,2021,ANTISEMITISMO,Ambos sexos,0
HAITI,2021,ANTISEMITISMO,Femenino,0
HAITI,2021,ANTISEMITISMO,Masculino,0
HOLANDA,2021,ANTISEMITISMO,Ambos sexos,0
HOLANDA,2021,ANTISEMITISMO,Femenino,0
HOLANDA,2021,ANTISEMITISMO,Masculino,0
HONDURAS,2021,ANTISEMITISMO,Ambos sexos,0
HONDURAS,2021,ANTISEMITISMO,Femenino,0
HONDURAS,2021,ANTISEMITISMO,Masculino,0
INDIA,2021,ANTISEMITISMO,Ambos sexos,0
INDIA,2021,ANTISEMITISMO,Femenino,0
INDIA,2021,ANTISEMITISMO,Masculino,0
IRLANDA,2021,ANTISEMITISMO,Ambos sexos,0
IRLANDA,2021,ANTISEMITISMO,Femenino,0
IRLANDA,2021,ANTISEMITISMO,Masculino,0
IRÁN,2021,ANTISEMITISMO,Ambos sexos,0
IRÁN,2021,ANTISEMITISMO,Femenino,0
IRÁN,2021,ANTISEMITISMO,Masculino,0
ISRAEL,2021,ANTISEMITISMO,Ambos sexos,0
ISRAEL,2021,ANTISEMITISMO,Femenino,0
ISRAEL,2021,ANTISEMITISMO,Masculino,0
ITALIA,2021,ANTISEMITISMO,Ambos sexos,0
ITALIA,2021,ANTISEMITISMO,Femenino,0
ITALIA,2021,ANTISEMITISMO,Masculino,0
LETONIA,2021,ANTISEMITISMO,Ambos sexos,0
LETONIA,2021,ANTISEMITISMO,Femenino,0
LETONIA,2021,ANTISEMITISMO,Masculino,0
LIBERIA,2021,ANTISEMITISMO,Ambos sexos,0
LIBERIA,2021,ANTISEMITISMO,Femenino,0
LIBERIA,2021,ANTISEMITISMO,Masculino,0
LIBIA,2021,ANTISEMITISMO,Ambos sexos,0
LIBIA,2021,ANTISEMITISMO,Femenino,0
LIBIA,2021,ANTISEMITISMO,Masculino,0
LITUANIA,2021,ANTISEMITISMO,Ambos sexos,0
LITUANIA,2021,ANTISEMITISMO,Femenino,0
LITUANIA,2021,ANTISEMITISMO,Masculino,0
LÍBANO,2021,ANTISEMITISMO,Ambos sexos,0
LÍBANO,2021,ANTISEMITISMO,Femenino,0
LÍBANO,2021,ANTISEMITISMO,Masculino,0
MALI,2021,ANTISEMITISMO,Ambos sexos,0
MALI,2021,ANTISEMITISMO,Femenino,0
MALI,2021,ANTISEMITISMO,Masculino,0
MARRUECOS,2021,ANTISEMITISMO,Ambos sexos,0
MARRUECOS,2021,ANTISEMITISMO,Femenino,0
MARRUECOS,2021,ANTISEMITISMO,Masculino,0
MAURITANIA,2021,ANTISEMITISMO,Ambos sexos,0
MAURITANIA,2021,ANTISEMITISMO,Femenino,0
MAURITANIA,2021,ANTISEMITISMO,Masculino,0
MOLDAVIA,2021,ANTISEMITISMO,Ambos sexos,0
MOLDAVIA,2021,ANTISEMITISMO,Femenino,0
MOLDAVIA,2021,ANTISEMITISMO,Masculino,0
MONGOLIA,2021,ANTISEMITISMO,Ambos sexos,0
MONGOLIA,2021,ANTISEMITISMO,Femenino,0
MONGOLIA,2021,ANTISEMITISMO,Masculino,0
NEPAL,2021,ANTISEMITISMO,Ambos sexos,0
NEPAL,2021,ANTISEMITISMO,Femenino,0
NEPAL,2021,ANTISEMITISMO,Masculino,0
NICARAGUA,2021,ANTISEMITISMO,Ambos sexos,0
NICARAGUA,2021,ANTISEMITISMO,Femenino,0
NICARAGUA,2021,ANTISEMITISMO,Masculino,0
NIGERIA,2021,ANTISEMITISMO,Ambos sexos,0
NIGERIA,2021,ANTISEMITISMO,Femenino,0
NIGERIA,2021,ANTISEMITISMO,Masculino,0
NÍGER REP.,2021,ANTISEMITISMO,Ambos sexos,0
NÍGER REP.,2021,ANTISEMITISMO,Femenino,0
NÍGER REP.,2021,ANTISEMITISMO,Masculino,0
PANAMA,2021,ANTISEMITISMO,Ambos sexos,0
PANAMA,2021,ANTISEMITISMO,Femenino,0
PANAMA,2021,ANTISEMITISMO,Masculino,0
PAQUISTÁN,2021,ANTISEMITISMO,Ambos sexos,0
PAQUISTÁN,2021,ANTISEMITISMO,Femenino,0
PAQUISTÁN,2021,ANTISEMITISMO,Masculino,0
PARAGUAY,2021,ANTISEMITISMO,Ambos sexos,0
PARAGUAY,2021,ANTISEMITISMO,Femenino,0
PARAGUAY,2021,ANTISEMITISMO,Masculino,0
PAÍS DESCONOCIDO,2021,ANTISEMITISMO,Ambos sexos,0
PAÍS DESCONOCIDO,2021,ANTISEMITISMO,Femenino,0
PAÍS DESCONOCIDO,2021,ANTISEMITISMO,Masculino,0
PAÍS NO CODIFICADO,2021,ANTISEMITISMO,Ambos sexos,0
PAÍS NO CODIFICADO,2021,ANTISEMITISMO,Femenino,0
PAÍS NO CODIFICADO,2021,ANTISEMITISMO,Masculino,0
PERÚ,2021,ANTISEMITISMO,Ambos sexos,0
PERÚ,2021,ANTISEMITISMO,Femenino,0
PERÚ,2021,ANTISEMITISMO,Masculino,0
POLONIA,2021,ANTISEMITISMO,Ambos sexos,0
POLONIA,2021,ANTISEMITISMO,Femenino,0
POLONIA,2021,ANTISEMITISMO,Masculino,0
PORTUGAL,2021,ANTISEMITISMO,Ambos sexos,0
PORTUGAL,2021,ANTISEMITISMO,Femenino,0
PORTUGAL,2021,ANTISEMITISMO,Masculino,0
REINO UNIDO,2021,ANTISEMITISMO,Ambos sexos,0
REINO UNIDO,2021,ANTISEMITISMO,Femenino,0
REINO UNIDO,2021,ANTISEMITISMO,Masculino,0
REPÚBLICA CHECA,2021,ANTISEMITISMO,Ambos sexos,0
REPÚBLICA CHECA,2021,ANTISEMITISMO,Femenino,0
REPÚBLICA CHECA,2021,ANTISEMITISMO,Masculino,0
REPÚBLICA DOMINICANA,2021,ANTISEMITISMO,Ambos sexos,0
REPÚBLICA DOMINICANA,2021,ANTISEMITISMO,Femenino,0
REPÚBLICA DOMINICANA,2021,ANTISEMITISMO,Masculino,0
RUMANÍA,2021,ANTISEMITISMO,Ambos sexos,0
RUMANÍA,2021,ANTISEMITISMO,Femenino,0
RUMANÍA,2021,ANTISEMITISMO,Masculino,0
RUSIA,2021,ANTISEMITISMO,Ambos sexos,0
RUSIA,2021,ANTISEMITISMO,Femenino,0
RUSIA,2021,ANTISEMITISMO,Masculino,0
SENEGAL,2021,ANTISEMITISMO,Ambos sexos,0
SENEGAL,2021,ANTISEMITISMO,Femenino,0
SENEGAL,2021,ANTISEMITISMO,Masculino,0
SERBIA (YUGOSLAVIA),2021,ANTISEMITISMO,Ambos sexos,0
SERBIA (YUGOSLAVIA),2021,ANTISEMITISMO,Femenino,0
SERBIA (YUGOSLAVIA),2021,ANTISEMITISMO,Masculino,0
SIERRA LEONA,2021,ANTISEMITISMO,Ambos sexos,0
SIERRA LEONA,2021,ANTISEMITISMO,Femenino,0
SIERRA LEONA,2021,ANTISEMITISMO,Masculino,0
SIRIA,2021,ANTISEMITISMO,Ambos sexos,0
SIRIA,2021,ANTISEMITISMO,Femenino,0
SIRIA,2021,ANTISEMITISMO,Masculino,0
SUDÁFRICA R.,2021,ANTISEMITISMO,Ambos sexos,0
SUDÁFRICA R.,2021,ANTISEMITISMO,Femenino,0
SUDÁFRICA R.,2021,ANTISEMITISMO,Masculino,0
SUECIA,2021,ANTISEMITISMO,Ambos sexos,0
SUECIA,2021,ANTISEMITISMO,Femenino,0
SUECIA,2021,ANTISEMITISMO,Masculino,0
SUIZA,2021,ANTISEMITISMO,Ambos sexos,0
SUIZA,2021,ANTISEMITISMO,Femenino,0
SUIZA,2021,ANTISEMITISMO,Masculino,0
TOTAL nacionalidad,2021,ANTISEMITISMO,Ambos sexos,5
TOTAL nacionalidad,2021,ANTISEMITISMO,Femenino,1
TOTAL nacionalidad,2021,ANTISEMITISMO,Masculino,4
TURQUÍA,2021,ANTISEMITISMO,Ambos sexos,0
TURQUÍA,2021,ANTISEMITISMO,Femenino,0
TURQUÍA,2021,ANTISEMITISMO,Masculino,0
TÚNEZ,2021,ANTISEMITISMO,Ambos sexos,0
TÚNEZ,2021,ANTISEMITISMO,Femenino,0
TÚNEZ,2021,ANTISEMITISMO,Masculino,0
UCRANIA,2021,ANTISEMITISMO,Ambos sexos,0
UCRANIA,2021,ANTISEMITISMO,Femenino,0
UCRANIA,2021,ANTISEMITISMO,Masculino,0
URUGUAY,2021,ANTISEMITISMO,Ambos sexos,0
URUGUAY,2021,ANTISEMITISMO,Femenino,0
URUGUAY,2021,ANTISEMITISMO,Masculino,0
VENEZUELA,2021,ANTISEMITISMO,Ambos sexos,0
VENEZUELA,2021,ANTISEMITISMO,Femenino,0
VENEZUELA,2021,ANTISEMITISMO,Masculino,0
ZAMBIA,2021,ANTISEMITISMO,Ambos sexos,0
ZAMBIA,2021,ANTISEMITISMO,Femenino,0
ZAMBIA,2021,ANTISEMITISMO,Masculino,0
ALBANIA,2021,APOROFOBIA,Ambos sexos,0
ALBANIA,2021,APOROFOBIA,Femenino,0
ALBANIA,2021,APOROFOBIA,Masculino,0
ALEMANIA,2021,APOROFOBIA,Ambos sexos,0
ALEMANIA,2021,APOROFOBIA,Femenino,0
ALEMANIA,2021,APOROFOBIA,Masculino,0
ANDORRA,2021,APOROFOBIA,Ambos sexos,0
ANDORRA,2021,APOROFOBIA,Femenino,0
ANDORRA,2021,APOROFOBIA,Masculino,0
ANGOLA,2021,APOROFOBIA,Ambos sexos,0
ANGOLA,2021,APOROFOBIA,Femenino,0
ANGOLA,2021,APOROFOBIA,Masculino,0
ARGELIA,2021,APOROFOBIA,Ambos sexos,0
ARGELIA,2021,APOROFOBIA,Femenino,0
ARGELIA,2021,APOROFOBIA,Masculino,0
ARGENTINA,2021,APOROFOBIA,Ambos sexos,0
ARGENTINA,2021,APOROFOBIA,Femenino,0
ARGENTINA,2021,APOROFOBIA,Masculino,0
ARMENIA,2021,APOROFOBIA,Ambos sexos,0
ARMENIA,2021,APOROFOBIA,Femenino,0
ARMENIA,2021,APOROFOBIA,Masculino,0
BANGLADESH,2021,APOROFOBIA,Ambos sexos,0
BANGLADESH,2021,APOROFOBIA,Femenino,0
BANGLADESH,2021,APOROFOBIA,Masculino,0
BIELORRUSIA,2021,APOROFOBIA,Ambos sexos,0
BIELORRUSIA,2021,APOROFOBIA,Femenino,0
BIELORRUSIA,2021,APOROFOBIA,Masculino,0
BOLIVIA,2021,APOROFOBIA,Ambos sexos,0
BOLIVIA,2021,APOROFOBIA,Femenino,0
BOLIVIA,2021,APOROFOBIA,Masculino,0
BRASIL,2021,APOROFOBIA,Ambos sexos,0
BRASIL,2021,APOROFOBIA,Femenino,0
BRASIL,2021,APOROFOBIA,Masculino,0
BULGARIA,2021,APOROFOBIA,Ambos sexos,0
BULGARIA,2021,APOROFOBIA,Femenino,0
BULGARIA,2021,APOROFOBIA,Masculino,0
BÉLGICA,2021,APOROFOBIA,Ambos sexos,0
BÉLGICA,2021,APOROFOBIA,Femenino,0
BÉLGICA,2021,APOROFOBIA,Masculino,0
CAMERÚN,2021,APOROFOBIA,Ambos sexos,0
CAMERÚN,2021,APOROFOBIA,Femenino,0
CAMERÚN,2021,APOROFOBIA,Masculino,0
CENTRO ÁFRICANA REPÚBLICA,2021,APOROFOBIA,Ambos sexos,0
CENTRO ÁFRICANA REPÚBLICA,2021,APOROFOBIA,Femenino,0
CENTRO ÁFRICANA REPÚBLICA,2021,APOROFOBIA,Masculino,0
CHILE,2021,APOROFOBIA,Ambos sexos,0
CHILE,2021,APOROFOBIA,Femenino,0
CHILE,2021,APOROFOBIA,Masculino,0
CHINA POPULAR,2021,APOROFOBIA,Ambos sexos,0
CHINA POPULAR,2021,APOROFOBIA,Femenino,0
CHINA POPULAR,2021,APOROFOBIA,Masculino,0
COLOMBIA,2021,APOROFOBIA,Ambos sexos,0
COLOMBIA,2021,APOROFOBIA,Femenino,0
COLOMBIA,2021,APOROFOBIA,Masculino,0
CONGO-BRAZZAVILLE,2021,APOROFOBIA,Ambos sexos,0
CONGO-BRAZZAVILLE,2021,APOROFOBIA,Femenino,0
CONGO-BRAZZAVILLE,2021,APOROFOBIA,Masculino,0
COSTA DE MARFIL,2021,APOROFOBIA,Ambos sexos,0
COSTA DE MARFIL,2021,APOROFOBIA,Femenino,0
COSTA DE MARFIL,2021,APOROFOBIA,Masculino,0
CROACIA,2021,APOROFOBIA,Ambos sexos,0
CROACIA,2021,APOROFOBIA,Femenino,0
CROACIA,2021,APOROFOBIA,Masculino,0
CUBA,2021,APOROFOBIA,Ambos sexos,0
CUBA,2021,APOROFOBIA,Femenino,0
CUBA,2021,APOROFOBIA,Masculino,0
ECUADOR,2021,APOROFOBIA,Ambos sexos,0
ECUADOR,2021,APOROFOBIA,Femenino,0
ECUADOR,2021,APOROFOBIA,Masculino,0
EE.UU.,2021,APOROFOBIA,Ambos sexos,0
EE.UU.,2021,APOROFOBIA,Femenino,0
EE.UU.,2021,APOROFOBIA,Masculino,0
EGIPTO,2021,APOROFOBIA,Ambos sexos,0
EGIPTO,2021,APOROFOBIA,Femenino,0
EGIPTO,2021,APOROFOBIA,Masculino,0
EL SALVADOR,2021,APOROFOBIA,Ambos sexos,0
EL SALVADOR,2021,APOROFOBIA,Femenino,0
EL SALVADOR,2021,APOROFOBIA,Masculino,0
ERITREA,2021,APOROFOBIA,Ambos sexos,0
ERITREA,2021,APOROFOBIA,Femenino,0
ERITREA,2021,APOROFOBIA,Masculino,0
ESLOVAQUIA,2021,APOROFOBIA,Ambos sexos,0
ESLOVAQUIA,2021,APOROFOBIA,Femenino,0
ESLOVAQUIA,2021,APOROFOBIA,Masculino,0
ESPAÑA,2021,APOROFOBIA,Ambos sexos,7
ESPAÑA,2021,APOROFOBIA,Femenino,3
ESPAÑA,2021,APOROFOBIA,Masculino,4
ESTONIA,2021,APOROFOBIA,Ambos sexos,0
ESTONIA,2021,APOROFOBIA,Femenino,0
ESTONIA,2021,APOROFOBIA,Masculino,0
FILIPINAS,2021,APOROFOBIA,Ambos sexos,0
FILIPINAS,2021,APOROFOBIA,Femenino,0
FILIPINAS,2021,APOROFOBIA,Masculino,0
FRANCIA,2021,APOROFOBIA,Ambos sexos,0
FRANCIA,2021,APOROFOBIA,Femenino,0
FRANCIA,2021,APOROFOBIA,Masculino,0
GAMBIA,2021,APOROFOBIA,Ambos sexos,0
GAMBIA,2021,APOROFOBIA,Femenino,0
GAMBIA,2021,APOROFOBIA,Masculino,0
GEORGIA,2021,APOROFOBIA,Ambos sexos,0
GEORGIA,2021,APOROFOBIA,Femenino,0
GEORGIA,2021,APOROFOBIA,Masculino,0
GHANA,2021,APOROFOBIA,Ambos sexos,0
GHANA,2021,APOROFOBIA,Femenino,0
GHANA,2021,APOROFOBIA,Masculino,0
GRECIA,2021,APOROFOBIA,Ambos sexos,0
GRECIA,2021,APOROFOBIA,Femenino,0
GRECIA,2021,APOROFOBIA,Masculino,0
GUATEMALA,2021,APOROFOBIA,Ambos sexos,0
GUATEMALA,2021,APOROFOBIA,Femenino,0
GUATEMALA,2021,APOROFOBIA,Masculino,0
GUINEA ECUATORIAL,2021,APOROFOBIA,Ambos sexos,0
GUINEA ECUATORIAL,2021,APOROFOBIA,Femenino,0
GUINEA ECUATORIAL,2021,APOROFOBIA,Masculino,0
GUINEA REP.,2021,APOROFOBIA,Ambos sexos,0
GUINEA REP.,2021,APOROFOBIA,Femenino,0
GUINEA REP.,2021,APOROFOBIA,Masculino,0
HAITI,2021,APOROFOBIA,Ambos sexos,0
HAITI,2021,APOROFOBIA,Femenino,0
HAITI,2021,APOROFOBIA,Masculino,0
HOLANDA,2021,APOROFOBIA,Ambos sexos,0
HOLANDA,2021,APOROFOBIA,Femenino,0
HOLANDA,2021,APOROFOBIA,Masculino,0
HONDURAS,2021,APOROFOBIA,Ambos sexos,0
HONDURAS,2021,APOROFOBIA,Femenino,0
HONDURAS,2021,APOROFOBIA,Masculino,0
INDIA,2021,APOROFOBIA,Ambos sexos,0
INDIA,2021,APOROFOBIA,Femenino,0
INDIA,2021,APOROFOBIA,Masculino,0
IRLANDA,2021,APOROFOBIA,Ambos sexos,0
IRLANDA,2021,APOROFOBIA,Femenino,0
IRLANDA,2021,APOROFOBIA,Masculino,0
IRÁN,2021,APOROFOBIA,Ambos sexos,0
IRÁN,2021,APOROFOBIA,Femenino,0
IRÁN,2021,APOROFOBIA,Masculino,0
ISRAEL,2021,APOROFOBIA,Ambos sexos,0
ISRAEL,2021,APOROFOBIA,Femenino,0
ISRAEL,2021,APOROFOBIA,Masculino,0
ITALIA,2021,APOROFOBIA,Ambos sexos,0
ITALIA,2021,APOROFOBIA,Femenino,0
ITALIA,2021,APOROFOBIA,Masculino,0
LETONIA,2021,APOROFOBIA,Ambos sexos,0
LETONIA,2021,APOROFOBIA,Femenino,0
LETONIA,2021,APOROFOBIA,Masculino,0
LIBERIA,2021,APOROFOBIA,Ambos sexos,0
LIBERIA,2021,APOROFOBIA,Femenino,0
LIBERIA,2021,APOROFOBIA,Masculino,0
LIBIA,2021,APOROFOBIA,Ambos sexos,0
LIBIA,2021,APOROFOBIA,Femenino,0
LIBIA,2021,APOROFOBIA,Masculino,0
LITUANIA,2021,APOROFOBIA,Ambos sexos,0
LITUANIA,2021,APOROFOBIA,Femenino,0
LITUANIA,2021,APOROFOBIA,Masculino,0
LÍBANO,2021,APOROFOBIA,Ambos sexos,0
LÍBANO,2021,APOROFOBIA,Femenino,0
LÍBANO,2021,APOROFOBIA,Masculino,0
MALI,2021,APOROFOBIA,Ambos sexos,0
MALI,2021,APOROFOBIA,Femenino,0
MALI,2021,APOROFOBIA,Masculino,0
MARRUECOS,2021,APOROFOBIA,Ambos sexos,0
MARRUECOS,2021,APOROFOBIA,Femenino,0
MARRUECOS,2021,APOROFOBIA,Masculino,0
MAURITANIA,2021,APOROFOBIA,Ambos sexos,0
MAURITANIA,2021,APOROFOBIA,Femenino,0
MAURITANIA,2021,APOROFOBIA,Masculino,0
MOLDAVIA,2021,APOROFOBIA,Ambos sexos,0
MOLDAVIA,2021,APOROFOBIA,Femenino,0
MOLDAVIA,2021,APOROFOBIA,Masculino,0
MONGOLIA,2021,APOROFOBIA,Ambos sexos,0
MONGOLIA,2021,APOROFOBIA,Femenino,0
MONGOLIA,2021,APOROFOBIA,Masculino,0
NEPAL,2021,APOROFOBIA,Ambos sexos,0
NEPAL,2021,APOROFOBIA,Femenino,0
NEPAL,2021,APOROFOBIA,Masculino,0
NICARAGUA,2021,APOROFOBIA,Ambos sexos,0
NICARAGUA,2021,APOROFOBIA,Femenino,0
NICARAGUA,2021,APOROFOBIA,Masculino,0
NIGERIA,2021,APOROFOBIA,Ambos sexos,0
NIGERIA,2021,APOROFOBIA,Femenino,0
NIGERIA,2021,APOROFOBIA,Masculino,0
NÍGER REP.,2021,APOROFOBIA,Ambos sexos,0
NÍGER REP.,2021,APOROFOBIA,Femenino,0
NÍGER REP.,2021,APOROFOBIA,Masculino,0
PANAMA,2021,APOROFOBIA,Ambos sexos,0
PANAMA,2021,APOROFOBIA,Femenino,0
PANAMA,2021,APOROFOBIA,Masculino,0
PAQUISTÁN,2021,APOROFOBIA,Ambos sexos,0
PAQUISTÁN,2021,APOROFOBIA,Femenino,0
PAQUISTÁN,2021,APOROFOBIA,Masculino,0
PARAGUAY,2021,APOROFOBIA,Ambos sexos,0
PARAGUAY,2021,APOROFOBIA,Femenino,0
PARAGUAY,2021,APOROFOBIA,Masculino,0
PAÍS DESCONOCIDO,2021,APOROFOBIA,Ambos sexos,0
PAÍS DESCONOCIDO,2021,APOROFOBIA,Femenino,0
PAÍS DESCONOCIDO,2021,APOROFOBIA,Masculino,0
PAÍS NO CODIFICADO,2021,APOROFOBIA,Ambos sexos,0
PAÍS NO CODIFICADO,2021,APOROFOBIA,Femenino,0
PAÍS NO CODIFICADO,2021,APOROFOBIA,Masculino,0
PERÚ,2021,APOROFOBIA,Ambos sexos,0
PERÚ,2021,APOROFOBIA,Femenino,0
PERÚ,2021,APOROFOBIA,Masculino,0
POLONIA,2021,APOROFOBIA,Ambos sexos,0
POLONIA,2021,APOROFOBIA,Femenino,0
POLONIA,2021,APOROFOBIA,Masculino,0
PORTUGAL,2021,APOROFOBIA,Ambos sexos,0
PORTUGAL,2021,APOROFOBIA,Femenino,0
PORTUGAL,2021,APOROFOBIA,Masculino,0
REINO UNIDO,2021,APOROFOBIA,Ambos sexos,0
REINO UNIDO,2021,APOROFOBIA,Femenino,0
REINO UNIDO,2021,APOROFOBIA,Masculino,0
REPÚBLICA CHECA,2021,APOROFOBIA,Ambos sexos,1
REPÚBLICA CHECA,2021,APOROFOBIA,Femenino,0
REPÚBLICA CHECA,2021,APOROFOBIA,Masculino,1
REPÚBLICA DOMINICANA,2021,APOROFOBIA,Ambos sexos,0
REPÚBLICA DOMINICANA,2021,APOROFOBIA,Femenino,0
REPÚBLICA DOMINICANA,2021,APOROFOBIA,Masculino,0
RUMANÍA,2021,APOROFOBIA,Ambos sexos,0
RUMANÍA,2021,APOROFOBIA,Femenino,0
RUMANÍA,2021,APOROFOBIA,Masculino,0
RUSIA,2021,APOROFOBIA,Ambos sexos,0
RUSIA,2021,APOROFOBIA,Femenino,0
RUSIA,2021,APOROFOBIA,Masculino,0
SENEGAL,2021,APOROFOBIA,Ambos sexos,0
SENEGAL,2021,APOROFOBIA,Femenino,0
SENEGAL,2021,APOROFOBIA,Masculino,0
SERBIA (YUGOSLAVIA),2021,APOROFOBIA,Ambos sexos,0
SERBIA (YUGOSLAVIA),2021,APOROFOBIA,Femenino,0
SERBIA (YUGOSLAVIA),2021,APOROFOBIA,Masculino,0
SIERRA LEONA,2021,APOROFOBIA,Ambos sexos,0
SIERRA LEONA,2021,APOROFOBIA,Femenino,0
SIERRA LEONA,2021,APOROFOBIA,Masculino,0
SIRIA,2021,APOROFOBIA,Ambos sexos,0
SIRIA,2021,APOROFOBIA,Femenino,0
SIRIA,2021,APOROFOBIA,Masculino,0
SUDÁFRICA R.,2021,APOROFOBIA,Ambos sexos,0
SUDÁFRICA R.,2021,APOROFOBIA,Femenino,0
SUDÁFRICA R.,2021,APOROFOBIA,Masculino,0
SUECIA,2021,APOROFOBIA,Ambos sexos,0
SUECIA,2021,APOROFOBIA,Femenino,0
SUECIA,2021,APOROFOBIA,Masculino,0
SUIZA,2021,APOROFOBIA,Ambos sexos,0
SUIZA,2021,APOROFOBIA,Femenino,0
SUIZA,2021,APOROFOBIA,Masculino,0
TOTAL nacionalidad,2021,APOROFOBIA,Ambos sexos,8
TOTAL nacionalidad,2021,APOROFOBIA,Femenino,3
TOTAL nacionalidad,2021,APOROFOBIA,Masculino,5
TURQUÍA,2021,APOROFOBIA,Ambos sexos,0
TURQUÍA,2021,APOROFOBIA,Femenino,0
TURQUÍA,2021,APOROFOBIA,Masculino,0
TÚNEZ,2021,APOROFOBIA,Ambos sexos,0
TÚNEZ,2021,APOROFOBIA,Femenino,0
TÚNEZ,2021,APOROFOBIA,Masculino,0
UCRANIA,2021,APOROFOBIA,Ambos sexos,0
UCRANIA,2021,APOROFOBIA,Femenino,0
UCRANIA,2021,APOROFOBIA,Masculino,0
URUGUAY,2021,APOROFOBIA,Ambos sexos,0
URUGUAY,2021,APOROFOBIA,Femenino,0
URUGUAY,2021,APOROFOBIA,Masculino,0
VENEZUELA,2021,APOROFOBIA,Ambos sexos,0
VENEZUELA,2021,APOROFOBIA,Femenino,0
VENEZUELA,2021,APOROFOBIA,Masculino,0
ZAMBIA,2021,APOROFOBIA,Ambos sexos,0
ZAMBIA,2021,APOROFOBIA,Femenino,0
ZAMBIA,2021,APOROFOBIA,Masculino,0
ALBANIA,2021,CREENCIAS O PRÁCTICAS RELIGIOSAS,Ambos sexos,0
ALBANIA,2021,CREENCIAS O PRÁCTICAS RELIGIOSAS,Femenino,0
ALBANIA,2021,CREENCIAS O PRÁCTICAS RELIGIOSAS,Masculino,0
ALEMANIA,2021,CREENCIAS O PRÁCTICAS RELIGIOSAS,Ambos sexos,0
ALEMANIA,2021,CREENCIAS O PRÁCTICAS RELIGIOSAS,Femenino,0
ALEMANIA,2021,CREENCIAS O PRÁCTICAS RELIGIOSAS,Masculino,0
ANDORRA,2021,CREENCIAS O PRÁCTICAS RELIGIOSAS,Ambos sexos,0
ANDORRA,2021,CREENCIAS O PRÁCTICAS RELIGIOSAS,Femenino,0
ANDORRA,2021,CREENCIAS O PRÁCTICAS RELIGIOSAS,Masculino,0
ANGOLA,2021,CREENCIAS O PRÁCTICAS RELIGIOSAS,Ambos sexos,0
ANGOLA,2021,CREENCIAS O PRÁCTICAS RELIGIOSAS,Femenino,0
ANGOLA,2021,CREENCIAS O PRÁCTICAS RELIGIOSAS,Masculino,0
ARGELIA,2021,CREENCIAS O PRÁCTICAS RELIGIOSAS,Ambos sexos,1
ARGELIA,2021,CREENCIAS O PRÁCTICAS RELIGIOSAS,Femenino,0
ARGELIA,2021,CREENCIAS O PRÁCTICAS RELIGIOSAS,Masculino,1
ARGENTINA,2021,CREENCIAS O PRÁCTICAS RELIGIOSAS,Ambos sexos,0
ARGENTINA,2021,CREENCIAS O PRÁCTICAS RELIGIOSAS,Femenino,0
ARGENTINA,2021,CREENCIAS O PRÁCTICAS RELIGIOSAS,Masculino,0
ARMENIA,2021,CREENCIAS O PRÁCTICAS RELIGIOSAS,Ambos sexos,0
ARMENIA,2021,CREENCIAS O PRÁCTICAS RELIGIOSAS,Femenino,0
ARMENIA,2021,CREENCIAS O PRÁCTICAS RELIGIOSAS,Masculino,0
BANGLADESH,2021,CREENCIAS O PRÁCTICAS RELIGIOSAS,Ambos sexos,0
BANGLADESH,2021,CREENCIAS O PRÁCTICAS RELIGIOSAS,Femenino,0
BANGLADESH,2021,CREENCIAS O PRÁCTICAS RELIGIOSAS,Masculino,0
BIELORRUSIA,2021,CREENCIAS O PRÁCTICAS RELIGIOSAS,Ambos sexos,0
BIELORRUSIA,2021,CREENCIAS O PRÁCTICAS RELIGIOSAS,Femenino,0
BIELORRUSIA,2021,CREENCIAS O PRÁCTICAS RELIGIOSAS,Masculino,0
BOLIVIA,2021,CREENCIAS O PRÁCTICAS RELIGIOSAS,Ambos sexos,0
BOLIVIA,2021,CREENCIAS O PRÁCTICAS RELIGIOSAS,Femenino,0
BOLIVIA,2021,CREENCIAS O PRÁCTICAS RELIGIOSAS,Masculino,0
BRASIL,2021,CREENCIAS O PRÁCTICAS RELIGIOSAS,Ambos sexos,0
BRASIL,2021,CREENCIAS O PRÁCTICAS RELIGIOSAS,Femenino,0
BRASIL,2021,CREENCIAS O PRÁCTICAS RELIGIOSAS,Masculino,0
BULGARIA,2021,CREENCIAS O PRÁCTICAS RELIGIOSAS,Ambos sexos,0
BULGARIA,2021,CREENCIAS O PRÁCTICAS RELIGIOSAS,Femenino,0
BULGARIA,2021,CREENCIAS O PRÁCTICAS RELIGIOSAS,Masculino,0
BÉLGICA,2021,CREENCIAS O PRÁCTICAS RELIGIOSAS,Ambos sexos,0
BÉLGICA,2021,CREENCIAS O PRÁCTICAS RELIGIOSAS,Femenino,0
BÉLGICA,2021,CREENCIAS O PRÁCTICAS RELIGIOSAS,Masculino,0
CAMERÚN,2021,CREENCIAS O PRÁCTICAS RELIGIOSAS,Ambos sexos,0
CAMERÚN,2021,CREENCIAS O PRÁCTICAS RELIGIOSAS,Femenino,0
CAMERÚN,2021,CREENCIAS O PRÁCTICAS RELIGIOSAS,Masculino,0
CENTRO ÁFRICANA REPÚBLICA,2021,CREENCIAS O PRÁCTICAS RELIGIOSAS,Ambos sexos,0
CENTRO ÁFRICANA REPÚBLICA,2021,CREENCIAS O PRÁCTICAS RELIGIOSAS,Femenino,0
CENTRO ÁFRICANA REPÚBLICA,2021,CREENCIAS O PRÁCTICAS RELIGIOSAS,Masculino,0
CHILE,2021,CREENCIAS O PRÁCTICAS RELIGIOSAS,Ambos sexos,0
CHILE,2021,CREENCIAS O PRÁCTICAS RELIGIOSAS,Femenino,0
CHILE,2021,CREENCIAS O PRÁCTICAS RELIGIOSAS,Masculino,0
CHINA POPULAR,2021,CREENCIAS O PRÁCTICAS RELIGIOSAS,Ambos sexos,0
CHINA POPULAR,2021,CREENCIAS O PRÁCTICAS RELIGIOSAS,Femenino,0
CHINA POPULAR,2021,CREENCIAS O PRÁCTICAS RELIGIOSAS,Masculino,0
COLOMBIA,2021,CREENCIAS O PRÁCTICAS RELIGIOSAS,Ambos sexos,0
COLOMBIA,2021,CREENCIAS O PRÁCTICAS RELIGIOSAS,Femenino,0
COLOMBIA,2021,CREENCIAS O PRÁCTICAS RELIGIOSAS,Masculino,0
CONGO-BRAZZAVILLE,2021,CREENCIAS O PRÁCTICAS RELIGIOSAS,Ambos sexos,0
CONGO-BRAZZAVILLE,2021,CREENCIAS O PRÁCTICAS RELIGIOSAS,Femenino,0
CONGO-BRAZZAVILLE,2021,CREENCIAS O PRÁCTICAS RELIGIOSAS,Masculino,0
COSTA DE MARFIL,2021,CREENCIAS O PRÁCTICAS RELIGIOSAS,Ambos sexos,0
COSTA DE MARFIL,2021,CREENCIAS O PRÁCTICAS RELIGIOSAS,Femenino,0
COSTA DE MARFIL,2021,CREENCIAS O PRÁCTICAS RELIGIOSAS,Masculino,0
CROACIA,2021,CREENCIAS O PRÁCTICAS RELIGIOSAS,Ambos sexos,0
CROACIA,2021,CREENCIAS O PRÁCTICAS RELIGIOSAS,Femenino,0
CROACIA,2021,CREENCIAS O PRÁCTICAS RELIGIOSAS,Masculino,0
CUBA,2021,CREENCIAS O PRÁCTICAS RELIGIOSAS,Ambos sexos,0
CUBA,2021,CREENCIAS O PRÁCTICAS RELIGIOSAS,Femenino,0
CUBA,2021,CREENCIAS O PRÁCTICAS RELIGIOSAS,Masculino,0
ECUADOR,2021,CREENCIAS O PRÁCTICAS RELIGIOSAS,Ambos sexos,0
ECUADOR,2021,CREENCIAS O PRÁCTICAS RELIGIOSAS,Femenino,0
ECUADOR,2021,CREENCIAS O PRÁCTICAS RELIGIOSAS,Masculino,0
EE.UU.,2021,CREENCIAS O PRÁCTICAS RELIGIOSAS,Ambos sexos,0
EE.UU.,2021,CREENCIAS O PRÁCTICAS RELIGIOSAS,Femenino,0
EE.UU.,2021,CREENCIAS O PRÁCTICAS RELIGIOSAS,Masculino,0
EGIPTO,2021,CREENCIAS O PRÁCTICAS RELIGIOSAS,Ambos sexos,0
EGIPTO,2021,CREENCIAS O PRÁCTICAS RELIGIOSAS,Femenino,0
EGIPTO,2021,CREENCIAS O PRÁCTICAS RELIGIOSAS,Masculino,0
EL SALVADOR,2021,CREENCIAS O PRÁCTICAS RELIGIOSAS,Ambos sexos,0
EL SALVADOR,2021,CREENCIAS O PRÁCTICAS RELIGIOSAS,Femenino,0
EL SALVADOR,2021,CREENCIAS O PRÁCTICAS RELIGIOSAS,Masculino,0
ERITREA,2021,CREENCIAS O PRÁCTICAS RELIGIOSAS,Ambos sexos,0
ERITREA,2021,CREENCIAS O PRÁCTICAS RELIGIOSAS,Femenino,0
ERITREA,2021,CREENCIAS O PRÁCTICAS RELIGIOSAS,Masculino,0
ESLOVAQUIA,2021,CREENCIAS O PRÁCTICAS RELIGIOSAS,Ambos sexos,0
ESLOVAQUIA,2021,CREENCIAS O PRÁCTICAS RELIGIOSAS,Femenino,0
ESLOVAQUIA,2021,CREENCIAS O PRÁCTICAS RELIGIOSAS,Masculino,0
ESPAÑA,2021,CREENCIAS O PRÁCTICAS RELIGIOSAS,Ambos sexos,31
ESPAÑA,2021,CREENCIAS O PRÁCTICAS RELIGIOSAS,Femenino,3
ESPAÑA,2021,CREENCIAS O PRÁCTICAS RELIGIOSAS,Masculino,28
ESTONIA,2021,CREENCIAS O PRÁCTICAS RELIGIOSAS,Ambos sexos,0
ESTONIA,2021,CREENCIAS O PRÁCTICAS RELIGIOSAS,Femenino,0
ESTONIA,2021,CREENCIAS O PRÁCTICAS RELIGIOSAS,Masculino,0
FILIPINAS,2021,CREENCIAS O PRÁCTICAS RELIGIOSAS,Ambos sexos,0
FILIPINAS,2021,CREENCIAS O PRÁCTICAS RELIGIOSAS,Femenino,0
FILIPINAS,2021,CREENCIAS O PRÁCTICAS RELIGIOSAS,Masculino,0
FRANCIA,2021,CREENCIAS O PRÁCTICAS RELIGIOSAS,Ambos sexos,0
FRANCIA,2021,CREENCIAS O PRÁCTICAS RELIGIOSAS,Femenino,0
FRANCIA,2021,CREENCIAS O PRÁCTICAS RELIGIOSAS,Masculino,0
GAMBIA,2021,CREENCIAS O PRÁCTICAS RELIGIOSAS,Ambos sexos,0
GAMBIA,2021,CREENCIAS O PRÁCTICAS RELIGIOSAS,Femenino,0
GAMBIA,2021,CREENCIAS O PRÁCTICAS RELIGIOSAS,Masculino,0
GEORGIA,2021,CREENCIAS O PRÁCTICAS RELIGIOSAS,Ambos sexos,0
GEORGIA,2021,CREENCIAS O PRÁCTICAS RELIGIOSAS,Femenino,0
GEORGIA,2021,CREENCIAS O PRÁCTICAS RELIGIOSAS,Masculino,0
GHANA,2021,CREENCIAS O PRÁCTICAS RELIGIOSAS,Ambos sexos,0
GHANA,2021,CREENCIAS O PRÁCTICAS RELIGIOSAS,Femenino,0
GHANA,2021,CREENCIAS O PRÁCTICAS RELIGIOSAS,Masculino,0
GRECIA,2021,CREENCIAS O PRÁCTICAS RELIGIOSAS,Ambos sexos,0
GRECIA,2021,CREENCIAS O PRÁCTICAS RELIGIOSAS,Femenino,0
GRECIA,2021,CREENCIAS O PRÁCTICAS RELIGIOSAS,Masculino,0
GUATEMALA,2021,CREENCIAS O PRÁCTICAS RELIGIOSAS,Ambos sexos,0
GUATEMALA,2021,CREENCIAS O PRÁCTICAS RELIGIOSAS,Femenino,0
GUATEMALA,2021,CREENCIAS O PRÁCTICAS RELIGIOSAS,Masculino,0
GUINEA ECUATORIAL,2021,CREENCIAS O PRÁCTICAS RELIGIOSAS,Ambos sexos,0
GUINEA ECUATORIAL,2021,CREENCIAS O PRÁCTICAS RELIGIOSAS,Femenino,0
GUINEA ECUATORIAL,2021,CREENCIAS O PRÁCTICAS RELIGIOSAS,Masculino,0
GUINEA REP.,2021,CREENCIAS O PRÁCTICAS RELIGIOSAS,Ambos sexos,0
GUINEA REP.,2021,CREENCIAS O PRÁCTICAS RELIGIOSAS,Femenino,0
GUINEA REP.,2021,CREENCIAS O PRÁCTICAS RELIGIOSAS,Masculino,0
HAITI,2021,CREENCIAS O PRÁCTICAS RELIGIOSAS,Ambos sexos,0
HAITI,2021,CREENCIAS O PRÁCTICAS RELIGIOSAS,Femenino,0
HAITI,2021,CREENCIAS O PRÁCTICAS RELIGIOSAS,Masculino,0
HOLANDA,2021,CREENCIAS O PRÁCTICAS RELIGIOSAS,Ambos sexos,0
HOLANDA,2021,CREENCIAS O PRÁCTICAS RELIGIOSAS,Femenino,0
HOLANDA,2021,CREENCIAS O PRÁCTICAS RELIGIOSAS,Masculino,0
HONDURAS,2021,CREENCIAS O PRÁCTICAS RELIGIOSAS,Ambos sexos,0
HONDURAS,2021,CREENCIAS O PRÁCTICAS RELIGIOSAS,Femenino,0
HONDURAS,2021,CREENCIAS O PRÁCTICAS RELIGIOSAS,Masculino,0
INDIA,2021,CREENCIAS O PRÁCTICAS RELIGIOSAS,Ambos sexos,0
INDIA,2021,CREENCIAS O PRÁCTICAS RELIGIOSAS,Femenino,0
INDIA,2021,CREENCIAS O PRÁCTICAS RELIGIOSAS,Masculino,0
IRLANDA,2021,CREENCIAS O PRÁCTICAS RELIGIOSAS,Ambos sexos,0
IRLANDA,2021,CREENCIAS O PRÁCTICAS RELIGIOSAS,Femenino,0
IRLANDA,2021,CREENCIAS O PRÁCTICAS RELIGIOSAS,Masculino,0
IRÁN,2021,CREENCIAS O PRÁCTICAS RELIGIOSAS,Ambos sexos,0
IRÁN,2021,CREENCIAS O PRÁCTICAS RELIGIOSAS,Femenino,0
IRÁN,2021,CREENCIAS O PRÁCTICAS RELIGIOSAS,Masculino,0
ISRAEL,2021,CREENCIAS O PRÁCTICAS RELIGIOSAS,Ambos sexos,0
ISRAEL,2021,CREENCIAS O PRÁCTICAS RELIGIOSAS,Femenino,0
ISRAEL,2021,CREENCIAS O PRÁCTICAS RELIGIOSAS,Masculino,0
ITALIA,2021,CREENCIAS O PRÁCTICAS RELIGIOSAS,Ambos sexos,0
ITALIA,2021,CREENCIAS O PRÁCTICAS RELIGIOSAS,Femenino,0
ITALIA,2021,CREENCIAS O PRÁCTICAS RELIGIOSAS,Masculino,0
LETONIA,2021,CREENCIAS O PRÁCTICAS RELIGIOSAS,Ambos sexos,0
LETONIA,2021,CREENCIAS O PRÁCTICAS RELIGIOSAS,Femenino,0
LETONIA,2021,CREENCIAS O PRÁCTICAS RELIGIOSAS,Masculino,0
LIBERIA,2021,CREENCIAS O PRÁCTICAS RELIGIOSAS,Ambos sexos,0
LIBERIA,2021,CREENCIAS O PRÁCTICAS RELIGIOSAS,Femenino,0
LIBERIA,2021,CREENCIAS O PRÁCTICAS RELIGIOSAS,Masculino,0
LIBIA,2021,CREENCIAS O PRÁCTICAS RELIGIOSAS,Ambos sexos,0
LIBIA,2021,CREENCIAS O PRÁCTICAS RELIGIOSAS,Femenino,0
LIBIA,2021,CREENCIAS O PRÁCTICAS RELIGIOSAS,Masculino,0
LITUANIA,2021,CREENCIAS O PRÁCTICAS RELIGIOSAS,Ambos sexos,0
LITUANIA,2021,CREENCIAS O PRÁCTICAS RELIGIOSAS,Femenino,0
LITUANIA,2021,CREENCIAS O PRÁCTICAS RELIGIOSAS,Masculino,0
LÍBANO,2021,CREENCIAS O PRÁCTICAS RELIGIOSAS,Ambos sexos,0
LÍBANO,2021,CREENCIAS O PRÁCTICAS RELIGIOSAS,Femenino,0
LÍBANO,2021,CREENCIAS O PRÁCTICAS RELIGIOSAS,Masculino,0
MALI,2021,CREENCIAS O PRÁCTICAS RELIGIOSAS,Ambos sexos,0
MALI,2021,CREENCIAS O PRÁCTICAS RELIGIOSAS,Femenino,0
MALI,2021,CREENCIAS O PRÁCTICAS RELIGIOSAS,Masculino,0
MARRUECOS,2021,CREENCIAS O PRÁCTICAS RELIGIOSAS,Ambos sexos,1
MARRUECOS,2021,CREENCIAS O PRÁCTICAS RELIGIOSAS,Femenino,0
MARRUECOS,2021,CREENCIAS O PRÁCTICAS RELIGIOSAS,Masculino,1
MAURITANIA,2021,CREENCIAS O PRÁCTICAS RELIGIOSAS,Ambos sexos,0
MAURITANIA,2021,CREENCIAS O PRÁCTICAS RELIGIOSAS,Femenino,0
MAURITANIA,2021,CREENCIAS O PRÁCTICAS RELIGIOSAS,Masculino,0
MOLDAVIA,2021,CREENCIAS O PRÁCTICAS RELIGIOSAS,Ambos sexos,0
MOLDAVIA,2021,CREENCIAS O PRÁCTICAS RELIGIOSAS,Femenino,0
MOLDAVIA,2021,CREENCIAS O PRÁCTICAS RELIGIOSAS,Masculino,0
MONGOLIA,2021,CREENCIAS O PRÁCTICAS RELIGIOSAS,Ambos sexos,0
MONGOLIA,2021,CREENCIAS O PRÁCTICAS RELIGIOSAS,Femenino,0
MONGOLIA,2021,CREENCIAS O PRÁCTICAS RELIGIOSAS,Masculino,0
NEPAL,2021,CREENCIAS O PRÁCTICAS RELIGIOSAS,Ambos sexos,0
NEPAL,2021,CREENCIAS O PRÁCTICAS RELIGIOSAS,Femenino,0
NEPAL,2021,CREENCIAS O PRÁCTICAS RELIGIOSAS,Masculino,0
NICARAGUA,2021,CREENCIAS O PRÁCTICAS RELIGIOSAS,Ambos sexos,0
NICARAGUA,2021,CREENCIAS O PRÁCTICAS RELIGIOSAS,Femenino,0
NICARAGUA,2021,CREENCIAS O PRÁCTICAS RELIGIOSAS,Masculino,0
NIGERIA,2021,CREENCIAS O PRÁCTICAS RELIGIOSAS,Ambos sexos,0
NIGERIA,2021,CREENCIAS O PRÁCTICAS RELIGIOSAS,Femenino,0
NIGERIA,2021,CREENCIAS O PRÁCTICAS RELIGIOSAS,Masculino,0
NÍGER REP.,2021,CREENCIAS O PRÁCTICAS RELIGIOSAS,Ambos sexos,0
NÍGER REP.,2021,CREENCIAS O PRÁCTICAS RELIGIOSAS,Femenino,0
NÍGER REP.,2021,CREENCIAS O PRÁCTICAS RELIGIOSAS,Masculino,0
PANAMA,2021,CREENCIAS O PRÁCTICAS RELIGIOSAS,Ambos sexos,0
PANAMA,2021,CREENCIAS O PRÁCTICAS RELIGIOSAS,Femenino,0
PANAMA,2021,CREENCIAS O PRÁCTICAS RELIGIOSAS,Masculino,0
PAQUISTÁN,2021,CREENCIAS O PRÁCTICAS RELIGIOSAS,Ambos sexos,0
PAQUISTÁN,2021,CREENCIAS O PRÁCTICAS RELIGIOSAS,Femenino,0
PAQUISTÁN,2021,CREENCIAS O PRÁCTICAS RELIGIOSAS,Masculino,0
PARAGUAY,2021,CREENCIAS O PRÁCTICAS RELIGIOSAS,Ambos sexos,0
PARAGUAY,2021,CREENCIAS O PRÁCTICAS RELIGIOSAS,Femenino,0
PARAGUAY,2021,CREENCIAS O PRÁCTICAS RELIGIOSAS,Masculino,0
PAÍS DESCONOCIDO,2021,CREENCIAS O PRÁCTICAS RELIGIOSAS,Ambos sexos,0
PAÍS DESCONOCIDO,2021,CREENCIAS O PRÁCTICAS RELIGIOSAS,Femenino,0
PAÍS DESCONOCIDO,2021,CREENCIAS O PRÁCTICAS RELIGIOSAS,Masculino,0
PAÍS NO CODIFICADO,2021,CREENCIAS O PRÁCTICAS RELIGIOSAS,Ambos sexos,0
PAÍS NO CODIFICADO,2021,CREENCIAS O PRÁCTICAS RELIGIOSAS,Femenino,0
PAÍS NO CODIFICADO,2021,CREENCIAS O PRÁCTICAS RELIGIOSAS,Masculino,0
PERÚ,2021,CREENCIAS O PRÁCTICAS RELIGIOSAS,Ambos sexos,0
PERÚ,2021,CREENCIAS O PRÁCTICAS RELIGIOSAS,Femenino,0
PERÚ,2021,CREENCIAS O PRÁCTICAS RELIGIOSAS,Masculino,0
POLONIA,2021,CREENCIAS O PRÁCTICAS RELIGIOSAS,Ambos sexos,0
POLONIA,2021,CREENCIAS O PRÁCTICAS RELIGIOSAS,Femenino,0
POLONIA,2021,CREENCIAS O PRÁCTICAS RELIGIOSAS,Masculino,0
PORTUGAL,2021,CREENCIAS O PRÁCTICAS RELIGIOSAS,Ambos sexos,0
PORTUGAL,2021,CREENCIAS O PRÁCTICAS RELIGIOSAS,Femenino,0
PORTUGAL,2021,CREENCIAS O PRÁCTICAS RELIGIOSAS,Masculino,0
REINO UNIDO,2021,CREENCIAS O PRÁCTICAS RELIGIOSAS,Ambos sexos,0
REINO UNIDO,2021,CREENCIAS O PRÁCTICAS RELIGIOSAS,Femenino,0
REINO UNIDO,2021,CREENCIAS O PRÁCTICAS RELIGIOSAS,Masculino,0
REPÚBLICA CHECA,2021,CREENCIAS O PRÁCTICAS RELIGIOSAS,Ambos sexos,0
REPÚBLICA CHECA,2021,CREENCIAS O PRÁCTICAS RELIGIOSAS,Femenino,0
REPÚBLICA CHECA,2021,CREENCIAS O PRÁCTICAS RELIGIOSAS,Masculino,0
REPÚBLICA DOMINICANA,2021,CREENCIAS O PRÁCTICAS RELIGIOSAS,Ambos sexos,0
REPÚBLICA DOMINICANA,2021,CREENCIAS O PRÁCTICAS RELIGIOSAS,Femenino,0
REPÚBLICA DOMINICANA,2021,CREENCIAS O PRÁCTICAS RELIGIOSAS,Masculino,0
RUMANÍA,2021,CREENCIAS O PRÁCTICAS RELIGIOSAS,Ambos sexos,0
RUMANÍA,2021,CREENCIAS O PRÁCTICAS RELIGIOSAS,Femenino,0
RUMANÍA,2021,CREENCIAS O PRÁCTICAS RELIGIOSAS,Masculino,0
RUSIA,2021,CREENCIAS O PRÁCTICAS RELIGIOSAS,Ambos sexos,0
RUSIA,2021,CREENCIAS O PRÁCTICAS RELIGIOSAS,Femenino,0
RUSIA,2021,CREENCIAS O PRÁCTICAS RELIGIOSAS,Masculino,0
SENEGAL,2021,CREENCIAS O PRÁCTICAS RELIGIOSAS,Ambos sexos,0
SENEGAL,2021,CREENCIAS O PRÁCTICAS RELIGIOSAS,Femenino,0
SENEGAL,2021,CREENCIAS O PRÁCTICAS RELIGIOSAS,Masculino,0
SERBIA (YUGOSLAVIA),2021,CREENCIAS O PRÁCTICAS RELIGIOSAS,Ambos sexos,0
SERBIA (YUGOSLAVIA),2021,CREENCIAS O PRÁCTICAS RELIGIOSAS,Femenino,0
SERBIA (YUGOSLAVIA),2021,CREENCIAS O PRÁCTICAS RELIGIOSAS,Masculino,0
SIERRA LEONA,2021,CREENCIAS O PRÁCTICAS RELIGIOSAS,Ambos sexos,0
SIERRA LEONA,2021,CREENCIAS O PRÁCTICAS RELIGIOSAS,Femenino,0
SIERRA LEONA,2021,CREENCIAS O PRÁCTICAS RELIGIOSAS,Masculino,0
SIRIA,2021,CREENCIAS O PRÁCTICAS RELIGIOSAS,Ambos sexos,0
SIRIA,2021,CREENCIAS O PRÁCTICAS RELIGIOSAS,Femenino,0
SIRIA,2021,CREENCIAS O PRÁCTICAS RELIGIOSAS,Masculino,0
SUDÁFRICA R.,2021,CREENCIAS O PRÁCTICAS RELIGIOSAS,Ambos sexos,0
SUDÁFRICA R.,2021,CREENCIAS O PRÁCTICAS RELIGIOSAS,Femenino,0
SUDÁFRICA R.,2021,CREENCIAS O PRÁCTICAS RELIGIOSAS,Masculino,0
SUECIA,2021,CREENCIAS O PRÁCTICAS RELIGIOSAS,Ambos sexos,0
SUECIA,2021,CREENCIAS O PRÁCTICAS RELIGIOSAS,Femenino,0
SUECIA,2021,CREENCIAS O PRÁCTICAS RELIGIOSAS,Masculino,0
SUIZA,2021,CREENCIAS O PRÁCTICAS RELIGIOSAS,Ambos sexos,0
SUIZA,2021,CREENCIAS O PRÁCTICAS RELIGIOSAS,Femenino,0
SUIZA,2021,CREENCIAS O PRÁCTICAS RELIGIOSAS,Masculino,0
TOTAL nacionalidad,2021,CREENCIAS O PRÁCTICAS RELIGIOSAS,Ambos sexos,33
TOTAL nacionalidad,2021,CREENCIAS O PRÁCTICAS RELIGIOSAS,Femenino,3
TOTAL nacionalidad,2021,CREENCIAS O PRÁCTICAS RELIGIOSAS,Masculino,30
TURQUÍA,2021,CREENCIAS O PRÁCTICAS RELIGIOSAS,Ambos sexos,0
TURQUÍA,2021,CREENCIAS O PRÁCTICAS RELIGIOSAS,Femenino,0
TURQUÍA,2021,CREENCIAS O PRÁCTICAS RELIGIOSAS,Masculino,0
TÚNEZ,2021,CREENCIAS O PRÁCTICAS RELIGIOSAS,Ambos sexos,0
TÚNEZ,2021,CREENCIAS O PRÁCTICAS RELIGIOSAS,Femenino,0
TÚNEZ,2021,CREENCIAS O PRÁCTICAS RELIGIOSAS,Masculino,0
UCRANIA,2021,CREENCIAS O PRÁCTICAS RELIGIOSAS,Ambos sexos,0
UCRANIA,2021,CREENCIAS O PRÁCTICAS RELIGIOSAS,Femenino,0
UCRANIA,2021,CREENCIAS O PRÁCTICAS RELIGIOSAS,Masculino,0
URUGUAY,2021,CREENCIAS O PRÁCTICAS RELIGIOSAS,Ambos sexos,0
URUGUAY,2021,CREENCIAS O PRÁCTICAS RELIGIOSAS,Femenino,0
URUGUAY,2021,CREENCIAS O PRÁCTICAS RELIGIOSAS,Masculino,0
VENEZUELA,2021,CREENCIAS O PRÁCTICAS RELIGIOSAS,Ambos sexos,0
VENEZUELA,2021,CREENCIAS O PRÁCTICAS RELIGIOSAS,Femenino,0
VENEZUELA,2021,CREENCIAS O PRÁCTICAS RELIGIOSAS,Masculino,0
ZAMBIA,2021,CREENCIAS O PRÁCTICAS RELIGIOSAS,Ambos sexos,0
ZAMBIA,2021,CREENCIAS O PRÁCTICAS RELIGIOSAS,Femenino,0
ZAMBIA,2021,CREENCIAS O PRÁCTICAS RELIGIOSAS,Masculino,0
ALBANIA,2021,DISCRIMINACIÓN GENERACIONAL,Ambos sexos,0
ALBANIA,2021,DISCRIMINACIÓN GENERACIONAL,Femenino,0
ALBANIA,2021,DISCRIMINACIÓN GENERACIONAL,Masculino,0
ALEMANIA,2021,DISCRIMINACIÓN GENERACIONAL,Ambos sexos,0
ALEMANIA,2021,DISCRIMINACIÓN GENERACIONAL,Femenino,0
ALEMANIA,2021,DISCRIMINACIÓN GENERACIONAL,Masculino,0
ANDORRA,2021,DISCRIMINACIÓN GENERACIONAL,Ambos sexos,0
ANDORRA,2021,DISCRIMINACIÓN GENERACIONAL,Femenino,0
ANDORRA,2021,DISCRIMINACIÓN GENERACIONAL,Masculino,0
ANGOLA,2021,DISCRIMINACIÓN GENERACIONAL,Ambos sexos,0
ANGOLA,2021,DISCRIMINACIÓN GENERACIONAL,Femenino,0
ANGOLA,2021,DISCRIMINACIÓN GENERACIONAL,Masculino,0
ARGELIA,2021,DISCRIMINACIÓN GENERACIONAL,Ambos sexos,0
ARGELIA,2021,DISCRIMINACIÓN GENERACIONAL,Femenino,0
ARGELIA,2021,DISCRIMINACIÓN GENERACIONAL,Masculino,0
ARGENTINA,2021,DISCRIMINACIÓN GENERACIONAL,Ambos sexos,0
ARGENTINA,2021,DISCRIMINACIÓN GENERACIONAL,Femenino,0
ARGENTINA,2021,DISCRIMINACIÓN GENERACIONAL,Masculino,0
ARMENIA,2021,DISCRIMINACIÓN GENERACIONAL,Ambos sexos,0
ARMENIA,2021,DISCRIMINACIÓN GENERACIONAL,Femenino,0
ARMENIA,2021,DISCRIMINACIÓN GENERACIONAL,Masculino,0
BANGLADESH,2021,DISCRIMINACIÓN GENERACIONAL,Ambos sexos,0
BANGLADESH,2021,DISCRIMINACIÓN GENERACIONAL,Femenino,0
BANGLADESH,2021,DISCRIMINACIÓN GENERACIONAL,Masculino,0
BIELORRUSIA,2021,DISCRIMINACIÓN GENERACIONAL,Ambos sexos,0
BIELORRUSIA,2021,DISCRIMINACIÓN GENERACIONAL,Femenino,0
BIELORRUSIA,2021,DISCRIMINACIÓN GENERACIONAL,Masculino,0
BOLIVIA,2021,DISCRIMINACIÓN GENERACIONAL,Ambos sexos,0
BOLIVIA,2021,DISCRIMINACIÓN GENERACIONAL,Femenino,0
BOLIVIA,2021,DISCRIMINACIÓN GENERACIONAL,Masculino,0
BRASIL,2021,DISCRIMINACIÓN GENERACIONAL,Ambos sexos,0
BRASIL,2021,DISCRIMINACIÓN GENERACIONAL,Femenino,0
BRASIL,2021,DISCRIMINACIÓN GENERACIONAL,Masculino,0
BULGARIA,2021,DISCRIMINACIÓN GENERACIONAL,Ambos sexos,0
BULGARIA,2021,DISCRIMINACIÓN GENERACIONAL,Femenino,0
BULGARIA,2021,DISCRIMINACIÓN GENERACIONAL,Masculino,0
BÉLGICA,2021,DISCRIMINACIÓN GENERACIONAL,Ambos sexos,0
BÉLGICA,2021,DISCRIMINACIÓN GENERACIONAL,Femenino,0
BÉLGICA,2021,DISCRIMINACIÓN GENERACIONAL,Masculino,0
CAMERÚN,2021,DISCRIMINACIÓN GENERACIONAL,Ambos sexos,0
CAMERÚN,2021,DISCRIMINACIÓN GENERACIONAL,Femenino,0
CAMERÚN,2021,DISCRIMINACIÓN GENERACIONAL,Masculino,0
CENTRO ÁFRICANA REPÚBLICA,2021,DISCRIMINACIÓN GENERACIONAL,Ambos sexos,0
CENTRO ÁFRICANA REPÚBLICA,2021,DISCRIMINACIÓN GENERACIONAL,Femenino,0
CENTRO ÁFRICANA REPÚBLICA,2021,DISCRIMINACIÓN GENERACIONAL,Masculino,0
CHILE,2021,DISCRIMINACIÓN GENERACIONAL,Ambos sexos,0
CHILE,2021,DISCRIMINACIÓN GENERACIONAL,Femenino,0
CHILE,2021,DISCRIMINACIÓN GENERACIONAL,Masculino,0
CHINA POPULAR,2021,DISCRIMINACIÓN GENERACIONAL,Ambos sexos,0
CHINA POPULAR,2021,DISCRIMINACIÓN GENERACIONAL,Femenino,0
CHINA POPULAR,2021,DISCRIMINACIÓN GENERACIONAL,Masculino,0
COLOMBIA,2021,DISCRIMINACIÓN GENERACIONAL,Ambos sexos,0
COLOMBIA,2021,DISCRIMINACIÓN GENERACIONAL,Femenino,0
COLOMBIA,2021,DISCRIMINACIÓN GENERACIONAL,Masculino,0
CONGO-BRAZZAVILLE,2021,DISCRIMINACIÓN GENERACIONAL,Ambos sexos,0
CONGO-BRAZZAVILLE,2021,DISCRIMINACIÓN GENERACIONAL,Femenino,0
CONGO-BRAZZAVILLE,2021,DISCRIMINACIÓN GENERACIONAL,Masculino,0
COSTA DE MARFIL,2021,DISCRIMINACIÓN GENERACIONAL,Ambos sexos,0
COSTA DE MARFIL,2021,DISCRIMINACIÓN GENERACIONAL,Femenino,0
COSTA DE MARFIL,2021,DISCRIMINACIÓN GENERACIONAL,Masculino,0
CROACIA,2021,DISCRIMINACIÓN GENERACIONAL,Ambos sexos,0
CROACIA,2021,DISCRIMINACIÓN GENERACIONAL,Femenino,0
CROACIA,2021,DISCRIMINACIÓN GENERACIONAL,Masculino,0
CUBA,2021,DISCRIMINACIÓN GENERACIONAL,Ambos sexos,0
CUBA,2021,DISCRIMINACIÓN GENERACIONAL,Femenino,0
CUBA,2021,DISCRIMINACIÓN GENERACIONAL,Masculino,0
ECUADOR,2021,DISCRIMINACIÓN GENERACIONAL,Ambos sexos,0
ECUADOR,2021,DISCRIMINACIÓN GENERACIONAL,Femenino,0
ECUADOR,2021,DISCRIMINACIÓN GENERACIONAL,Masculino,0
EE.UU.,2021,DISCRIMINACIÓN GENERACIONAL,Ambos sexos,0
EE.UU.,2021,DISCRIMINACIÓN GENERACIONAL,Femenino,0
EE.UU.,2021,DISCRIMINACIÓN GENERACIONAL,Masculino,0
EGIPTO,2021,DISCRIMINACIÓN GENERACIONAL,Ambos sexos,0
EGIPTO,2021,DISCRIMINACIÓN GENERACIONAL,Femenino,0
EGIPTO,2021,DISCRIMINACIÓN GENERACIONAL,Masculino,0
EL SALVADOR,2021,DISCRIMINACIÓN GENERACIONAL,Ambos sexos,0
EL SALVADOR,2021,DISCRIMINACIÓN GENERACIONAL,Femenino,0
EL SALVADOR,2021,DISCRIMINACIÓN GENERACIONAL,Masculino,0
ERITREA,2021,DISCRIMINACIÓN GENERACIONAL,Ambos sexos,0
ERITREA,2021,DISCRIMINACIÓN GENERACIONAL,Femenino,0
ERITREA,2021,DISCRIMINACIÓN GENERACIONAL,Masculino,0
ESLOVAQUIA,2021,DISCRIMINACIÓN GENERACIONAL,Ambos sexos,0
ESLOVAQUIA,2021,DISCRIMINACIÓN GENERACIONAL,Femenino,0
ESLOVAQUIA,2021,DISCRIMINACIÓN GENERACIONAL,Masculino,0
ESPAÑA,2021,DISCRIMINACIÓN GENERACIONAL,Ambos sexos,0
ESPAÑA,2021,DISCRIMINACIÓN GENERACIONAL,Femenino,0
ESPAÑA,2021,DISCRIMINACIÓN GENERACIONAL,Masculino,0
ESTONIA,2021,DISCRIMINACIÓN GENERACIONAL,Ambos sexos,0
ESTONIA,2021,DISCRIMINACIÓN GENERACIONAL,Femenino,0
ESTONIA,2021,DISCRIMINACIÓN GENERACIONAL,Masculino,0
FILIPINAS,2021,DISCRIMINACIÓN GENERACIONAL,Ambos sexos,0
FILIPINAS,2021,DISCRIMINACIÓN GENERACIONAL,Femenino,0
FILIPINAS,2021,DISCRIMINACIÓN GENERACIONAL,Masculino,0
FRANCIA,2021,DISCRIMINACIÓN GENERACIONAL,Ambos sexos,0
FRANCIA,2021,DISCRIMINACIÓN GENERACIONAL,Femenino,0
FRANCIA,2021,DISCRIMINACIÓN GENERACIONAL,Masculino,0
GAMBIA,2021,DISCRIMINACIÓN GENERACIONAL,Ambos sexos,0
GAMBIA,2021,DISCRIMINACIÓN GENERACIONAL,Femenino,0
GAMBIA,2021,DISCRIMINACIÓN GENERACIONAL,Masculino,0
GEORGIA,2021,DISCRIMINACIÓN GENERACIONAL,Ambos sexos,0
GEORGIA,2021,DISCRIMINACIÓN GENERACIONAL,Femenino,0
GEORGIA,2021,DISCRIMINACIÓN GENERACIONAL,Masculino,0
GHANA,2021,DISCRIMINACIÓN GENERACIONAL,Ambos sexos,0
GHANA,2021,DISCRIMINACIÓN GENERACIONAL,Femenino,0
GHANA,2021,DISCRIMINACIÓN GENERACIONAL,Masculino,0
GRECIA,2021,DISCRIMINACIÓN GENERACIONAL,Ambos sexos,0
GRECIA,2021,DISCRIMINACIÓN GENERACIONAL,Femenino,0
GRECIA,2021,DISCRIMINACIÓN GENERACIONAL,Masculino,0
GUATEMALA,2021,DISCRIMINACIÓN GENERACIONAL,Ambos sexos,0
GUATEMALA,2021,DISCRIMINACIÓN GENERACIONAL,Femenino,0
GUATEMALA,2021,DISCRIMINACIÓN GENERACIONAL,Masculino,0
GUINEA ECUATORIAL,2021,DISCRIMINACIÓN GENERACIONAL,Ambos sexos,0
GUINEA ECUATORIAL,2021,DISCRIMINACIÓN GENERACIONAL,Femenino,0
GUINEA ECUATORIAL,2021,DISCRIMINACIÓN GENERACIONAL,Masculino,0
GUINEA REP.,2021,DISCRIMINACIÓN GENERACIONAL,Ambos sexos,0
GUINEA REP.,2021,DISCRIMINACIÓN GENERACIONAL,Femenino,0
GUINEA REP.,2021,DISCRIMINACIÓN GENERACIONAL,Masculino,0
HAITI,2021,DISCRIMINACIÓN GENERACIONAL,Ambos sexos,0
HAITI,2021,DISCRIMINACIÓN GENERACIONAL,Femenino,0
HAITI,2021,DISCRIMINACIÓN GENERACIONAL,Masculino,0
HOLANDA,2021,DISCRIMINACIÓN GENERACIONAL,Ambos sexos,0
HOLANDA,2021,DISCRIMINACIÓN GENERACIONAL,Femenino,0
HOLANDA,2021,DISCRIMINACIÓN GENERACIONAL,Masculino,0
HONDURAS,2021,DISCRIMINACIÓN GENERACIONAL,Ambos sexos,0
HONDURAS,2021,DISCRIMINACIÓN GENERACIONAL,Femenino,0
HONDURAS,2021,DISCRIMINACIÓN GENERACIONAL,Masculino,0
INDIA,2021,DISCRIMINACIÓN GENERACIONAL,Ambos sexos,0
INDIA,2021,DISCRIMINACIÓN GENERACIONAL,Femenino,0
INDIA,2021,DISCRIMINACIÓN GENERACIONAL,Masculino,0
IRLANDA,2021,DISCRIMINACIÓN GENERACIONAL,Ambos sexos,0
IRLANDA,2021,DISCRIMINACIÓN GENERACIONAL,Femenino,0
IRLANDA,2021,DISCRIMINACIÓN GENERACIONAL,Masculino,0
IRÁN,2021,DISCRIMINACIÓN GENERACIONAL,Ambos sexos,0
IRÁN,2021,DISCRIMINACIÓN GENERACIONAL,Femenino,0
IRÁN,2021,DISCRIMINACIÓN GENERACIONAL,Masculino,0
ISRAEL,2021,DISCRIMINACIÓN GENERACIONAL,Ambos sexos,0
ISRAEL,2021,DISCRIMINACIÓN GENERACIONAL,Femenino,0
ISRAEL,2021,DISCRIMINACIÓN GENERACIONAL,Masculino,0
ITALIA,2021,DISCRIMINACIÓN GENERACIONAL,Ambos sexos,0
ITALIA,2021,DISCRIMINACIÓN GENERACIONAL,Femenino,0
ITALIA,2021,DISCRIMINACIÓN GENERACIONAL,Masculino,0
LETONIA,2021,DISCRIMINACIÓN GENERACIONAL,Ambos sexos,0
LETONIA,2021,DISCRIMINACIÓN GENERACIONAL,Femenino,0
LETONIA,2021,DISCRIMINACIÓN GENERACIONAL,Masculino,0
LIBERIA,2021,DISCRIMINACIÓN GENERACIONAL,Ambos sexos,0
LIBERIA,2021,DISCRIMINACIÓN GENERACIONAL,Femenino,0
LIBERIA,2021,DISCRIMINACIÓN GENERACIONAL,Masculino,0
LIBIA,2021,DISCRIMINACIÓN GENERACIONAL,Ambos sexos,0
LIBIA,2021,DISCRIMINACIÓN GENERACIONAL,Femenino,0
LIBIA,2021,DISCRIMINACIÓN GENERACIONAL,Masculino,0
LITUANIA,2021,DISCRIMINACIÓN GENERACIONAL,Ambos sexos,0
LITUANIA,2021,DISCRIMINACIÓN GENERACIONAL,Femenino,0
LITUANIA,2021,DISCRIMINACIÓN GENERACIONAL,Masculino,0
LÍBANO,2021,DISCRIMINACIÓN GENERACIONAL,Ambos sexos,0
LÍBANO,2021,DISCRIMINACIÓN GENERACIONAL,Femenino,0
LÍBANO,2021,DISCRIMINACIÓN GENERACIONAL,Masculino,0
MALI,2021,DISCRIMINACIÓN GENERACIONAL,Ambos sexos,0
MALI,2021,DISCRIMINACIÓN GENERACIONAL,Femenino,0
MALI,2021,DISCRIMINACIÓN GENERACIONAL,Masculino,0
MARRUECOS,2021,DISCRIMINACIÓN GENERACIONAL,Ambos sexos,0
MARRUECOS,2021,DISCRIMINACIÓN GENERACIONAL,Femenino,0
MARRUECOS,2021,DISCRIMINACIÓN GENERACIONAL,Masculino,0
MAURITANIA,2021,DISCRIMINACIÓN GENERACIONAL,Ambos sexos,0
MAURITANIA,2021,DISCRIMINACIÓN GENERACIONAL,Femenino,0
MAURITANIA,2021,DISCRIMINACIÓN GENERACIONAL,Masculino,0
MOLDAVIA,2021,DISCRIMINACIÓN GENERACIONAL,Ambos sexos,0
MOLDAVIA,2021,DISCRIMINACIÓN GENERACIONAL,Femenino,0
MOLDAVIA,2021,DISCRIMINACIÓN GENERACIONAL,Masculino,0
MONGOLIA,2021,DISCRIMINACIÓN GENERACIONAL,Ambos sexos,0
MONGOLIA,2021,DISCRIMINACIÓN GENERACIONAL,Femenino,0
MONGOLIA,2021,DISCRIMINACIÓN GENERACIONAL,Masculino,0
NEPAL,2021,DISCRIMINACIÓN GENERACIONAL,Ambos sexos,0
NEPAL,2021,DISCRIMINACIÓN GENERACIONAL,Femenino,0
NEPAL,2021,DISCRIMINACIÓN GENERACIONAL,Masculino,0
NICARAGUA,2021,DISCRIMINACIÓN GENERACIONAL,Ambos sexos,0
NICARAGUA,2021,DISCRIMINACIÓN GENERACIONAL,Femenino,0
NICARAGUA,2021,DISCRIMINACIÓN GENERACIONAL,Masculino,0
NIGERIA,2021,DISCRIMINACIÓN GENERACIONAL,Ambos sexos,0
NIGERIA,2021,DISCRIMINACIÓN GENERACIONAL,Femenino,0
NIGERIA,2021,DISCRIMINACIÓN GENERACIONAL,Masculino,0
NÍGER REP.,2021,DISCRIMINACIÓN GENERACIONAL,Ambos sexos,0
NÍGER REP.,2021,DISCRIMINACIÓN GENERACIONAL,Femenino,0
NÍGER REP.,2021,DISCRIMINACIÓN GENERACIONAL,Masculino,0
PANAMA,2021,DISCRIMINACIÓN GENERACIONAL,Ambos sexos,0
PANAMA,2021,DISCRIMINACIÓN GENERACIONAL,Femenino,0
PANAMA,2021,DISCRIMINACIÓN GENERACIONAL,Masculino,0
PAQUISTÁN,2021,DISCRIMINACIÓN GENERACIONAL,Ambos sexos,0
PAQUISTÁN,2021,DISCRIMINACIÓN GENERACIONAL,Femenino,0
PAQUISTÁN,2021,DISCRIMINACIÓN GENERACIONAL,Masculino,0
PARAGUAY,2021,DISCRIMINACIÓN GENERACIONAL,Ambos sexos,0
PARAGUAY,2021,DISCRIMINACIÓN GENERACIONAL,Femenino,0
PARAGUAY,2021,DISCRIMINACIÓN GENERACIONAL,Masculino,0
PAÍS DESCONOCIDO,2021,DISCRIMINACIÓN GENERACIONAL,Ambos sexos,0
PAÍS DESCONOCIDO,2021,DISCRIMINACIÓN GENERACIONAL,Femenino,0
PAÍS DESCONOCIDO,2021,DISCRIMINACIÓN GENERACIONAL,Masculino,0
PAÍS NO CODIFICADO,2021,DISCRIMINACIÓN GENERACIONAL,Ambos sexos,0
PAÍS NO CODIFICADO,2021,DISCRIMINACIÓN GENERACIONAL,Femenino,0
PAÍS NO CODIFICADO,2021,DISCRIMINACIÓN GENERACIONAL,Masculino,0
PERÚ,2021,DISCRIMINACIÓN GENERACIONAL,Ambos sexos,0
PERÚ,2021,DISCRIMINACIÓN GENERACIONAL,Femenino,0
PERÚ,2021,DISCRIMINACIÓN GENERACIONAL,Masculino,0
POLONIA,2021,DISCRIMINACIÓN GENERACIONAL,Ambos sexos,0
POLONIA,2021,DISCRIMINACIÓN GENERACIONAL,Femenino,0
POLONIA,2021,DISCRIMINACIÓN GENERACIONAL,Masculino,0
PORTUGAL,2021,DISCRIMINACIÓN GENERACIONAL,Ambos sexos,0
PORTUGAL,2021,DISCRIMINACIÓN GENERACIONAL,Femenino,0
PORTUGAL,2021,DISCRIMINACIÓN GENERACIONAL,Masculino,0
REINO UNIDO,2021,DISCRIMINACIÓN GENERACIONAL,Ambos sexos,0
REINO UNIDO,2021,DISCRIMINACIÓN GENERACIONAL,Femenino,0
REINO UNIDO,2021,DISCRIMINACIÓN GENERACIONAL,Masculino,0
REPÚBLICA CHECA,2021,DISCRIMINACIÓN GENERACIONAL,Ambos sexos,0
REPÚBLICA CHECA,2021,DISCRIMINACIÓN GENERACIONAL,Femenino,0
REPÚBLICA CHECA,2021,DISCRIMINACIÓN GENERACIONAL,Masculino,0
REPÚBLICA DOMINICANA,2021,DISCRIMINACIÓN GENERACIONAL,Ambos sexos,0
REPÚBLICA DOMINICANA,2021,DISCRIMINACIÓN GENERACIONAL,Femenino,0
REPÚBLICA DOMINICANA,2021,DISCRIMINACIÓN GENERACIONAL,Masculino,0
RUMANÍA,2021,DISCRIMINACIÓN GENERACIONAL,Ambos sexos,0
RUMANÍA,2021,DISCRIMINACIÓN GENERACIONAL,Femenino,0
RUMANÍA,2021,DISCRIMINACIÓN GENERACIONAL,Masculino,0
RUSIA,2021,DISCRIMINACIÓN GENERACIONAL,Ambos sexos,0
RUSIA,2021,DISCRIMINACIÓN GENERACIONAL,Femenino,0
RUSIA,2021,DISCRIMINACIÓN GENERACIONAL,Masculino,0
SENEGAL,2021,DISCRIMINACIÓN GENERACIONAL,Ambos sexos,0
SENEGAL,2021,DISCRIMINACIÓN GENERACIONAL,Femenino,0
SENEGAL,2021,DISCRIMINACIÓN GENERACIONAL,Masculino,0
SERBIA (YUGOSLAVIA),2021,DISCRIMINACIÓN GENERACIONAL,Ambos sexos,0
SERBIA (YUGOSLAVIA),2021,DISCRIMINACIÓN GENERACIONAL,Femenino,0
SERBIA (YUGOSLAVIA),2021,DISCRIMINACIÓN GENERACIONAL,Masculino,0
SIERRA LEONA,2021,DISCRIMINACIÓN GENERACIONAL,Ambos sexos,0
SIERRA LEONA,2021,DISCRIMINACIÓN GENERACIONAL,Femenino,0
SIERRA LEONA,2021,DISCRIMINACIÓN GENERACIONAL,Masculino,0
SIRIA,2021,DISCRIMINACIÓN GENERACIONAL,Ambos sexos,0
SIRIA,2021,DISCRIMINACIÓN GENERACIONAL,Femenino,0
SIRIA,2021,DISCRIMINACIÓN GENERACIONAL,Masculino,0
SUDÁFRICA R.,2021,DISCRIMINACIÓN GENERACIONAL,Ambos sexos,0
SUDÁFRICA R.,2021,DISCRIMINACIÓN GENERACIONAL,Femenino,0
SUDÁFRICA R.,2021,DISCRIMINACIÓN GENERACIONAL,Masculino,0
SUECIA,2021,DISCRIMINACIÓN GENERACIONAL,Ambos sexos,0
SUECIA,2021,DISCRIMINACIÓN GENERACIONAL,Femenino,0
SUECIA,2021,DISCRIMINACIÓN GENERACIONAL,Masculino,0
SUIZA,2021,DISCRIMINACIÓN GENERACIONAL,Ambos sexos,0
SUIZA,2021,DISCRIMINACIÓN GENERACIONAL,Femenino,0
SUIZA,2021,DISCRIMINACIÓN GENERACIONAL,Masculino,0
TOTAL nacionalidad,2021,DISCRIMINACIÓN GENERACIONAL,Ambos sexos,0
TOTAL nacionalidad,2021,DISCRIMINACIÓN GENERACIONAL,Femenino,0
TOTAL nacionalidad,2021,DISCRIMINACIÓN GENERACIONAL,Masculino,0
TURQUÍA,2021,DISCRIMINACIÓN GENERACIONAL,Ambos sexos,0
TURQUÍA,2021,DISCRIMINACIÓN GENERACIONAL,Femenino,0
TURQUÍA,2021,DISCRIMINACIÓN GENERACIONAL,Masculino,0
TÚNEZ,2021,DISCRIMINACIÓN GENERACIONAL,Ambos sexos,0
TÚNEZ,2021,DISCRIMINACIÓN GENERACIONAL,Femenino,0
TÚNEZ,2021,DISCRIMINACIÓN GENERACIONAL,Masculino,0
UCRANIA,2021,DISCRIMINACIÓN GENERACIONAL,Ambos sexos,0
UCRANIA,2021,DISCRIMINACIÓN GENERACIONAL,Femenino,0
UCRANIA,2021,DISCRIMINACIÓN GENERACIONAL,Masculino,0
URUGUAY,2021,DISCRIMINACIÓN GENERACIONAL,Ambos sexos,0
URUGUAY,2021,DISCRIMINACIÓN GENERACIONAL,Femenino,0
URUGUAY,2021,DISCRIMINACIÓN GENERACIONAL,Masculino,0
VENEZUELA,2021,DISCRIMINACIÓN GENERACIONAL,Ambos sexos,0
VENEZUELA,2021,DISCRIMINACIÓN GENERACIONAL,Femenino,0
VENEZUELA,2021,DISCRIMINACIÓN GENERACIONAL,Masculino,0
ZAMBIA,2021,DISCRIMINACIÓN GENERACIONAL,Ambos sexos,0
ZAMBIA,2021,DISCRIMINACIÓN GENERACIONAL,Femenino,0
ZAMBIA,2021,DISCRIMINACIÓN GENERACIONAL,Masculino,0
ALBANIA,2021,DISCRIMINACIÓN POR RAZÓN DE ENFERMEDAD,Ambos sexos,0
ALBANIA,2021,DISCRIMINACIÓN POR RAZÓN DE ENFERMEDAD,Femenino,0
ALBANIA,2021,DISCRIMINACIÓN POR RAZÓN DE ENFERMEDAD,Masculino,0
ALEMANIA,2021,DISCRIMINACIÓN POR RAZÓN DE ENFERMEDAD,Ambos sexos,0
ALEMANIA,2021,DISCRIMINACIÓN POR RAZÓN DE ENFERMEDAD,Femenino,0
ALEMANIA,2021,DISCRIMINACIÓN POR RAZÓN DE ENFERMEDAD,Masculino,0
ANDORRA,2021,DISCRIMINACIÓN POR RAZÓN DE ENFERMEDAD,Ambos sexos,0
ANDORRA,2021,DISCRIMINACIÓN POR RAZÓN DE ENFERMEDAD,Femenino,0
ANDORRA,2021,DISCRIMINACIÓN POR RAZÓN DE ENFERMEDAD,Masculino,0
ANGOLA,2021,DISCRIMINACIÓN POR RAZÓN DE ENFERMEDAD,Ambos sexos,0
ANGOLA,2021,DISCRIMINACIÓN POR RAZÓN DE ENFERMEDAD,Femenino,0
ANGOLA,2021,DISCRIMINACIÓN POR RAZÓN DE ENFERMEDAD,Masculino,0
ARGELIA,2021,DISCRIMINACIÓN POR RAZÓN DE ENFERMEDAD,Ambos sexos,0
ARGELIA,2021,DISCRIMINACIÓN POR RAZÓN DE ENFERMEDAD,Femenino,0
ARGELIA,2021,DISCRIMINACIÓN POR RAZÓN DE ENFERMEDAD,Masculino,0
ARGENTINA,2021,DISCRIMINACIÓN POR RAZÓN DE ENFERMEDAD,Ambos sexos,0
ARGENTINA,2021,DISCRIMINACIÓN POR RAZÓN DE ENFERMEDAD,Femenino,0
ARGENTINA,2021,DISCRIMINACIÓN POR RAZÓN DE ENFERMEDAD,Masculino,0
ARMENIA,2021,DISCRIMINACIÓN POR RAZÓN DE ENFERMEDAD,Ambos sexos,0
ARMENIA,2021,DISCRIMINACIÓN POR RAZÓN DE ENFERMEDAD,Femenino,0
ARMENIA,2021,DISCRIMINACIÓN POR RAZÓN DE ENFERMEDAD,Masculino,0
BANGLADESH,2021,DISCRIMINACIÓN POR RAZÓN DE ENFERMEDAD,Ambos sexos,0
BANGLADESH,2021,DISCRIMINACIÓN POR RAZÓN DE ENFERMEDAD,Femenino,0
BANGLADESH,2021,DISCRIMINACIÓN POR RAZÓN DE ENFERMEDAD,Masculino,0
BIELORRUSIA,2021,DISCRIMINACIÓN POR RAZÓN DE ENFERMEDAD,Ambos sexos,0
BIELORRUSIA,2021,DISCRIMINACIÓN POR RAZÓN DE ENFERMEDAD,Femenino,0
BIELORRUSIA,2021,DISCRIMINACIÓN POR RAZÓN DE ENFERMEDAD,Masculino,0
BOLIVIA,2021,DISCRIMINACIÓN POR RAZÓN DE ENFERMEDAD,Ambos sexos,0
BOLIVIA,2021,DISCRIMINACIÓN POR RAZÓN DE ENFERMEDAD,Femenino,0
BOLIVIA,2021,DISCRIMINACIÓN POR RAZÓN DE ENFERMEDAD,Masculino,0
BRASIL,2021,DISCRIMINACIÓN POR RAZÓN DE ENFERMEDAD,Ambos sexos,0
BRASIL,2021,DISCRIMINACIÓN POR RAZÓN DE ENFERMEDAD,Femenino,0
BRASIL,2021,DISCRIMINACIÓN POR RAZÓN DE ENFERMEDAD,Masculino,0
BULGARIA,2021,DISCRIMINACIÓN POR RAZÓN DE ENFERMEDAD,Ambos sexos,0
BULGARIA,2021,DISCRIMINACIÓN POR RAZÓN DE ENFERMEDAD,Femenino,0
BULGARIA,2021,DISCRIMINACIÓN POR RAZÓN DE ENFERMEDAD,Masculino,0
BÉLGICA,2021,DISCRIMINACIÓN POR RAZÓN DE ENFERMEDAD,Ambos sexos,0
BÉLGICA,2021,DISCRIMINACIÓN POR RAZÓN DE ENFERMEDAD,Femenino,0
BÉLGICA,2021,DISCRIMINACIÓN POR RAZÓN DE ENFERMEDAD,Masculino,0
CAMERÚN,2021,DISCRIMINACIÓN POR RAZÓN DE ENFERMEDAD,Ambos sexos,0
CAMERÚN,2021,DISCRIMINACIÓN POR RAZÓN DE ENFERMEDAD,Femenino,0
CAMERÚN,2021,DISCRIMINACIÓN POR RAZÓN DE ENFERMEDAD,Masculino,0
CENTRO ÁFRICANA REPÚBLICA,2021,DISCRIMINACIÓN POR RAZÓN DE ENFERMEDAD,Ambos sexos,0
CENTRO ÁFRICANA REPÚBLICA,2021,DISCRIMINACIÓN POR RAZÓN DE ENFERMEDAD,Femenino,0
CENTRO ÁFRICANA REPÚBLICA,2021,DISCRIMINACIÓN POR RAZÓN DE ENFERMEDAD,Masculino,0
CHILE,2021,DISCRIMINACIÓN POR RAZÓN DE ENFERMEDAD,Ambos sexos,0
CHILE,2021,DISCRIMINACIÓN POR RAZÓN DE ENFERMEDAD,Femenino,0
CHILE,2021,DISCRIMINACIÓN POR RAZÓN DE ENFERMEDAD,Masculino,0
CHINA POPULAR,2021,DISCRIMINACIÓN POR RAZÓN DE ENFERMEDAD,Ambos sexos,0
CHINA POPULAR,2021,DISCRIMINACIÓN POR RAZÓN DE ENFERMEDAD,Femenino,0
CHINA POPULAR,2021,DISCRIMINACIÓN POR RAZÓN DE ENFERMEDAD,Masculino,0
COLOMBIA,2021,DISCRIMINACIÓN POR RAZÓN DE ENFERMEDAD,Ambos sexos,0
COLOMBIA,2021,DISCRIMINACIÓN POR RAZÓN DE ENFERMEDAD,Femenino,0
COLOMBIA,2021,DISCRIMINACIÓN POR RAZÓN DE ENFERMEDAD,Masculino,0
CONGO-BRAZZAVILLE,2021,DISCRIMINACIÓN POR RAZÓN DE ENFERMEDAD,Ambos sexos,0
CONGO-BRAZZAVILLE,2021,DISCRIMINACIÓN POR RAZÓN DE ENFERMEDAD,Femenino,0
CONGO-BRAZZAVILLE,2021,DISCRIMINACIÓN POR RAZÓN DE ENFERMEDAD,Masculino,0
COSTA DE MARFIL,2021,DISCRIMINACIÓN POR RAZÓN DE ENFERMEDAD,Ambos sexos,0
COSTA DE MARFIL,2021,DISCRIMINACIÓN POR RAZÓN DE ENFERMEDAD,Femenino,0
COSTA DE MARFIL,2021,DISCRIMINACIÓN POR RAZÓN DE ENFERMEDAD,Masculino,0
CROACIA,2021,DISCRIMINACIÓN POR RAZÓN DE ENFERMEDAD,Ambos sexos,0
CROACIA,2021,DISCRIMINACIÓN POR RAZÓN DE ENFERMEDAD,Femenino,0
CROACIA,2021,DISCRIMINACIÓN POR RAZÓN DE ENFERMEDAD,Masculino,0
CUBA,2021,DISCRIMINACIÓN POR RAZÓN DE ENFERMEDAD,Ambos sexos,0
CUBA,2021,DISCRIMINACIÓN POR RAZÓN DE ENFERMEDAD,Femenino,0
CUBA,2021,DISCRIMINACIÓN POR RAZÓN DE ENFERMEDAD,Masculino,0
ECUADOR,2021,DISCRIMINACIÓN POR RAZÓN DE ENFERMEDAD,Ambos sexos,0
ECUADOR,2021,DISCRIMINACIÓN POR RAZÓN DE ENFERMEDAD,Femenino,0
ECUADOR,2021,DISCRIMINACIÓN POR RAZÓN DE ENFERMEDAD,Masculino,0
EE.UU.,2021,DISCRIMINACIÓN POR RAZÓN DE ENFERMEDAD,Ambos sexos,0
EE.UU.,2021,DISCRIMINACIÓN POR RAZÓN DE ENFERMEDAD,Femenino,0
EE.UU.,2021,DISCRIMINACIÓN POR RAZÓN DE ENFERMEDAD,Masculino,0
EGIPTO,2021,DISCRIMINACIÓN POR RAZÓN DE ENFERMEDAD,Ambos sexos,0
EGIPTO,2021,DISCRIMINACIÓN POR RAZÓN DE ENFERMEDAD,Femenino,0
EGIPTO,2021,DISCRIMINACIÓN POR RAZÓN DE ENFERMEDAD,Masculino,0
EL SALVADOR,2021,DISCRIMINACIÓN POR RAZÓN DE ENFERMEDAD,Ambos sexos,0
EL SALVADOR,2021,DISCRIMINACIÓN POR RAZÓN DE ENFERMEDAD,Femenino,0
EL SALVADOR,2021,DISCRIMINACIÓN POR RAZÓN DE ENFERMEDAD,Masculino,0
ERITREA,2021,DISCRIMINACIÓN POR RAZÓN DE ENFERMEDAD,Ambos sexos,0
ERITREA,2021,DISCRIMINACIÓN POR RAZÓN DE ENFERMEDAD,Femenino,0
ERITREA,2021,DISCRIMINACIÓN POR RAZÓN DE ENFERMEDAD,Masculino,0
ESLOVAQUIA,2021,DISCRIMINACIÓN POR RAZÓN DE ENFERMEDAD,Ambos sexos,0
ESLOVAQUIA,2021,DISCRIMINACIÓN POR RAZÓN DE ENFERMEDAD,Femenino,0
ESLOVAQUIA,2021,DISCRIMINACIÓN POR RAZÓN DE ENFERMEDAD,Masculino,0
ESPAÑA,2021,DISCRIMINACIÓN POR RAZÓN DE ENFERMEDAD,Ambos sexos,0
ESPAÑA,2021,DISCRIMINACIÓN POR RAZÓN DE ENFERMEDAD,Femenino,0
ESPAÑA,2021,DISCRIMINACIÓN POR RAZÓN DE ENFERMEDAD,Masculino,0
ESTONIA,2021,DISCRIMINACIÓN POR RAZÓN DE ENFERMEDAD,Ambos sexos,0
ESTONIA,2021,DISCRIMINACIÓN POR RAZÓN DE ENFERMEDAD,Femenino,0
ESTONIA,2021,DISCRIMINACIÓN POR RAZÓN DE ENFERMEDAD,Masculino,0
FILIPINAS,2021,DISCRIMINACIÓN POR RAZÓN DE ENFERMEDAD,Ambos sexos,0
FILIPINAS,2021,DISCRIMINACIÓN POR RAZÓN DE ENFERMEDAD,Femenino,0
FILIPINAS,2021,DISCRIMINACIÓN POR RAZÓN DE ENFERMEDAD,Masculino,0
FRANCIA,2021,DISCRIMINACIÓN POR RAZÓN DE ENFERMEDAD,Ambos sexos,0
FRANCIA,2021,DISCRIMINACIÓN POR RAZÓN DE ENFERMEDAD,Femenino,0
FRANCIA,2021,DISCRIMINACIÓN POR RAZÓN DE ENFERMEDAD,Masculino,0
GAMBIA,2021,DISCRIMINACIÓN POR RAZÓN DE ENFERMEDAD,Ambos sexos,0
GAMBIA,2021,DISCRIMINACIÓN POR RAZÓN DE ENFERMEDAD,Femenino,0
GAMBIA,2021,DISCRIMINACIÓN POR RAZÓN DE ENFERMEDAD,Masculino,0
GEORGIA,2021,DISCRIMINACIÓN POR RAZÓN DE ENFERMEDAD,Ambos sexos,0
GEORGIA,2021,DISCRIMINACIÓN POR RAZÓN DE ENFERMEDAD,Femenino,0
GEORGIA,2021,DISCRIMINACIÓN POR RAZÓN DE ENFERMEDAD,Masculino,0
GHANA,2021,DISCRIMINACIÓN POR RAZÓN DE ENFERMEDAD,Ambos sexos,0
GHANA,2021,DISCRIMINACIÓN POR RAZÓN DE ENFERMEDAD,Femenino,0
GHANA,2021,DISCRIMINACIÓN POR RAZÓN DE ENFERMEDAD,Masculino,0
GRECIA,2021,DISCRIMINACIÓN POR RAZÓN DE ENFERMEDAD,Ambos sexos,0
GRECIA,2021,DISCRIMINACIÓN POR RAZÓN DE ENFERMEDAD,Femenino,0
GRECIA,2021,DISCRIMINACIÓN POR RAZÓN DE ENFERMEDAD,Masculino,0
GUATEMALA,2021,DISCRIMINACIÓN POR RAZÓN DE ENFERMEDAD,Ambos sexos,0
GUATEMALA,2021,DISCRIMINACIÓN POR RAZÓN DE ENFERMEDAD,Femenino,0
GUATEMALA,2021,DISCRIMINACIÓN POR RAZÓN DE ENFERMEDAD,Masculino,0
GUINEA ECUATORIAL,2021,DISCRIMINACIÓN POR RAZÓN DE ENFERMEDAD,Ambos sexos,0
GUINEA ECUATORIAL,2021,DISCRIMINACIÓN POR RAZÓN DE ENFERMEDAD,Femenino,0
GUINEA ECUATORIAL,2021,DISCRIMINACIÓN POR RAZÓN DE ENFERMEDAD,Masculino,0
GUINEA REP.,2021,DISCRIMINACIÓN POR RAZÓN DE ENFERMEDAD,Ambos sexos,0
GUINEA REP.,2021,DISCRIMINACIÓN POR RAZÓN DE ENFERMEDAD,Femenino,0
GUINEA REP.,2021,DISCRIMINACIÓN POR RAZÓN DE ENFERMEDAD,Masculino,0
HAITI,2021,DISCRIMINACIÓN POR RAZÓN DE ENFERMEDAD,Ambos sexos,0
HAITI,2021,DISCRIMINACIÓN POR RAZÓN DE ENFERMEDAD,Femenino,0
HAITI,2021,DISCRIMINACIÓN POR RAZÓN DE ENFERMEDAD,Masculino,0
HOLANDA,2021,DISCRIMINACIÓN POR RAZÓN DE ENFERMEDAD,Ambos sexos,0
HOLANDA,2021,DISCRIMINACIÓN POR RAZÓN DE ENFERMEDAD,Femenino,0
HOLANDA,2021,DISCRIMINACIÓN POR RAZÓN DE ENFERMEDAD,Masculino,0
HONDURAS,2021,DISCRIMINACIÓN POR RAZÓN DE ENFERMEDAD,Ambos sexos,0
HONDURAS,2021,DISCRIMINACIÓN POR RAZÓN DE ENFERMEDAD,Femenino,0
HONDURAS,2021,DISCRIMINACIÓN POR RAZÓN DE ENFERMEDAD,Masculino,0
INDIA,2021,DISCRIMINACIÓN POR RAZÓN DE ENFERMEDAD,Ambos sexos,0
INDIA,2021,DISCRIMINACIÓN POR RAZÓN DE ENFERMEDAD,Femenino,0
INDIA,2021,DISCRIMINACIÓN POR RAZÓN DE ENFERMEDAD,Masculino,0
IRLANDA,2021,DISCRIMINACIÓN POR RAZÓN DE ENFERMEDAD,Ambos sexos,0
IRLANDA,2021,DISCRIMINACIÓN POR RAZÓN DE ENFERMEDAD,Femenino,0
IRLANDA,2021,DISCRIMINACIÓN POR RAZÓN DE ENFERMEDAD,Masculino,0
IRÁN,2021,DISCRIMINACIÓN POR RAZÓN DE ENFERMEDAD,Ambos sexos,0
IRÁN,2021,DISCRIMINACIÓN POR RAZÓN DE ENFERMEDAD,Femenino,0
IRÁN,2021,DISCRIMINACIÓN POR RAZÓN DE ENFERMEDAD,Masculino,0
ISRAEL,2021,DISCRIMINACIÓN POR RAZÓN DE ENFERMEDAD,Ambos sexos,0
ISRAEL,2021,DISCRIMINACIÓN POR RAZÓN DE ENFERMEDAD,Femenino,0
ISRAEL,2021,DISCRIMINACIÓN POR RAZÓN DE ENFERMEDAD,Masculino,0
ITALIA,2021,DISCRIMINACIÓN POR RAZÓN DE ENFERMEDAD,Ambos sexos,0
ITALIA,2021,DISCRIMINACIÓN POR RAZÓN DE ENFERMEDAD,Femenino,0
ITALIA,2021,DISCRIMINACIÓN POR RAZÓN DE ENFERMEDAD,Masculino,0
LETONIA,2021,DISCRIMINACIÓN POR RAZÓN DE ENFERMEDAD,Ambos sexos,0
LETONIA,2021,DISCRIMINACIÓN POR RAZÓN DE ENFERMEDAD,Femenino,0
LETONIA,2021,DISCRIMINACIÓN POR RAZÓN DE ENFERMEDAD,Masculino,0
LIBERIA,2021,DISCRIMINACIÓN POR RAZÓN DE ENFERMEDAD,Ambos sexos,0
LIBERIA,2021,DISCRIMINACIÓN POR RAZÓN DE ENFERMEDAD,Femenino,0
LIBERIA,2021,DISCRIMINACIÓN POR RAZÓN DE ENFERMEDAD,Masculino,0
LIBIA,2021,DISCRIMINACIÓN POR RAZÓN DE ENFERMEDAD,Ambos sexos,0
LIBIA,2021,DISCRIMINACIÓN POR RAZÓN DE ENFERMEDAD,Femenino,0
LIBIA,2021,DISCRIMINACIÓN POR RAZÓN DE ENFERMEDAD,Masculino,0
LITUANIA,2021,DISCRIMINACIÓN POR RAZÓN DE ENFERMEDAD,Ambos sexos,0
LITUANIA,2021,DISCRIMINACIÓN POR RAZÓN DE ENFERMEDAD,Femenino,0
LITUANIA,2021,DISCRIMINACIÓN POR RAZÓN DE ENFERMEDAD,Masculino,0
LÍBANO,2021,DISCRIMINACIÓN POR RAZÓN DE ENFERMEDAD,Ambos sexos,0
LÍBANO,2021,DISCRIMINACIÓN POR RAZÓN DE ENFERMEDAD,Femenino,0
LÍBANO,2021,DISCRIMINACIÓN POR RAZÓN DE ENFERMEDAD,Masculino,0
MALI,2021,DISCRIMINACIÓN POR RAZÓN DE ENFERMEDAD,Ambos sexos,0
MALI,2021,DISCRIMINACIÓN POR RAZÓN DE ENFERMEDAD,Femenino,0
MALI,2021,DISCRIMINACIÓN POR RAZÓN DE ENFERMEDAD,Masculino,0
MARRUECOS,2021,DISCRIMINACIÓN POR RAZÓN DE ENFERMEDAD,Ambos sexos,0
MARRUECOS,2021,DISCRIMINACIÓN POR RAZÓN DE ENFERMEDAD,Femenino,0
MARRUECOS,2021,DISCRIMINACIÓN POR RAZÓN DE ENFERMEDAD,Masculino,0
MAURITANIA,2021,DISCRIMINACIÓN POR RAZÓN DE ENFERMEDAD,Ambos sexos,0
MAURITANIA,2021,DISCRIMINACIÓN POR RAZÓN DE ENFERMEDAD,Femenino,0
MAURITANIA,2021,DISCRIMINACIÓN POR RAZÓN DE ENFERMEDAD,Masculino,0
MOLDAVIA,2021,DISCRIMINACIÓN POR RAZÓN DE ENFERMEDAD,Ambos sexos,0
MOLDAVIA,2021,DISCRIMINACIÓN POR RAZÓN DE ENFERMEDAD,Femenino,0
MOLDAVIA,2021,DISCRIMINACIÓN POR RAZÓN DE ENFERMEDAD,Masculino,0
MONGOLIA,2021,DISCRIMINACIÓN POR RAZÓN DE ENFERMEDAD,Ambos sexos,0
MONGOLIA,2021,DISCRIMINACIÓN POR RAZÓN DE ENFERMEDAD,Femenino,0
MONGOLIA,2021,DISCRIMINACIÓN POR RAZÓN DE ENFERMEDAD,Masculino,0
NEPAL,2021,DISCRIMINACIÓN POR RAZÓN DE ENFERMEDAD,Ambos sexos,0
NEPAL,2021,DISCRIMINACIÓN POR RAZÓN DE ENFERMEDAD,Femenino,0
NEPAL,2021,DISCRIMINACIÓN POR RAZÓN DE ENFERMEDAD,Masculino,0
NICARAGUA,2021,DISCRIMINACIÓN POR RAZÓN DE ENFERMEDAD,Ambos sexos,0
NICARAGUA,2021,DISCRIMINACIÓN POR RAZÓN DE ENFERMEDAD,Femenino,0
NICARAGUA,2021,DISCRIMINACIÓN POR RAZÓN DE ENFERMEDAD,Masculino,0
NIGERIA,2021,DISCRIMINACIÓN POR RAZÓN DE ENFERMEDAD,Ambos sexos,0
NIGERIA,2021,DISCRIMINACIÓN POR RAZÓN DE ENFERMEDAD,Femenino,0
NIGERIA,2021,DISCRIMINACIÓN POR RAZÓN DE ENFERMEDAD,Masculino,0
NÍGER REP.,2021,DISCRIMINACIÓN POR RAZÓN DE ENFERMEDAD,Ambos sexos,0
NÍGER REP.,2021,DISCRIMINACIÓN POR RAZÓN DE ENFERMEDAD,Femenino,0
NÍGER REP.,2021,DISCRIMINACIÓN POR RAZÓN DE ENFERMEDAD,Masculino,0
PANAMA,2021,DISCRIMINACIÓN POR RAZÓN DE ENFERMEDAD,Ambos sexos,0
PANAMA,2021,DISCRIMINACIÓN POR RAZÓN DE ENFERMEDAD,Femenino,0
PANAMA,2021,DISCRIMINACIÓN POR RAZÓN DE ENFERMEDAD,Masculino,0
PAQUISTÁN,2021,DISCRIMINACIÓN POR RAZÓN DE ENFERMEDAD,Ambos sexos,0
PAQUISTÁN,2021,DISCRIMINACIÓN POR RAZÓN DE ENFERMEDAD,Femenino,0
PAQUISTÁN,2021,DISCRIMINACIÓN POR RAZÓN DE ENFERMEDAD,Masculino,0
PARAGUAY,2021,DISCRIMINACIÓN POR RAZÓN DE ENFERMEDAD,Ambos sexos,0
PARAGUAY,2021,DISCRIMINACIÓN POR RAZÓN DE ENFERMEDAD,Femenino,0
PARAGUAY,2021,DISCRIMINACIÓN POR RAZÓN DE ENFERMEDAD,Masculino,0
PAÍS DESCONOCIDO,2021,DISCRIMINACIÓN POR RAZÓN DE ENFERMEDAD,Ambos sexos,0
PAÍS DESCONOCIDO,2021,DISCRIMINACIÓN POR RAZÓN DE ENFERMEDAD,Femenino,0
PAÍS DESCONOCIDO,2021,DISCRIMINACIÓN POR RAZÓN DE ENFERMEDAD,Masculino,0
PAÍS NO CODIFICADO,2021,DISCRIMINACIÓN POR RAZÓN DE ENFERMEDAD,Ambos sexos,0
PAÍS NO CODIFICADO,2021,DISCRIMINACIÓN POR RAZÓN DE ENFERMEDAD,Femenino,0
PAÍS NO CODIFICADO,2021,DISCRIMINACIÓN POR RAZÓN DE ENFERMEDAD,Masculino,0
PERÚ,2021,DISCRIMINACIÓN POR RAZÓN DE ENFERMEDAD,Ambos sexos,0
PERÚ,2021,DISCRIMINACIÓN POR RAZÓN DE ENFERMEDAD,Femenino,0
PERÚ,2021,DISCRIMINACIÓN POR RAZÓN DE ENFERMEDAD,Masculino,0
POLONIA,2021,DISCRIMINACIÓN POR RAZÓN DE ENFERMEDAD,Ambos sexos,0
POLONIA,2021,DISCRIMINACIÓN POR RAZÓN DE ENFERMEDAD,Femenino,0
POLONIA,2021,DISCRIMINACIÓN POR RAZÓN DE ENFERMEDAD,Masculino,0
PORTUGAL,2021,DISCRIMINACIÓN POR RAZÓN DE ENFERMEDAD,Ambos sexos,0
PORTUGAL,2021,DISCRIMINACIÓN POR RAZÓN DE ENFERMEDAD,Femenino,0
PORTUGAL,2021,DISCRIMINACIÓN POR RAZÓN DE ENFERMEDAD,Masculino,0
REINO UNIDO,2021,DISCRIMINACIÓN POR RAZÓN DE ENFERMEDAD,Ambos sexos,0
REINO UNIDO,2021,DISCRIMINACIÓN POR RAZÓN DE ENFERMEDAD,Femenino,0
REINO UNIDO,2021,DISCRIMINACIÓN POR RAZÓN DE ENFERMEDAD,Masculino,0
REPÚBLICA CHECA,2021,DISCRIMINACIÓN POR RAZÓN DE ENFERMEDAD,Ambos sexos,0
REPÚBLICA CHECA,2021,DISCRIMINACIÓN POR RAZÓN DE ENFERMEDAD,Femenino,0
REPÚBLICA CHECA,2021,DISCRIMINACIÓN POR RAZÓN DE ENFERMEDAD,Masculino,0
REPÚBLICA DOMINICANA,2021,DISCRIMINACIÓN POR RAZÓN DE ENFERMEDAD,Ambos sexos,0
REPÚBLICA DOMINICANA,2021,DISCRIMINACIÓN POR RAZÓN DE ENFERMEDAD,Femenino,0
REPÚBLICA DOMINICANA,2021,DISCRIMINACIÓN POR RAZÓN DE ENFERMEDAD,Masculino,0
RUMANÍA,2021,DISCRIMINACIÓN POR RAZÓN DE ENFERMEDAD,Ambos sexos,0
RUMANÍA,2021,DISCRIMINACIÓN POR RAZÓN DE ENFERMEDAD,Femenino,0
RUMANÍA,2021,DISCRIMINACIÓN POR RAZÓN DE ENFERMEDAD,Masculino,0
RUSIA,2021,DISCRIMINACIÓN POR RAZÓN DE ENFERMEDAD,Ambos sexos,0
RUSIA,2021,DISCRIMINACIÓN POR RAZÓN DE ENFERMEDAD,Femenino,0
RUSIA,2021,DISCRIMINACIÓN POR RAZÓN DE ENFERMEDAD,Masculino,0
SENEGAL,2021,DISCRIMINACIÓN POR RAZÓN DE ENFERMEDAD,Ambos sexos,0
SENEGAL,2021,DISCRIMINACIÓN POR RAZÓN DE ENFERMEDAD,Femenino,0
SENEGAL,2021,DISCRIMINACIÓN POR RAZÓN DE ENFERMEDAD,Masculino,0
SERBIA (YUGOSLAVIA),2021,DISCRIMINACIÓN POR RAZÓN DE ENFERMEDAD,Ambos sexos,0
SERBIA (YUGOSLAVIA),2021,DISCRIMINACIÓN POR RAZÓN DE ENFERMEDAD,Femenino,0
SERBIA (YUGOSLAVIA),2021,DISCRIMINACIÓN POR RAZÓN DE ENFERMEDAD,Masculino,0
SIERRA LEONA,2021,DISCRIMINACIÓN POR RAZÓN DE ENFERMEDAD,Ambos sexos,0
SIERRA LEONA,2021,DISCRIMINACIÓN POR RAZÓN DE ENFERMEDAD,Femenino,0
SIERRA LEONA,2021,DISCRIMINACIÓN POR RAZÓN DE ENFERMEDAD,Masculino,0
SIRIA,2021,DISCRIMINACIÓN POR RAZÓN DE ENFERMEDAD,Ambos sexos,0
SIRIA,2021,DISCRIMINACIÓN POR RAZÓN DE ENFERMEDAD,Femenino,0
SIRIA,2021,DISCRIMINACIÓN POR RAZÓN DE ENFERMEDAD,Masculino,0
SUDÁFRICA R.,2021,DISCRIMINACIÓN POR RAZÓN DE ENFERMEDAD,Ambos sexos,0
SUDÁFRICA R.,2021,DISCRIMINACIÓN POR RAZÓN DE ENFERMEDAD,Femenino,0
SUDÁFRICA R.,2021,DISCRIMINACIÓN POR RAZÓN DE ENFERMEDAD,Masculino,0
SUECIA,2021,DISCRIMINACIÓN POR RAZÓN DE ENFERMEDAD,Ambos sexos,0
SUECIA,2021,DISCRIMINACIÓN POR RAZÓN DE ENFERMEDAD,Femenino,0
SUECIA,2021,DISCRIMINACIÓN POR RAZÓN DE ENFERMEDAD,Masculino,0
SUIZA,2021,DISCRIMINACIÓN POR RAZÓN DE ENFERMEDAD,Ambos sexos,0
SUIZA,2021,DISCRIMINACIÓN POR RAZÓN DE ENFERMEDAD,Femenino,0
SUIZA,2021,DISCRIMINACIÓN POR RAZÓN DE ENFERMEDAD,Masculino,0
TOTAL nacionalidad,2021,DISCRIMINACIÓN POR RAZÓN DE ENFERMEDAD,Ambos sexos,0
TOTAL nacionalidad,2021,DISCRIMINACIÓN POR RAZÓN DE ENFERMEDAD,Femenino,0
TOTAL nacionalidad,2021,DISCRIMINACIÓN POR RAZÓN DE ENFERMEDAD,Masculino,0
TURQUÍA,2021,DISCRIMINACIÓN POR RAZÓN DE ENFERMEDAD,Ambos sexos,0
TURQUÍA,2021,DISCRIMINACIÓN POR RAZÓN DE ENFERMEDAD,Femenino,0
TURQUÍA,2021,DISCRIMINACIÓN POR RAZÓN DE ENFERMEDAD,Masculino,0
TÚNEZ,2021,DISCRIMINACIÓN POR RAZÓN DE ENFERMEDAD,Ambos sexos,0
TÚNEZ,2021,DISCRIMINACIÓN POR RAZÓN DE ENFERMEDAD,Femenino,0
TÚNEZ,2021,DISCRIMINACIÓN POR RAZÓN DE ENFERMEDAD,Masculino,0
UCRANIA,2021,DISCRIMINACIÓN POR RAZÓN DE ENFERMEDAD,Ambos sexos,0
UCRANIA,2021,DISCRIMINACIÓN POR RAZÓN DE ENFERMEDAD,Femenino,0
UCRANIA,2021,DISCRIMINACIÓN POR RAZÓN DE ENFERMEDAD,Masculino,0
URUGUAY,2021,DISCRIMINACIÓN POR RAZÓN DE ENFERMEDAD,Ambos sexos,0
URUGUAY,2021,DISCRIMINACIÓN POR RAZÓN DE ENFERMEDAD,Femenino,0
URUGUAY,2021,DISCRIMINACIÓN POR RAZÓN DE ENFERMEDAD,Masculino,0
VENEZUELA,2021,DISCRIMINACIÓN POR RAZÓN DE ENFERMEDAD,Ambos sexos,0
VENEZUELA,2021,DISCRIMINACIÓN POR RAZÓN DE ENFERMEDAD,Femenino,0
VENEZUELA,2021,DISCRIMINACIÓN POR RAZÓN DE ENFERMEDAD,Masculino,0
ZAMBIA,2021,DISCRIMINACIÓN POR RAZÓN DE ENFERMEDAD,Ambos sexos,0
ZAMBIA,2021,DISCRIMINACIÓN POR RAZÓN DE ENFERMEDAD,Femenino,0
ZAMBIA,2021,DISCRIMINACIÓN POR RAZÓN DE ENFERMEDAD,Masculino,0
ALBANIA,2021,DISCRIMINACIÓN POR RAZÓN DE SEXO/GÉNERO,Ambos sexos,0
ALBANIA,2021,DISCRIMINACIÓN POR RAZÓN DE SEXO/GÉNERO,Femenino,0
ALBANIA,2021,DISCRIMINACIÓN POR RAZÓN DE SEXO/GÉNERO,Masculino,0
ALEMANIA,2021,DISCRIMINACIÓN POR RAZÓN DE SEXO/GÉNERO,Ambos sexos,0
ALEMANIA,2021,DISCRIMINACIÓN POR RAZÓN DE SEXO/GÉNERO,Femenino,0
ALEMANIA,2021,DISCRIMINACIÓN POR RAZÓN DE SEXO/GÉNERO,Masculino,0
ANDORRA,2021,DISCRIMINACIÓN POR RAZÓN DE SEXO/GÉNERO,Ambos sexos,0
ANDORRA,2021,DISCRIMINACIÓN POR RAZÓN DE SEXO/GÉNERO,Femenino,0
ANDORRA,2021,DISCRIMINACIÓN POR RAZÓN DE SEXO/GÉNERO,Masculino,0
ANGOLA,2021,DISCRIMINACIÓN POR RAZÓN DE SEXO/GÉNERO,Ambos sexos,0
ANGOLA,2021,DISCRIMINACIÓN POR RAZÓN DE SEXO/GÉNERO,Femenino,0
ANGOLA,2021,DISCRIMINACIÓN POR RAZÓN DE SEXO/GÉNERO,Masculino,0
ARGELIA,2021,DISCRIMINACIÓN POR RAZÓN DE SEXO/GÉNERO,Ambos sexos,0
ARGELIA,2021,DISCRIMINACIÓN POR RAZÓN DE SEXO/GÉNERO,Femenino,0
ARGELIA,2021,DISCRIMINACIÓN POR RAZÓN DE SEXO/GÉNERO,Masculino,0
ARGENTINA,2021,DISCRIMINACIÓN POR RAZÓN DE SEXO/GÉNERO,Ambos sexos,0
ARGENTINA,2021,DISCRIMINACIÓN POR RAZÓN DE SEXO/GÉNERO,Femenino,0
ARGENTINA,2021,DISCRIMINACIÓN POR RAZÓN DE SEXO/GÉNERO,Masculino,0
ARMENIA,2021,DISCRIMINACIÓN POR RAZÓN DE SEXO/GÉNERO,Ambos sexos,0
ARMENIA,2021,DISCRIMINACIÓN POR RAZÓN DE SEXO/GÉNERO,Femenino,0
ARMENIA,2021,DISCRIMINACIÓN POR RAZÓN DE SEXO/GÉNERO,Masculino,0
BANGLADESH,2021,DISCRIMINACIÓN POR RAZÓN DE SEXO/GÉNERO,Ambos sexos,0
BANGLADESH,2021,DISCRIMINACIÓN POR RAZÓN DE SEXO/GÉNERO,Femenino,0
BANGLADESH,2021,DISCRIMINACIÓN POR RAZÓN DE SEXO/GÉNERO,Masculino,0
BIELORRUSIA,2021,DISCRIMINACIÓN POR RAZÓN DE SEXO/GÉNERO,Ambos sexos,0
BIELORRUSIA,2021,DISCRIMINACIÓN POR RAZÓN DE SEXO/GÉNERO,Femenino,0
BIELORRUSIA,2021,DISCRIMINACIÓN POR RAZÓN DE SEXO/GÉNERO,Masculino,0
BOLIVIA,2021,DISCRIMINACIÓN POR RAZÓN DE SEXO/GÉNERO,Ambos sexos,0
BOLIVIA,2021,DISCRIMINACIÓN POR RAZÓN DE SEXO/GÉNERO,Femenino,0
BOLIVIA,2021,DISCRIMINACIÓN POR RAZÓN DE SEXO/GÉNERO,Masculino,0
BRASIL,2021,DISCRIMINACIÓN POR RAZÓN DE SEXO/GÉNERO,Ambos sexos,0
BRASIL,2021,DISCRIMINACIÓN POR RAZÓN DE SEXO/GÉNERO,Femenino,0
BRASIL,2021,DISCRIMINACIÓN POR RAZÓN DE SEXO/GÉNERO,Masculino,0
BULGARIA,2021,DISCRIMINACIÓN POR RAZÓN DE SEXO/GÉNERO,Ambos sexos,0
BULGARIA,2021,DISCRIMINACIÓN POR RAZÓN DE SEXO/GÉNERO,Femenino,0
BULGARIA,2021,DISCRIMINACIÓN POR RAZÓN DE SEXO/GÉNERO,Masculino,0
BÉLGICA,2021,DISCRIMINACIÓN POR RAZÓN DE SEXO/GÉNERO,Ambos sexos,0
BÉLGICA,2021,DISCRIMINACIÓN POR RAZÓN DE SEXO/GÉNERO,Femenino,0
BÉLGICA,2021,DISCRIMINACIÓN POR RAZÓN DE SEXO/GÉNERO,Masculino,0
CAMERÚN,2021,DISCRIMINACIÓN POR RAZÓN DE SEXO/GÉNERO,Ambos sexos,0
CAMERÚN,2021,DISCRIMINACIÓN POR RAZÓN DE SEXO/GÉNERO,Femenino,0
CAMERÚN,2021,DISCRIMINACIÓN POR RAZÓN DE SEXO/GÉNERO,Masculino,0
CENTRO ÁFRICANA REPÚBLICA,2021,DISCRIMINACIÓN POR RAZÓN DE SEXO/GÉNERO,Ambos sexos,0
CENTRO ÁFRICANA REPÚBLICA,2021,DISCRIMINACIÓN POR RAZÓN DE SEXO/GÉNERO,Femenino,0
CENTRO ÁFRICANA REPÚBLICA,2021,DISCRIMINACIÓN POR RAZÓN DE SEXO/GÉNERO,Masculino,0
CHILE,2021,DISCRIMINACIÓN POR RAZÓN DE SEXO/GÉNERO,Ambos sexos,0
CHILE,2021,DISCRIMINACIÓN POR RAZÓN DE SEXO/GÉNERO,Femenino,0
CHILE,2021,DISCRIMINACIÓN POR RAZÓN DE SEXO/GÉNERO,Masculino,0
CHINA POPULAR,2021,DISCRIMINACIÓN POR RAZÓN DE SEXO/GÉNERO,Ambos sexos,0
CHINA POPULAR,2021,DISCRIMINACIÓN POR RAZÓN DE SEXO/GÉNERO,Femenino,0
CHINA POPULAR,2021,DISCRIMINACIÓN POR RAZÓN DE SEXO/GÉNERO,Masculino,0
COLOMBIA,2021,DISCRIMINACIÓN POR RAZÓN DE SEXO/GÉNERO,Ambos sexos,0
COLOMBIA,2021,DISCRIMINACIÓN POR RAZÓN DE SEXO/GÉNERO,Femenino,0
COLOMBIA,2021,DISCRIMINACIÓN POR RAZÓN DE SEXO/GÉNERO,Masculino,0
CONGO-BRAZZAVILLE,2021,DISCRIMINACIÓN POR RAZÓN DE SEXO/GÉNERO,Ambos sexos,0
CONGO-BRAZZAVILLE,2021,DISCRIMINACIÓN POR RAZÓN DE SEXO/GÉNERO,Femenino,0
CONGO-BRAZZAVILLE,2021,DISCRIMINACIÓN POR RAZÓN DE SEXO/GÉNERO,Masculino,0
COSTA DE MARFIL,2021,DISCRIMINACIÓN POR RAZÓN DE SEXO/GÉNERO,Ambos sexos,0
COSTA DE MARFIL,2021,DISCRIMINACIÓN POR RAZÓN DE SEXO/GÉNERO,Femenino,0
COSTA DE MARFIL,2021,DISCRIMINACIÓN POR RAZÓN DE SEXO/GÉNERO,Masculino,0
CROACIA,2021,DISCRIMINACIÓN POR RAZÓN DE SEXO/GÉNERO,Ambos sexos,0
CROACIA,2021,DISCRIMINACIÓN POR RAZÓN DE SEXO/GÉNERO,Femenino,0
CROACIA,2021,DISCRIMINACIÓN POR RAZÓN DE SEXO/GÉNERO,Masculino,0
CUBA,2021,DISCRIMINACIÓN POR RAZÓN DE SEXO/GÉNERO,Ambos sexos,0
CUBA,2021,DISCRIMINACIÓN POR RAZÓN DE SEXO/GÉNERO,Femenino,0
CUBA,2021,DISCRIMINACIÓN POR RAZÓN DE SEXO/GÉNERO,Masculino,0
ECUADOR,2021,DISCRIMINACIÓN POR RAZÓN DE SEXO/GÉNERO,Ambos sexos,0
ECUADOR,2021,DISCRIMINACIÓN POR RAZÓN DE SEXO/GÉNERO,Femenino,0
ECUADOR,2021,DISCRIMINACIÓN POR RAZÓN DE SEXO/GÉNERO,Masculino,0
EE.UU.,2021,DISCRIMINACIÓN POR RAZÓN DE SEXO/GÉNERO,Ambos sexos,0
EE.UU.,2021,DISCRIMINACIÓN POR RAZÓN DE SEXO/GÉNERO,Femenino,0
EE.UU.,2021,DISCRIMINACIÓN POR RAZÓN DE SEXO/GÉNERO,Masculino,0
EGIPTO,2021,DISCRIMINACIÓN POR RAZÓN DE SEXO/GÉNERO,Ambos sexos,0
EGIPTO,2021,DISCRIMINACIÓN POR RAZÓN DE SEXO/GÉNERO,Femenino,0
EGIPTO,2021,DISCRIMINACIÓN POR RAZÓN DE SEXO/GÉNERO,Masculino,0
EL SALVADOR,2021,DISCRIMINACIÓN POR RAZÓN DE SEXO/GÉNERO,Ambos sexos,0
EL SALVADOR,2021,DISCRIMINACIÓN POR RAZÓN DE SEXO/GÉNERO,Femenino,0
EL SALVADOR,2021,DISCRIMINACIÓN POR RAZÓN DE SEXO/GÉNERO,Masculino,0
ERITREA,2021,DISCRIMINACIÓN POR RAZÓN DE SEXO/GÉNERO,Ambos sexos,0
ERITREA,2021,DISCRIMINACIÓN POR RAZÓN DE SEXO/GÉNERO,Femenino,0
ERITREA,2021,DISCRIMINACIÓN POR RAZÓN DE SEXO/GÉNERO,Masculino,0
ESLOVAQUIA,2021,DISCRIMINACIÓN POR RAZÓN DE SEXO/GÉNERO,Ambos sexos,0
ESLOVAQUIA,2021,DISCRIMINACIÓN POR RAZÓN DE SEXO/GÉNERO,Femenino,0
ESLOVAQUIA,2021,DISCRIMINACIÓN POR RAZÓN DE SEXO/GÉNERO,Masculino,0
ESPAÑA,2021,DISCRIMINACIÓN POR RAZÓN DE SEXO/GÉNERO,Ambos sexos,0
ESPAÑA,2021,DISCRIMINACIÓN POR RAZÓN DE SEXO/GÉNERO,Femenino,0
ESPAÑA,2021,DISCRIMINACIÓN POR RAZÓN DE SEXO/GÉNERO,Masculino,0
ESTONIA,2021,DISCRIMINACIÓN POR RAZÓN DE SEXO/GÉNERO,Ambos sexos,0
ESTONIA,2021,DISCRIMINACIÓN POR RAZÓN DE SEXO/GÉNERO,Femenino,0
ESTONIA,2021,DISCRIMINACIÓN POR RAZÓN DE SEXO/GÉNERO,Masculino,0
FILIPINAS,2021,DISCRIMINACIÓN POR RAZÓN DE SEXO/GÉNERO,Ambos sexos,0
FILIPINAS,2021,DISCRIMINACIÓN POR RAZÓN DE SEXO/GÉNERO,Femenino,0
FILIPINAS,2021,DISCRIMINACIÓN POR RAZÓN DE SEXO/GÉNERO,Masculino,0
FRANCIA,2021,DISCRIMINACIÓN POR RAZÓN DE SEXO/GÉNERO,Ambos sexos,0
FRANCIA,2021,DISCRIMINACIÓN POR RAZÓN DE SEXO/GÉNERO,Femenino,0
FRANCIA,2021,DISCRIMINACIÓN POR RAZÓN DE SEXO/GÉNERO,Masculino,0
GAMBIA,2021,DISCRIMINACIÓN POR RAZÓN DE SEXO/GÉNERO,Ambos sexos,0
GAMBIA,2021,DISCRIMINACIÓN POR RAZÓN DE SEXO/GÉNERO,Femenino,0
GAMBIA,2021,DISCRIMINACIÓN POR RAZÓN DE SEXO/GÉNERO,Masculino,0
GEORGIA,2021,DISCRIMINACIÓN POR RAZÓN DE SEXO/GÉNERO,Ambos sexos,0
GEORGIA,2021,DISCRIMINACIÓN POR RAZÓN DE SEXO/GÉNERO,Femenino,0
GEORGIA,2021,DISCRIMINACIÓN POR RAZÓN DE SEXO/GÉNERO,Masculino,0
GHANA,2021,DISCRIMINACIÓN POR RAZÓN DE SEXO/GÉNERO,Ambos sexos,0
GHANA,2021,DISCRIMINACIÓN POR RAZÓN DE SEXO/GÉNERO,Femenino,0
GHANA,2021,DISCRIMINACIÓN POR RAZÓN DE SEXO/GÉNERO,Masculino,0
GRECIA,2021,DISCRIMINACIÓN POR RAZÓN DE SEXO/GÉNERO,Ambos sexos,0
GRECIA,2021,DISCRIMINACIÓN POR RAZÓN DE SEXO/GÉNERO,Femenino,0
GRECIA,2021,DISCRIMINACIÓN POR RAZÓN DE SEXO/GÉNERO,Masculino,0
GUATEMALA,2021,DISCRIMINACIÓN POR RAZÓN DE SEXO/GÉNERO,Ambos sexos,0
GUATEMALA,2021,DISCRIMINACIÓN POR RAZÓN DE SEXO/GÉNERO,Femenino,0
GUATEMALA,2021,DISCRIMINACIÓN POR RAZÓN DE SEXO/GÉNERO,Masculino,0
GUINEA ECUATORIAL,2021,DISCRIMINACIÓN POR RAZÓN DE SEXO/GÉNERO,Ambos sexos,0
GUINEA ECUATORIAL,2021,DISCRIMINACIÓN POR RAZÓN DE SEXO/GÉNERO,Femenino,0
GUINEA ECUATORIAL,2021,DISCRIMINACIÓN POR RAZÓN DE SEXO/GÉNERO,Masculino,0
GUINEA REP.,2021,DISCRIMINACIÓN POR RAZÓN DE SEXO/GÉNERO,Ambos sexos,0
GUINEA REP.,2021,DISCRIMINACIÓN POR RAZÓN DE SEXO/GÉNERO,Femenino,0
GUINEA REP.,2021,DISCRIMINACIÓN POR RAZÓN DE SEXO/GÉNERO,Masculino,0
HAITI,2021,DISCRIMINACIÓN POR RAZÓN DE SEXO/GÉNERO,Ambos sexos,0
HAITI,2021,DISCRIMINACIÓN POR RAZÓN DE SEXO/GÉNERO,Femenino,0
HAITI,2021,DISCRIMINACIÓN POR RAZÓN DE SEXO/GÉNERO,Masculino,0
HOLANDA,2021,DISCRIMINACIÓN POR RAZÓN DE SEXO/GÉNERO,Ambos sexos,0
HOLANDA,2021,DISCRIMINACIÓN POR RAZÓN DE SEXO/GÉNERO,Femenino,0
HOLANDA,2021,DISCRIMINACIÓN POR RAZÓN DE SEXO/GÉNERO,Masculino,0
HONDURAS,2021,DISCRIMINACIÓN POR RAZÓN DE SEXO/GÉNERO,Ambos sexos,0
HONDURAS,2021,DISCRIMINACIÓN POR RAZÓN DE SEXO/GÉNERO,Femenino,0
HONDURAS,2021,DISCRIMINACIÓN POR RAZÓN DE SEXO/GÉNERO,Masculino,0
INDIA,2021,DISCRIMINACIÓN POR RAZÓN DE SEXO/GÉNERO,Ambos sexos,0
INDIA,2021,DISCRIMINACIÓN POR RAZÓN DE SEXO/GÉNERO,Femenino,0
INDIA,2021,DISCRIMINACIÓN POR RAZÓN DE SEXO/GÉNERO,Masculino,0
IRLANDA,2021,DISCRIMINACIÓN POR RAZÓN DE SEXO/GÉNERO,Ambos sexos,0
IRLANDA,2021,DISCRIMINACIÓN POR RAZÓN DE SEXO/GÉNERO,Femenino,0
IRLANDA,2021,DISCRIMINACIÓN POR RAZÓN DE SEXO/GÉNERO,Masculino,0
IRÁN,2021,DISCRIMINACIÓN POR RAZÓN DE SEXO/GÉNERO,Ambos sexos,0
IRÁN,2021,DISCRIMINACIÓN POR RAZÓN DE SEXO/GÉNERO,Femenino,0
IRÁN,2021,DISCRIMINACIÓN POR RAZÓN DE SEXO/GÉNERO,Masculino,0
ISRAEL,2021,DISCRIMINACIÓN POR RAZÓN DE SEXO/GÉNERO,Ambos sexos,0
ISRAEL,2021,DISCRIMINACIÓN POR RAZÓN DE SEXO/GÉNERO,Femenino,0
ISRAEL,2021,DISCRIMINACIÓN POR RAZÓN DE SEXO/GÉNERO,Masculino,0
ITALIA,2021,DISCRIMINACIÓN POR RAZÓN DE SEXO/GÉNERO,Ambos sexos,0
ITALIA,2021,DISCRIMINACIÓN POR RAZÓN DE SEXO/GÉNERO,Femenino,0
ITALIA,2021,DISCRIMINACIÓN POR RAZÓN DE SEXO/GÉNERO,Masculino,0
LETONIA,2021,DISCRIMINACIÓN POR RAZÓN DE SEXO/GÉNERO,Ambos sexos,0
LETONIA,2021,DISCRIMINACIÓN POR RAZÓN DE SEXO/GÉNERO,Femenino,0
LETONIA,2021,DISCRIMINACIÓN POR RAZÓN DE SEXO/GÉNERO,Masculino,0
LIBERIA,2021,DISCRIMINACIÓN POR RAZÓN DE SEXO/GÉNERO,Ambos sexos,0
LIBERIA,2021,DISCRIMINACIÓN POR RAZÓN DE SEXO/GÉNERO,Femenino,0
LIBERIA,2021,DISCRIMINACIÓN POR RAZÓN DE SEXO/GÉNERO,Masculino,0
LIBIA,2021,DISCRIMINACIÓN POR RAZÓN DE SEXO/GÉNERO,Ambos sexos,0
LIBIA,2021,DISCRIMINACIÓN POR RAZÓN DE SEXO/GÉNERO,Femenino,0
LIBIA,2021,DISCRIMINACIÓN POR RAZÓN DE SEXO/GÉNERO,Masculino,0
LITUANIA,2021,DISCRIMINACIÓN POR RAZÓN DE SEXO/GÉNERO,Ambos sexos,0
LITUANIA,2021,DISCRIMINACIÓN POR RAZÓN DE SEXO/GÉNERO,Femenino,0
LITUANIA,2021,DISCRIMINACIÓN POR RAZÓN DE SEXO/GÉNERO,Masculino,0
LÍBANO,2021,DISCRIMINACIÓN POR RAZÓN DE SEXO/GÉNERO,Ambos sexos,0
LÍBANO,2021,DISCRIMINACIÓN POR RAZÓN DE SEXO/GÉNERO,Femenino,0
LÍBANO,2021,DISCRIMINACIÓN POR RAZÓN DE SEXO/GÉNERO,Masculino,0
MALI,2021,DISCRIMINACIÓN POR RAZÓN DE SEXO/GÉNERO,Ambos sexos,0
MALI,2021,DISCRIMINACIÓN POR RAZÓN DE SEXO/GÉNERO,Femenino,0
MALI,2021,DISCRIMINACIÓN POR RAZÓN DE SEXO/GÉNERO,Masculino,0
MARRUECOS,2021,DISCRIMINACIÓN POR RAZÓN DE SEXO/GÉNERO,Ambos sexos,0
MARRUECOS,2021,DISCRIMINACIÓN POR RAZÓN DE SEXO/GÉNERO,Femenino,0
MARRUECOS,2021,DISCRIMINACIÓN POR RAZÓN DE SEXO/GÉNERO,Masculino,0
MAURITANIA,2021,DISCRIMINACIÓN POR RAZÓN DE SEXO/GÉNERO,Ambos sexos,0
MAURITANIA,2021,DISCRIMINACIÓN POR RAZÓN DE SEXO/GÉNERO,Femenino,0
MAURITANIA,2021,DISCRIMINACIÓN POR RAZÓN DE SEXO/GÉNERO,Masculino,0
MOLDAVIA,2021,DISCRIMINACIÓN POR RAZÓN DE SEXO/GÉNERO,Ambos sexos,0
MOLDAVIA,2021,DISCRIMINACIÓN POR RAZÓN DE SEXO/GÉNERO,Femenino,0
MOLDAVIA,2021,DISCRIMINACIÓN POR RAZÓN DE SEXO/GÉNERO,Masculino,0
MONGOLIA,2021,DISCRIMINACIÓN POR RAZÓN DE SEXO/GÉNERO,Ambos sexos,0
MONGOLIA,2021,DISCRIMINACIÓN POR RAZÓN DE SEXO/GÉNERO,Femenino,0
MONGOLIA,2021,DISCRIMINACIÓN POR RAZÓN DE SEXO/GÉNERO,Masculino,0
NEPAL,2021,DISCRIMINACIÓN POR RAZÓN DE SEXO/GÉNERO,Ambos sexos,0
NEPAL,2021,DISCRIMINACIÓN POR RAZÓN DE SEXO/GÉNERO,Femenino,0
NEPAL,2021,DISCRIMINACIÓN POR RAZÓN DE SEXO/GÉNERO,Masculino,0
NICARAGUA,2021,DISCRIMINACIÓN POR RAZÓN DE SEXO/GÉNERO,Ambos sexos,0
NICARAGUA,2021,DISCRIMINACIÓN POR RAZÓN DE SEXO/GÉNERO,Femenino,0
NICARAGUA,2021,DISCRIMINACIÓN POR RAZÓN DE SEXO/GÉNERO,Masculino,0
NIGERIA,2021,DISCRIMINACIÓN POR RAZÓN DE SEXO/GÉNERO,Ambos sexos,0
NIGERIA,2021,DISCRIMINACIÓN POR RAZÓN DE SEXO/GÉNERO,Femenino,0
NIGERIA,2021,DISCRIMINACIÓN POR RAZÓN DE SEXO/GÉNERO,Masculino,0
NÍGER REP.,2021,DISCRIMINACIÓN POR RAZÓN DE SEXO/GÉNERO,Ambos sexos,0
NÍGER REP.,2021,DISCRIMINACIÓN POR RAZÓN DE SEXO/GÉNERO,Femenino,0
NÍGER REP.,2021,DISCRIMINACIÓN POR RAZÓN DE SEXO/GÉNERO,Masculino,0
PANAMA,2021,DISCRIMINACIÓN POR RAZÓN DE SEXO/GÉNERO,Ambos sexos,0
PANAMA,2021,DISCRIMINACIÓN POR RAZÓN DE SEXO/GÉNERO,Femenino,0
PANAMA,2021,DISCRIMINACIÓN POR RAZÓN DE SEXO/GÉNERO,Masculino,0
PAQUISTÁN,2021,DISCRIMINACIÓN POR RAZÓN DE SEXO/GÉNERO,Ambos sexos,0
PAQUISTÁN,2021,DISCRIMINACIÓN POR RAZÓN DE SEXO/GÉNERO,Femenino,0
PAQUISTÁN,2021,DISCRIMINACIÓN POR RAZÓN DE SEXO/GÉNERO,Masculino,0
PARAGUAY,2021,DISCRIMINACIÓN POR RAZÓN DE SEXO/GÉNERO,Ambos sexos,0
PARAGUAY,2021,DISCRIMINACIÓN POR RAZÓN DE SEXO/GÉNERO,Femenino,0
PARAGUAY,2021,DISCRIMINACIÓN POR RAZÓN DE SEXO/GÉNERO,Masculino,0
PAÍS DESCONOCIDO,2021,DISCRIMINACIÓN POR RAZÓN DE SEXO/GÉNERO,Ambos sexos,0
PAÍS DESCONOCIDO,2021,DISCRIMINACIÓN POR RAZÓN DE SEXO/GÉNERO,Femenino,0
PAÍS DESCONOCIDO,2021,DISCRIMINACIÓN POR RAZÓN DE SEXO/GÉNERO,Masculino,0
PAÍS NO CODIFICADO,2021,DISCRIMINACIÓN POR RAZÓN DE SEXO/GÉNERO,Ambos sexos,0
PAÍS NO CODIFICADO,2021,DISCRIMINACIÓN POR RAZÓN DE SEXO/GÉNERO,Femenino,0
PAÍS NO CODIFICADO,2021,DISCRIMINACIÓN POR RAZÓN DE SEXO/GÉNERO,Masculino,0
PERÚ,2021,DISCRIMINACIÓN POR RAZÓN DE SEXO/GÉNERO,Ambos sexos,0
PERÚ,2021,DISCRIMINACIÓN POR RAZÓN DE SEXO/GÉNERO,Femenino,0
PERÚ,2021,DISCRIMINACIÓN POR RAZÓN DE SEXO/GÉNERO,Masculino,0
POLONIA,2021,DISCRIMINACIÓN POR RAZÓN DE SEXO/GÉNERO,Ambos sexos,0
POLONIA,2021,DISCRIMINACIÓN POR RAZÓN DE SEXO/GÉNERO,Femenino,0
POLONIA,2021,DISCRIMINACIÓN POR RAZÓN DE SEXO/GÉNERO,Masculino,0
PORTUGAL,2021,DISCRIMINACIÓN POR RAZÓN DE SEXO/GÉNERO,Ambos sexos,0
PORTUGAL,2021,DISCRIMINACIÓN POR RAZÓN DE SEXO/GÉNERO,Femenino,0
PORTUGAL,2021,DISCRIMINACIÓN POR RAZÓN DE SEXO/GÉNERO,Masculino,0
REINO UNIDO,2021,DISCRIMINACIÓN POR RAZÓN DE SEXO/GÉNERO,Ambos sexos,0
REINO UNIDO,2021,DISCRIMINACIÓN POR RAZÓN DE SEXO/GÉNERO,Femenino,0
REINO UNIDO,2021,DISCRIMINACIÓN POR RAZÓN DE SEXO/GÉNERO,Masculino,0
REPÚBLICA CHECA,2021,DISCRIMINACIÓN POR RAZÓN DE SEXO/GÉNERO,Ambos sexos,0
REPÚBLICA CHECA,2021,DISCRIMINACIÓN POR RAZÓN DE SEXO/GÉNERO,Femenino,0
REPÚBLICA CHECA,2021,DISCRIMINACIÓN POR RAZÓN DE SEXO/GÉNERO,Masculino,0
REPÚBLICA DOMINICANA,2021,DISCRIMINACIÓN POR RAZÓN DE SEXO/GÉNERO,Ambos sexos,0
REPÚBLICA DOMINICANA,2021,DISCRIMINACIÓN POR RAZÓN DE SEXO/GÉNERO,Femenino,0
REPÚBLICA DOMINICANA,2021,DISCRIMINACIÓN POR RAZÓN DE SEXO/GÉNERO,Masculino,0
RUMANÍA,2021,DISCRIMINACIÓN POR RAZÓN DE SEXO/GÉNERO,Ambos sexos,0
RUMANÍA,2021,DISCRIMINACIÓN POR RAZÓN DE SEXO/GÉNERO,Femenino,0
RUMANÍA,2021,DISCRIMINACIÓN POR RAZÓN DE SEXO/GÉNERO,Masculino,0
RUSIA,2021,DISCRIMINACIÓN POR RAZÓN DE SEXO/GÉNERO,Ambos sexos,0
RUSIA,2021,DISCRIMINACIÓN POR RAZÓN DE SEXO/GÉNERO,Femenino,0
RUSIA,2021,DISCRIMINACIÓN POR RAZÓN DE SEXO/GÉNERO,Masculino,0
SENEGAL,2021,DISCRIMINACIÓN POR RAZÓN DE SEXO/GÉNERO,Ambos sexos,0
SENEGAL,2021,DISCRIMINACIÓN POR RAZÓN DE SEXO/GÉNERO,Femenino,0
SENEGAL,2021,DISCRIMINACIÓN POR RAZÓN DE SEXO/GÉNERO,Masculino,0
SERBIA (YUGOSLAVIA),2021,DISCRIMINACIÓN POR RAZÓN DE SEXO/GÉNERO,Ambos sexos,0
SERBIA (YUGOSLAVIA),2021,DISCRIMINACIÓN POR RAZÓN DE SEXO/GÉNERO,Femenino,0
SERBIA (YUGOSLAVIA),2021,DISCRIMINACIÓN POR RAZÓN DE SEXO/GÉNERO,Masculino,0
SIERRA LEONA,2021,DISCRIMINACIÓN POR RAZÓN DE SEXO/GÉNERO,Ambos sexos,0
SIERRA LEONA,2021,DISCRIMINACIÓN POR RAZÓN DE SEXO/GÉNERO,Femenino,0
SIERRA LEONA,2021,DISCRIMINACIÓN POR RAZÓN DE SEXO/GÉNERO,Masculino,0
SIRIA,2021,DISCRIMINACIÓN POR RAZÓN DE SEXO/GÉNERO,Ambos sexos,0
SIRIA,2021,DISCRIMINACIÓN POR RAZÓN DE SEXO/GÉNERO,Femenino,0
SIRIA,2021,DISCRIMINACIÓN POR RAZÓN DE SEXO/GÉNERO,Masculino,0
SUDÁFRICA R.,2021,DISCRIMINACIÓN POR RAZÓN DE SEXO/GÉNERO,Ambos sexos,0
SUDÁFRICA R.,2021,DISCRIMINACIÓN POR RAZÓN DE SEXO/GÉNERO,Femenino,0
SUDÁFRICA R.,2021,DISCRIMINACIÓN POR RAZÓN DE SEXO/GÉNERO,Masculino,0
SUECIA,2021,DISCRIMINACIÓN POR RAZÓN DE SEXO/GÉNERO,Ambos sexos,0
SUECIA,2021,DISCRIMINACIÓN POR RAZÓN DE SEXO/GÉNERO,Femenino,0
SUECIA,2021,DISCRIMINACIÓN POR RAZÓN DE SEXO/GÉNERO,Masculino,0
SUIZA,2021,DISCRIMINACIÓN POR RAZÓN DE SEXO/GÉNERO,Ambos sexos,0
SUIZA,2021,DISCRIMINACIÓN POR RAZÓN DE SEXO/GÉNERO,Femenino,0
SUIZA,2021,DISCRIMINACIÓN POR RAZÓN DE SEXO/GÉNERO,Masculino,0
TOTAL nacionalidad,2021,DISCRIMINACIÓN POR RAZÓN DE SEXO/GÉNERO,Ambos sexos,0
TOTAL nacionalidad,2021,DISCRIMINACIÓN POR RAZÓN DE SEXO/GÉNERO,Femenino,0
TOTAL nacionalidad,2021,DISCRIMINACIÓN POR RAZÓN DE SEXO/GÉNERO,Masculino,0
TURQUÍA,2021,DISCRIMINACIÓN POR RAZÓN DE SEXO/GÉNERO,Ambos sexos,0
TURQUÍA,2021,DISCRIMINACIÓN POR RAZÓN DE SEXO/GÉNERO,Femenino,0
TURQUÍA,2021,DISCRIMINACIÓN POR RAZÓN DE SEXO/GÉNERO,Masculino,0
TÚNEZ,2021,DISCRIMINACIÓN POR RAZÓN DE SEXO/GÉNERO,Ambos sexos,0
TÚNEZ,2021,DISCRIMINACIÓN POR RAZÓN DE SEXO/GÉNERO,Femenino,0
TÚNEZ,2021,DISCRIMINACIÓN POR RAZÓN DE SEXO/GÉNERO,Masculino,0
UCRANIA,2021,DISCRIMINACIÓN POR RAZÓN DE SEXO/GÉNERO,Ambos sexos,0
UCRANIA,2021,DISCRIMINACIÓN POR RAZÓN DE SEXO/GÉNERO,Femenino,0
UCRANIA,2021,DISCRIMINACIÓN POR RAZÓN DE SEXO/GÉNERO,Masculino,0
URUGUAY,2021,DISCRIMINACIÓN POR RAZÓN DE SEXO/GÉNERO,Ambos sexos,0
URUGUAY,2021,DISCRIMINACIÓN POR RAZÓN DE SEXO/GÉNERO,Femenino,0
URUGUAY,2021,DISCRIMINACIÓN POR RAZÓN DE SEXO/GÉNERO,Masculino,0
VENEZUELA,2021,DISCRIMINACIÓN POR RAZÓN DE SEXO/GÉNERO,Ambos sexos,0
VENEZUELA,2021,DISCRIMINACIÓN POR RAZÓN DE SEXO/GÉNERO,Femenino,0
VENEZUELA,2021,DISCRIMINACIÓN POR RAZÓN DE SEXO/GÉNERO,Masculino,0
ZAMBIA,2021,DISCRIMINACIÓN POR RAZÓN DE SEXO/GÉNERO,Ambos sexos,0
ZAMBIA,2021,DISCRIMINACIÓN POR RAZÓN DE SEXO/GÉNERO,Femenino,0
ZAMBIA,2021,DISCRIMINACIÓN POR RAZÓN DE SEXO/GÉNERO,Masculino,0
ALBANIA,2021,DISFOBIA,Ambos sexos,0
ALBANIA,2021,DISFOBIA,Femenino,0
ALBANIA,2021,DISFOBIA,Masculino,0
ALEMANIA,2021,DISFOBIA,Ambos sexos,0
ALEMANIA,2021,DISFOBIA,Femenino,0
ALEMANIA,2021,DISFOBIA,Masculino,0
ANDORRA,2021,DISFOBIA,Ambos sexos,0
ANDORRA,2021,DISFOBIA,Femenino,0
ANDORRA,2021,DISFOBIA,Masculino,0
ANGOLA,2021,DISFOBIA,Ambos sexos,0
ANGOLA,2021,DISFOBIA,Femenino,0
ANGOLA,2021,DISFOBIA,Masculino,0
ARGELIA,2021,DISFOBIA,Ambos sexos,0
ARGELIA,2021,DISFOBIA,Femenino,0
ARGELIA,2021,DISFOBIA,Masculino,0
ARGENTINA,2021,DISFOBIA,Ambos sexos,1
ARGENTINA,2021,DISFOBIA,Femenino,0
ARGENTINA,2021,DISFOBIA,Masculino,1
ARMENIA,2021,DISFOBIA,Ambos sexos,0
ARMENIA,2021,DISFOBIA,Femenino,0
ARMENIA,2021,DISFOBIA,Masculino,0
BANGLADESH,2021,DISFOBIA,Ambos sexos,0
BANGLADESH,2021,DISFOBIA,Femenino,0
BANGLADESH,2021,DISFOBIA,Masculino,0
BIELORRUSIA,2021,DISFOBIA,Ambos sexos,0
BIELORRUSIA,2021,DISFOBIA,Femenino,0
BIELORRUSIA,2021,DISFOBIA,Masculino,0
BOLIVIA,2021,DISFOBIA,Ambos sexos,1
BOLIVIA,2021,DISFOBIA,Femenino,0
BOLIVIA,2021,DISFOBIA,Masculino,1
BRASIL,2021,DISFOBIA,Ambos sexos,0
BRASIL,2021,DISFOBIA,Femenino,0
BRASIL,2021,DISFOBIA,Masculino,0
BULGARIA,2021,DISFOBIA,Ambos sexos,0
BULGARIA,2021,DISFOBIA,Femenino,0
BULGARIA,2021,DISFOBIA,Masculino,0
BÉLGICA,2021,DISFOBIA,Ambos sexos,0
BÉLGICA,2021,DISFOBIA,Femenino,0
BÉLGICA,2021,DISFOBIA,Masculino,0
CAMERÚN,2021,DISFOBIA,Ambos sexos,0
CAMERÚN,2021,DISFOBIA,Femenino,0
CAMERÚN,2021,DISFOBIA,Masculino,0
CENTRO ÁFRICANA REPÚBLICA,2021,DISFOBIA,Ambos sexos,0
CENTRO ÁFRICANA REPÚBLICA,2021,DISFOBIA,Femenino,0
CENTRO ÁFRICANA REPÚBLICA,2021,DISFOBIA,Masculino,0
CHILE,2021,DISFOBIA,Ambos sexos,0
CHILE,2021,DISFOBIA,Femenino,0
CHILE,2021,DISFOBIA,Masculino,0
CHINA POPULAR,2021,DISFOBIA,Ambos sexos,0
CHINA POPULAR,2021,DISFOBIA,Femenino,0
CHINA POPULAR,2021,DISFOBIA,Masculino,0
COLOMBIA,2021,DISFOBIA,Ambos sexos,2
COLOMBIA,2021,DISFOBIA,Femenino,0
COLOMBIA,2021,DISFOBIA,Masculino,2
CONGO-BRAZZAVILLE,2021,DISFOBIA,Ambos sexos,0
CONGO-BRAZZAVILLE,2021,DISFOBIA,Femenino,0
CONGO-BRAZZAVILLE,2021,DISFOBIA,Masculino,0
COSTA DE MARFIL,2021,DISFOBIA,Ambos sexos,0
COSTA DE MARFIL,2021,DISFOBIA,Femenino,0
COSTA DE MARFIL,2021,DISFOBIA,Masculino,0
CROACIA,2021,DISFOBIA,Ambos sexos,0
CROACIA,2021,DISFOBIA,Femenino,0
CROACIA,2021,DISFOBIA,Masculino,0
CUBA,2021,DISFOBIA,Ambos sexos,0
CUBA,2021,DISFOBIA,Femenino,0
CUBA,2021,DISFOBIA,Masculino,0
ECUADOR,2021,DISFOBIA,Ambos sexos,3
ECUADOR,2021,DISFOBIA,Femenino,1
ECUADOR,2021,DISFOBIA,Masculino,2
EE.UU.,2021,DISFOBIA,Ambos sexos,0
EE.UU.,2021,DISFOBIA,Femenino,0
EE.UU.,2021,DISFOBIA,Masculino,0
EGIPTO,2021,DISFOBIA,Ambos sexos,0
EGIPTO,2021,DISFOBIA,Femenino,0
EGIPTO,2021,DISFOBIA,Masculino,0
EL SALVADOR,2021,DISFOBIA,Ambos sexos,0
EL SALVADOR,2021,DISFOBIA,Femenino,0
EL SALVADOR,2021,DISFOBIA,Masculino,0
ERITREA,2021,DISFOBIA,Ambos sexos,0
ERITREA,2021,DISFOBIA,Femenino,0
ERITREA,2021,DISFOBIA,Masculino,0
ESLOVAQUIA,2021,DISFOBIA,Ambos sexos,0
ESLOVAQUIA,2021,DISFOBIA,Femenino,0
ESLOVAQUIA,2021,DISFOBIA,Masculino,0
ESPAÑA,2021,DISFOBIA,Ambos sexos,90
ESPAÑA,2021,DISFOBIA,Femenino,10
ESPAÑA,2021,DISFOBIA,Masculino,80
ESTONIA,2021,DISFOBIA,Ambos sexos,0
ESTONIA,2021,DISFOBIA,Femenino,0
ESTONIA,2021,DISFOBIA,Masculino,0
FILIPINAS,2021,DISFOBIA,Ambos sexos,0
FILIPINAS,2021,DISFOBIA,Femenino,0
FILIPINAS,2021,DISFOBIA,Masculino,0
FRANCIA,2021,DISFOBIA,Ambos sexos,0
FRANCIA,2021,DISFOBIA,Femenino,0
FRANCIA,2021,DISFOBIA,Masculino,0
GAMBIA,2021,DISFOBIA,Ambos sexos,0
GAMBIA,2021,DISFOBIA,Femenino,0
GAMBIA,2021,DISFOBIA,Masculino,0
GEORGIA,2021,DISFOBIA,Ambos sexos,0
GEORGIA,2021,DISFOBIA,Femenino,0
GEORGIA,2021,DISFOBIA,Masculino,0
GHANA,2021,DISFOBIA,Ambos sexos,0
GHANA,2021,DISFOBIA,Femenino,0
GHANA,2021,DISFOBIA,Masculino,0
GRECIA,2021,DISFOBIA,Ambos sexos,0
GRECIA,2021,DISFOBIA,Femenino,0
GRECIA,2021,DISFOBIA,Masculino,0
GUATEMALA,2021,DISFOBIA,Ambos sexos,0
GUATEMALA,2021,DISFOBIA,Femenino,0
GUATEMALA,2021,DISFOBIA,Masculino,0
GUINEA ECUATORIAL,2021,DISFOBIA,Ambos sexos,0
GUINEA ECUATORIAL,2021,DISFOBIA,Femenino,0
GUINEA ECUATORIAL,2021,DISFOBIA,Masculino,0
GUINEA REP.,2021,DISFOBIA,Ambos sexos,0
GUINEA REP.,2021,DISFOBIA,Femenino,0
GUINEA REP.,2021,DISFOBIA,Masculino,0
HAITI,2021,DISFOBIA,Ambos sexos,0
HAITI,2021,DISFOBIA,Femenino,0
HAITI,2021,DISFOBIA,Masculino,0
HOLANDA,2021,DISFOBIA,Ambos sexos,0
HOLANDA,2021,DISFOBIA,Femenino,0
HOLANDA,2021,DISFOBIA,Masculino,0
HONDURAS,2021,DISFOBIA,Ambos sexos,0
HONDURAS,2021,DISFOBIA,Femenino,0
HONDURAS,2021,DISFOBIA,Masculino,0
INDIA,2021,DISFOBIA,Ambos sexos,0
INDIA,2021,DISFOBIA,Femenino,0
INDIA,2021,DISFOBIA,Masculino,0
IRLANDA,2021,DISFOBIA,Ambos sexos,0
IRLANDA,2021,DISFOBIA,Femenino,0
IRLANDA,2021,DISFOBIA,Masculino,0
IRÁN,2021,DISFOBIA,Ambos sexos,0
IRÁN,2021,DISFOBIA,Femenino,0
IRÁN,2021,DISFOBIA,Masculino,0
ISRAEL,2021,DISFOBIA,Ambos sexos,0
ISRAEL,2021,DISFOBIA,Femenino,0
ISRAEL,2021,DISFOBIA,Masculino,0
ITALIA,2021,DISFOBIA,Ambos sexos,0
ITALIA,2021,DISFOBIA,Femenino,0
ITALIA,2021,DISFOBIA,Masculino,0
LETONIA,2021,DISFOBIA,Ambos sexos,0
LETONIA,2021,DISFOBIA,Femenino,0
LETONIA,2021,DISFOBIA,Masculino,0
LIBERIA,2021,DISFOBIA,Ambos sexos,0
LIBERIA,2021,DISFOBIA,Femenino,0
LIBERIA,2021,DISFOBIA,Masculino,0
LIBIA,2021,DISFOBIA,Ambos sexos,0
LIBIA,2021,DISFOBIA,Femenino,0
LIBIA,2021,DISFOBIA,Masculino,0
LITUANIA,2021,DISFOBIA,Ambos sexos,0
LITUANIA,2021,DISFOBIA,Femenino,0
LITUANIA,2021,DISFOBIA,Masculino,0
LÍBANO,2021,DISFOBIA,Ambos sexos,0
LÍBANO,2021,DISFOBIA,Femenino,0
LÍBANO,2021,DISFOBIA,Masculino,0
MALI,2021,DISFOBIA,Ambos sexos,1
MALI,2021,DISFOBIA,Femenino,0
MALI,2021,DISFOBIA,Masculino,1
MARRUECOS,2021,DISFOBIA,Ambos sexos,4
MARRUECOS,2021,DISFOBIA,Femenino,0
MARRUECOS,2021,DISFOBIA,Masculino,4
MAURITANIA,2021,DISFOBIA,Ambos sexos,0
MAURITANIA,2021,DISFOBIA,Femenino,0
MAURITANIA,2021,DISFOBIA,Masculino,0
MOLDAVIA,2021,DISFOBIA,Ambos sexos,0
MOLDAVIA,2021,DISFOBIA,Femenino,0
MOLDAVIA,2021,DISFOBIA,Masculino,0
MONGOLIA,2021,DISFOBIA,Ambos sexos,0
MONGOLIA,2021,DISFOBIA,Femenino,0
MONGOLIA,2021,DISFOBIA,Masculino,0
NEPAL,2021,DISFOBIA,Ambos sexos,0
NEPAL,2021,DISFOBIA,Femenino,0
NEPAL,2021,DISFOBIA,Masculino,0
NICARAGUA,2021,DISFOBIA,Ambos sexos,0
NICARAGUA,2021,DISFOBIA,Femenino,0
NICARAGUA,2021,DISFOBIA,Masculino,0
NIGERIA,2021,DISFOBIA,Ambos sexos,0
NIGERIA,2021,DISFOBIA,Femenino,0
NIGERIA,2021,DISFOBIA,Masculino,0
NÍGER REP.,2021,DISFOBIA,Ambos sexos,0
NÍGER REP.,2021,DISFOBIA,Femenino,0
NÍGER REP.,2021,DISFOBIA,Masculino,0
PANAMA,2021,DISFOBIA,Ambos sexos,0
PANAMA,2021,DISFOBIA,Femenino,0
PANAMA,2021,DISFOBIA,Masculino,0
PAQUISTÁN,2021,DISFOBIA,Ambos sexos,0
PAQUISTÁN,2021,DISFOBIA,Femenino,0
PAQUISTÁN,2021,DISFOBIA,Masculino,0
PARAGUAY,2021,DISFOBIA,Ambos sexos,0
PARAGUAY,2021,DISFOBIA,Femenino,0
PARAGUAY,2021,DISFOBIA,Masculino,0
PAÍS DESCONOCIDO,2021,DISFOBIA,Ambos sexos,1
PAÍS DESCONOCIDO,2021,DISFOBIA,Femenino,0
PAÍS DESCONOCIDO,2021,DISFOBIA,Masculino,1
PAÍS NO CODIFICADO,2021,DISFOBIA,Ambos sexos,0
PAÍS NO CODIFICADO,2021,DISFOBIA,Femenino,0
PAÍS NO CODIFICADO,2021,DISFOBIA,Masculino,0
PERÚ,2021,DISFOBIA,Ambos sexos,0
PERÚ,2021,DISFOBIA,Femenino,0
PERÚ,2021,DISFOBIA,Masculino,0
POLONIA,2021,DISFOBIA,Ambos sexos,0
POLONIA,2021,DISFOBIA,Femenino,0
POLONIA,2021,DISFOBIA,Masculino,0
PORTUGAL,2021,DISFOBIA,Ambos sexos,0
PORTUGAL,2021,DISFOBIA,Femenino,0
PORTUGAL,2021,DISFOBIA,Masculino,0
REINO UNIDO,2021,DISFOBIA,Ambos sexos,0
REINO UNIDO,2021,DISFOBIA,Femenino,0
REINO UNIDO,2021,DISFOBIA,Masculino,0
REPÚBLICA CHECA,2021,DISFOBIA,Ambos sexos,0
REPÚBLICA CHECA,2021,DISFOBIA,Femenino,0
REPÚBLICA CHECA,2021,DISFOBIA,Masculino,0
REPÚBLICA DOMINICANA,2021,DISFOBIA,Ambos sexos,1
REPÚBLICA DOMINICANA,2021,DISFOBIA,Femenino,1
REPÚBLICA DOMINICANA,2021,DISFOBIA,Masculino,0
RUMANÍA,2021,DISFOBIA,Ambos sexos,3
RUMANÍA,2021,DISFOBIA,Femenino,0
RUMANÍA,2021,DISFOBIA,Masculino,3
RUSIA,2021,DISFOBIA,Ambos sexos,0
RUSIA,2021,DISFOBIA,Femenino,0
RUSIA,2021,DISFOBIA,Masculino,0
SENEGAL,2021,DISFOBIA,Ambos sexos,1
SENEGAL,2021,DISFOBIA,Femenino,0
SENEGAL,2021,DISFOBIA,Masculino,1
SERBIA (YUGOSLAVIA),2021,DISFOBIA,Ambos sexos,0
SERBIA (YUGOSLAVIA),2021,DISFOBIA,Femenino,0
SERBIA (YUGOSLAVIA),2021,DISFOBIA,Masculino,0
SIERRA LEONA,2021,DISFOBIA,Ambos sexos,0
SIERRA LEONA,2021,DISFOBIA,Femenino,0
SIERRA LEONA,2021,DISFOBIA,Masculino,0
SIRIA,2021,DISFOBIA,Ambos sexos,0
SIRIA,2021,DISFOBIA,Femenino,0
SIRIA,2021,DISFOBIA,Masculino,0
SUDÁFRICA R.,2021,DISFOBIA,Ambos sexos,0
SUDÁFRICA R.,2021,DISFOBIA,Femenino,0
SUDÁFRICA R.,2021,DISFOBIA,Masculino,0
SUECIA,2021,DISFOBIA,Ambos sexos,0
SUECIA,2021,DISFOBIA,Femenino,0
SUECIA,2021,DISFOBIA,Masculino,0
SUIZA,2021,DISFOBIA,Ambos sexos,0
SUIZA,2021,DISFOBIA,Femenino,0
SUIZA,2021,DISFOBIA,Masculino,0
TOTAL nacionalidad,2021,DISFOBIA,Ambos sexos,108
TOTAL nacionalidad,2021,DISFOBIA,Femenino,12
TOTAL nacionalidad,2021,DISFOBIA,Masculino,96
TURQUÍA,2021,DISFOBIA,Ambos sexos,0
TURQUÍA,2021,DISFOBIA,Femenino,0
TURQUÍA,2021,DISFOBIA,Masculino,0
TÚNEZ,2021,DISFOBIA,Ambos sexos,0
TÚNEZ,2021,DISFOBIA,Femenino,0
TÚNEZ,2021,DISFOBIA,Masculino,0
UCRANIA,2021,DISFOBIA,Ambos sexos,0
UCRANIA,2021,DISFOBIA,Femenino,0
UCRANIA,2021,DISFOBIA,Masculino,0
URUGUAY,2021,DISFOBIA,Ambos sexos,0
URUGUAY,2021,DISFOBIA,Femenino,0
URUGUAY,2021,DISFOBIA,Masculino,0
VENEZUELA,2021,DISFOBIA,Ambos sexos,0
VENEZUELA,2021,DISFOBIA,Femenino,0
VENEZUELA,2021,DISFOBIA,Masculino,0
ZAMBIA,2021,DISFOBIA,Ambos sexos,0
ZAMBIA,2021,DISFOBIA,Femenino,0
ZAMBIA,2021,DISFOBIA,Masculino,0
ALBANIA,2021,IDEOLOGÍA,Ambos sexos,0
ALBANIA,2021,IDEOLOGÍA,Femenino,0
ALBANIA,2021,IDEOLOGÍA,Masculino,0
ALEMANIA,2021,IDEOLOGÍA,Ambos sexos,0
ALEMANIA,2021,IDEOLOGÍA,Femenino,0
ALEMANIA,2021,IDEOLOGÍA,Masculino,0
ANDORRA,2021,IDEOLOGÍA,Ambos sexos,0
ANDORRA,2021,IDEOLOGÍA,Femenino,0
ANDORRA,2021,IDEOLOGÍA,Masculino,0
ANGOLA,2021,IDEOLOGÍA,Ambos sexos,0
ANGOLA,2021,IDEOLOGÍA,Femenino,0
ANGOLA,2021,IDEOLOGÍA,Masculino,0
ARGELIA,2021,IDEOLOGÍA,Ambos sexos,0
ARGELIA,2021,IDEOLOGÍA,Femenino,0
ARGELIA,2021,IDEOLOGÍA,Masculino,0
ARGENTINA,2021,IDEOLOGÍA,Ambos sexos,0
ARGENTINA,2021,IDEOLOGÍA,Femenino,0
ARGENTINA,2021,IDEOLOGÍA,Masculino,0
ARMENIA,2021,IDEOLOGÍA,Ambos sexos,0
ARMENIA,2021,IDEOLOGÍA,Femenino,0
ARMENIA,2021,IDEOLOGÍA,Masculino,0
BANGLADESH,2021,IDEOLOGÍA,Ambos sexos,0
BANGLADESH,2021,IDEOLOGÍA,Femenino,0
BANGLADESH,2021,IDEOLOGÍA,Masculino,0
BIELORRUSIA,2021,IDEOLOGÍA,Ambos sexos,0
BIELORRUSIA,2021,IDEOLOGÍA,Femenino,0
BIELORRUSIA,2021,IDEOLOGÍA,Masculino,0
BOLIVIA,2021,IDEOLOGÍA,Ambos sexos,0
BOLIVIA,2021,IDEOLOGÍA,Femenino,0
BOLIVIA,2021,IDEOLOGÍA,Masculino,0
BRASIL,2021,IDEOLOGÍA,Ambos sexos,0
BRASIL,2021,IDEOLOGÍA,Femenino,0
BRASIL,2021,IDEOLOGÍA,Masculino,0
BULGARIA,2021,IDEOLOGÍA,Ambos sexos,0
BULGARIA,2021,IDEOLOGÍA,Femenino,0
BULGARIA,2021,IDEOLOGÍA,Masculino,0
BÉLGICA,2021,IDEOLOGÍA,Ambos sexos,0
BÉLGICA,2021,IDEOLOGÍA,Femenino,0
BÉLGICA,2021,IDEOLOGÍA,Masculino,0
CAMERÚN,2021,IDEOLOGÍA,Ambos sexos,0
CAMERÚN,2021,IDEOLOGÍA,Femenino,0
CAMERÚN,2021,IDEOLOGÍA,Masculino,0
CENTRO ÁFRICANA REPÚBLICA,2021,IDEOLOGÍA,Ambos sexos,0
CENTRO ÁFRICANA REPÚBLICA,2021,IDEOLOGÍA,Femenino,0
CENTRO ÁFRICANA REPÚBLICA,2021,IDEOLOGÍA,Masculino,0
CHILE,2021,IDEOLOGÍA,Ambos sexos,0
CHILE,2021,IDEOLOGÍA,Femenino,0
CHILE,2021,IDEOLOGÍA,Masculino,0
CHINA POPULAR,2021,IDEOLOGÍA,Ambos sexos,0
CHINA POPULAR,2021,IDEOLOGÍA,Femenino,0
CHINA POPULAR,2021,IDEOLOGÍA,Masculino,0
COLOMBIA,2021,IDEOLOGÍA,Ambos sexos,0
COLOMBIA,2021,IDEOLOGÍA,Femenino,0
COLOMBIA,2021,IDEOLOGÍA,Masculino,0
CONGO-BRAZZAVILLE,2021,IDEOLOGÍA,Ambos sexos,0
CONGO-BRAZZAVILLE,2021,IDEOLOGÍA,Femenino,0
CONGO-BRAZZAVILLE,2021,IDEOLOGÍA,Masculino,0
COSTA DE MARFIL,2021,IDEOLOGÍA,Ambos sexos,0
COSTA DE MARFIL,2021,IDEOLOGÍA,Femenino,0
COSTA DE MARFIL,2021,IDEOLOGÍA,Masculino,0
CROACIA,2021,IDEOLOGÍA,Ambos sexos,0
CROACIA,2021,IDEOLOGÍA,Femenino,0
CROACIA,2021,IDEOLOGÍA,Masculino,0
CUBA,2021,IDEOLOGÍA,Ambos sexos,0
CUBA,2021,IDEOLOGÍA,Femenino,0
CUBA,2021,IDEOLOGÍA,Masculino,0
ECUADOR,2021,IDEOLOGÍA,Ambos sexos,0
ECUADOR,2021,IDEOLOGÍA,Femenino,0
ECUADOR,2021,IDEOLOGÍA,Masculino,0
EE.UU.,2021,IDEOLOGÍA,Ambos sexos,0
EE.UU.,2021,IDEOLOGÍA,Femenino,0
EE.UU.,2021,IDEOLOGÍA,Masculino,0
EGIPTO,2021,IDEOLOGÍA,Ambos sexos,0
EGIPTO,2021,IDEOLOGÍA,Femenino,0
EGIPTO,2021,IDEOLOGÍA,Masculino,0
EL SALVADOR,2021,IDEOLOGÍA,Ambos sexos,0
EL SALVADOR,2021,IDEOLOGÍA,Femenino,0
EL SALVADOR,2021,IDEOLOGÍA,Masculino,0
ERITREA,2021,IDEOLOGÍA,Ambos sexos,0
ERITREA,2021,IDEOLOGÍA,Femenino,0
ERITREA,2021,IDEOLOGÍA,Masculino,0
ESLOVAQUIA,2021,IDEOLOGÍA,Ambos sexos,0
ESLOVAQUIA,2021,IDEOLOGÍA,Femenino,0
ESLOVAQUIA,2021,IDEOLOGÍA,Masculino,0
ESPAÑA,2021,IDEOLOGÍA,Ambos sexos,0
ESPAÑA,2021,IDEOLOGÍA,Femenino,0
ESPAÑA,2021,IDEOLOGÍA,Masculino,0
ESTONIA,2021,IDEOLOGÍA,Ambos sexos,0
ESTONIA,2021,IDEOLOGÍA,Femenino,0
ESTONIA,2021,IDEOLOGÍA,Masculino,0
FILIPINAS,2021,IDEOLOGÍA,Ambos sexos,0
FILIPINAS,2021,IDEOLOGÍA,Femenino,0
FILIPINAS,2021,IDEOLOGÍA,Masculino,0
FRANCIA,2021,IDEOLOGÍA,Ambos sexos,0
FRANCIA,2021,IDEOLOGÍA,Femenino,0
FRANCIA,2021,IDEOLOGÍA,Masculino,0
GAMBIA,2021,IDEOLOGÍA,Ambos sexos,0
GAMBIA,2021,IDEOLOGÍA,Femenino,0
GAMBIA,2021,IDEOLOGÍA,Masculino,0
GEORGIA,2021,IDEOLOGÍA,Ambos sexos,0
GEORGIA,2021,IDEOLOGÍA,Femenino,0
GEORGIA,2021,IDEOLOGÍA,Masculino,0
GHANA,2021,IDEOLOGÍA,Ambos sexos,0
GHANA,2021,IDEOLOGÍA,Femenino,0
GHANA,2021,IDEOLOGÍA,Masculino,0
GRECIA,2021,IDEOLOGÍA,Ambos sexos,0
GRECIA,2021,IDEOLOGÍA,Femenino,0
GRECIA,2021,IDEOLOGÍA,Masculino,0
GUATEMALA,2021,IDEOLOGÍA,Ambos sexos,0
GUATEMALA,2021,IDEOLOGÍA,Femenino,0
GUATEMALA,2021,IDEOLOGÍA,Masculino,0
GUINEA ECUATORIAL,2021,IDEOLOGÍA,Ambos sexos,0
GUINEA ECUATORIAL,2021,IDEOLOGÍA,Femenino,0
GUINEA ECUATORIAL,2021,IDEOLOGÍA,Masculino,0
GUINEA REP.,2021,IDEOLOGÍA,Ambos sexos,0
GUINEA REP.,2021,IDEOLOGÍA,Femenino,0
GUINEA REP.,2021,IDEOLOGÍA,Masculino,0
HAITI,2021,IDEOLOGÍA,Ambos sexos,0
HAITI,2021,IDEOLOGÍA,Femenino,0
HAITI,2021,IDEOLOGÍA,Masculino,0
HOLANDA,2021,IDEOLOGÍA,Ambos sexos,0
HOLANDA,2021,IDEOLOGÍA,Femenino,0
HOLANDA,2021,IDEOLOGÍA,Masculino,0
HONDURAS,2021,IDEOLOGÍA,Ambos sexos,0
HONDURAS,2021,IDEOLOGÍA,Femenino,0
HONDURAS,2021,IDEOLOGÍA,Masculino,0
INDIA,2021,IDEOLOGÍA,Ambos sexos,0
INDIA,2021,IDEOLOGÍA,Femenino,0
INDIA,2021,IDEOLOGÍA,Masculino,0
IRLANDA,2021,IDEOLOGÍA,Ambos sexos,0
IRLANDA,2021,IDEOLOGÍA,Femenino,0
IRLANDA,2021,IDEOLOGÍA,Masculino,0
IRÁN,2021,IDEOLOGÍA,Ambos sexos,0
IRÁN,2021,IDEOLOGÍA,Femenino,0
IRÁN,2021,IDEOLOGÍA,Masculino,0
ISRAEL,2021,IDEOLOGÍA,Ambos sexos,0
ISRAEL,2021,IDEOLOGÍA,Femenino,0
ISRAEL,2021,IDEOLOGÍA,Masculino,0
ITALIA,2021,IDEOLOGÍA,Ambos sexos,0
ITALIA,2021,IDEOLOGÍA,Femenino,0
ITALIA,2021,IDEOLOGÍA,Masculino,0
LETONIA,2021,IDEOLOGÍA,Ambos sexos,0
LETONIA,2021,IDEOLOGÍA,Femenino,0
LETONIA,2021,IDEOLOGÍA,Masculino,0
LIBERIA,2021,IDEOLOGÍA,Ambos sexos,0
LIBERIA,2021,IDEOLOGÍA,Femenino,0
LIBERIA,2021,IDEOLOGÍA,Masculino,0
LIBIA,2021,IDEOLOGÍA,Ambos sexos,0
LIBIA,2021,IDEOLOGÍA,Femenino,0
LIBIA,2021,IDEOLOGÍA,Masculino,0
LITUANIA,2021,IDEOLOGÍA,Ambos sexos,0
LITUANIA,2021,IDEOLOGÍA,Femenino,0
LITUANIA,2021,IDEOLOGÍA,Masculino,0
LÍBANO,2021,IDEOLOGÍA,Ambos sexos,0
LÍBANO,2021,IDEOLOGÍA,Femenino,0
LÍBANO,2021,IDEOLOGÍA,Masculino,0
MALI,2021,IDEOLOGÍA,Ambos sexos,0
MALI,2021,IDEOLOGÍA,Femenino,0
MALI,2021,IDEOLOGÍA,Masculino,0
MARRUECOS,2021,IDEOLOGÍA,Ambos sexos,0
MARRUECOS,2021,IDEOLOGÍA,Femenino,0
MARRUECOS,2021,IDEOLOGÍA,Masculino,0
MAURITANIA,2021,IDEOLOGÍA,Ambos sexos,0
MAURITANIA,2021,IDEOLOGÍA,Femenino,0
MAURITANIA,2021,IDEOLOGÍA,Masculino,0
MOLDAVIA,2021,IDEOLOGÍA,Ambos sexos,0
MOLDAVIA,2021,IDEOLOGÍA,Femenino,0
MOLDAVIA,2021,IDEOLOGÍA,Masculino,0
MONGOLIA,2021,IDEOLOGÍA,Ambos sexos,0
MONGOLIA,2021,IDEOLOGÍA,Femenino,0
MONGOLIA,2021,IDEOLOGÍA,Masculino,0
NEPAL,2021,IDEOLOGÍA,Ambos sexos,0
NEPAL,2021,IDEOLOGÍA,Femenino,0
NEPAL,2021,IDEOLOGÍA,Masculino,0
NICARAGUA,2021,IDEOLOGÍA,Ambos sexos,0
NICARAGUA,2021,IDEOLOGÍA,Femenino,0
NICARAGUA,2021,IDEOLOGÍA,Masculino,0
NIGERIA,2021,IDEOLOGÍA,Ambos sexos,0
NIGERIA,2021,IDEOLOGÍA,Femenino,0
NIGERIA,2021,IDEOLOGÍA,Masculino,0
NÍGER REP.,2021,IDEOLOGÍA,Ambos sexos,0
NÍGER REP.,2021,IDEOLOGÍA,Femenino,0
NÍGER REP.,2021,IDEOLOGÍA,Masculino,0
PANAMA,2021,IDEOLOGÍA,Ambos sexos,0
PANAMA,2021,IDEOLOGÍA,Femenino,0
PANAMA,2021,IDEOLOGÍA,Masculino,0
PAQUISTÁN,2021,IDEOLOGÍA,Ambos sexos,0
PAQUISTÁN,2021,IDEOLOGÍA,Femenino,0
PAQUISTÁN,2021,IDEOLOGÍA,Masculino,0
PARAGUAY,2021,IDEOLOGÍA,Ambos sexos,0
PARAGUAY,2021,IDEOLOGÍA,Femenino,0
PARAGUAY,2021,IDEOLOGÍA,Masculino,0
PAÍS DESCONOCIDO,2021,IDEOLOGÍA,Ambos sexos,0
PAÍS DESCONOCIDO,2021,IDEOLOGÍA,Femenino,0
PAÍS DESCONOCIDO,2021,IDEOLOGÍA,Masculino,0
PAÍS NO CODIFICADO,2021,IDEOLOGÍA,Ambos sexos,0
PAÍS NO CODIFICADO,2021,IDEOLOGÍA,Femenino,0
PAÍS NO CODIFICADO,2021,IDEOLOGÍA,Masculino,0
PERÚ,2021,IDEOLOGÍA,Ambos sexos,0
PERÚ,2021,IDEOLOGÍA,Femenino,0
PERÚ,2021,IDEOLOGÍA,Masculino,0
POLONIA,2021,IDEOLOGÍA,Ambos sexos,0
POLONIA,2021,IDEOLOGÍA,Femenino,0
POLONIA,2021,IDEOLOGÍA,Masculino,0
PORTUGAL,2021,IDEOLOGÍA,Ambos sexos,0
PORTUGAL,2021,IDEOLOGÍA,Femenino,0
PORTUGAL,2021,IDEOLOGÍA,Masculino,0
REINO UNIDO,2021,IDEOLOGÍA,Ambos sexos,0
REINO UNIDO,2021,IDEOLOGÍA,Femenino,0
REINO UNIDO,2021,IDEOLOGÍA,Masculino,0
REPÚBLICA CHECA,2021,IDEOLOGÍA,Ambos sexos,0
REPÚBLICA CHECA,2021,IDEOLOGÍA,Femenino,0
REPÚBLICA CHECA,2021,IDEOLOGÍA,Masculino,0
REPÚBLICA DOMINICANA,2021,IDEOLOGÍA,Ambos sexos,0
REPÚBLICA DOMINICANA,2021,IDEOLOGÍA,Femenino,0
REPÚBLICA DOMINICANA,2021,IDEOLOGÍA,Masculino,0
RUMANÍA,2021,IDEOLOGÍA,Ambos sexos,0
RUMANÍA,2021,IDEOLOGÍA,Femenino,0
RUMANÍA,2021,IDEOLOGÍA,Masculino,0
RUSIA,2021,IDEOLOGÍA,Ambos sexos,0
RUSIA,2021,IDEOLOGÍA,Femenino,0
RUSIA,2021,IDEOLOGÍA,Masculino,0
SENEGAL,2021,IDEOLOGÍA,Ambos sexos,0
SENEGAL,2021,IDEOLOGÍA,Femenino,0
SENEGAL,2021,IDEOLOGÍA,Masculino,0
SERBIA (YUGOSLAVIA),2021,IDEOLOGÍA,Ambos sexos,0
SERBIA (YUGOSLAVIA),2021,IDEOLOGÍA,Femenino,0
SERBIA (YUGOSLAVIA),2021,IDEOLOGÍA,Masculino,0
SIERRA LEONA,2021,IDEOLOGÍA,Ambos sexos,0
SIERRA LEONA,2021,IDEOLOGÍA,Femenino,0
SIERRA LEONA,2021,IDEOLOGÍA,Masculino,0
SIRIA,2021,IDEOLOGÍA,Ambos sexos,0
SIRIA,2021,IDEOLOGÍA,Femenino,0
SIRIA,2021,IDEOLOGÍA,Masculino,0
SUDÁFRICA R.,2021,IDEOLOGÍA,Ambos sexos,0
SUDÁFRICA R.,2021,IDEOLOGÍA,Femenino,0
SUDÁFRICA R.,2021,IDEOLOGÍA,Masculino,0
SUECIA,2021,IDEOLOGÍA,Ambos sexos,0
SUECIA,2021,IDEOLOGÍA,Femenino,0
SUECIA,2021,IDEOLOGÍA,Masculino,0
SUIZA,2021,IDEOLOGÍA,Ambos sexos,0
SUIZA,2021,IDEOLOGÍA,Femenino,0
SUIZA,2021,IDEOLOGÍA,Masculino,0
TOTAL nacionalidad,2021,IDEOLOGÍA,Ambos sexos,0
TOTAL nacionalidad,2021,IDEOLOGÍA,Femenino,0
TOTAL nacionalidad,2021,IDEOLOGÍA,Masculino,0
TURQUÍA,2021,IDEOLOGÍA,Ambos sexos,0
TURQUÍA,2021,IDEOLOGÍA,Femenino,0
TURQUÍA,2021,IDEOLOGÍA,Masculino,0
TÚNEZ,2021,IDEOLOGÍA,Ambos sexos,0
TÚNEZ,2021,IDEOLOGÍA,Femenino,0
TÚNEZ,2021,IDEOLOGÍA,Masculino,0
UCRANIA,2021,IDEOLOGÍA,Ambos sexos,0
UCRANIA,2021,IDEOLOGÍA,Femenino,0
UCRANIA,2021,IDEOLOGÍA,Masculino,0
URUGUAY,2021,IDEOLOGÍA,Ambos sexos,0
URUGUAY,2021,IDEOLOGÍA,Femenino,0
URUGUAY,2021,IDEOLOGÍA,Masculino,0
VENEZUELA,2021,IDEOLOGÍA,Ambos sexos,0
VENEZUELA,2021,IDEOLOGÍA,Femenino,0
VENEZUELA,2021,IDEOLOGÍA,Masculino,0
ZAMBIA,2021,IDEOLOGÍA,Ambos sexos,0
ZAMBIA,2021,IDEOLOGÍA,Femenino,0
ZAMBIA,2021,IDEOLOGÍA,Masculino,0
ALBANIA,2021,ISLAMOFOBIA,Ambos sexos,0
ALBANIA,2021,ISLAMOFOBIA,Femenino,0
ALBANIA,2021,ISLAMOFOBIA,Masculino,0
ALEMANIA,2021,ISLAMOFOBIA,Ambos sexos,0
ALEMANIA,2021,ISLAMOFOBIA,Femenino,0
ALEMANIA,2021,ISLAMOFOBIA,Masculino,0
ANDORRA,2021,ISLAMOFOBIA,Ambos sexos,0
ANDORRA,2021,ISLAMOFOBIA,Femenino,0
ANDORRA,2021,ISLAMOFOBIA,Masculino,0
ANGOLA,2021,ISLAMOFOBIA,Ambos sexos,0
ANGOLA,2021,ISLAMOFOBIA,Femenino,0
ANGOLA,2021,ISLAMOFOBIA,Masculino,0
ARGELIA,2021,ISLAMOFOBIA,Ambos sexos,0
ARGELIA,2021,ISLAMOFOBIA,Femenino,0
ARGELIA,2021,ISLAMOFOBIA,Masculino,0
ARGENTINA,2021,ISLAMOFOBIA,Ambos sexos,0
ARGENTINA,2021,ISLAMOFOBIA,Femenino,0
ARGENTINA,2021,ISLAMOFOBIA,Masculino,0
ARMENIA,2021,ISLAMOFOBIA,Ambos sexos,0
ARMENIA,2021,ISLAMOFOBIA,Femenino,0
ARMENIA,2021,ISLAMOFOBIA,Masculino,0
BANGLADESH,2021,ISLAMOFOBIA,Ambos sexos,0
BANGLADESH,2021,ISLAMOFOBIA,Femenino,0
BANGLADESH,2021,ISLAMOFOBIA,Masculino,0
BIELORRUSIA,2021,ISLAMOFOBIA,Ambos sexos,0
BIELORRUSIA,2021,ISLAMOFOBIA,Femenino,0
BIELORRUSIA,2021,ISLAMOFOBIA,Masculino,0
BOLIVIA,2021,ISLAMOFOBIA,Ambos sexos,0
BOLIVIA,2021,ISLAMOFOBIA,Femenino,0
BOLIVIA,2021,ISLAMOFOBIA,Masculino,0
BRASIL,2021,ISLAMOFOBIA,Ambos sexos,0
BRASIL,2021,ISLAMOFOBIA,Femenino,0
BRASIL,2021,ISLAMOFOBIA,Masculino,0
BULGARIA,2021,ISLAMOFOBIA,Ambos sexos,0
BULGARIA,2021,ISLAMOFOBIA,Femenino,0
BULGARIA,2021,ISLAMOFOBIA,Masculino,0
BÉLGICA,2021,ISLAMOFOBIA,Ambos sexos,0
BÉLGICA,2021,ISLAMOFOBIA,Femenino,0
BÉLGICA,2021,ISLAMOFOBIA,Masculino,0
CAMERÚN,2021,ISLAMOFOBIA,Ambos sexos,0
CAMERÚN,2021,ISLAMOFOBIA,Femenino,0
CAMERÚN,2021,ISLAMOFOBIA,Masculino,0
CENTRO ÁFRICANA REPÚBLICA,2021,ISLAMOFOBIA,Ambos sexos,0
CENTRO ÁFRICANA REPÚBLICA,2021,ISLAMOFOBIA,Femenino,0
CENTRO ÁFRICANA REPÚBLICA,2021,ISLAMOFOBIA,Masculino,0
CHILE,2021,ISLAMOFOBIA,Ambos sexos,0
CHILE,2021,ISLAMOFOBIA,Femenino,0
CHILE,2021,ISLAMOFOBIA,Masculino,0
CHINA POPULAR,2021,ISLAMOFOBIA,Ambos sexos,0
CHINA POPULAR,2021,ISLAMOFOBIA,Femenino,0
CHINA POPULAR,2021,ISLAMOFOBIA,Masculino,0
COLOMBIA,2021,ISLAMOFOBIA,Ambos sexos,0
COLOMBIA,2021,ISLAMOFOBIA,Femenino,0
COLOMBIA,2021,ISLAMOFOBIA,Masculino,0
CONGO-BRAZZAVILLE,2021,ISLAMOFOBIA,Ambos sexos,0
CONGO-BRAZZAVILLE,2021,ISLAMOFOBIA,Femenino,0
CONGO-BRAZZAVILLE,2021,ISLAMOFOBIA,Masculino,0
COSTA DE MARFIL,2021,ISLAMOFOBIA,Ambos sexos,0
COSTA DE MARFIL,2021,ISLAMOFOBIA,Femenino,0
COSTA DE MARFIL,2021,ISLAMOFOBIA,Masculino,0
CROACIA,2021,ISLAMOFOBIA,Ambos sexos,0
CROACIA,2021,ISLAMOFOBIA,Femenino,0
CROACIA,2021,ISLAMOFOBIA,Masculino,0
CUBA,2021,ISLAMOFOBIA,Ambos sexos,0
CUBA,2021,ISLAMOFOBIA,Femenino,0
CUBA,2021,ISLAMOFOBIA,Masculino,0
ECUADOR,2021,ISLAMOFOBIA,Ambos sexos,0
ECUADOR,2021,ISLAMOFOBIA,Femenino,0
ECUADOR,2021,ISLAMOFOBIA,Masculino,0
EE.UU.,2021,ISLAMOFOBIA,Ambos sexos,0
EE.UU.,2021,ISLAMOFOBIA,Femenino,0
EE.UU.,2021,ISLAMOFOBIA,Masculino,0
EGIPTO,2021,ISLAMOFOBIA,Ambos sexos,0
EGIPTO,2021,ISLAMOFOBIA,Femenino,0
EGIPTO,2021,ISLAMOFOBIA,Masculino,0
EL SALVADOR,2021,ISLAMOFOBIA,Ambos sexos,0
EL SALVADOR,2021,ISLAMOFOBIA,Femenino,0
EL SALVADOR,2021,ISLAMOFOBIA,Masculino,0
ERITREA,2021,ISLAMOFOBIA,Ambos sexos,0
ERITREA,2021,ISLAMOFOBIA,Femenino,0
ERITREA,2021,ISLAMOFOBIA,Masculino,0
ESLOVAQUIA,2021,ISLAMOFOBIA,Ambos sexos,0
ESLOVAQUIA,2021,ISLAMOFOBIA,Femenino,0
ESLOVAQUIA,2021,ISLAMOFOBIA,Masculino,0
ESPAÑA,2021,ISLAMOFOBIA,Ambos sexos,0
ESPAÑA,2021,ISLAMOFOBIA,Femenino,0
ESPAÑA,2021,ISLAMOFOBIA,Masculino,0
ESTONIA,2021,ISLAMOFOBIA,Ambos sexos,0
ESTONIA,2021,ISLAMOFOBIA,Femenino,0
ESTONIA,2021,ISLAMOFOBIA,Masculino,0
FILIPINAS,2021,ISLAMOFOBIA,Ambos sexos,0
FILIPINAS,2021,ISLAMOFOBIA,Femenino,0
FILIPINAS,2021,ISLAMOFOBIA,Masculino,0
FRANCIA,2021,ISLAMOFOBIA,Ambos sexos,0
FRANCIA,2021,ISLAMOFOBIA,Femenino,0
FRANCIA,2021,ISLAMOFOBIA,Masculino,0
GAMBIA,2021,ISLAMOFOBIA,Ambos sexos,0
GAMBIA,2021,ISLAMOFOBIA,Femenino,0
GAMBIA,2021,ISLAMOFOBIA,Masculino,0
GEORGIA,2021,ISLAMOFOBIA,Ambos sexos,0
GEORGIA,2021,ISLAMOFOBIA,Femenino,0
GEORGIA,2021,ISLAMOFOBIA,Masculino,0
GHANA,2021,ISLAMOFOBIA,Ambos sexos,0
GHANA,2021,ISLAMOFOBIA,Femenino,0
GHANA,2021,ISLAMOFOBIA,Masculino,0
GRECIA,2021,ISLAMOFOBIA,Ambos sexos,0
GRECIA,2021,ISLAMOFOBIA,Femenino,0
GRECIA,2021,ISLAMOFOBIA,Masculino,0
GUATEMALA,2021,ISLAMOFOBIA,Ambos sexos,0
GUATEMALA,2021,ISLAMOFOBIA,Femenino,0
GUATEMALA,2021,ISLAMOFOBIA,Masculino,0
GUINEA ECUATORIAL,2021,ISLAMOFOBIA,Ambos sexos,0
GUINEA ECUATORIAL,2021,ISLAMOFOBIA,Femenino,0
GUINEA ECUATORIAL,2021,ISLAMOFOBIA,Masculino,0
GUINEA REP.,2021,ISLAMOFOBIA,Ambos sexos,0
GUINEA REP.,2021,ISLAMOFOBIA,Femenino,0
GUINEA REP.,2021,ISLAMOFOBIA,Masculino,0
HAITI,2021,ISLAMOFOBIA,Ambos sexos,0
HAITI,2021,ISLAMOFOBIA,Femenino,0
HAITI,2021,ISLAMOFOBIA,Masculino,0
HOLANDA,2021,ISLAMOFOBIA,Ambos sexos,0
HOLANDA,2021,ISLAMOFOBIA,Femenino,0
HOLANDA,2021,ISLAMOFOBIA,Masculino,0
HONDURAS,2021,ISLAMOFOBIA,Ambos sexos,0
HONDURAS,2021,ISLAMOFOBIA,Femenino,0
HONDURAS,2021,ISLAMOFOBIA,Masculino,0
INDIA,2021,ISLAMOFOBIA,Ambos sexos,0
INDIA,2021,ISLAMOFOBIA,Femenino,0
INDIA,2021,ISLAMOFOBIA,Masculino,0
IRLANDA,2021,ISLAMOFOBIA,Ambos sexos,0
IRLANDA,2021,ISLAMOFOBIA,Femenino,0
IRLANDA,2021,ISLAMOFOBIA,Masculino,0
IRÁN,2021,ISLAMOFOBIA,Ambos sexos,0
IRÁN,2021,ISLAMOFOBIA,Femenino,0
IRÁN,2021,ISLAMOFOBIA,Masculino,0
ISRAEL,2021,ISLAMOFOBIA,Ambos sexos,0
ISRAEL,2021,ISLAMOFOBIA,Femenino,0
ISRAEL,2021,ISLAMOFOBIA,Masculino,0
ITALIA,2021,ISLAMOFOBIA,Ambos sexos,0
ITALIA,2021,ISLAMOFOBIA,Femenino,0
ITALIA,2021,ISLAMOFOBIA,Masculino,0
LETONIA,2021,ISLAMOFOBIA,Ambos sexos,0
LETONIA,2021,ISLAMOFOBIA,Femenino,0
LETONIA,2021,ISLAMOFOBIA,Masculino,0
LIBERIA,2021,ISLAMOFOBIA,Ambos sexos,0
LIBERIA,2021,ISLAMOFOBIA,Femenino,0
LIBERIA,2021,ISLAMOFOBIA,Masculino,0
LIBIA,2021,ISLAMOFOBIA,Ambos sexos,0
LIBIA,2021,ISLAMOFOBIA,Femenino,0
LIBIA,2021,ISLAMOFOBIA,Masculino,0
LITUANIA,2021,ISLAMOFOBIA,Ambos sexos,0
LITUANIA,2021,ISLAMOFOBIA,Femenino,0
LITUANIA,2021,ISLAMOFOBIA,Masculino,0
LÍBANO,2021,ISLAMOFOBIA,Ambos sexos,0
LÍBANO,2021,ISLAMOFOBIA,Femenino,0
LÍBANO,2021,ISLAMOFOBIA,Masculino,0
MALI,2021,ISLAMOFOBIA,Ambos sexos,0
MALI,2021,ISLAMOFOBIA,Femenino,0
MALI,2021,ISLAMOFOBIA,Masculino,0
MARRUECOS,2021,ISLAMOFOBIA,Ambos sexos,0
MARRUECOS,2021,ISLAMOFOBIA,Femenino,0
MARRUECOS,2021,ISLAMOFOBIA,Masculino,0
MAURITANIA,2021,ISLAMOFOBIA,Ambos sexos,0
MAURITANIA,2021,ISLAMOFOBIA,Femenino,0
MAURITANIA,2021,ISLAMOFOBIA,Masculino,0
MOLDAVIA,2021,ISLAMOFOBIA,Ambos sexos,0
MOLDAVIA,2021,ISLAMOFOBIA,Femenino,0
MOLDAVIA,2021,ISLAMOFOBIA,Masculino,0
MONGOLIA,2021,ISLAMOFOBIA,Ambos sexos,0
MONGOLIA,2021,ISLAMOFOBIA,Femenino,0
MONGOLIA,2021,ISLAMOFOBIA,Masculino,0
NEPAL,2021,ISLAMOFOBIA,Ambos sexos,0
NEPAL,2021,ISLAMOFOBIA,Femenino,0
NEPAL,2021,ISLAMOFOBIA,Masculino,0
NICARAGUA,2021,ISLAMOFOBIA,Ambos sexos,0
NICARAGUA,2021,ISLAMOFOBIA,Femenino,0
NICARAGUA,2021,ISLAMOFOBIA,Masculino,0
NIGERIA,2021,ISLAMOFOBIA,Ambos sexos,0
NIGERIA,2021,ISLAMOFOBIA,Femenino,0
NIGERIA,2021,ISLAMOFOBIA,Masculino,0
NÍGER REP.,2021,ISLAMOFOBIA,Ambos sexos,0
NÍGER REP.,2021,ISLAMOFOBIA,Femenino,0
NÍGER REP.,2021,ISLAMOFOBIA,Masculino,0
PANAMA,2021,ISLAMOFOBIA,Ambos sexos,0
PANAMA,2021,ISLAMOFOBIA,Femenino,0
PANAMA,2021,ISLAMOFOBIA,Masculino,0
PAQUISTÁN,2021,ISLAMOFOBIA,Ambos sexos,0
PAQUISTÁN,2021,ISLAMOFOBIA,Femenino,0
PAQUISTÁN,2021,ISLAMOFOBIA,Masculino,0
PARAGUAY,2021,ISLAMOFOBIA,Ambos sexos,0
PARAGUAY,2021,ISLAMOFOBIA,Femenino,0
PARAGUAY,2021,ISLAMOFOBIA,Masculino,0
PAÍS DESCONOCIDO,2021,ISLAMOFOBIA,Ambos sexos,0
PAÍS DESCONOCIDO,2021,ISLAMOFOBIA,Femenino,0
PAÍS DESCONOCIDO,2021,ISLAMOFOBIA,Masculino,0
PAÍS NO CODIFICADO,2021,ISLAMOFOBIA,Ambos sexos,0
PAÍS NO CODIFICADO,2021,ISLAMOFOBIA,Femenino,0
PAÍS NO CODIFICADO,2021,ISLAMOFOBIA,Masculino,0
PERÚ,2021,ISLAMOFOBIA,Ambos sexos,0
PERÚ,2021,ISLAMOFOBIA,Femenino,0
PERÚ,2021,ISLAMOFOBIA,Masculino,0
POLONIA,2021,ISLAMOFOBIA,Ambos sexos,0
POLONIA,2021,ISLAMOFOBIA,Femenino,0
POLONIA,2021,ISLAMOFOBIA,Masculino,0
PORTUGAL,2021,ISLAMOFOBIA,Ambos sexos,0
PORTUGAL,2021,ISLAMOFOBIA,Femenino,0
PORTUGAL,2021,ISLAMOFOBIA,Masculino,0
REINO UNIDO,2021,ISLAMOFOBIA,Ambos sexos,0
REINO UNIDO,2021,ISLAMOFOBIA,Femenino,0
REINO UNIDO,2021,ISLAMOFOBIA,Masculino,0
REPÚBLICA CHECA,2021,ISLAMOFOBIA,Ambos sexos,0
REPÚBLICA CHECA,2021,ISLAMOFOBIA,Femenino,0
REPÚBLICA CHECA,2021,ISLAMOFOBIA,Masculino,0
REPÚBLICA DOMINICANA,2021,ISLAMOFOBIA,Ambos sexos,0
REPÚBLICA DOMINICANA,2021,ISLAMOFOBIA,Femenino,0
REPÚBLICA DOMINICANA,2021,ISLAMOFOBIA,Masculino,0
RUMANÍA,2021,ISLAMOFOBIA,Ambos sexos,0
RUMANÍA,2021,ISLAMOFOBIA,Femenino,0
RUMANÍA,2021,ISLAMOFOBIA,Masculino,0
RUSIA,2021,ISLAMOFOBIA,Ambos sexos,0
RUSIA,2021,ISLAMOFOBIA,Femenino,0
RUSIA,2021,ISLAMOFOBIA,Masculino,0
SENEGAL,2021,ISLAMOFOBIA,Ambos sexos,0
SENEGAL,2021,ISLAMOFOBIA,Femenino,0
SENEGAL,2021,ISLAMOFOBIA,Masculino,0
SERBIA (YUGOSLAVIA),2021,ISLAMOFOBIA,Ambos sexos,0
SERBIA (YUGOSLAVIA),2021,ISLAMOFOBIA,Femenino,0
SERBIA (YUGOSLAVIA),2021,ISLAMOFOBIA,Masculino,0
SIERRA LEONA,2021,ISLAMOFOBIA,Ambos sexos,0
SIERRA LEONA,2021,ISLAMOFOBIA,Femenino,0
SIERRA LEONA,2021,ISLAMOFOBIA,Masculino,0
SIRIA,2021,ISLAMOFOBIA,Ambos sexos,0
SIRIA,2021,ISLAMOFOBIA,Femenino,0
SIRIA,2021,ISLAMOFOBIA,Masculino,0
SUDÁFRICA R.,2021,ISLAMOFOBIA,Ambos sexos,0
SUDÁFRICA R.,2021,ISLAMOFOBIA,Femenino,0
SUDÁFRICA R.,2021,ISLAMOFOBIA,Masculino,0
SUECIA,2021,ISLAMOFOBIA,Ambos sexos,0
SUECIA,2021,ISLAMOFOBIA,Femenino,0
SUECIA,2021,ISLAMOFOBIA,Masculino,0
SUIZA,2021,ISLAMOFOBIA,Ambos sexos,0
SUIZA,2021,ISLAMOFOBIA,Femenino,0
SUIZA,2021,ISLAMOFOBIA,Masculino,0
TOTAL nacionalidad,2021,ISLAMOFOBIA,Ambos sexos,0
TOTAL nacionalidad,2021,ISLAMOFOBIA,Femenino,0
TOTAL nacionalidad,2021,ISLAMOFOBIA,Masculino,0
TURQUÍA,2021,ISLAMOFOBIA,Ambos sexos,0
TURQUÍA,2021,ISLAMOFOBIA,Femenino,0
TURQUÍA,2021,ISLAMOFOBIA,Masculino,0
TÚNEZ,2021,ISLAMOFOBIA,Ambos sexos,0
TÚNEZ,2021,ISLAMOFOBIA,Femenino,0
TÚNEZ,2021,ISLAMOFOBIA,Masculino,0
UCRANIA,2021,ISLAMOFOBIA,Ambos sexos,0
UCRANIA,2021,ISLAMOFOBIA,Femenino,0
UCRANIA,2021,ISLAMOFOBIA,Masculino,0
URUGUAY,2021,ISLAMOFOBIA,Ambos sexos,0
URUGUAY,2021,ISLAMOFOBIA,Femenino,0
URUGUAY,2021,ISLAMOFOBIA,Masculino,0
VENEZUELA,2021,ISLAMOFOBIA,Ambos sexos,0
VENEZUELA,2021,ISLAMOFOBIA,Femenino,0
VENEZUELA,2021,ISLAMOFOBIA,Masculino,0
ZAMBIA,2021,ISLAMOFOBIA,Ambos sexos,0
ZAMBIA,2021,ISLAMOFOBIA,Femenino,0
ZAMBIA,2021,ISLAMOFOBIA,Masculino,0
ALBANIA,2021,ORIENTACIÓN SEXUAL E IDENTIDAD DE GÉNERO,Ambos sexos,0
ALBANIA,2021,ORIENTACIÓN SEXUAL E IDENTIDAD DE GÉNERO,Femenino,0
ALBANIA,2021,ORIENTACIÓN SEXUAL E IDENTIDAD DE GÉNERO,Masculino,0
ALEMANIA,2021,ORIENTACIÓN SEXUAL E IDENTIDAD DE GÉNERO,Ambos sexos,1
ALEMANIA,2021,ORIENTACIÓN SEXUAL E IDENTIDAD DE GÉNERO,Femenino,0
ALEMANIA,2021,ORIENTACIÓN SEXUAL E IDENTIDAD DE GÉNERO,Masculino,1
ANDORRA,2021,ORIENTACIÓN SEXUAL E IDENTIDAD DE GÉNERO,Ambos sexos,0
ANDORRA,2021,ORIENTACIÓN SEXUAL E IDENTIDAD DE GÉNERO,Femenino,0
ANDORRA,2021,ORIENTACIÓN SEXUAL E IDENTIDAD DE GÉNERO,Masculino,0
ANGOLA,2021,ORIENTACIÓN SEXUAL E IDENTIDAD DE GÉNERO,Ambos sexos,0
ANGOLA,2021,ORIENTACIÓN SEXUAL E IDENTIDAD DE GÉNERO,Femenino,0
ANGOLA,2021,ORIENTACIÓN SEXUAL E IDENTIDAD DE GÉNERO,Masculino,0
ARGELIA,2021,ORIENTACIÓN SEXUAL E IDENTIDAD DE GÉNERO,Ambos sexos,0
ARGELIA,2021,ORIENTACIÓN SEXUAL E IDENTIDAD DE GÉNERO,Femenino,0
ARGELIA,2021,ORIENTACIÓN SEXUAL E IDENTIDAD DE GÉNERO,Masculino,0
ARGENTINA,2021,ORIENTACIÓN SEXUAL E IDENTIDAD DE GÉNERO,Ambos sexos,4
ARGENTINA,2021,ORIENTACIÓN SEXUAL E IDENTIDAD DE GÉNERO,Femenino,0
ARGENTINA,2021,ORIENTACIÓN SEXUAL E IDENTIDAD DE GÉNERO,Masculino,4
ARMENIA,2021,ORIENTACIÓN SEXUAL E IDENTIDAD DE GÉNERO,Ambos sexos,0
ARMENIA,2021,ORIENTACIÓN SEXUAL E IDENTIDAD DE GÉNERO,Femenino,0
ARMENIA,2021,ORIENTACIÓN SEXUAL E IDENTIDAD DE GÉNERO,Masculino,0
BANGLADESH,2021,ORIENTACIÓN SEXUAL E IDENTIDAD DE GÉNERO,Ambos sexos,0
BANGLADESH,2021,ORIENTACIÓN SEXUAL E IDENTIDAD DE GÉNERO,Femenino,0
BANGLADESH,2021,ORIENTACIÓN SEXUAL E IDENTIDAD DE GÉNERO,Masculino,0
BIELORRUSIA,2021,ORIENTACIÓN SEXUAL E IDENTIDAD DE GÉNERO,Ambos sexos,0
BIELORRUSIA,2021,ORIENTACIÓN SEXUAL E IDENTIDAD DE GÉNERO,Femenino,0
BIELORRUSIA,2021,ORIENTACIÓN SEXUAL E IDENTIDAD DE GÉNERO,Masculino,0
BOLIVIA,2021,ORIENTACIÓN SEXUAL E IDENTIDAD DE GÉNERO,Ambos sexos,5
BOLIVIA,2021,ORIENTACIÓN SEXUAL E IDENTIDAD DE GÉNERO,Femenino,0
BOLIVIA,2021,ORIENTACIÓN SEXUAL E IDENTIDAD DE GÉNERO,Masculino,5
BRASIL,2021,ORIENTACIÓN SEXUAL E IDENTIDAD DE GÉNERO,Ambos sexos,1
BRASIL,2021,ORIENTACIÓN SEXUAL E IDENTIDAD DE GÉNERO,Femenino,0
BRASIL,2021,ORIENTACIÓN SEXUAL E IDENTIDAD DE GÉNERO,Masculino,1
BULGARIA,2021,ORIENTACIÓN SEXUAL E IDENTIDAD DE GÉNERO,Ambos sexos,2
BULGARIA,2021,ORIENTACIÓN SEXUAL E IDENTIDAD DE GÉNERO,Femenino,0
BULGARIA,2021,ORIENTACIÓN SEXUAL E IDENTIDAD DE GÉNERO,Masculino,2
BÉLGICA,2021,ORIENTACIÓN SEXUAL E IDENTIDAD DE GÉNERO,Ambos sexos,1
BÉLGICA,2021,ORIENTACIÓN SEXUAL E IDENTIDAD DE GÉNERO,Femenino,0
BÉLGICA,2021,ORIENTACIÓN SEXUAL E IDENTIDAD DE GÉNERO,Masculino,1
CAMERÚN,2021,ORIENTACIÓN SEXUAL E IDENTIDAD DE GÉNERO,Ambos sexos,0
CAMERÚN,2021,ORIENTACIÓN SEXUAL E IDENTIDAD DE GÉNERO,Femenino,0
CAMERÚN,2021,ORIENTACIÓN SEXUAL E IDENTIDAD DE GÉNERO,Masculino,0
CENTRO ÁFRICANA REPÚBLICA,2021,ORIENTACIÓN SEXUAL E IDENTIDAD DE GÉNERO,Ambos sexos,0
CENTRO ÁFRICANA REPÚBLICA,2021,ORIENTACIÓN SEXUAL E IDENTIDAD DE GÉNERO,Femenino,0
CENTRO ÁFRICANA REPÚBLICA,2021,ORIENTACIÓN SEXUAL E IDENTIDAD DE GÉNERO,Masculino,0
CHILE,2021,ORIENTACIÓN SEXUAL E IDENTIDAD DE GÉNERO,Ambos sexos,0
CHILE,2021,ORIENTACIÓN SEXUAL E IDENTIDAD DE GÉNERO,Femenino,0
CHILE,2021,ORIENTACIÓN SEXUAL E IDENTIDAD DE GÉNERO,Masculino,0
CHINA POPULAR,2021,ORIENTACIÓN SEXUAL E IDENTIDAD DE GÉNERO,Ambos sexos,0
CHINA POPULAR,2021,ORIENTACIÓN SEXUAL E IDENTIDAD DE GÉNERO,Femenino,0
CHINA POPULAR,2021,ORIENTACIÓN SEXUAL E IDENTIDAD DE GÉNERO,Masculino,0
COLOMBIA,2021,ORIENTACIÓN SEXUAL E IDENTIDAD DE GÉNERO,Ambos sexos,4
COLOMBIA,2021,ORIENTACIÓN SEXUAL E IDENTIDAD DE GÉNERO,Femenino,0
COLOMBIA,2021,ORIENTACIÓN SEXUAL E IDENTIDAD DE GÉNERO,Masculino,4
CONGO-BRAZZAVILLE,2021,ORIENTACIÓN SEXUAL E IDENTIDAD DE GÉNERO,Ambos sexos,0
CONGO-BRAZZAVILLE,2021,ORIENTACIÓN SEXUAL E IDENTIDAD DE GÉNERO,Femenino,0
CONGO-BRAZZAVILLE,2021,ORIENTACIÓN SEXUAL E IDENTIDAD DE GÉNERO,Masculino,0
COSTA DE MARFIL,2021,ORIENTACIÓN SEXUAL E IDENTIDAD DE GÉNERO,Ambos sexos,0
COSTA DE MARFIL,2021,ORIENTACIÓN SEXUAL E IDENTIDAD DE GÉNERO,Femenino,0
COSTA DE MARFIL,2021,ORIENTACIÓN SEXUAL E IDENTIDAD DE GÉNERO,Masculino,0
CROACIA,2021,ORIENTACIÓN SEXUAL E IDENTIDAD DE GÉNERO,Ambos sexos,0
CROACIA,2021,ORIENTACIÓN SEXUAL E IDENTIDAD DE GÉNERO,Femenino,0
CROACIA,2021,ORIENTACIÓN SEXUAL E IDENTIDAD DE GÉNERO,Masculino,0
CUBA,2021,ORIENTACIÓN SEXUAL E IDENTIDAD DE GÉNERO,Ambos sexos,0
CUBA,2021,ORIENTACIÓN SEXUAL E IDENTIDAD DE GÉNERO,Femenino,0
CUBA,2021,ORIENTACIÓN SEXUAL E IDENTIDAD DE GÉNERO,Masculino,0
ECUADOR,2021,ORIENTACIÓN SEXUAL E IDENTIDAD DE GÉNERO,Ambos sexos,4
ECUADOR,2021,ORIENTACIÓN SEXUAL E IDENTIDAD DE GÉNERO,Femenino,0
ECUADOR,2021,ORIENTACIÓN SEXUAL E IDENTIDAD DE GÉNERO,Masculino,4
EE.UU.,2021,ORIENTACIÓN SEXUAL E IDENTIDAD DE GÉNERO,Ambos sexos,2
EE.UU.,2021,ORIENTACIÓN SEXUAL E IDENTIDAD DE GÉNERO,Femenino,0
EE.UU.,2021,ORIENTACIÓN SEXUAL E IDENTIDAD DE GÉNERO,Masculino,2
EGIPTO,2021,ORIENTACIÓN SEXUAL E IDENTIDAD DE GÉNERO,Ambos sexos,0
EGIPTO,2021,ORIENTACIÓN SEXUAL E IDENTIDAD DE GÉNERO,Femenino,0
EGIPTO,2021,ORIENTACIÓN SEXUAL E IDENTIDAD DE GÉNERO,Masculino,0
EL SALVADOR,2021,ORIENTACIÓN SEXUAL E IDENTIDAD DE GÉNERO,Ambos sexos,0
EL SALVADOR,2021,ORIENTACIÓN SEXUAL E IDENTIDAD DE GÉNERO,Femenino,0
EL SALVADOR,2021,ORIENTACIÓN SEXUAL E IDENTIDAD DE GÉNERO,Masculino,0
ERITREA,2021,ORIENTACIÓN SEXUAL E IDENTIDAD DE GÉNERO,Ambos sexos,0
ERITREA,2021,ORIENTACIÓN SEXUAL E IDENTIDAD DE GÉNERO,Femenino,0
ERITREA,2021,ORIENTACIÓN SEXUAL E IDENTIDAD DE GÉNERO,Masculino,0
ESLOVAQUIA,2021,ORIENTACIÓN SEXUAL E IDENTIDAD DE GÉNERO,Ambos sexos,0
ESLOVAQUIA,2021,ORIENTACIÓN SEXUAL E IDENTIDAD DE GÉNERO,Femenino,0
ESLOVAQUIA,2021,ORIENTACIÓN SEXUAL E IDENTIDAD DE GÉNERO,Masculino,0
ESPAÑA,2021,ORIENTACIÓN SEXUAL E IDENTIDAD DE GÉNERO,Ambos sexos,207
ESPAÑA,2021,ORIENTACIÓN SEXUAL E IDENTIDAD DE GÉNERO,Femenino,8
ESPAÑA,2021,ORIENTACIÓN SEXUAL E IDENTIDAD DE GÉNERO,Masculino,199
ESTONIA,2021,ORIENTACIÓN SEXUAL E IDENTIDAD DE GÉNERO,Ambos sexos,0
ESTONIA,2021,ORIENTACIÓN SEXUAL E IDENTIDAD DE GÉNERO,Femenino,0
ESTONIA,2021,ORIENTACIÓN SEXUAL E IDENTIDAD DE GÉNERO,Masculino,0
FILIPINAS,2021,ORIENTACIÓN SEXUAL E IDENTIDAD DE GÉNERO,Ambos sexos,0
FILIPINAS,2021,ORIENTACIÓN SEXUAL E IDENTIDAD DE GÉNERO,Femenino,0
FILIPINAS,2021,ORIENTACIÓN SEXUAL E IDENTIDAD DE GÉNERO,Masculino,0
FRANCIA,2021,ORIENTACIÓN SEXUAL E IDENTIDAD DE GÉNERO,Ambos sexos,0
FRANCIA,2021,ORIENTACIÓN SEXUAL E IDENTIDAD DE GÉNERO,Femenino,0
FRANCIA,2021,ORIENTACIÓN SEXUAL E IDENTIDAD DE GÉNERO,Masculino,0
GAMBIA,2021,ORIENTACIÓN SEXUAL E IDENTIDAD DE GÉNERO,Ambos sexos,0
GAMBIA,2021,ORIENTACIÓN SEXUAL E IDENTIDAD DE GÉNERO,Femenino,0
GAMBIA,2021,ORIENTACIÓN SEXUAL E IDENTIDAD DE GÉNERO,Masculino,0
GEORGIA,2021,ORIENTACIÓN SEXUAL E IDENTIDAD DE GÉNERO,Ambos sexos,0
GEORGIA,2021,ORIENTACIÓN SEXUAL E IDENTIDAD DE GÉNERO,Femenino,0
GEORGIA,2021,ORIENTACIÓN SEXUAL E IDENTIDAD DE GÉNERO,Masculino,0
GHANA,2021,ORIENTACIÓN SEXUAL E IDENTIDAD DE GÉNERO,Ambos sexos,0
GHANA,2021,ORIENTACIÓN SEXUAL E IDENTIDAD DE GÉNERO,Femenino,0
GHANA,2021,ORIENTACIÓN SEXUAL E IDENTIDAD DE GÉNERO,Masculino,0
GRECIA,2021,ORIENTACIÓN SEXUAL E IDENTIDAD DE GÉNERO,Ambos sexos,0
GRECIA,2021,ORIENTACIÓN SEXUAL E IDENTIDAD DE GÉNERO,Femenino,0
GRECIA,2021,ORIENTACIÓN SEXUAL E IDENTIDAD DE GÉNERO,Masculino,0
GUATEMALA,2021,ORIENTACIÓN SEXUAL E IDENTIDAD DE GÉNERO,Ambos sexos,0
GUATEMALA,2021,ORIENTACIÓN SEXUAL E IDENTIDAD DE GÉNERO,Femenino,0
GUATEMALA,2021,ORIENTACIÓN SEXUAL E IDENTIDAD DE GÉNERO,Masculino,0
GUINEA ECUATORIAL,2021,ORIENTACIÓN SEXUAL E IDENTIDAD DE GÉNERO,Ambos sexos,0
GUINEA ECUATORIAL,2021,ORIENTACIÓN SEXUAL E IDENTIDAD DE GÉNERO,Femenino,0
GUINEA ECUATORIAL,2021,ORIENTACIÓN SEXUAL E IDENTIDAD DE GÉNERO,Masculino,0
GUINEA REP.,2021,ORIENTACIÓN SEXUAL E IDENTIDAD DE GÉNERO,Ambos sexos,0
GUINEA REP.,2021,ORIENTACIÓN SEXUAL E IDENTIDAD DE GÉNERO,Femenino,0
GUINEA REP.,2021,ORIENTACIÓN SEXUAL E IDENTIDAD DE GÉNERO,Masculino,0
HAITI,2021,ORIENTACIÓN SEXUAL E IDENTIDAD DE GÉNERO,Ambos sexos,0
HAITI,2021,ORIENTACIÓN SEXUAL E IDENTIDAD DE GÉNERO,Femenino,0
HAITI,2021,ORIENTACIÓN SEXUAL E IDENTIDAD DE GÉNERO,Masculino,0
HOLANDA,2021,ORIENTACIÓN SEXUAL E IDENTIDAD DE GÉNERO,Ambos sexos,0
HOLANDA,2021,ORIENTACIÓN SEXUAL E IDENTIDAD DE GÉNERO,Femenino,0
HOLANDA,2021,ORIENTACIÓN SEXUAL E IDENTIDAD DE GÉNERO,Masculino,0
HONDURAS,2021,ORIENTACIÓN SEXUAL E IDENTIDAD DE GÉNERO,Ambos sexos,0
HONDURAS,2021,ORIENTACIÓN SEXUAL E IDENTIDAD DE GÉNERO,Femenino,0
HONDURAS,2021,ORIENTACIÓN SEXUAL E IDENTIDAD DE GÉNERO,Masculino,0
INDIA,2021,ORIENTACIÓN SEXUAL E IDENTIDAD DE GÉNERO,Ambos sexos,4
INDIA,2021,ORIENTACIÓN SEXUAL E IDENTIDAD DE GÉNERO,Femenino,0
INDIA,2021,ORIENTACIÓN SEXUAL E IDENTIDAD DE GÉNERO,Masculino,4
IRLANDA,2021,ORIENTACIÓN SEXUAL E IDENTIDAD DE GÉNERO,Ambos sexos,0
IRLANDA,2021,ORIENTACIÓN SEXUAL E IDENTIDAD DE GÉNERO,Femenino,0
IRLANDA,2021,ORIENTACIÓN SEXUAL E IDENTIDAD DE GÉNERO,Masculino,0
IRÁN,2021,ORIENTACIÓN SEXUAL E IDENTIDAD DE GÉNERO,Ambos sexos,0
IRÁN,2021,ORIENTACIÓN SEXUAL E IDENTIDAD DE GÉNERO,Femenino,0
IRÁN,2021,ORIENTACIÓN SEXUAL E IDENTIDAD DE GÉNERO,Masculino,0
ISRAEL,2021,ORIENTACIÓN SEXUAL E IDENTIDAD DE GÉNERO,Ambos sexos,0
ISRAEL,2021,ORIENTACIÓN SEXUAL E IDENTIDAD DE GÉNERO,Femenino,0
ISRAEL,2021,ORIENTACIÓN SEXUAL E IDENTIDAD DE GÉNERO,Masculino,0
ITALIA,2021,ORIENTACIÓN SEXUAL E IDENTIDAD DE GÉNERO,Ambos sexos,0
ITALIA,2021,ORIENTACIÓN SEXUAL E IDENTIDAD DE GÉNERO,Femenino,0
ITALIA,2021,ORIENTACIÓN SEXUAL E IDENTIDAD DE GÉNERO,Masculino,0
LETONIA,2021,ORIENTACIÓN SEXUAL E IDENTIDAD DE GÉNERO,Ambos sexos,0
LETONIA,2021,ORIENTACIÓN SEXUAL E IDENTIDAD DE GÉNERO,Femenino,0
LETONIA,2021,ORIENTACIÓN SEXUAL E IDENTIDAD DE GÉNERO,Masculino,0
LIBERIA,2021,ORIENTACIÓN SEXUAL E IDENTIDAD DE GÉNERO,Ambos sexos,0
LIBERIA,2021,ORIENTACIÓN SEXUAL E IDENTIDAD DE GÉNERO,Femenino,0
LIBERIA,2021,ORIENTACIÓN SEXUAL E IDENTIDAD DE GÉNERO,Masculino,0
LIBIA,2021,ORIENTACIÓN SEXUAL E IDENTIDAD DE GÉNERO,Ambos sexos,0
LIBIA,2021,ORIENTACIÓN SEXUAL E IDENTIDAD DE GÉNERO,Femenino,0
LIBIA,2021,ORIENTACIÓN SEXUAL E IDENTIDAD DE GÉNERO,Masculino,0
LITUANIA,2021,ORIENTACIÓN SEXUAL E IDENTIDAD DE GÉNERO,Ambos sexos,0
LITUANIA,2021,ORIENTACIÓN SEXUAL E IDENTIDAD DE GÉNERO,Femenino,0
LITUANIA,2021,ORIENTACIÓN SEXUAL E IDENTIDAD DE GÉNERO,Masculino,0
LÍBANO,2021,ORIENTACIÓN SEXUAL E IDENTIDAD DE GÉNERO,Ambos sexos,0
LÍBANO,2021,ORIENTACIÓN SEXUAL E IDENTIDAD DE GÉNERO,Femenino,0
LÍBANO,2021,ORIENTACIÓN SEXUAL E IDENTIDAD DE GÉNERO,Masculino,0
MALI,2021,ORIENTACIÓN SEXUAL E IDENTIDAD DE GÉNERO,Ambos sexos,1
MALI,2021,ORIENTACIÓN SEXUAL E IDENTIDAD DE GÉNERO,Femenino,0
MALI,2021,ORIENTACIÓN SEXUAL E IDENTIDAD DE GÉNERO,Masculino,1
MARRUECOS,2021,ORIENTACIÓN SEXUAL E IDENTIDAD DE GÉNERO,Ambos sexos,10
MARRUECOS,2021,ORIENTACIÓN SEXUAL E IDENTIDAD DE GÉNERO,Femenino,0
MARRUECOS,2021,ORIENTACIÓN SEXUAL E IDENTIDAD DE GÉNERO,Masculino,10
MAURITANIA,2021,ORIENTACIÓN SEXUAL E IDENTIDAD DE GÉNERO,Ambos sexos,0
MAURITANIA,2021,ORIENTACIÓN SEXUAL E IDENTIDAD DE GÉNERO,Femenino,0
MAURITANIA,2021,ORIENTACIÓN SEXUAL E IDENTIDAD DE GÉNERO,Masculino,0
MOLDAVIA,2021,ORIENTACIÓN SEXUAL E IDENTIDAD DE GÉNERO,Ambos sexos,0
MOLDAVIA,2021,ORIENTACIÓN SEXUAL E IDENTIDAD DE GÉNERO,Femenino,0
MOLDAVIA,2021,ORIENTACIÓN SEXUAL E IDENTIDAD DE GÉNERO,Masculino,0
MONGOLIA,2021,ORIENTACIÓN SEXUAL E IDENTIDAD DE GÉNERO,Ambos sexos,0
MONGOLIA,2021,ORIENTACIÓN SEXUAL E IDENTIDAD DE GÉNERO,Femenino,0
MONGOLIA,2021,ORIENTACIÓN SEXUAL E IDENTIDAD DE GÉNERO,Masculino,0
NEPAL,2021,ORIENTACIÓN SEXUAL E IDENTIDAD DE GÉNERO,Ambos sexos,1
NEPAL,2021,ORIENTACIÓN SEXUAL E IDENTIDAD DE GÉNERO,Femenino,0
NEPAL,2021,ORIENTACIÓN SEXUAL E IDENTIDAD DE GÉNERO,Masculino,1
NICARAGUA,2021,ORIENTACIÓN SEXUAL E IDENTIDAD DE GÉNERO,Ambos sexos,0
NICARAGUA,2021,ORIENTACIÓN SEXUAL E IDENTIDAD DE GÉNERO,Femenino,0
NICARAGUA,2021,ORIENTACIÓN SEXUAL E IDENTIDAD DE GÉNERO,Masculino,0
NIGERIA,2021,ORIENTACIÓN SEXUAL E IDENTIDAD DE GÉNERO,Ambos sexos,1
NIGERIA,2021,ORIENTACIÓN SEXUAL E IDENTIDAD DE GÉNERO,Femenino,0
NIGERIA,2021,ORIENTACIÓN SEXUAL E IDENTIDAD DE GÉNERO,Masculino,1
NÍGER REP.,2021,ORIENTACIÓN SEXUAL E IDENTIDAD DE GÉNERO,Ambos sexos,0
NÍGER REP.,2021,ORIENTACIÓN SEXUAL E IDENTIDAD DE GÉNERO,Femenino,0
NÍGER REP.,2021,ORIENTACIÓN SEXUAL E IDENTIDAD DE GÉNERO,Masculino,0
PANAMA,2021,ORIENTACIÓN SEXUAL E IDENTIDAD DE GÉNERO,Ambos sexos,0
PANAMA,2021,ORIENTACIÓN SEXUAL E IDENTIDAD DE GÉNERO,Femenino,0
PANAMA,2021,ORIENTACIÓN SEXUAL E IDENTIDAD DE GÉNERO,Masculino,0
PAQUISTÁN,2021,ORIENTACIÓN SEXUAL E IDENTIDAD DE GÉNERO,Ambos sexos,2
PAQUISTÁN,2021,ORIENTACIÓN SEXUAL E IDENTIDAD DE GÉNERO,Femenino,0
PAQUISTÁN,2021,ORIENTACIÓN SEXUAL E IDENTIDAD DE GÉNERO,Masculino,2
PARAGUAY,2021,ORIENTACIÓN SEXUAL E IDENTIDAD DE GÉNERO,Ambos sexos,3
PARAGUAY,2021,ORIENTACIÓN SEXUAL E IDENTIDAD DE GÉNERO,Femenino,0
PARAGUAY,2021,ORIENTACIÓN SEXUAL E IDENTIDAD DE GÉNERO,Masculino,3
PAÍS DESCONOCIDO,2021,ORIENTACIÓN SEXUAL E IDENTIDAD DE GÉNERO,Ambos sexos,0
PAÍS DESCONOCIDO,2021,ORIENTACIÓN SEXUAL E IDENTIDAD DE GÉNERO,Femenino,0
PAÍS DESCONOCIDO,2021,ORIENTACIÓN SEXUAL E IDENTIDAD DE GÉNERO,Masculino,0
PAÍS NO CODIFICADO,2021,ORIENTACIÓN SEXUAL E IDENTIDAD DE GÉNERO,Ambos sexos,0
PAÍS NO CODIFICADO,2021,ORIENTACIÓN SEXUAL E IDENTIDAD DE GÉNERO,Femenino,0
PAÍS NO CODIFICADO,2021,ORIENTACIÓN SEXUAL E IDENTIDAD DE GÉNERO,Masculino,0
PERÚ,2021,ORIENTACIÓN SEXUAL E IDENTIDAD DE GÉNERO,Ambos sexos,0
PERÚ,2021,ORIENTACIÓN SEXUAL E IDENTIDAD DE GÉNERO,Femenino,0
PERÚ,2021,ORIENTACIÓN SEXUAL E IDENTIDAD DE GÉNERO,Masculino,0
POLONIA,2021,ORIENTACIÓN SEXUAL E IDENTIDAD DE GÉNERO,Ambos sexos,1
POLONIA,2021,ORIENTACIÓN SEXUAL E IDENTIDAD DE GÉNERO,Femenino,0
POLONIA,2021,ORIENTACIÓN SEXUAL E IDENTIDAD DE GÉNERO,Masculino,1
PORTUGAL,2021,ORIENTACIÓN SEXUAL E IDENTIDAD DE GÉNERO,Ambos sexos,3
PORTUGAL,2021,ORIENTACIÓN SEXUAL E IDENTIDAD DE GÉNERO,Femenino,0
PORTUGAL,2021,ORIENTACIÓN SEXUAL E IDENTIDAD DE GÉNERO,Masculino,3
REINO UNIDO,2021,ORIENTACIÓN SEXUAL E IDENTIDAD DE GÉNERO,Ambos sexos,2
REINO UNIDO,2021,ORIENTACIÓN SEXUAL E IDENTIDAD DE GÉNERO,Femenino,0
REINO UNIDO,2021,ORIENTACIÓN SEXUAL E IDENTIDAD DE GÉNERO,Masculino,2
REPÚBLICA CHECA,2021,ORIENTACIÓN SEXUAL E IDENTIDAD DE GÉNERO,Ambos sexos,0
REPÚBLICA CHECA,2021,ORIENTACIÓN SEXUAL E IDENTIDAD DE GÉNERO,Femenino,0
REPÚBLICA CHECA,2021,ORIENTACIÓN SEXUAL E IDENTIDAD DE GÉNERO,Masculino,0
REPÚBLICA DOMINICANA,2021,ORIENTACIÓN SEXUAL E IDENTIDAD DE GÉNERO,Ambos sexos,3
REPÚBLICA DOMINICANA,2021,ORIENTACIÓN SEXUAL E IDENTIDAD DE GÉNERO,Femenino,0
REPÚBLICA DOMINICANA,2021,ORIENTACIÓN SEXUAL E IDENTIDAD DE GÉNERO,Masculino,3
RUMANÍA,2021,ORIENTACIÓN SEXUAL E IDENTIDAD DE GÉNERO,Ambos sexos,6
RUMANÍA,2021,ORIENTACIÓN SEXUAL E IDENTIDAD DE GÉNERO,Femenino,1
RUMANÍA,2021,ORIENTACIÓN SEXUAL E IDENTIDAD DE GÉNERO,Masculino,5
RUSIA,2021,ORIENTACIÓN SEXUAL E IDENTIDAD DE GÉNERO,Ambos sexos,0
RUSIA,2021,ORIENTACIÓN SEXUAL E IDENTIDAD DE GÉNERO,Femenino,0
RUSIA,2021,ORIENTACIÓN SEXUAL E IDENTIDAD DE GÉNERO,Masculino,0
SENEGAL,2021,ORIENTACIÓN SEXUAL E IDENTIDAD DE GÉNERO,Ambos sexos,4
SENEGAL,2021,ORIENTACIÓN SEXUAL E IDENTIDAD DE GÉNERO,Femenino,0
SENEGAL,2021,ORIENTACIÓN SEXUAL E IDENTIDAD DE GÉNERO,Masculino,4
SERBIA (YUGOSLAVIA),2021,ORIENTACIÓN SEXUAL E IDENTIDAD DE GÉNERO,Ambos sexos,0
SERBIA (YUGOSLAVIA),2021,ORIENTACIÓN SEXUAL E IDENTIDAD DE GÉNERO,Femenino,0
SERBIA (YUGOSLAVIA),2021,ORIENTACIÓN SEXUAL E IDENTIDAD DE GÉNERO,Masculino,0
SIERRA LEONA,2021,ORIENTACIÓN SEXUAL E IDENTIDAD DE GÉNERO,Ambos sexos,0
SIERRA LEONA,2021,ORIENTACIÓN SEXUAL E IDENTIDAD DE GÉNERO,Femenino,0
SIERRA LEONA,2021,ORIENTACIÓN SEXUAL E IDENTIDAD DE GÉNERO,Masculino,0
SIRIA,2021,ORIENTACIÓN SEXUAL E IDENTIDAD DE GÉNERO,Ambos sexos,0
SIRIA,2021,ORIENTACIÓN SEXUAL E IDENTIDAD DE GÉNERO,Femenino,0
SIRIA,2021,ORIENTACIÓN SEXUAL E IDENTIDAD DE GÉNERO,Masculino,0
SUDÁFRICA R.,2021,ORIENTACIÓN SEXUAL E IDENTIDAD DE GÉNERO,Ambos sexos,0
SUDÁFRICA R.,2021,ORIENTACIÓN SEXUAL E IDENTIDAD DE GÉNERO,Femenino,0
SUDÁFRICA R.,2021,ORIENTACIÓN SEXUAL E IDENTIDAD DE GÉNERO,Masculino,0
SUECIA,2021,ORIENTACIÓN SEXUAL E IDENTIDAD DE GÉNERO,Ambos sexos,0
SUECIA,2021,ORIENTACIÓN SEXUAL E IDENTIDAD DE GÉNERO,Femenino,0
SUECIA,2021,ORIENTACIÓN SEXUAL E IDENTIDAD DE GÉNERO,Masculino,0
SUIZA,2021,ORIENTACIÓN SEXUAL E IDENTIDAD DE GÉNERO,Ambos sexos,0
SUIZA,2021,ORIENTACIÓN SEXUAL E IDENTIDAD DE GÉNERO,Femenino,0
SUIZA,2021,ORIENTACIÓN SEXUAL E IDENTIDAD DE GÉNERO,Masculino,0
TOTAL nacionalidad,2021,ORIENTACIÓN SEXUAL E IDENTIDAD DE GÉNERO,Ambos sexos,272
TOTAL nacionalidad,2021,ORIENTACIÓN SEXUAL E IDENTIDAD DE GÉNERO,Femenino,9
TOTAL nacionalidad,2021,ORIENTACIÓN SEXUAL E IDENTIDAD DE GÉNERO,Masculino,263
TURQUÍA,2021,ORIENTACIÓN SEXUAL E IDENTIDAD DE GÉNERO,Ambos sexos,0
TURQUÍA,2021,ORIENTACIÓN SEXUAL E IDENTIDAD DE GÉNERO,Femenino,0
TURQUÍA,2021,ORIENTACIÓN SEXUAL E IDENTIDAD DE GÉNERO,Masculino,0
TÚNEZ,2021,ORIENTACIÓN SEXUAL E IDENTIDAD DE GÉNERO,Ambos sexos,0
TÚNEZ,2021,ORIENTACIÓN SEXUAL E IDENTIDAD DE GÉNERO,Femenino,0
TÚNEZ,2021,ORIENTACIÓN SEXUAL E IDENTIDAD DE GÉNERO,Masculino,0
UCRANIA,2021,ORIENTACIÓN SEXUAL E IDENTIDAD DE GÉNERO,Ambos sexos,0
UCRANIA,2021,ORIENTACIÓN SEXUAL E IDENTIDAD DE GÉNERO,Femenino,0
UCRANIA,2021,ORIENTACIÓN SEXUAL E IDENTIDAD DE GÉNERO,Masculino,0
URUGUAY,2021,ORIENTACIÓN SEXUAL E IDENTIDAD DE GÉNERO,Ambos sexos,0
URUGUAY,2021,ORIENTACIÓN SEXUAL E IDENTIDAD DE GÉNERO,Femenino,0
URUGUAY,2021,ORIENTACIÓN SEXUAL E IDENTIDAD DE GÉNERO,Masculino,0
VENEZUELA,2021,ORIENTACIÓN SEXUAL E IDENTIDAD DE GÉNERO,Ambos sexos,0
VENEZUELA,2021,ORIENTACIÓN SEXUAL E IDENTIDAD DE GÉNERO,Femenino,0
VENEZUELA,2021,ORIENTACIÓN SEXUAL E IDENTIDAD DE GÉNERO,Masculino,0
ZAMBIA,2021,ORIENTACIÓN SEXUAL E IDENTIDAD DE GÉNERO,Ambos sexos,0
ZAMBIA,2021,ORIENTACIÓN SEXUAL E IDENTIDAD DE GÉNERO,Femenino,0
ZAMBIA,2021,ORIENTACIÓN SEXUAL E IDENTIDAD DE GÉNERO,Masculino,0
ALBANIA,2021,RACISMO/XENOFOBIA,Ambos sexos,0
ALBANIA,2021,RACISMO/XENOFOBIA,Femenino,0
ALBANIA,2021,RACISMO/XENOFOBIA,Masculino,0
ALEMANIA,2021,RACISMO/XENOFOBIA,Ambos sexos,1
ALEMANIA,2021,RACISMO/XENOFOBIA,Femenino,0
ALEMANIA,2021,RACISMO/XENOFOBIA,Masculino,1
ANDORRA,2021,RACISMO/XENOFOBIA,Ambos sexos,0
ANDORRA,2021,RACISMO/XENOFOBIA,Femenino,0
ANDORRA,2021,RACISMO/XENOFOBIA,Masculino,0
ANGOLA,2021,RACISMO/XENOFOBIA,Ambos sexos,0
ANGOLA,2021,RACISMO/XENOFOBIA,Femenino,0
ANGOLA,2021,RACISMO/XENOFOBIA,Masculino,0
ARGELIA,2021,RACISMO/XENOFOBIA,Ambos sexos,0
ARGELIA,2021,RACISMO/XENOFOBIA,Femenino,0
ARGELIA,2021,RACISMO/XENOFOBIA,Masculino,0
ARGENTINA,2021,RACISMO/XENOFOBIA,Ambos sexos,0
ARGENTINA,2021,RACISMO/XENOFOBIA,Femenino,0
ARGENTINA,2021,RACISMO/XENOFOBIA,Masculino,0
ARMENIA,2021,RACISMO/XENOFOBIA,Ambos sexos,0
ARMENIA,2021,RACISMO/XENOFOBIA,Femenino,0
ARMENIA,2021,RACISMO/XENOFOBIA,Masculino,0
BANGLADESH,2021,RACISMO/XENOFOBIA,Ambos sexos,1
BANGLADESH,2021,RACISMO/XENOFOBIA,Femenino,0
BANGLADESH,2021,RACISMO/XENOFOBIA,Masculino,1
BIELORRUSIA,2021,RACISMO/XENOFOBIA,Ambos sexos,0
BIELORRUSIA,2021,RACISMO/XENOFOBIA,Femenino,0
BIELORRUSIA,2021,RACISMO/XENOFOBIA,Masculino,0
BOLIVIA,2021,RACISMO/XENOFOBIA,Ambos sexos,0
BOLIVIA,2021,RACISMO/XENOFOBIA,Femenino,0
BOLIVIA,2021,RACISMO/XENOFOBIA,Masculino,0
BRASIL,2021,RACISMO/XENOFOBIA,Ambos sexos,0
BRASIL,2021,RACISMO/XENOFOBIA,Femenino,0
BRASIL,2021,RACISMO/XENOFOBIA,Masculino,0
BULGARIA,2021,RACISMO/XENOFOBIA,Ambos sexos,0
BULGARIA,2021,RACISMO/XENOFOBIA,Femenino,0
BULGARIA,2021,RACISMO/XENOFOBIA,Masculino,0
BÉLGICA,2021,RACISMO/XENOFOBIA,Ambos sexos,0
BÉLGICA,2021,RACISMO/XENOFOBIA,Femenino,0
BÉLGICA,2021,RACISMO/XENOFOBIA,Masculino,0
CAMERÚN,2021,RACISMO/XENOFOBIA,Ambos sexos,0
CAMERÚN,2021,RACISMO/XENOFOBIA,Femenino,0
CAMERÚN,2021,RACISMO/XENOFOBIA,Masculino,0
CENTRO ÁFRICANA REPÚBLICA,2021,RACISMO/XENOFOBIA,Ambos sexos,0
CENTRO ÁFRICANA REPÚBLICA,2021,RACISMO/XENOFOBIA,Femenino,0
CENTRO ÁFRICANA REPÚBLICA,2021,RACISMO/XENOFOBIA,Masculino,0
CHILE,2021,RACISMO/XENOFOBIA,Ambos sexos,0
CHILE,2021,RACISMO/XENOFOBIA,Femenino,0
CHILE,2021,RACISMO/XENOFOBIA,Masculino,0
CHINA POPULAR,2021,RACISMO/XENOFOBIA,Ambos sexos,0
CHINA POPULAR,2021,RACISMO/XENOFOBIA,Femenino,0
CHINA POPULAR,2021,RACISMO/XENOFOBIA,Masculino,0
COLOMBIA,2021,RACISMO/XENOFOBIA,Ambos sexos,0
COLOMBIA,2021,RACISMO/XENOFOBIA,Femenino,0
COLOMBIA,2021,RACISMO/XENOFOBIA,Masculino,0
CONGO-BRAZZAVILLE,2021,RACISMO/XENOFOBIA,Ambos sexos,0
CONGO-BRAZZAVILLE,2021,RACISMO/XENOFOBIA,Femenino,0
CONGO-BRAZZAVILLE,2021,RACISMO/XENOFOBIA,Masculino,0
COSTA DE MARFIL,2021,RACISMO/XENOFOBIA,Ambos sexos,0
COSTA DE MARFIL,2021,RACISMO/XENOFOBIA,Femenino,0
COSTA DE MARFIL,2021,RACISMO/XENOFOBIA,Masculino,0
CROACIA,2021,RACISMO/XENOFOBIA,Ambos sexos,0
CROACIA,2021,RACISMO/XENOFOBIA,Femenino,0
CROACIA,2021,RACISMO/XENOFOBIA,Masculino,0
CUBA,2021,RACISMO/XENOFOBIA,Ambos sexos,0
CUBA,2021,RACISMO/XENOFOBIA,Femenino,0
CUBA,2021,RACISMO/XENOFOBIA,Masculino,0
ECUADOR,2021,RACISMO/XENOFOBIA,Ambos sexos,2
ECUADOR,2021,RACISMO/XENOFOBIA,Femenino,0
ECUADOR,2021,RACISMO/XENOFOBIA,Masculino,2
EE.UU.,2021,RACISMO/XENOFOBIA,Ambos sexos,0
EE.UU.,2021,RACISMO/XENOFOBIA,Femenino,0
EE.UU.,2021,RACISMO/XENOFOBIA,Masculino,0
EGIPTO,2021,RACISMO/XENOFOBIA,Ambos sexos,0
EGIPTO,2021,RACISMO/XENOFOBIA,Femenino,0
EGIPTO,2021,RACISMO/XENOFOBIA,Masculino,0
EL SALVADOR,2021,RACISMO/XENOFOBIA,Ambos sexos,0
EL SALVADOR,2021,RACISMO/XENOFOBIA,Femenino,0
EL SALVADOR,2021,RACISMO/XENOFOBIA,Masculino,0
ERITREA,2021,RACISMO/XENOFOBIA,Ambos sexos,0
ERITREA,2021,RACISMO/XENOFOBIA,Femenino,0
ERITREA,2021,RACISMO/XENOFOBIA,Masculino,0
ESLOVAQUIA,2021,RACISMO/XENOFOBIA,Ambos sexos,0
ESLOVAQUIA,2021,RACISMO/XENOFOBIA,Femenino,0
ESLOVAQUIA,2021,RACISMO/XENOFOBIA,Masculino,0
ESPAÑA,2021,RACISMO/XENOFOBIA,Ambos sexos,63
ESPAÑA,2021,RACISMO/XENOFOBIA,Femenino,7
ESPAÑA,2021,RACISMO/XENOFOBIA,Masculino,56
ESTONIA,2021,RACISMO/XENOFOBIA,Ambos sexos,0
ESTONIA,2021,RACISMO/XENOFOBIA,Femenino,0
ESTONIA,2021,RACISMO/XENOFOBIA,Masculino,0
FILIPINAS,2021,RACISMO/XENOFOBIA,Ambos sexos,0
FILIPINAS,2021,RACISMO/XENOFOBIA,Femenino,0
FILIPINAS,2021,RACISMO/XENOFOBIA,Masculino,0
FRANCIA,2021,RACISMO/XENOFOBIA,Ambos sexos,0
FRANCIA,2021,RACISMO/XENOFOBIA,Femenino,0
FRANCIA,2021,RACISMO/XENOFOBIA,Masculino,0
GAMBIA,2021,RACISMO/XENOFOBIA,Ambos sexos,1
GAMBIA,2021,RACISMO/XENOFOBIA,Femenino,0
GAMBIA,2021,RACISMO/XENOFOBIA,Masculino,1
GEORGIA,2021,RACISMO/XENOFOBIA,Ambos sexos,0
GEORGIA,2021,RACISMO/XENOFOBIA,Femenino,0
GEORGIA,2021,RACISMO/XENOFOBIA,Masculino,0
GHANA,2021,RACISMO/XENOFOBIA,Ambos sexos,0
GHANA,2021,RACISMO/XENOFOBIA,Femenino,0
GHANA,2021,RACISMO/XENOFOBIA,Masculino,0
GRECIA,2021,RACISMO/XENOFOBIA,Ambos sexos,0
GRECIA,2021,RACISMO/XENOFOBIA,Femenino,0
GRECIA,2021,RACISMO/XENOFOBIA,Masculino,0
GUATEMALA,2021,RACISMO/XENOFOBIA,Ambos sexos,0
GUATEMALA,2021,RACISMO/XENOFOBIA,Femenino,0
GUATEMALA,2021,RACISMO/XENOFOBIA,Masculino,0
GUINEA ECUATORIAL,2021,RACISMO/XENOFOBIA,Ambos sexos,1
GUINEA ECUATORIAL,2021,RACISMO/XENOFOBIA,Femenino,0
GUINEA ECUATORIAL,2021,RACISMO/XENOFOBIA,Masculino,1
GUINEA REP.,2021,RACISMO/XENOFOBIA,Ambos sexos,1
GUINEA REP.,2021,RACISMO/XENOFOBIA,Femenino,0
GUINEA REP.,2021,RACISMO/XENOFOBIA,Masculino,1
HAITI,2021,RACISMO/XENOFOBIA,Ambos sexos,0
HAITI,2021,RACISMO/XENOFOBIA,Femenino,0
HAITI,2021,RACISMO/XENOFOBIA,Masculino,0
HOLANDA,2021,RACISMO/XENOFOBIA,Ambos sexos,0
HOLANDA,2021,RACISMO/XENOFOBIA,Femenino,0
HOLANDA,2021,RACISMO/XENOFOBIA,Masculino,0
HONDURAS,2021,RACISMO/XENOFOBIA,Ambos sexos,0
HONDURAS,2021,RACISMO/XENOFOBIA,Femenino,0
HONDURAS,2021,RACISMO/XENOFOBIA,Masculino,0
INDIA,2021,RACISMO/XENOFOBIA,Ambos sexos,2
INDIA,2021,RACISMO/XENOFOBIA,Femenino,0
INDIA,2021,RACISMO/XENOFOBIA,Masculino,2
IRLANDA,2021,RACISMO/XENOFOBIA,Ambos sexos,0
IRLANDA,2021,RACISMO/XENOFOBIA,Femenino,0
IRLANDA,2021,RACISMO/XENOFOBIA,Masculino,0
IRÁN,2021,RACISMO/XENOFOBIA,Ambos sexos,0
IRÁN,2021,RACISMO/XENOFOBIA,Femenino,0
IRÁN,2021,RACISMO/XENOFOBIA,Masculino,0
ISRAEL,2021,RACISMO/XENOFOBIA,Ambos sexos,0
ISRAEL,2021,RACISMO/XENOFOBIA,Femenino,0
ISRAEL,2021,RACISMO/XENOFOBIA,Masculino,0
ITALIA,2021,RACISMO/XENOFOBIA,Ambos sexos,0
ITALIA,2021,RACISMO/XENOFOBIA,Femenino,0
ITALIA,2021,RACISMO/XENOFOBIA,Masculino,0
LETONIA,2021,RACISMO/XENOFOBIA,Ambos sexos,0
LETONIA,2021,RACISMO/XENOFOBIA,Femenino,0
LETONIA,2021,RACISMO/XENOFOBIA,Masculino,0
LIBERIA,2021,RACISMO/XENOFOBIA,Ambos sexos,0
LIBERIA,2021,RACISMO/XENOFOBIA,Femenino,0
LIBERIA,2021,RACISMO/XENOFOBIA,Masculino,0
LIBIA,2021,RACISMO/XENOFOBIA,Ambos sexos,0
LIBIA,2021,RACISMO/XENOFOBIA,Femenino,0
LIBIA,2021,RACISMO/XENOFOBIA,Masculino,0
LITUANIA,2021,RACISMO/XENOFOBIA,Ambos sexos,0
LITUANIA,2021,RACISMO/XENOFOBIA,Femenino,0
LITUANIA,2021,RACISMO/XENOFOBIA,Masculino,0
LÍBANO,2021,RACISMO/XENOFOBIA,Ambos sexos,0
LÍBANO,2021,RACISMO/XENOFOBIA,Femenino,0
LÍBANO,2021,RACISMO/XENOFOBIA,Masculino,0
MALI,2021,RACISMO/XENOFOBIA,Ambos sexos,0
MALI,2021,RACISMO/XENOFOBIA,Femenino,0
MALI,2021,RACISMO/XENOFOBIA,Masculino,0
MARRUECOS,2021,RACISMO/XENOFOBIA,Ambos sexos,3
MARRUECOS,2021,RACISMO/XENOFOBIA,Femenino,0
MARRUECOS,2021,RACISMO/XENOFOBIA,Masculino,3
MAURITANIA,2021,RACISMO/XENOFOBIA,Ambos sexos,0
MAURITANIA,2021,RACISMO/XENOFOBIA,Femenino,0
MAURITANIA,2021,RACISMO/XENOFOBIA,Masculino,0
MOLDAVIA,2021,RACISMO/XENOFOBIA,Ambos sexos,0
MOLDAVIA,2021,RACISMO/XENOFOBIA,Femenino,0
MOLDAVIA,2021,RACISMO/XENOFOBIA,Masculino,0
MONGOLIA,2021,RACISMO/XENOFOBIA,Ambos sexos,0
MONGOLIA,2021,RACISMO/XENOFOBIA,Femenino,0
MONGOLIA,2021,RACISMO/XENOFOBIA,Masculino,0
NEPAL,2021,RACISMO/XENOFOBIA,Ambos sexos,0
NEPAL,2021,RACISMO/XENOFOBIA,Femenino,0
NEPAL,2021,RACISMO/XENOFOBIA,Masculino,0
NICARAGUA,2021,RACISMO/XENOFOBIA,Ambos sexos,0
NICARAGUA,2021,RACISMO/XENOFOBIA,Femenino,0
NICARAGUA,2021,RACISMO/XENOFOBIA,Masculino,0
NIGERIA,2021,RACISMO/XENOFOBIA,Ambos sexos,0
NIGERIA,2021,RACISMO/XENOFOBIA,Femenino,0
NIGERIA,2021,RACISMO/XENOFOBIA,Masculino,0
NÍGER REP.,2021,RACISMO/XENOFOBIA,Ambos sexos,0
NÍGER REP.,2021,RACISMO/XENOFOBIA,Femenino,0
NÍGER REP.,2021,RACISMO/XENOFOBIA,Masculino,0
PANAMA,2021,RACISMO/XENOFOBIA,Ambos sexos,0
PANAMA,2021,RACISMO/XENOFOBIA,Femenino,0
PANAMA,2021,RACISMO/XENOFOBIA,Masculino,0
PAQUISTÁN,2021,RACISMO/XENOFOBIA,Ambos sexos,0
PAQUISTÁN,2021,RACISMO/XENOFOBIA,Femenino,0
PAQUISTÁN,2021,RACISMO/XENOFOBIA,Masculino,0
PARAGUAY,2021,RACISMO/XENOFOBIA,Ambos sexos,0
PARAGUAY,2021,RACISMO/XENOFOBIA,Femenino,0
PARAGUAY,2021,RACISMO/XENOFOBIA,Masculino,0
PAÍS DESCONOCIDO,2021,RACISMO/XENOFOBIA,Ambos sexos,0
PAÍS DESCONOCIDO,2021,RACISMO/XENOFOBIA,Femenino,0
PAÍS DESCONOCIDO,2021,RACISMO/XENOFOBIA,Masculino,0
PAÍS NO CODIFICADO,2021,RACISMO/XENOFOBIA,Ambos sexos,0
PAÍS NO CODIFICADO,2021,RACISMO/XENOFOBIA,Femenino,0
PAÍS NO CODIFICADO,2021,RACISMO/XENOFOBIA,Masculino,0
PERÚ,2021,RACISMO/XENOFOBIA,Ambos sexos,0
PERÚ,2021,RACISMO/XENOFOBIA,Femenino,0
PERÚ,2021,RACISMO/XENOFOBIA,Masculino,0
POLONIA,2021,RACISMO/XENOFOBIA,Ambos sexos,1
POLONIA,2021,RACISMO/XENOFOBIA,Femenino,1
POLONIA,2021,RACISMO/XENOFOBIA,Masculino,0
PORTUGAL,2021,RACISMO/XENOFOBIA,Ambos sexos,0
PORTUGAL,2021,RACISMO/XENOFOBIA,Femenino,0
PORTUGAL,2021,RACISMO/XENOFOBIA,Masculino,0
REINO UNIDO,2021,RACISMO/XENOFOBIA,Ambos sexos,0
REINO UNIDO,2021,RACISMO/XENOFOBIA,Femenino,0
REINO UNIDO,2021,RACISMO/XENOFOBIA,Masculino,0
REPÚBLICA CHECA,2021,RACISMO/XENOFOBIA,Ambos sexos,0
REPÚBLICA CHECA,2021,RACISMO/XENOFOBIA,Femenino,0
REPÚBLICA CHECA,2021,RACISMO/XENOFOBIA,Masculino,0
REPÚBLICA DOMINICANA,2021,RACISMO/XENOFOBIA,Ambos sexos,3
REPÚBLICA DOMINICANA,2021,RACISMO/XENOFOBIA,Femenino,0
REPÚBLICA DOMINICANA,2021,RACISMO/XENOFOBIA,Masculino,3
RUMANÍA,2021,RACISMO/XENOFOBIA,Ambos sexos,3
RUMANÍA,2021,RACISMO/XENOFOBIA,Femenino,0
RUMANÍA,2021,RACISMO/XENOFOBIA,Masculino,3
RUSIA,2021,RACISMO/XENOFOBIA,Ambos sexos,1
RUSIA,2021,RACISMO/XENOFOBIA,Femenino,0
RUSIA,2021,RACISMO/XENOFOBIA,Masculino,1
SENEGAL,2021,RACISMO/XENOFOBIA,Ambos sexos,0
SENEGAL,2021,RACISMO/XENOFOBIA,Femenino,0
SENEGAL,2021,RACISMO/XENOFOBIA,Masculino,0
SERBIA (YUGOSLAVIA),2021,RACISMO/XENOFOBIA,Ambos sexos,0
SERBIA (YUGOSLAVIA),2021,RACISMO/XENOFOBIA,Femenino,0
SERBIA (YUGOSLAVIA),2021,RACISMO/XENOFOBIA,Masculino,0
SIERRA LEONA,2021,RACISMO/XENOFOBIA,Ambos sexos,0
SIERRA LEONA,2021,RACISMO/XENOFOBIA,Femenino,0
SIERRA LEONA,2021,RACISMO/XENOFOBIA,Masculino,0
SIRIA,2021,RACISMO/XENOFOBIA,Ambos sexos,0
SIRIA,2021,RACISMO/XENOFOBIA,Femenino,0
SIRIA,2021,RACISMO/XENOFOBIA,Masculino,0
SUDÁFRICA R.,2021,RACISMO/XENOFOBIA,Ambos sexos,0
SUDÁFRICA R.,2021,RACISMO/XENOFOBIA,Femenino,0
SUDÁFRICA R.,2021,RACISMO/XENOFOBIA,Masculino,0
SUECIA,2021,RACISMO/XENOFOBIA,Ambos sexos,0
SUECIA,2021,RACISMO/XENOFOBIA,Femenino,0
SUECIA,2021,RACISMO/XENOFOBIA,Masculino,0
SUIZA,2021,RACISMO/XENOFOBIA,Ambos sexos,0
SUIZA,2021,RACISMO/XENOFOBIA,Femenino,0
SUIZA,2021,RACISMO/XENOFOBIA,Masculino,0
TOTAL nacionalidad,2021,RACISMO/XENOFOBIA,Ambos sexos,84
TOTAL nacionalidad,2021,RACISMO/XENOFOBIA,Femenino,8
TOTAL nacionalidad,2021,RACISMO/XENOFOBIA,Masculino,76
TURQUÍA,2021,RACISMO/XENOFOBIA,Ambos sexos,0
TURQUÍA,2021,RACISMO/XENOFOBIA,Femenino,0
TURQUÍA,2021,RACISMO/XENOFOBIA,Masculino,0
TÚNEZ,2021,RACISMO/XENOFOBIA,Ambos sexos,0
TÚNEZ,2021,RACISMO/XENOFOBIA,Femenino,0
TÚNEZ,2021,RACISMO/XENOFOBIA,Masculino,0
UCRANIA,2021,RACISMO/XENOFOBIA,Ambos sexos,1
UCRANIA,2021,RACISMO/XENOFOBIA,Femenino,0
UCRANIA,2021,RACISMO/XENOFOBIA,Masculino,1
URUGUAY,2021,RACISMO/XENOFOBIA,Ambos sexos,0
URUGUAY,2021,RACISMO/XENOFOBIA,Femenino,0
URUGUAY,2021,RACISMO/XENOFOBIA,Masculino,0
VENEZUELA,2021,RACISMO/XENOFOBIA,Ambos sexos,0
VENEZUELA,2021,RACISMO/XENOFOBIA,Femenino,0
VENEZUELA,2021,RACISMO/XENOFOBIA,Masculino,0
ZAMBIA,2021,RACISMO/XENOFOBIA,Ambos sexos,0
ZAMBIA,2021,RACISMO/XENOFOBIA,Femenino,0
ZAMBIA,2021,RACISMO/XENOFOBIA,Masculino,0
ALBANIA,2021,TOTAL ámbito,Ambos sexos,0
ALBANIA,2021,TOTAL ámbito,Femenino,0
ALBANIA,2021,TOTAL ámbito,Masculino,0
ALEMANIA,2021,TOTAL ámbito,Ambos sexos,0
ALEMANIA,2021,TOTAL ámbito,Femenino,0
ALEMANIA,2021,TOTAL ámbito,Masculino,2
ANDORRA,2021,TOTAL ámbito,Ambos sexos,0
ANDORRA,2021,TOTAL ámbito,Femenino,0
ANDORRA,2021,TOTAL ámbito,Masculino,0
ANGOLA,2021,TOTAL ámbito,Ambos sexos,0
ANGOLA,2021,TOTAL ámbito,Femenino,0
ANGOLA,2021,TOTAL ámbito,Masculino,0
ARGELIA,2021,TOTAL ámbito,Ambos sexos,12
ARGELIA,2021,TOTAL ámbito,Femenino,0
ARGELIA,2021,TOTAL ámbito,Masculino,1
ARGENTINA,2021,TOTAL ámbito,Ambos sexos,1
ARGENTINA,2021,TOTAL ámbito,Femenino,0
ARGENTINA,2021,TOTAL ámbito,Masculino,5
ARMENIA,2021,TOTAL ámbito,Ambos sexos,0
ARMENIA,2021,TOTAL ámbito,Femenino,0
ARMENIA,2021,TOTAL ámbito,Masculino,0
BANGLADESH,2021,TOTAL ámbito,Ambos sexos,0
BANGLADESH,2021,TOTAL ámbito,Femenino,0
BANGLADESH,2021,TOTAL ámbito,Masculino,1
BIELORRUSIA,2021,TOTAL ámbito,Ambos sexos,0
BIELORRUSIA,2021,TOTAL ámbito,Femenino,0
BIELORRUSIA,2021,TOTAL ámbito,Masculino,0
BOLIVIA,2021,TOTAL ámbito,Ambos sexos,13
BOLIVIA,2021,TOTAL ámbito,Femenino,0
BOLIVIA,2021,TOTAL ámbito,Masculino,6
BRASIL,2021,TOTAL ámbito,Ambos sexos,4
BRASIL,2021,TOTAL ámbito,Femenino,0
BRASIL,2021,TOTAL ámbito,Masculino,1
BULGARIA,2021,TOTAL ámbito,Ambos sexos,6
BULGARIA,2021,TOTAL ámbito,Femenino,0
BULGARIA,2021,TOTAL ámbito,Masculino,2
BÉLGICA,2021,TOTAL ámbito,Ambos sexos,0
BÉLGICA,2021,TOTAL ámbito,Femenino,0
BÉLGICA,2021,TOTAL ámbito,Masculino,1
CAMERÚN,2021,TOTAL ámbito,Ambos sexos,2
CAMERÚN,2021,TOTAL ámbito,Femenino,0
CAMERÚN,2021,TOTAL ámbito,Masculino,0
CENTRO ÁFRICANA REPÚBLICA,2021,TOTAL ámbito,Ambos sexos,0
CENTRO ÁFRICANA REPÚBLICA,2021,TOTAL ámbito,Femenino,0
CENTRO ÁFRICANA REPÚBLICA,2021,TOTAL ámbito,Masculino,0
CHILE,2021,TOTAL ámbito,Ambos sexos,0
CHILE,2021,TOTAL ámbito,Femenino,0
CHILE,2021,TOTAL ámbito,Masculino,0
CHINA POPULAR,2021,TOTAL ámbito,Ambos sexos,1
CHINA POPULAR,2021,TOTAL ámbito,Femenino,0
CHINA POPULAR,2021,TOTAL ámbito,Masculino,0
COLOMBIA,2021,TOTAL ámbito,Ambos sexos,10
COLOMBIA,2021,TOTAL ámbito,Femenino,0
COLOMBIA,2021,TOTAL ámbito,Masculino,6
CONGO-BRAZZAVILLE,2021,TOTAL ámbito,Ambos sexos,0
CONGO-BRAZZAVILLE,2021,TOTAL ámbito,Femenino,0
CONGO-BRAZZAVILLE,2021,TOTAL ámbito,Masculino,0
COSTA DE MARFIL,2021,TOTAL ámbito,Ambos sexos,1
COSTA DE MARFIL,2021,TOTAL ámbito,Femenino,0
COSTA DE MARFIL,2021,TOTAL ámbito,Masculino,0
CROACIA,2021,TOTAL ámbito,Ambos sexos,0
CROACIA,2021,TOTAL ámbito,Femenino,0
CROACIA,2021,TOTAL ámbito,Masculino,0
CUBA,2021,TOTAL ámbito,Ambos sexos,2
CUBA,2021,TOTAL ámbito,Femenino,0
CUBA,2021,TOTAL ámbito,Masculino,0
ECUADOR,2021,TOTAL ámbito,Ambos sexos,2
ECUADOR,2021,TOTAL ámbito,Femenino,1
ECUADOR,2021,TOTAL ámbito,Masculino,8
EE.UU.,2021,TOTAL ámbito,Ambos sexos,0
EE.UU.,2021,TOTAL ámbito,Femenino,0
EE.UU.,2021,TOTAL ámbito,Masculino,2
EGIPTO,2021,TOTAL ámbito,Ambos sexos,0
EGIPTO,2021,TOTAL ámbito,Femenino,0
EGIPTO,2021,TOTAL ámbito,Masculino,0
EL SALVADOR,2021,TOTAL ámbito,Ambos sexos,1
EL SALVADOR,2021,TOTAL ámbito,Femenino,0
EL SALVADOR,2021,TOTAL ámbito,Masculino,0
ERITREA,2021,TOTAL ámbito,Ambos sexos,0
ERITREA,2021,TOTAL ámbito,Femenino,0
ERITREA,2021,TOTAL ámbito,Masculino,0
ESLOVAQUIA,2021,TOTAL ámbito,Ambos sexos,1
ESLOVAQUIA,2021,TOTAL ámbito,Femenino,0
ESLOVAQUIA,2021,TOTAL ámbito,Masculino,0
ESPAÑA,2021,TOTAL ámbito,Ambos sexos,561
ESPAÑA,2021,TOTAL ámbito,Femenino,32
ESPAÑA,2021,TOTAL ámbito,Masculino,371
ESTONIA,2021,TOTAL ámbito,Ambos sexos,0
ESTONIA,2021,TOTAL ámbito,Femenino,0
ESTONIA,2021,TOTAL ámbito,Masculino,0
FILIPINAS,2021,TOTAL ámbito,Ambos sexos,0
FILIPINAS,2021,TOTAL ámbito,Femenino,0
FILIPINAS,2021,TOTAL ámbito,Masculino,0
FRANCIA,2021,TOTAL ámbito,Ambos sexos,0
FRANCIA,2021,TOTAL ámbito,Femenino,0
FRANCIA,2021,TOTAL ámbito,Masculino,0
GAMBIA,2021,TOTAL ámbito,Ambos sexos,1
GAMBIA,2021,TOTAL ámbito,Femenino,0
GAMBIA,2021,TOTAL ámbito,Masculino,1
GEORGIA,2021,TOTAL ámbito,Ambos sexos,0
GEORGIA,2021,TOTAL ámbito,Femenino,0
GEORGIA,2021,TOTAL ámbito,Masculino,0
GHANA,2021,TOTAL ámbito,Ambos sexos,0
GHANA,2021,TOTAL ámbito,Femenino,0
GHANA,2021,TOTAL ámbito,Masculino,0
GRECIA,2021,TOTAL ámbito,Ambos sexos,1
GRECIA,2021,TOTAL ámbito,Femenino,0
GRECIA,2021,TOTAL ámbito,Masculino,0
GUATEMALA,2021,TOTAL ámbito,Ambos sexos,6
GUATEMALA,2021,TOTAL ámbito,Femenino,0
GUATEMALA,2021,TOTAL ámbito,Masculino,0
GUINEA ECUATORIAL,2021,TOTAL ámbito,Ambos sexos,1
GUINEA ECUATORIAL,2021,TOTAL ámbito,Femenino,0
GUINEA ECUATORIAL,2021,TOTAL ámbito,Masculino,1
GUINEA REP.,2021,TOTAL ámbito,Ambos sexos,0
GUINEA REP.,2021,TOTAL ámbito,Femenino,0
GUINEA REP.,2021,TOTAL ámbito,Masculino,1
HAITI,2021,TOTAL ámbito,Ambos sexos,0
HAITI,2021,TOTAL ámbito,Femenino,0
HAITI,2021,TOTAL ámbito,Masculino,0
HOLANDA,2021,TOTAL ámbito,Ambos sexos,0
HOLANDA,2021,TOTAL ámbito,Femenino,0
HOLANDA,2021,TOTAL ámbito,Masculino,0
HONDURAS,2021,TOTAL ámbito,Ambos sexos,4
HONDURAS,2021,TOTAL ámbito,Femenino,0
HONDURAS,2021,TOTAL ámbito,Masculino,0
INDIA,2021,TOTAL ámbito,Ambos sexos,0
INDIA,2021,TOTAL ámbito,Femenino,0
INDIA,2021,TOTAL ámbito,Masculino,6
IRLANDA,2021,TOTAL ámbito,Ambos sexos,0
IRLANDA,2021,TOTAL ámbito,Femenino,0
IRLANDA,2021,TOTAL ámbito,Masculino,0
IRÁN,2021,TOTAL ámbito,Ambos sexos,1
IRÁN,2021,TOTAL ámbito,Femenino,0
IRÁN,2021,TOTAL ámbito,Masculino,0
ISRAEL,2021,TOTAL ámbito,Ambos sexos,0
ISRAEL,2021,TOTAL ámbito,Femenino,0
ISRAEL,2021,TOTAL ámbito,Masculino,0
ITALIA,2021,TOTAL ámbito,Ambos sexos,4
ITALIA,2021,TOTAL ámbito,Femenino,0
ITALIA,2021,TOTAL ámbito,Masculino,0
LETONIA,2021,TOTAL ámbito,Ambos sexos,0
LETONIA,2021,TOTAL ámbito,Femenino,0
LETONIA,2021,TOTAL ámbito,Masculino,0
LIBERIA,2021,TOTAL ámbito,Ambos sexos,0
LIBERIA,2021,TOTAL ámbito,Femenino,0
LIBERIA,2021,TOTAL ámbito,Masculino,0
LIBIA,2021,TOTAL ámbito,Ambos sexos,0
LIBIA,2021,TOTAL ámbito,Femenino,0
LIBIA,2021,TOTAL ámbito,Masculino,0
LITUANIA,2021,TOTAL ámbito,Ambos sexos,1
LITUANIA,2021,TOTAL ámbito,Femenino,0
LITUANIA,2021,TOTAL ámbito,Masculino,0
LÍBANO,2021,TOTAL ámbito,Ambos sexos,0
LÍBANO,2021,TOTAL ámbito,Femenino,0
LÍBANO,2021,TOTAL ámbito,Masculino,0
MALI,2021,TOTAL ámbito,Ambos sexos,2
MALI,2021,TOTAL ámbito,Femenino,0
MALI,2021,TOTAL ámbito,Masculino,2
MARRUECOS,2021,TOTAL ámbito,Ambos sexos,50
MARRUECOS,2021,TOTAL ámbito,Femenino,0
MARRUECOS,2021,TOTAL ámbito,Masculino,18
MAURITANIA,2021,TOTAL ámbito,Ambos sexos,0
MAURITANIA,2021,TOTAL ámbito,Femenino,0
MAURITANIA,2021,TOTAL ámbito,Masculino,0
MOLDAVIA,2021,TOTAL ámbito,Ambos sexos,0
MOLDAVIA,2021,TOTAL ámbito,Femenino,0
MOLDAVIA,2021,TOTAL ámbito,Masculino,0
MONGOLIA,2021,TOTAL ámbito,Ambos sexos,0
MONGOLIA,2021,TOTAL ámbito,Femenino,0
MONGOLIA,2021,TOTAL ámbito,Masculino,0
NEPAL,2021,TOTAL ámbito,Ambos sexos,0
NEPAL,2021,TOTAL ámbito,Femenino,0
NEPAL,2021,TOTAL ámbito,Masculino,1
NICARAGUA,2021,TOTAL ámbito,Ambos sexos,3
NICARAGUA,2021,TOTAL ámbito,Femenino,0
NICARAGUA,2021,TOTAL ámbito,Masculino,0
NIGERIA,2021,TOTAL ámbito,Ambos sexos,1
NIGERIA,2021,TOTAL ámbito,Femenino,0
NIGERIA,2021,TOTAL ámbito,Masculino,1
NÍGER REP.,2021,TOTAL ámbito,Ambos sexos,0
NÍGER REP.,2021,TOTAL ámbito,Femenino,0
NÍGER REP.,2021,TOTAL ámbito,Masculino,0
PANAMA,2021,TOTAL ámbito,Ambos sexos,0
PANAMA,2021,TOTAL ámbito,Femenino,0
PANAMA,2021,TOTAL ámbito,Masculino,0
PAQUISTÁN,2021,TOTAL ámbito,Ambos sexos,2
PAQUISTÁN,2021,TOTAL ámbito,Femenino,0
PAQUISTÁN,2021,TOTAL ámbito,Masculino,2
PARAGUAY,2021,TOTAL ámbito,Ambos sexos,1
PARAGUAY,2021,TOTAL ámbito,Femenino,0
PARAGUAY,2021,TOTAL ámbito,Masculino,3
PAÍS DESCONOCIDO,2021,TOTAL ámbito,Ambos sexos,7
PAÍS DESCONOCIDO,2021,TOTAL ámbito,Femenino,0
PAÍS DESCONOCIDO,2021,TOTAL ámbito,Masculino,1
PAÍS NO CODIFICADO,2021,TOTAL ámbito,Ambos sexos,3
PAÍS NO CODIFICADO,2021,TOTAL ámbito,Femenino,0
PAÍS NO CODIFICADO,2021,TOTAL ámbito,Masculino,0
PERÚ,2021,TOTAL ámbito,Ambos sexos,1
PERÚ,2021,TOTAL ámbito,Femenino,0
PERÚ,2021,TOTAL ámbito,Masculino,0
POLONIA,2021,TOTAL ámbito,Ambos sexos,1
POLONIA,2021,TOTAL ámbito,Femenino,1
POLONIA,2021,TOTAL ámbito,Masculino,1
PORTUGAL,2021,TOTAL ámbito,Ambos sexos,0
PORTUGAL,2021,TOTAL ámbito,Femenino,0
PORTUGAL,2021,TOTAL ámbito,Masculino,3
REINO UNIDO,2021,TOTAL ámbito,Ambos sexos,0
REINO UNIDO,2021,TOTAL ámbito,Femenino,0
REINO UNIDO,2021,TOTAL ámbito,Masculino,2
REPÚBLICA CHECA,2021,TOTAL ámbito,Ambos sexos,0
REPÚBLICA CHECA,2021,TOTAL ámbito,Femenino,0
REPÚBLICA CHECA,2021,TOTAL ámbito,Masculino,1
REPÚBLICA DOMINICANA,2021,TOTAL ámbito,Ambos sexos,14
REPÚBLICA DOMINICANA,2021,TOTAL ámbito,Femenino,1
REPÚBLICA DOMINICANA,2021,TOTAL ámbito,Masculino,6
RUMANÍA,2021,TOTAL ámbito,Ambos sexos,15
RUMANÍA,2021,TOTAL ámbito,Femenino,1
RUMANÍA,2021,TOTAL ámbito,Masculino,11
RUSIA,2021,TOTAL ámbito,Ambos sexos,0
RUSIA,2021,TOTAL ámbito,Femenino,0
RUSIA,2021,TOTAL ámbito,Masculino,1
SENEGAL,2021,TOTAL ámbito,Ambos sexos,2
SENEGAL,2021,TOTAL ámbito,Femenino,0
SENEGAL,2021,TOTAL ámbito,Masculino,5
SERBIA (YUGOSLAVIA),2021,TOTAL ámbito,Ambos sexos,0
SERBIA (YUGOSLAVIA),2021,TOTAL ámbito,Femenino,0
SERBIA (YUGOSLAVIA),2021,TOTAL ámbito,Masculino,0
SIERRA LEONA,2021,TOTAL ámbito,Ambos sexos,0
SIERRA LEONA,2021,TOTAL ámbito,Femenino,0
SIERRA LEONA,2021,TOTAL ámbito,Masculino,0
SIRIA,2021,TOTAL ámbito,Ambos sexos,2
SIRIA,2021,TOTAL ámbito,Femenino,0
SIRIA,2021,TOTAL ámbito,Masculino,0
SUDÁFRICA R.,2021,TOTAL ámbito,Ambos sexos,0
SUDÁFRICA R.,2021,TOTAL ámbito,Femenino,0
SUDÁFRICA R.,2021,TOTAL ámbito,Masculino,0
SUECIA,2021,TOTAL ámbito,Ambos sexos,0
SUECIA,2021,TOTAL ámbito,Femenino,0
SUECIA,2021,TOTAL ámbito,Masculino,0
SUIZA,2021,TOTAL ámbito,Ambos sexos,0
SUIZA,2021,TOTAL ámbito,Femenino,0
SUIZA,2021,TOTAL ámbito,Masculino,0
TOTAL nacionalidad,2021,TOTAL ámbito,Ambos sexos,742
TOTAL nacionalidad,2021,TOTAL ámbito,Femenino,36
TOTAL nacionalidad,2021,TOTAL ámbito,Masculino,474
TURQUÍA,2021,TOTAL ámbito,Ambos sexos,0
TURQUÍA,2021,TOTAL ámbito,Femenino,0
TURQUÍA,2021,TOTAL ámbito,Masculino,0
TÚNEZ,2021,TOTAL ámbito,Ambos sexos,1
TÚNEZ,2021,TOTAL ámbito,Femenino,0
TÚNEZ,2021,TOTAL ámbito,Masculino,0
UCRANIA,2021,TOTAL ámbito,Ambos sexos,0
UCRANIA,2021,TOTAL ámbito,Femenino,0
UCRANIA,2021,TOTAL ámbito,Masculino,1
URUGUAY,2021,TOTAL ámbito,Ambos sexos,1
URUGUAY,2021,TOTAL ámbito,Femenino,0
URUGUAY,2021,TOTAL ámbito,Masculino,0
VENEZUELA,2021,TOTAL ámbito,Ambos sexos,0
VENEZUELA,2021,TOTAL ámbito,Femenino,0
VENEZUELA,2021,TOTAL ámbito,Masculino,0
ZAMBIA,2021,TOTAL ámbito,Ambos sexos,0
ZAMBIA,2021,TOTAL ámbito,Femenino,0
ZAMBIA,2021,TOTAL ámbito,Masculino,0
ALBANIA,2022,ANTIGITANISMO,Ambos sexos,0
ALBANIA,2022,ANTIGITANISMO,Femenino,0
ALBANIA,2022,ANTIGITANISMO,Masculino,0
ALEMANIA,2022,ANTIGITANISMO,Ambos sexos,0
ALEMANIA,2022,ANTIGITANISMO,Femenino,0
ALEMANIA,2022,ANTIGITANISMO,Masculino,0
ANDORRA,2022,ANTIGITANISMO,Ambos sexos,0
ANDORRA,2022,ANTIGITANISMO,Femenino,0
ANDORRA,2022,ANTIGITANISMO,Masculino,0
ANGOLA,2022,ANTIGITANISMO,Ambos sexos,0
ANGOLA,2022,ANTIGITANISMO,Femenino,0
ANGOLA,2022,ANTIGITANISMO,Masculino,0
ARGELIA,2022,ANTIGITANISMO,Ambos sexos,0
ARGELIA,2022,ANTIGITANISMO,Femenino,0
ARGELIA,2022,ANTIGITANISMO,Masculino,0
ARGENTINA,2022,ANTIGITANISMO,Ambos sexos,0
ARGENTINA,2022,ANTIGITANISMO,Femenino,0
ARGENTINA,2022,ANTIGITANISMO,Masculino,0
ARMENIA,2022,ANTIGITANISMO,Ambos sexos,0
ARMENIA,2022,ANTIGITANISMO,Femenino,0
ARMENIA,2022,ANTIGITANISMO,Masculino,0
BANGLADESH,2022,ANTIGITANISMO,Ambos sexos,0
BANGLADESH,2022,ANTIGITANISMO,Femenino,0
BANGLADESH,2022,ANTIGITANISMO,Masculino,0
BIELORRUSIA,2022,ANTIGITANISMO,Ambos sexos,0
BIELORRUSIA,2022,ANTIGITANISMO,Femenino,0
BIELORRUSIA,2022,ANTIGITANISMO,Masculino,0
BOLIVIA,2022,ANTIGITANISMO,Ambos sexos,0
BOLIVIA,2022,ANTIGITANISMO,Femenino,0
BOLIVIA,2022,ANTIGITANISMO,Masculino,0
BRASIL,2022,ANTIGITANISMO,Ambos sexos,0
BRASIL,2022,ANTIGITANISMO,Femenino,0
BRASIL,2022,ANTIGITANISMO,Masculino,0
BULGARIA,2022,ANTIGITANISMO,Ambos sexos,0
BULGARIA,2022,ANTIGITANISMO,Femenino,0
BULGARIA,2022,ANTIGITANISMO,Masculino,0
BÉLGICA,2022,ANTIGITANISMO,Ambos sexos,0
BÉLGICA,2022,ANTIGITANISMO,Femenino,0
BÉLGICA,2022,ANTIGITANISMO,Masculino,0
CAMERÚN,2022,ANTIGITANISMO,Ambos sexos,0
CAMERÚN,2022,ANTIGITANISMO,Femenino,0
CAMERÚN,2022,ANTIGITANISMO,Masculino,0
CENTRO ÁFRICANA REPÚBLICA,2022,ANTIGITANISMO,Ambos sexos,0
CENTRO ÁFRICANA REPÚBLICA,2022,ANTIGITANISMO,Femenino,0
CENTRO ÁFRICANA REPÚBLICA,2022,ANTIGITANISMO,Masculino,0
CHILE,2022,ANTIGITANISMO,Ambos sexos,0
CHILE,2022,ANTIGITANISMO,Femenino,0
CHILE,2022,ANTIGITANISMO,Masculino,0
CHINA POPULAR,2022,ANTIGITANISMO,Ambos sexos,0
CHINA POPULAR,2022,ANTIGITANISMO,Femenino,0
CHINA POPULAR,2022,ANTIGITANISMO,Masculino,0
COLOMBIA,2022,ANTIGITANISMO,Ambos sexos,0
COLOMBIA,2022,ANTIGITANISMO,Femenino,0
COLOMBIA,2022,ANTIGITANISMO,Masculino,0
CONGO-BRAZZAVILLE,2022,ANTIGITANISMO,Ambos sexos,0
CONGO-BRAZZAVILLE,2022,ANTIGITANISMO,Femenino,0
CONGO-BRAZZAVILLE,2022,ANTIGITANISMO,Masculino,0
COSTA DE MARFIL,2022,ANTIGITANISMO,Ambos sexos,0
COSTA DE MARFIL,2022,ANTIGITANISMO,Femenino,0
COSTA DE MARFIL,2022,ANTIGITANISMO,Masculino,0
CROACIA,2022,ANTIGITANISMO,Ambos sexos,0
CROACIA,2022,ANTIGITANISMO,Femenino,0
CROACIA,2022,ANTIGITANISMO,Masculino,0
CUBA,2022,ANTIGITANISMO,Ambos sexos,0
CUBA,2022,ANTIGITANISMO,Femenino,0
CUBA,2022,ANTIGITANISMO,Masculino,0
ECUADOR,2022,ANTIGITANISMO,Ambos sexos,0
ECUADOR,2022,ANTIGITANISMO,Femenino,0
ECUADOR,2022,ANTIGITANISMO,Masculino,0
EE.UU.,2022,ANTIGITANISMO,Ambos sexos,0
EE.UU.,2022,ANTIGITANISMO,Femenino,0
EE.UU.,2022,ANTIGITANISMO,Masculino,0
EGIPTO,2022,ANTIGITANISMO,Ambos sexos,0
EGIPTO,2022,ANTIGITANISMO,Femenino,0
EGIPTO,2022,ANTIGITANISMO,Masculino,0
EL SALVADOR,2022,ANTIGITANISMO,Ambos sexos,0
EL SALVADOR,2022,ANTIGITANISMO,Femenino,0
EL SALVADOR,2022,ANTIGITANISMO,Masculino,0
ERITREA,2022,ANTIGITANISMO,Ambos sexos,0
ERITREA,2022,ANTIGITANISMO,Femenino,0
ERITREA,2022,ANTIGITANISMO,Masculino,0
ESLOVAQUIA,2022,ANTIGITANISMO,Ambos sexos,0
ESLOVAQUIA,2022,ANTIGITANISMO,Femenino,0
ESLOVAQUIA,2022,ANTIGITANISMO,Masculino,0
ESPAÑA,2022,ANTIGITANISMO,Ambos sexos,11
ESPAÑA,2022,ANTIGITANISMO,Femenino,3
ESPAÑA,2022,ANTIGITANISMO,Masculino,8
ESTONIA,2022,ANTIGITANISMO,Ambos sexos,0
ESTONIA,2022,ANTIGITANISMO,Femenino,0
ESTONIA,2022,ANTIGITANISMO,Masculino,0
FILIPINAS,2022,ANTIGITANISMO,Ambos sexos,0
FILIPINAS,2022,ANTIGITANISMO,Femenino,0
FILIPINAS,2022,ANTIGITANISMO,Masculino,0
FRANCIA,2022,ANTIGITANISMO,Ambos sexos,0
FRANCIA,2022,ANTIGITANISMO,Femenino,0
FRANCIA,2022,ANTIGITANISMO,Masculino,0
GAMBIA,2022,ANTIGITANISMO,Ambos sexos,0
GAMBIA,2022,ANTIGITANISMO,Femenino,0
GAMBIA,2022,ANTIGITANISMO,Masculino,0
GEORGIA,2022,ANTIGITANISMO,Ambos sexos,0
GEORGIA,2022,ANTIGITANISMO,Femenino,0
GEORGIA,2022,ANTIGITANISMO,Masculino,0
GHANA,2022,ANTIGITANISMO,Ambos sexos,0
GHANA,2022,ANTIGITANISMO,Femenino,0
GHANA,2022,ANTIGITANISMO,Masculino,0
GRECIA,2022,ANTIGITANISMO,Ambos sexos,0
GRECIA,2022,ANTIGITANISMO,Femenino,0
GRECIA,2022,ANTIGITANISMO,Masculino,0
GUATEMALA,2022,ANTIGITANISMO,Ambos sexos,0
GUATEMALA,2022,ANTIGITANISMO,Femenino,0
GUATEMALA,2022,ANTIGITANISMO,Masculino,0
GUINEA ECUATORIAL,2022,ANTIGITANISMO,Ambos sexos,0
GUINEA ECUATORIAL,2022,ANTIGITANISMO,Femenino,0
GUINEA ECUATORIAL,2022,ANTIGITANISMO,Masculino,0
GUINEA REP.,2022,ANTIGITANISMO,Ambos sexos,0
GUINEA REP.,2022,ANTIGITANISMO,Femenino,0
GUINEA REP.,2022,ANTIGITANISMO,Masculino,0
HAITI,2022,ANTIGITANISMO,Ambos sexos,0
HAITI,2022,ANTIGITANISMO,Femenino,0
HAITI,2022,ANTIGITANISMO,Masculino,0
HOLANDA,2022,ANTIGITANISMO,Ambos sexos,0
HOLANDA,2022,ANTIGITANISMO,Femenino,0
HOLANDA,2022,ANTIGITANISMO,Masculino,0
HONDURAS,2022,ANTIGITANISMO,Ambos sexos,0
HONDURAS,2022,ANTIGITANISMO,Femenino,0
HONDURAS,2022,ANTIGITANISMO,Masculino,0
INDIA,2022,ANTIGITANISMO,Ambos sexos,0
INDIA,2022,ANTIGITANISMO,Femenino,0
INDIA,2022,ANTIGITANISMO,Masculino,0
IRLANDA,2022,ANTIGITANISMO,Ambos sexos,0
IRLANDA,2022,ANTIGITANISMO,Femenino,0
IRLANDA,2022,ANTIGITANISMO,Masculino,0
IRÁN,2022,ANTIGITANISMO,Ambos sexos,0
IRÁN,2022,ANTIGITANISMO,Femenino,0
IRÁN,2022,ANTIGITANISMO,Masculino,0
ISRAEL,2022,ANTIGITANISMO,Ambos sexos,0
ISRAEL,2022,ANTIGITANISMO,Femenino,0
ISRAEL,2022,ANTIGITANISMO,Masculino,0
ITALIA,2022,ANTIGITANISMO,Ambos sexos,0
ITALIA,2022,ANTIGITANISMO,Femenino,0
ITALIA,2022,ANTIGITANISMO,Masculino,0
LETONIA,2022,ANTIGITANISMO,Ambos sexos,0
LETONIA,2022,ANTIGITANISMO,Femenino,0
LETONIA,2022,ANTIGITANISMO,Masculino,0
LIBERIA,2022,ANTIGITANISMO,Ambos sexos,0
LIBERIA,2022,ANTIGITANISMO,Femenino,0
LIBERIA,2022,ANTIGITANISMO,Masculino,0
LIBIA,2022,ANTIGITANISMO,Ambos sexos,0
LIBIA,2022,ANTIGITANISMO,Femenino,0
LIBIA,2022,ANTIGITANISMO,Masculino,0
LITUANIA,2022,ANTIGITANISMO,Ambos sexos,0
LITUANIA,2022,ANTIGITANISMO,Femenino,0
LITUANIA,2022,ANTIGITANISMO,Masculino,0
LÍBANO,2022,ANTIGITANISMO,Ambos sexos,0
LÍBANO,2022,ANTIGITANISMO,Femenino,0
LÍBANO,2022,ANTIGITANISMO,Masculino,0
MALI,2022,ANTIGITANISMO,Ambos sexos,0
MALI,2022,ANTIGITANISMO,Femenino,0
MALI,2022,ANTIGITANISMO,Masculino,0
MARRUECOS,2022,ANTIGITANISMO,Ambos sexos,1
MARRUECOS,2022,ANTIGITANISMO,Femenino,0
MARRUECOS,2022,ANTIGITANISMO,Masculino,1
MAURITANIA,2022,ANTIGITANISMO,Ambos sexos,0
MAURITANIA,2022,ANTIGITANISMO,Femenino,0
MAURITANIA,2022,ANTIGITANISMO,Masculino,0
MOLDAVIA,2022,ANTIGITANISMO,Ambos sexos,0
MOLDAVIA,2022,ANTIGITANISMO,Femenino,0
MOLDAVIA,2022,ANTIGITANISMO,Masculino,0
MONGOLIA,2022,ANTIGITANISMO,Ambos sexos,0
MONGOLIA,2022,ANTIGITANISMO,Femenino,0
MONGOLIA,2022,ANTIGITANISMO,Masculino,0
NEPAL,2022,ANTIGITANISMO,Ambos sexos,0
NEPAL,2022,ANTIGITANISMO,Femenino,0
NEPAL,2022,ANTIGITANISMO,Masculino,0
NICARAGUA,2022,ANTIGITANISMO,Ambos sexos,0
NICARAGUA,2022,ANTIGITANISMO,Femenino,0
NICARAGUA,2022,ANTIGITANISMO,Masculino,0
NIGERIA,2022,ANTIGITANISMO,Ambos sexos,0
NIGERIA,2022,ANTIGITANISMO,Femenino,0
NIGERIA,2022,ANTIGITANISMO,Masculino,0
NÍGER REP.,2022,ANTIGITANISMO,Ambos sexos,0
NÍGER REP.,2022,ANTIGITANISMO,Femenino,0
NÍGER REP.,2022,ANTIGITANISMO,Masculino,0
PANAMA,2022,ANTIGITANISMO,Ambos sexos,0
PANAMA,2022,ANTIGITANISMO,Femenino,0
PANAMA,2022,ANTIGITANISMO,Masculino,0
PAQUISTÁN,2022,ANTIGITANISMO,Ambos sexos,0
PAQUISTÁN,2022,ANTIGITANISMO,Femenino,0
PAQUISTÁN,2022,ANTIGITANISMO,Masculino,0
PARAGUAY,2022,ANTIGITANISMO,Ambos sexos,0
PARAGUAY,2022,ANTIGITANISMO,Femenino,0
PARAGUAY,2022,ANTIGITANISMO,Masculino,0
PAÍS DESCONOCIDO,2022,ANTIGITANISMO,Ambos sexos,0
PAÍS DESCONOCIDO,2022,ANTIGITANISMO,Femenino,0
PAÍS DESCONOCIDO,2022,ANTIGITANISMO,Masculino,0
PAÍS NO CODIFICADO,2022,ANTIGITANISMO,Ambos sexos,0
PAÍS NO CODIFICADO,2022,ANTIGITANISMO,Femenino,0
PAÍS NO CODIFICADO,2022,ANTIGITANISMO,Masculino,0
PERÚ,2022,ANTIGITANISMO,Ambos sexos,0
PERÚ,2022,ANTIGITANISMO,Femenino,0
PERÚ,2022,ANTIGITANISMO,Masculino,0
POLONIA,2022,ANTIGITANISMO,Ambos sexos,0
POLONIA,2022,ANTIGITANISMO,Femenino,0
POLONIA,2022,ANTIGITANISMO,Masculino,0
PORTUGAL,2022,ANTIGITANISMO,Ambos sexos,0
PORTUGAL,2022,ANTIGITANISMO,Femenino,0
PORTUGAL,2022,ANTIGITANISMO,Masculino,0
REINO UNIDO,2022,ANTIGITANISMO,Ambos sexos,0
REINO UNIDO,2022,ANTIGITANISMO,Femenino,0
REINO UNIDO,2022,ANTIGITANISMO,Masculino,0
REPÚBLICA CHECA,2022,ANTIGITANISMO,Ambos sexos,0
REPÚBLICA CHECA,2022,ANTIGITANISMO,Femenino,0
REPÚBLICA CHECA,2022,ANTIGITANISMO,Masculino,0
REPÚBLICA DOMINICANA,2022,ANTIGITANISMO,Ambos sexos,0
REPÚBLICA DOMINICANA,2022,ANTIGITANISMO,Femenino,0
REPÚBLICA DOMINICANA,2022,ANTIGITANISMO,Masculino,0
RUMANÍA,2022,ANTIGITANISMO,Ambos sexos,2
RUMANÍA,2022,ANTIGITANISMO,Femenino,2
RUMANÍA,2022,ANTIGITANISMO,Masculino,0
RUSIA,2022,ANTIGITANISMO,Ambos sexos,0
RUSIA,2022,ANTIGITANISMO,Femenino,0
RUSIA,2022,ANTIGITANISMO,Masculino,0
SENEGAL,2022,ANTIGITANISMO,Ambos sexos,0
SENEGAL,2022,ANTIGITANISMO,Femenino,0
SENEGAL,2022,ANTIGITANISMO,Masculino,0
SERBIA (YUGOSLAVIA),2022,ANTIGITANISMO,Ambos sexos,0
SERBIA (YUGOSLAVIA),2022,ANTIGITANISMO,Femenino,0
SERBIA (YUGOSLAVIA),2022,ANTIGITANISMO,Masculino,0
SIERRA LEONA,2022,ANTIGITANISMO,Ambos sexos,0
SIERRA LEONA,2022,ANTIGITANISMO,Femenino,0
SIERRA LEONA,2022,ANTIGITANISMO,Masculino,0
SIRIA,2022,ANTIGITANISMO,Ambos sexos,0
SIRIA,2022,ANTIGITANISMO,Femenino,0
SIRIA,2022,ANTIGITANISMO,Masculino,0
SUDÁFRICA R.,2022,ANTIGITANISMO,Ambos sexos,0
SUDÁFRICA R.,2022,ANTIGITANISMO,Femenino,0
SUDÁFRICA R.,2022,ANTIGITANISMO,Masculino,0
SUECIA,2022,ANTIGITANISMO,Ambos sexos,0
SUECIA,2022,ANTIGITANISMO,Femenino,0
SUECIA,2022,ANTIGITANISMO,Masculino,0
SUIZA,2022,ANTIGITANISMO,Ambos sexos,0
SUIZA,2022,ANTIGITANISMO,Femenino,0
SUIZA,2022,ANTIGITANISMO,Masculino,0
TOTAL nacionalidad,2022,ANTIGITANISMO,Ambos sexos,14
TOTAL nacionalidad,2022,ANTIGITANISMO,Femenino,5
TOTAL nacionalidad,2022,ANTIGITANISMO,Masculino,9
TURQUÍA,2022,ANTIGITANISMO,Ambos sexos,0
TURQUÍA,2022,ANTIGITANISMO,Femenino,0
TURQUÍA,2022,ANTIGITANISMO,Masculino,0
TÚNEZ,2022,ANTIGITANISMO,Ambos sexos,0
TÚNEZ,2022,ANTIGITANISMO,Femenino,0
TÚNEZ,2022,ANTIGITANISMO,Masculino,0
UCRANIA,2022,ANTIGITANISMO,Ambos sexos,0
UCRANIA,2022,ANTIGITANISMO,Femenino,0
UCRANIA,2022,ANTIGITANISMO,Masculino,0
URUGUAY,2022,ANTIGITANISMO,Ambos sexos,0
URUGUAY,2022,ANTIGITANISMO,Femenino,0
URUGUAY,2022,ANTIGITANISMO,Masculino,0
VENEZUELA,2022,ANTIGITANISMO,Ambos sexos,0
VENEZUELA,2022,ANTIGITANISMO,Femenino,0
VENEZUELA,2022,ANTIGITANISMO,Masculino,0
ZAMBIA,2022,ANTIGITANISMO,Ambos sexos,0
ZAMBIA,2022,ANTIGITANISMO,Femenino,0
ZAMBIA,2022,ANTIGITANISMO,Masculino,0
ALBANIA,2022,ANTISEMITISMO,Ambos sexos,0
ALBANIA,2022,ANTISEMITISMO,Femenino,0
ALBANIA,2022,ANTISEMITISMO,Masculino,0
ALEMANIA,2022,ANTISEMITISMO,Ambos sexos,0
ALEMANIA,2022,ANTISEMITISMO,Femenino,0
ALEMANIA,2022,ANTISEMITISMO,Masculino,0
ANDORRA,2022,ANTISEMITISMO,Ambos sexos,0
ANDORRA,2022,ANTISEMITISMO,Femenino,0
ANDORRA,2022,ANTISEMITISMO,Masculino,0
ANGOLA,2022,ANTISEMITISMO,Ambos sexos,0
ANGOLA,2022,ANTISEMITISMO,Femenino,0
ANGOLA,2022,ANTISEMITISMO,Masculino,0
ARGELIA,2022,ANTISEMITISMO,Ambos sexos,0
ARGELIA,2022,ANTISEMITISMO,Femenino,0
ARGELIA,2022,ANTISEMITISMO,Masculino,0
ARGENTINA,2022,ANTISEMITISMO,Ambos sexos,0
ARGENTINA,2022,ANTISEMITISMO,Femenino,0
ARGENTINA,2022,ANTISEMITISMO,Masculino,0
ARMENIA,2022,ANTISEMITISMO,Ambos sexos,0
ARMENIA,2022,ANTISEMITISMO,Femenino,0
ARMENIA,2022,ANTISEMITISMO,Masculino,0
BANGLADESH,2022,ANTISEMITISMO,Ambos sexos,0
BANGLADESH,2022,ANTISEMITISMO,Femenino,0
BANGLADESH,2022,ANTISEMITISMO,Masculino,0
BIELORRUSIA,2022,ANTISEMITISMO,Ambos sexos,0
BIELORRUSIA,2022,ANTISEMITISMO,Femenino,0
BIELORRUSIA,2022,ANTISEMITISMO,Masculino,0
BOLIVIA,2022,ANTISEMITISMO,Ambos sexos,0
BOLIVIA,2022,ANTISEMITISMO,Femenino,0
BOLIVIA,2022,ANTISEMITISMO,Masculino,0
BRASIL,2022,ANTISEMITISMO,Ambos sexos,0
BRASIL,2022,ANTISEMITISMO,Femenino,0
BRASIL,2022,ANTISEMITISMO,Masculino,0
BULGARIA,2022,ANTISEMITISMO,Ambos sexos,0
BULGARIA,2022,ANTISEMITISMO,Femenino,0
BULGARIA,2022,ANTISEMITISMO,Masculino,0
BÉLGICA,2022,ANTISEMITISMO,Ambos sexos,0
BÉLGICA,2022,ANTISEMITISMO,Femenino,0
BÉLGICA,2022,ANTISEMITISMO,Masculino,0
CAMERÚN,2022,ANTISEMITISMO,Ambos sexos,0
CAMERÚN,2022,ANTISEMITISMO,Femenino,0
CAMERÚN,2022,ANTISEMITISMO,Masculino,0
CENTRO ÁFRICANA REPÚBLICA,2022,ANTISEMITISMO,Ambos sexos,0
CENTRO ÁFRICANA REPÚBLICA,2022,ANTISEMITISMO,Femenino,0
CENTRO ÁFRICANA REPÚBLICA,2022,ANTISEMITISMO,Masculino,0
CHILE,2022,ANTISEMITISMO,Ambos sexos,0
CHILE,2022,ANTISEMITISMO,Femenino,0
CHILE,2022,ANTISEMITISMO,Masculino,0
CHINA POPULAR,2022,ANTISEMITISMO,Ambos sexos,0
CHINA POPULAR,2022,ANTISEMITISMO,Femenino,0
CHINA POPULAR,2022,ANTISEMITISMO,Masculino,0
COLOMBIA,2022,ANTISEMITISMO,Ambos sexos,0
COLOMBIA,2022,ANTISEMITISMO,Femenino,0
COLOMBIA,2022,ANTISEMITISMO,Masculino,0
CONGO-BRAZZAVILLE,2022,ANTISEMITISMO,Ambos sexos,0
CONGO-BRAZZAVILLE,2022,ANTISEMITISMO,Femenino,0
CONGO-BRAZZAVILLE,2022,ANTISEMITISMO,Masculino,0
COSTA DE MARFIL,2022,ANTISEMITISMO,Ambos sexos,0
COSTA DE MARFIL,2022,ANTISEMITISMO,Femenino,0
COSTA DE MARFIL,2022,ANTISEMITISMO,Masculino,0
CROACIA,2022,ANTISEMITISMO,Ambos sexos,0
CROACIA,2022,ANTISEMITISMO,Femenino,0
CROACIA,2022,ANTISEMITISMO,Masculino,0
CUBA,2022,ANTISEMITISMO,Ambos sexos,0
CUBA,2022,ANTISEMITISMO,Femenino,0
CUBA,2022,ANTISEMITISMO,Masculino,0
ECUADOR,2022,ANTISEMITISMO,Ambos sexos,0
ECUADOR,2022,ANTISEMITISMO,Femenino,0
ECUADOR,2022,ANTISEMITISMO,Masculino,0
EE.UU.,2022,ANTISEMITISMO,Ambos sexos,0
EE.UU.,2022,ANTISEMITISMO,Femenino,0
EE.UU.,2022,ANTISEMITISMO,Masculino,0
EGIPTO,2022,ANTISEMITISMO,Ambos sexos,0
EGIPTO,2022,ANTISEMITISMO,Femenino,0
EGIPTO,2022,ANTISEMITISMO,Masculino,0
EL SALVADOR,2022,ANTISEMITISMO,Ambos sexos,0
EL SALVADOR,2022,ANTISEMITISMO,Femenino,0
EL SALVADOR,2022,ANTISEMITISMO,Masculino,0
ERITREA,2022,ANTISEMITISMO,Ambos sexos,0
ERITREA,2022,ANTISEMITISMO,Femenino,0
ERITREA,2022,ANTISEMITISMO,Masculino,0
ESLOVAQUIA,2022,ANTISEMITISMO,Ambos sexos,0
ESLOVAQUIA,2022,ANTISEMITISMO,Femenino,0
ESLOVAQUIA,2022,ANTISEMITISMO,Masculino,0
ESPAÑA,2022,ANTISEMITISMO,Ambos sexos,6
ESPAÑA,2022,ANTISEMITISMO,Femenino,0
ESPAÑA,2022,ANTISEMITISMO,Masculino,6
ESTONIA,2022,ANTISEMITISMO,Ambos sexos,0
ESTONIA,2022,ANTISEMITISMO,Femenino,0
ESTONIA,2022,ANTISEMITISMO,Masculino,0
FILIPINAS,2022,ANTISEMITISMO,Ambos sexos,0
FILIPINAS,2022,ANTISEMITISMO,Femenino,0
FILIPINAS,2022,ANTISEMITISMO,Masculino,0
FRANCIA,2022,ANTISEMITISMO,Ambos sexos,0
FRANCIA,2022,ANTISEMITISMO,Femenino,0
FRANCIA,2022,ANTISEMITISMO,Masculino,0
GAMBIA,2022,ANTISEMITISMO,Ambos sexos,0
GAMBIA,2022,ANTISEMITISMO,Femenino,0
GAMBIA,2022,ANTISEMITISMO,Masculino,0
GEORGIA,2022,ANTISEMITISMO,Ambos sexos,0
GEORGIA,2022,ANTISEMITISMO,Femenino,0
GEORGIA,2022,ANTISEMITISMO,Masculino,0
GHANA,2022,ANTISEMITISMO,Ambos sexos,0
GHANA,2022,ANTISEMITISMO,Femenino,0
GHANA,2022,ANTISEMITISMO,Masculino,0
GRECIA,2022,ANTISEMITISMO,Ambos sexos,0
GRECIA,2022,ANTISEMITISMO,Femenino,0
GRECIA,2022,ANTISEMITISMO,Masculino,0
GUATEMALA,2022,ANTISEMITISMO,Ambos sexos,0
GUATEMALA,2022,ANTISEMITISMO,Femenino,0
GUATEMALA,2022,ANTISEMITISMO,Masculino,0
GUINEA ECUATORIAL,2022,ANTISEMITISMO,Ambos sexos,0
GUINEA ECUATORIAL,2022,ANTISEMITISMO,Femenino,0
GUINEA ECUATORIAL,2022,ANTISEMITISMO,Masculino,0
GUINEA REP.,2022,ANTISEMITISMO,Ambos sexos,0
GUINEA REP.,2022,ANTISEMITISMO,Femenino,0
GUINEA REP.,2022,ANTISEMITISMO,Masculino,0
HAITI,2022,ANTISEMITISMO,Ambos sexos,0
HAITI,2022,ANTISEMITISMO,Femenino,0
HAITI,2022,ANTISEMITISMO,Masculino,0
HOLANDA,2022,ANTISEMITISMO,Ambos sexos,0
HOLANDA,2022,ANTISEMITISMO,Femenino,0
HOLANDA,2022,ANTISEMITISMO,Masculino,0
HONDURAS,2022,ANTISEMITISMO,Ambos sexos,0
HONDURAS,2022,ANTISEMITISMO,Femenino,0
HONDURAS,2022,ANTISEMITISMO,Masculino,0
INDIA,2022,ANTISEMITISMO,Ambos sexos,0
INDIA,2022,ANTISEMITISMO,Femenino,0
INDIA,2022,ANTISEMITISMO,Masculino,0
IRLANDA,2022,ANTISEMITISMO,Ambos sexos,0
IRLANDA,2022,ANTISEMITISMO,Femenino,0
IRLANDA,2022,ANTISEMITISMO,Masculino,0
IRÁN,2022,ANTISEMITISMO,Ambos sexos,0
IRÁN,2022,ANTISEMITISMO,Femenino,0
IRÁN,2022,ANTISEMITISMO,Masculino,0
ISRAEL,2022,ANTISEMITISMO,Ambos sexos,0
ISRAEL,2022,ANTISEMITISMO,Femenino,0
ISRAEL,2022,ANTISEMITISMO,Masculino,0
ITALIA,2022,ANTISEMITISMO,Ambos sexos,0
ITALIA,2022,ANTISEMITISMO,Femenino,0
ITALIA,2022,ANTISEMITISMO,Masculino,0
LETONIA,2022,ANTISEMITISMO,Ambos sexos,0
LETONIA,2022,ANTISEMITISMO,Femenino,0
LETONIA,2022,ANTISEMITISMO,Masculino,0
LIBERIA,2022,ANTISEMITISMO,Ambos sexos,0
LIBERIA,2022,ANTISEMITISMO,Femenino,0
LIBERIA,2022,ANTISEMITISMO,Masculino,0
LIBIA,2022,ANTISEMITISMO,Ambos sexos,0
LIBIA,2022,ANTISEMITISMO,Femenino,0
LIBIA,2022,ANTISEMITISMO,Masculino,0
LITUANIA,2022,ANTISEMITISMO,Ambos sexos,0
LITUANIA,2022,ANTISEMITISMO,Femenino,0
LITUANIA,2022,ANTISEMITISMO,Masculino,0
LÍBANO,2022,ANTISEMITISMO,Ambos sexos,0
LÍBANO,2022,ANTISEMITISMO,Femenino,0
LÍBANO,2022,ANTISEMITISMO,Masculino,0
MALI,2022,ANTISEMITISMO,Ambos sexos,0
MALI,2022,ANTISEMITISMO,Femenino,0
MALI,2022,ANTISEMITISMO,Masculino,0
MARRUECOS,2022,ANTISEMITISMO,Ambos sexos,0
MARRUECOS,2022,ANTISEMITISMO,Femenino,0
MARRUECOS,2022,ANTISEMITISMO,Masculino,0
MAURITANIA,2022,ANTISEMITISMO,Ambos sexos,0
MAURITANIA,2022,ANTISEMITISMO,Femenino,0
MAURITANIA,2022,ANTISEMITISMO,Masculino,0
MOLDAVIA,2022,ANTISEMITISMO,Ambos sexos,0
MOLDAVIA,2022,ANTISEMITISMO,Femenino,0
MOLDAVIA,2022,ANTISEMITISMO,Masculino,0
MONGOLIA,2022,ANTISEMITISMO,Ambos sexos,0
MONGOLIA,2022,ANTISEMITISMO,Femenino,0
MONGOLIA,2022,ANTISEMITISMO,Masculino,0
NEPAL,2022,ANTISEMITISMO,Ambos sexos,0
NEPAL,2022,ANTISEMITISMO,Femenino,0
NEPAL,2022,ANTISEMITISMO,Masculino,0
NICARAGUA,2022,ANTISEMITISMO,Ambos sexos,0
NICARAGUA,2022,ANTISEMITISMO,Femenino,0
NICARAGUA,2022,ANTISEMITISMO,Masculino,0
NIGERIA,2022,ANTISEMITISMO,Ambos sexos,0
NIGERIA,2022,ANTISEMITISMO,Femenino,0
NIGERIA,2022,ANTISEMITISMO,Masculino,0
NÍGER REP.,2022,ANTISEMITISMO,Ambos sexos,0
NÍGER REP.,2022,ANTISEMITISMO,Femenino,0
NÍGER REP.,2022,ANTISEMITISMO,Masculino,0
PANAMA,2022,ANTISEMITISMO,Ambos sexos,0
PANAMA,2022,ANTISEMITISMO,Femenino,0
PANAMA,2022,ANTISEMITISMO,Masculino,0
PAQUISTÁN,2022,ANTISEMITISMO,Ambos sexos,0
PAQUISTÁN,2022,ANTISEMITISMO,Femenino,0
PAQUISTÁN,2022,ANTISEMITISMO,Masculino,0
PARAGUAY,2022,ANTISEMITISMO,Ambos sexos,0
PARAGUAY,2022,ANTISEMITISMO,Femenino,0
PARAGUAY,2022,ANTISEMITISMO,Masculino,0
PAÍS DESCONOCIDO,2022,ANTISEMITISMO,Ambos sexos,0
PAÍS DESCONOCIDO,2022,ANTISEMITISMO,Femenino,0
PAÍS DESCONOCIDO,2022,ANTISEMITISMO,Masculino,0
PAÍS NO CODIFICADO,2022,ANTISEMITISMO,Ambos sexos,0
PAÍS NO CODIFICADO,2022,ANTISEMITISMO,Femenino,0
PAÍS NO CODIFICADO,2022,ANTISEMITISMO,Masculino,0
PERÚ,2022,ANTISEMITISMO,Ambos sexos,0
PERÚ,2022,ANTISEMITISMO,Femenino,0
PERÚ,2022,ANTISEMITISMO,Masculino,0
POLONIA,2022,ANTISEMITISMO,Ambos sexos,0
POLONIA,2022,ANTISEMITISMO,Femenino,0
POLONIA,2022,ANTISEMITISMO,Masculino,0
PORTUGAL,2022,ANTISEMITISMO,Ambos sexos,0
PORTUGAL,2022,ANTISEMITISMO,Femenino,0
PORTUGAL,2022,ANTISEMITISMO,Masculino,0
REINO UNIDO,2022,ANTISEMITISMO,Ambos sexos,0
REINO UNIDO,2022,ANTISEMITISMO,Femenino,0
REINO UNIDO,2022,ANTISEMITISMO,Masculino,0
REPÚBLICA CHECA,2022,ANTISEMITISMO,Ambos sexos,0
REPÚBLICA CHECA,2022,ANTISEMITISMO,Femenino,0
REPÚBLICA CHECA,2022,ANTISEMITISMO,Masculino,0
REPÚBLICA DOMINICANA,2022,ANTISEMITISMO,Ambos sexos,0
REPÚBLICA DOMINICANA,2022,ANTISEMITISMO,Femenino,0
REPÚBLICA DOMINICANA,2022,ANTISEMITISMO,Masculino,0
RUMANÍA,2022,ANTISEMITISMO,Ambos sexos,0
RUMANÍA,2022,ANTISEMITISMO,Femenino,0
RUMANÍA,2022,ANTISEMITISMO,Masculino,0
RUSIA,2022,ANTISEMITISMO,Ambos sexos,2
RUSIA,2022,ANTISEMITISMO,Femenino,2
RUSIA,2022,ANTISEMITISMO,Masculino,0
SENEGAL,2022,ANTISEMITISMO,Ambos sexos,0
SENEGAL,2022,ANTISEMITISMO,Femenino,0
SENEGAL,2022,ANTISEMITISMO,Masculino,0
SERBIA (YUGOSLAVIA),2022,ANTISEMITISMO,Ambos sexos,0
SERBIA (YUGOSLAVIA),2022,ANTISEMITISMO,Femenino,0
SERBIA (YUGOSLAVIA),2022,ANTISEMITISMO,Masculino,0
SIERRA LEONA,2022,ANTISEMITISMO,Ambos sexos,0
SIERRA LEONA,2022,ANTISEMITISMO,Femenino,0
SIERRA LEONA,2022,ANTISEMITISMO,Masculino,0
SIRIA,2022,ANTISEMITISMO,Ambos sexos,0
SIRIA,2022,ANTISEMITISMO,Femenino,0
SIRIA,2022,ANTISEMITISMO,Masculino,0
SUDÁFRICA R.,2022,ANTISEMITISMO,Ambos sexos,0
SUDÁFRICA R.,2022,ANTISEMITISMO,Femenino,0
SUDÁFRICA R.,2022,ANTISEMITISMO,Masculino,0
SUECIA,2022,ANTISEMITISMO,Ambos sexos,0
SUECIA,2022,ANTISEMITISMO,Femenino,0
SUECIA,2022,ANTISEMITISMO,Masculino,0
SUIZA,2022,ANTISEMITISMO,Ambos sexos,0
SUIZA,2022,ANTISEMITISMO,Femenino,0
SUIZA,2022,ANTISEMITISMO,Masculino,0
TOTAL nacionalidad,2022,ANTISEMITISMO,Ambos sexos,8
TOTAL nacionalidad,2022,ANTISEMITISMO,Femenino,2
TOTAL nacionalidad,2022,ANTISEMITISMO,Masculino,6
TURQUÍA,2022,ANTISEMITISMO,Ambos sexos,0
TURQUÍA,2022,ANTISEMITISMO,Femenino,0
TURQUÍA,2022,ANTISEMITISMO,Masculino,0
TÚNEZ,2022,ANTISEMITISMO,Ambos sexos,0
TÚNEZ,2022,ANTISEMITISMO,Femenino,0
TÚNEZ,2022,ANTISEMITISMO,Masculino,0
UCRANIA,2022,ANTISEMITISMO,Ambos sexos,0
UCRANIA,2022,ANTISEMITISMO,Femenino,0
UCRANIA,2022,ANTISEMITISMO,Masculino,0
URUGUAY,2022,ANTISEMITISMO,Ambos sexos,0
URUGUAY,2022,ANTISEMITISMO,Femenino,0
URUGUAY,2022,ANTISEMITISMO,Masculino,0
VENEZUELA,2022,ANTISEMITISMO,Ambos sexos,0
VENEZUELA,2022,ANTISEMITISMO,Femenino,0
VENEZUELA,2022,ANTISEMITISMO,Masculino,0
ZAMBIA,2022,ANTISEMITISMO,Ambos sexos,0
ZAMBIA,2022,ANTISEMITISMO,Femenino,0
ZAMBIA,2022,ANTISEMITISMO,Masculino,0
ALBANIA,2022,APOROFOBIA,Ambos sexos,0
ALBANIA,2022,APOROFOBIA,Femenino,0
ALBANIA,2022,APOROFOBIA,Masculino,0
ALEMANIA,2022,APOROFOBIA,Ambos sexos,0
ALEMANIA,2022,APOROFOBIA,Femenino,0
ALEMANIA,2022,APOROFOBIA,Masculino,0
ANDORRA,2022,APOROFOBIA,Ambos sexos,0
ANDORRA,2022,APOROFOBIA,Femenino,0
ANDORRA,2022,APOROFOBIA,Masculino,0
ANGOLA,2022,APOROFOBIA,Ambos sexos,0
ANGOLA,2022,APOROFOBIA,Femenino,0
ANGOLA,2022,APOROFOBIA,Masculino,0
ARGELIA,2022,APOROFOBIA,Ambos sexos,0
ARGELIA,2022,APOROFOBIA,Femenino,0
ARGELIA,2022,APOROFOBIA,Masculino,0
ARGENTINA,2022,APOROFOBIA,Ambos sexos,0
ARGENTINA,2022,APOROFOBIA,Femenino,0
ARGENTINA,2022,APOROFOBIA,Masculino,0
ARMENIA,2022,APOROFOBIA,Ambos sexos,0
ARMENIA,2022,APOROFOBIA,Femenino,0
ARMENIA,2022,APOROFOBIA,Masculino,0
BANGLADESH,2022,APOROFOBIA,Ambos sexos,0
BANGLADESH,2022,APOROFOBIA,Femenino,0
BANGLADESH,2022,APOROFOBIA,Masculino,0
BIELORRUSIA,2022,APOROFOBIA,Ambos sexos,0
BIELORRUSIA,2022,APOROFOBIA,Femenino,0
BIELORRUSIA,2022,APOROFOBIA,Masculino,0
BOLIVIA,2022,APOROFOBIA,Ambos sexos,0
BOLIVIA,2022,APOROFOBIA,Femenino,0
BOLIVIA,2022,APOROFOBIA,Masculino,0
BRASIL,2022,APOROFOBIA,Ambos sexos,0
BRASIL,2022,APOROFOBIA,Femenino,0
BRASIL,2022,APOROFOBIA,Masculino,0
BULGARIA,2022,APOROFOBIA,Ambos sexos,0
BULGARIA,2022,APOROFOBIA,Femenino,0
BULGARIA,2022,APOROFOBIA,Masculino,0
BÉLGICA,2022,APOROFOBIA,Ambos sexos,0
BÉLGICA,2022,APOROFOBIA,Femenino,0
BÉLGICA,2022,APOROFOBIA,Masculino,0
CAMERÚN,2022,APOROFOBIA,Ambos sexos,0
CAMERÚN,2022,APOROFOBIA,Femenino,0
CAMERÚN,2022,APOROFOBIA,Masculino,0
CENTRO ÁFRICANA REPÚBLICA,2022,APOROFOBIA,Ambos sexos,0
CENTRO ÁFRICANA REPÚBLICA,2022,APOROFOBIA,Femenino,0
CENTRO ÁFRICANA REPÚBLICA,2022,APOROFOBIA,Masculino,0
CHILE,2022,APOROFOBIA,Ambos sexos,0
CHILE,2022,APOROFOBIA,Femenino,0
CHILE,2022,APOROFOBIA,Masculino,0
CHINA POPULAR,2022,APOROFOBIA,Ambos sexos,0
CHINA POPULAR,2022,APOROFOBIA,Femenino,0
CHINA POPULAR,2022,APOROFOBIA,Masculino,0
COLOMBIA,2022,APOROFOBIA,Ambos sexos,0
COLOMBIA,2022,APOROFOBIA,Femenino,0
COLOMBIA,2022,APOROFOBIA,Masculino,0
CONGO-BRAZZAVILLE,2022,APOROFOBIA,Ambos sexos,0
CONGO-BRAZZAVILLE,2022,APOROFOBIA,Femenino,0
CONGO-BRAZZAVILLE,2022,APOROFOBIA,Masculino,0
COSTA DE MARFIL,2022,APOROFOBIA,Ambos sexos,0
COSTA DE MARFIL,2022,APOROFOBIA,Femenino,0
COSTA DE MARFIL,2022,APOROFOBIA,Masculino,0
CROACIA,2022,APOROFOBIA,Ambos sexos,0
CROACIA,2022,APOROFOBIA,Femenino,0
CROACIA,2022,APOROFOBIA,Masculino,0
CUBA,2022,APOROFOBIA,Ambos sexos,0
CUBA,2022,APOROFOBIA,Femenino,0
CUBA,2022,APOROFOBIA,Masculino,0
ECUADOR,2022,APOROFOBIA,Ambos sexos,0
ECUADOR,2022,APOROFOBIA,Femenino,0
ECUADOR,2022,APOROFOBIA,Masculino,0
EE.UU.,2022,APOROFOBIA,Ambos sexos,0
EE.UU.,2022,APOROFOBIA,Femenino,0
EE.UU.,2022,APOROFOBIA,Masculino,0
EGIPTO,2022,APOROFOBIA,Ambos sexos,0
EGIPTO,2022,APOROFOBIA,Femenino,0
EGIPTO,2022,APOROFOBIA,Masculino,0
EL SALVADOR,2022,APOROFOBIA,Ambos sexos,0
EL SALVADOR,2022,APOROFOBIA,Femenino,0
EL SALVADOR,2022,APOROFOBIA,Masculino,0
ERITREA,2022,APOROFOBIA,Ambos sexos,0
ERITREA,2022,APOROFOBIA,Femenino,0
ERITREA,2022,APOROFOBIA,Masculino,0
ESLOVAQUIA,2022,APOROFOBIA,Ambos sexos,0
ESLOVAQUIA,2022,APOROFOBIA,Femenino,0
ESLOVAQUIA,2022,APOROFOBIA,Masculino,0
ESPAÑA,2022,APOROFOBIA,Ambos sexos,10
ESPAÑA,2022,APOROFOBIA,Femenino,1
ESPAÑA,2022,APOROFOBIA,Masculino,9
ESTONIA,2022,APOROFOBIA,Ambos sexos,0
ESTONIA,2022,APOROFOBIA,Femenino,0
ESTONIA,2022,APOROFOBIA,Masculino,0
FILIPINAS,2022,APOROFOBIA,Ambos sexos,0
FILIPINAS,2022,APOROFOBIA,Femenino,0
FILIPINAS,2022,APOROFOBIA,Masculino,0
FRANCIA,2022,APOROFOBIA,Ambos sexos,0
FRANCIA,2022,APOROFOBIA,Femenino,0
FRANCIA,2022,APOROFOBIA,Masculino,0
GAMBIA,2022,APOROFOBIA,Ambos sexos,0
GAMBIA,2022,APOROFOBIA,Femenino,0
GAMBIA,2022,APOROFOBIA,Masculino,0
GEORGIA,2022,APOROFOBIA,Ambos sexos,0
GEORGIA,2022,APOROFOBIA,Femenino,0
GEORGIA,2022,APOROFOBIA,Masculino,0
GHANA,2022,APOROFOBIA,Ambos sexos,0
GHANA,2022,APOROFOBIA,Femenino,0
GHANA,2022,APOROFOBIA,Masculino,0
GRECIA,2022,APOROFOBIA,Ambos sexos,0
GRECIA,2022,APOROFOBIA,Femenino,0
GRECIA,2022,APOROFOBIA,Masculino,0
GUATEMALA,2022,APOROFOBIA,Ambos sexos,0
GUATEMALA,2022,APOROFOBIA,Femenino,0
GUATEMALA,2022,APOROFOBIA,Masculino,0
GUINEA ECUATORIAL,2022,APOROFOBIA,Ambos sexos,0
GUINEA ECUATORIAL,2022,APOROFOBIA,Femenino,0
GUINEA ECUATORIAL,2022,APOROFOBIA,Masculino,0
GUINEA REP.,2022,APOROFOBIA,Ambos sexos,0
GUINEA REP.,2022,APOROFOBIA,Femenino,0
GUINEA REP.,2022,APOROFOBIA,Masculino,0
HAITI,2022,APOROFOBIA,Ambos sexos,0
HAITI,2022,APOROFOBIA,Femenino,0
HAITI,2022,APOROFOBIA,Masculino,0
HOLANDA,2022,APOROFOBIA,Ambos sexos,0
HOLANDA,2022,APOROFOBIA,Femenino,0
HOLANDA,2022,APOROFOBIA,Masculino,0
HONDURAS,2022,APOROFOBIA,Ambos sexos,0
HONDURAS,2022,APOROFOBIA,Femenino,0
HONDURAS,2022,APOROFOBIA,Masculino,0
INDIA,2022,APOROFOBIA,Ambos sexos,0
INDIA,2022,APOROFOBIA,Femenino,0
INDIA,2022,APOROFOBIA,Masculino,0
IRLANDA,2022,APOROFOBIA,Ambos sexos,1
IRLANDA,2022,APOROFOBIA,Femenino,0
IRLANDA,2022,APOROFOBIA,Masculino,1
IRÁN,2022,APOROFOBIA,Ambos sexos,0
IRÁN,2022,APOROFOBIA,Femenino,0
IRÁN,2022,APOROFOBIA,Masculino,0
ISRAEL,2022,APOROFOBIA,Ambos sexos,0
ISRAEL,2022,APOROFOBIA,Femenino,0
ISRAEL,2022,APOROFOBIA,Masculino,0
ITALIA,2022,APOROFOBIA,Ambos sexos,0
ITALIA,2022,APOROFOBIA,Femenino,0
ITALIA,2022,APOROFOBIA,Masculino,0
LETONIA,2022,APOROFOBIA,Ambos sexos,0
LETONIA,2022,APOROFOBIA,Femenino,0
LETONIA,2022,APOROFOBIA,Masculino,0
LIBERIA,2022,APOROFOBIA,Ambos sexos,0
LIBERIA,2022,APOROFOBIA,Femenino,0
LIBERIA,2022,APOROFOBIA,Masculino,0
LIBIA,2022,APOROFOBIA,Ambos sexos,0
LIBIA,2022,APOROFOBIA,Femenino,0
LIBIA,2022,APOROFOBIA,Masculino,0
LITUANIA,2022,APOROFOBIA,Ambos sexos,0
LITUANIA,2022,APOROFOBIA,Femenino,0
LITUANIA,2022,APOROFOBIA,Masculino,0
LÍBANO,2022,APOROFOBIA,Ambos sexos,0
LÍBANO,2022,APOROFOBIA,Femenino,0
LÍBANO,2022,APOROFOBIA,Masculino,0
MALI,2022,APOROFOBIA,Ambos sexos,0
MALI,2022,APOROFOBIA,Femenino,0
MALI,2022,APOROFOBIA,Masculino,0
MARRUECOS,2022,APOROFOBIA,Ambos sexos,0
MARRUECOS,2022,APOROFOBIA,Femenino,0
MARRUECOS,2022,APOROFOBIA,Masculino,0
MAURITANIA,2022,APOROFOBIA,Ambos sexos,0
MAURITANIA,2022,APOROFOBIA,Femenino,0
MAURITANIA,2022,APOROFOBIA,Masculino,0
MOLDAVIA,2022,APOROFOBIA,Ambos sexos,0
MOLDAVIA,2022,APOROFOBIA,Femenino,0
MOLDAVIA,2022,APOROFOBIA,Masculino,0
MONGOLIA,2022,APOROFOBIA,Ambos sexos,0
MONGOLIA,2022,APOROFOBIA,Femenino,0
MONGOLIA,2022,APOROFOBIA,Masculino,0
NEPAL,2022,APOROFOBIA,Ambos sexos,0
NEPAL,2022,APOROFOBIA,Femenino,0
NEPAL,2022,APOROFOBIA,Masculino,0
NICARAGUA,2022,APOROFOBIA,Ambos sexos,0
NICARAGUA,2022,APOROFOBIA,Femenino,0
NICARAGUA,2022,APOROFOBIA,Masculino,0
NIGERIA,2022,APOROFOBIA,Ambos sexos,0
NIGERIA,2022,APOROFOBIA,Femenino,0
NIGERIA,2022,APOROFOBIA,Masculino,0
NÍGER REP.,2022,APOROFOBIA,Ambos sexos,0
NÍGER REP.,2022,APOROFOBIA,Femenino,0
NÍGER REP.,2022,APOROFOBIA,Masculino,0
PANAMA,2022,APOROFOBIA,Ambos sexos,0
PANAMA,2022,APOROFOBIA,Femenino,0
PANAMA,2022,APOROFOBIA,Masculino,0
PAQUISTÁN,2022,APOROFOBIA,Ambos sexos,0
PAQUISTÁN,2022,APOROFOBIA,Femenino,0
PAQUISTÁN,2022,APOROFOBIA,Masculino,0
PARAGUAY,2022,APOROFOBIA,Ambos sexos,0
PARAGUAY,2022,APOROFOBIA,Femenino,0
PARAGUAY,2022,APOROFOBIA,Masculino,0
PAÍS DESCONOCIDO,2022,APOROFOBIA,Ambos sexos,0
PAÍS DESCONOCIDO,2022,APOROFOBIA,Femenino,0
PAÍS DESCONOCIDO,2022,APOROFOBIA,Masculino,0
PAÍS NO CODIFICADO,2022,APOROFOBIA,Ambos sexos,0
PAÍS NO CODIFICADO,2022,APOROFOBIA,Femenino,0
PAÍS NO CODIFICADO,2022,APOROFOBIA,Masculino,0
PERÚ,2022,APOROFOBIA,Ambos sexos,0
PERÚ,2022,APOROFOBIA,Femenino,0
PERÚ,2022,APOROFOBIA,Masculino,0
POLONIA,2022,APOROFOBIA,Ambos sexos,0
POLONIA,2022,APOROFOBIA,Femenino,0
POLONIA,2022,APOROFOBIA,Masculino,0
PORTUGAL,2022,APOROFOBIA,Ambos sexos,0
PORTUGAL,2022,APOROFOBIA,Femenino,0
PORTUGAL,2022,APOROFOBIA,Masculino,0
REINO UNIDO,2022,APOROFOBIA,Ambos sexos,0
REINO UNIDO,2022,APOROFOBIA,Femenino,0
REINO UNIDO,2022,APOROFOBIA,Masculino,0
REPÚBLICA CHECA,2022,APOROFOBIA,Ambos sexos,0
REPÚBLICA CHECA,2022,APOROFOBIA,Femenino,0
REPÚBLICA CHECA,2022,APOROFOBIA,Masculino,0
REPÚBLICA DOMINICANA,2022,APOROFOBIA,Ambos sexos,0
REPÚBLICA DOMINICANA,2022,APOROFOBIA,Femenino,0
REPÚBLICA DOMINICANA,2022,APOROFOBIA,Masculino,0
RUMANÍA,2022,APOROFOBIA,Ambos sexos,0
RUMANÍA,2022,APOROFOBIA,Femenino,0
RUMANÍA,2022,APOROFOBIA,Masculino,0
RUSIA,2022,APOROFOBIA,Ambos sexos,0
RUSIA,2022,APOROFOBIA,Femenino,0
RUSIA,2022,APOROFOBIA,Masculino,0
SENEGAL,2022,APOROFOBIA,Ambos sexos,0
SENEGAL,2022,APOROFOBIA,Femenino,0
SENEGAL,2022,APOROFOBIA,Masculino,0
SERBIA (YUGOSLAVIA),2022,APOROFOBIA,Ambos sexos,0
SERBIA (YUGOSLAVIA),2022,APOROFOBIA,Femenino,0
SERBIA (YUGOSLAVIA),2022,APOROFOBIA,Masculino,0
SIERRA LEONA,2022,APOROFOBIA,Ambos sexos,0
SIERRA LEONA,2022,APOROFOBIA,Femenino,0
SIERRA LEONA,2022,APOROFOBIA,Masculino,0
SIRIA,2022,APOROFOBIA,Ambos sexos,0
SIRIA,2022,APOROFOBIA,Femenino,0
SIRIA,2022,APOROFOBIA,Masculino,0
SUDÁFRICA R.,2022,APOROFOBIA,Ambos sexos,0
SUDÁFRICA R.,2022,APOROFOBIA,Femenino,0
SUDÁFRICA R.,2022,APOROFOBIA,Masculino,0
SUECIA,2022,APOROFOBIA,Ambos sexos,0
SUECIA,2022,APOROFOBIA,Femenino,0
SUECIA,2022,APOROFOBIA,Masculino,0
SUIZA,2022,APOROFOBIA,Ambos sexos,0
SUIZA,2022,APOROFOBIA,Femenino,0
SUIZA,2022,APOROFOBIA,Masculino,0
TOTAL nacionalidad,2022,APOROFOBIA,Ambos sexos,14
TOTAL nacionalidad,2022,APOROFOBIA,Femenino,1
TOTAL nacionalidad,2022,APOROFOBIA,Masculino,13
TURQUÍA,2022,APOROFOBIA,Ambos sexos,0
TURQUÍA,2022,APOROFOBIA,Femenino,0
TURQUÍA,2022,APOROFOBIA,Masculino,0
TÚNEZ,2022,APOROFOBIA,Ambos sexos,0
TÚNEZ,2022,APOROFOBIA,Femenino,0
TÚNEZ,2022,APOROFOBIA,Masculino,0
UCRANIA,2022,APOROFOBIA,Ambos sexos,0
UCRANIA,2022,APOROFOBIA,Femenino,0
UCRANIA,2022,APOROFOBIA,Masculino,0
URUGUAY,2022,APOROFOBIA,Ambos sexos,0
URUGUAY,2022,APOROFOBIA,Femenino,0
URUGUAY,2022,APOROFOBIA,Masculino,0
VENEZUELA,2022,APOROFOBIA,Ambos sexos,3
VENEZUELA,2022,APOROFOBIA,Femenino,0
VENEZUELA,2022,APOROFOBIA,Masculino,3
ZAMBIA,2022,APOROFOBIA,Ambos sexos,0
ZAMBIA,2022,APOROFOBIA,Femenino,0
ZAMBIA,2022,APOROFOBIA,Masculino,0
ALBANIA,2022,CREENCIAS O PRÁCTICAS RELIGIOSAS,Ambos sexos,0
ALBANIA,2022,CREENCIAS O PRÁCTICAS RELIGIOSAS,Femenino,0
ALBANIA,2022,CREENCIAS O PRÁCTICAS RELIGIOSAS,Masculino,0
ALEMANIA,2022,CREENCIAS O PRÁCTICAS RELIGIOSAS,Ambos sexos,0
ALEMANIA,2022,CREENCIAS O PRÁCTICAS RELIGIOSAS,Femenino,0
ALEMANIA,2022,CREENCIAS O PRÁCTICAS RELIGIOSAS,Masculino,0
ANDORRA,2022,CREENCIAS O PRÁCTICAS RELIGIOSAS,Ambos sexos,0
ANDORRA,2022,CREENCIAS O PRÁCTICAS RELIGIOSAS,Femenino,0
ANDORRA,2022,CREENCIAS O PRÁCTICAS RELIGIOSAS,Masculino,0
ANGOLA,2022,CREENCIAS O PRÁCTICAS RELIGIOSAS,Ambos sexos,0
ANGOLA,2022,CREENCIAS O PRÁCTICAS RELIGIOSAS,Femenino,0
ANGOLA,2022,CREENCIAS O PRÁCTICAS RELIGIOSAS,Masculino,0
ARGELIA,2022,CREENCIAS O PRÁCTICAS RELIGIOSAS,Ambos sexos,0
ARGELIA,2022,CREENCIAS O PRÁCTICAS RELIGIOSAS,Femenino,0
ARGELIA,2022,CREENCIAS O PRÁCTICAS RELIGIOSAS,Masculino,0
ARGENTINA,2022,CREENCIAS O PRÁCTICAS RELIGIOSAS,Ambos sexos,0
ARGENTINA,2022,CREENCIAS O PRÁCTICAS RELIGIOSAS,Femenino,0
ARGENTINA,2022,CREENCIAS O PRÁCTICAS RELIGIOSAS,Masculino,0
ARMENIA,2022,CREENCIAS O PRÁCTICAS RELIGIOSAS,Ambos sexos,0
ARMENIA,2022,CREENCIAS O PRÁCTICAS RELIGIOSAS,Femenino,0
ARMENIA,2022,CREENCIAS O PRÁCTICAS RELIGIOSAS,Masculino,0
BANGLADESH,2022,CREENCIAS O PRÁCTICAS RELIGIOSAS,Ambos sexos,0
BANGLADESH,2022,CREENCIAS O PRÁCTICAS RELIGIOSAS,Femenino,0
BANGLADESH,2022,CREENCIAS O PRÁCTICAS RELIGIOSAS,Masculino,0
BIELORRUSIA,2022,CREENCIAS O PRÁCTICAS RELIGIOSAS,Ambos sexos,0
BIELORRUSIA,2022,CREENCIAS O PRÁCTICAS RELIGIOSAS,Femenino,0
BIELORRUSIA,2022,CREENCIAS O PRÁCTICAS RELIGIOSAS,Masculino,0
BOLIVIA,2022,CREENCIAS O PRÁCTICAS RELIGIOSAS,Ambos sexos,0
BOLIVIA,2022,CREENCIAS O PRÁCTICAS RELIGIOSAS,Femenino,0
BOLIVIA,2022,CREENCIAS O PRÁCTICAS RELIGIOSAS,Masculino,0
BRASIL,2022,CREENCIAS O PRÁCTICAS RELIGIOSAS,Ambos sexos,0
BRASIL,2022,CREENCIAS O PRÁCTICAS RELIGIOSAS,Femenino,0
BRASIL,2022,CREENCIAS O PRÁCTICAS RELIGIOSAS,Masculino,0
BULGARIA,2022,CREENCIAS O PRÁCTICAS RELIGIOSAS,Ambos sexos,0
BULGARIA,2022,CREENCIAS O PRÁCTICAS RELIGIOSAS,Femenino,0
BULGARIA,2022,CREENCIAS O PRÁCTICAS RELIGIOSAS,Masculino,0
BÉLGICA,2022,CREENCIAS O PRÁCTICAS RELIGIOSAS,Ambos sexos,0
BÉLGICA,2022,CREENCIAS O PRÁCTICAS RELIGIOSAS,Femenino,0
BÉLGICA,2022,CREENCIAS O PRÁCTICAS RELIGIOSAS,Masculino,0
CAMERÚN,2022,CREENCIAS O PRÁCTICAS RELIGIOSAS,Ambos sexos,0
CAMERÚN,2022,CREENCIAS O PRÁCTICAS RELIGIOSAS,Femenino,0
CAMERÚN,2022,CREENCIAS O PRÁCTICAS RELIGIOSAS,Masculino,0
CENTRO ÁFRICANA REPÚBLICA,2022,CREENCIAS O PRÁCTICAS RELIGIOSAS,Ambos sexos,0
CENTRO ÁFRICANA REPÚBLICA,2022,CREENCIAS O PRÁCTICAS RELIGIOSAS,Femenino,0
CENTRO ÁFRICANA REPÚBLICA,2022,CREENCIAS O PRÁCTICAS RELIGIOSAS,Masculino,0
CHILE,2022,CREENCIAS O PRÁCTICAS RELIGIOSAS,Ambos sexos,0
CHILE,2022,CREENCIAS O PRÁCTICAS RELIGIOSAS,Femenino,0
CHILE,2022,CREENCIAS O PRÁCTICAS RELIGIOSAS,Masculino,0
CHINA POPULAR,2022,CREENCIAS O PRÁCTICAS RELIGIOSAS,Ambos sexos,0
CHINA POPULAR,2022,CREENCIAS O PRÁCTICAS RELIGIOSAS,Femenino,0
CHINA POPULAR,2022,CREENCIAS O PRÁCTICAS RELIGIOSAS,Masculino,0
COLOMBIA,2022,CREENCIAS O PRÁCTICAS RELIGIOSAS,Ambos sexos,1
COLOMBIA,2022,CREENCIAS O PRÁCTICAS RELIGIOSAS,Femenino,0
COLOMBIA,2022,CREENCIAS O PRÁCTICAS RELIGIOSAS,Masculino,1
CONGO-BRAZZAVILLE,2022,CREENCIAS O PRÁCTICAS RELIGIOSAS,Ambos sexos,0
CONGO-BRAZZAVILLE,2022,CREENCIAS O PRÁCTICAS RELIGIOSAS,Femenino,0
CONGO-BRAZZAVILLE,2022,CREENCIAS O PRÁCTICAS RELIGIOSAS,Masculino,0
COSTA DE MARFIL,2022,CREENCIAS O PRÁCTICAS RELIGIOSAS,Ambos sexos,0
COSTA DE MARFIL,2022,CREENCIAS O PRÁCTICAS RELIGIOSAS,Femenino,0
COSTA DE MARFIL,2022,CREENCIAS O PRÁCTICAS RELIGIOSAS,Masculino,0
CROACIA,2022,CREENCIAS O PRÁCTICAS RELIGIOSAS,Ambos sexos,0
CROACIA,2022,CREENCIAS O PRÁCTICAS RELIGIOSAS,Femenino,0
CROACIA,2022,CREENCIAS O PRÁCTICAS RELIGIOSAS,Masculino,0
CUBA,2022,CREENCIAS O PRÁCTICAS RELIGIOSAS,Ambos sexos,0
CUBA,2022,CREENCIAS O PRÁCTICAS RELIGIOSAS,Femenino,0
CUBA,2022,CREENCIAS O PRÁCTICAS RELIGIOSAS,Masculino,0
ECUADOR,2022,CREENCIAS O PRÁCTICAS RELIGIOSAS,Ambos sexos,0
ECUADOR,2022,CREENCIAS O PRÁCTICAS RELIGIOSAS,Femenino,0
ECUADOR,2022,CREENCIAS O PRÁCTICAS RELIGIOSAS,Masculino,0
EE.UU.,2022,CREENCIAS O PRÁCTICAS RELIGIOSAS,Ambos sexos,0
EE.UU.,2022,CREENCIAS O PRÁCTICAS RELIGIOSAS,Femenino,0
EE.UU.,2022,CREENCIAS O PRÁCTICAS RELIGIOSAS,Masculino,0
EGIPTO,2022,CREENCIAS O PRÁCTICAS RELIGIOSAS,Ambos sexos,0
EGIPTO,2022,CREENCIAS O PRÁCTICAS RELIGIOSAS,Femenino,0
EGIPTO,2022,CREENCIAS O PRÁCTICAS RELIGIOSAS,Masculino,0
EL SALVADOR,2022,CREENCIAS O PRÁCTICAS RELIGIOSAS,Ambos sexos,0
EL SALVADOR,2022,CREENCIAS O PRÁCTICAS RELIGIOSAS,Femenino,0
EL SALVADOR,2022,CREENCIAS O PRÁCTICAS RELIGIOSAS,Masculino,0
ERITREA,2022,CREENCIAS O PRÁCTICAS RELIGIOSAS,Ambos sexos,0
ERITREA,2022,CREENCIAS O PRÁCTICAS RELIGIOSAS,Femenino,0
ERITREA,2022,CREENCIAS O PRÁCTICAS RELIGIOSAS,Masculino,0
ESLOVAQUIA,2022,CREENCIAS O PRÁCTICAS RELIGIOSAS,Ambos sexos,0
ESLOVAQUIA,2022,CREENCIAS O PRÁCTICAS RELIGIOSAS,Femenino,0
ESLOVAQUIA,2022,CREENCIAS O PRÁCTICAS RELIGIOSAS,Masculino,0
ESPAÑA,2022,CREENCIAS O PRÁCTICAS RELIGIOSAS,Ambos sexos,36
ESPAÑA,2022,CREENCIAS O PRÁCTICAS RELIGIOSAS,Femenino,19
ESPAÑA,2022,CREENCIAS O PRÁCTICAS RELIGIOSAS,Masculino,17
ESTONIA,2022,CREENCIAS O PRÁCTICAS RELIGIOSAS,Ambos sexos,2
ESTONIA,2022,CREENCIAS O PRÁCTICAS RELIGIOSAS,Femenino,0
ESTONIA,2022,CREENCIAS O PRÁCTICAS RELIGIOSAS,Masculino,2
FILIPINAS,2022,CREENCIAS O PRÁCTICAS RELIGIOSAS,Ambos sexos,0
FILIPINAS,2022,CREENCIAS O PRÁCTICAS RELIGIOSAS,Femenino,0
FILIPINAS,2022,CREENCIAS O PRÁCTICAS RELIGIOSAS,Masculino,0
FRANCIA,2022,CREENCIAS O PRÁCTICAS RELIGIOSAS,Ambos sexos,0
FRANCIA,2022,CREENCIAS O PRÁCTICAS RELIGIOSAS,Femenino,0
FRANCIA,2022,CREENCIAS O PRÁCTICAS RELIGIOSAS,Masculino,0
GAMBIA,2022,CREENCIAS O PRÁCTICAS RELIGIOSAS,Ambos sexos,0
GAMBIA,2022,CREENCIAS O PRÁCTICAS RELIGIOSAS,Femenino,0
GAMBIA,2022,CREENCIAS O PRÁCTICAS RELIGIOSAS,Masculino,0
GEORGIA,2022,CREENCIAS O PRÁCTICAS RELIGIOSAS,Ambos sexos,0
GEORGIA,2022,CREENCIAS O PRÁCTICAS RELIGIOSAS,Femenino,0
GEORGIA,2022,CREENCIAS O PRÁCTICAS RELIGIOSAS,Masculino,0
GHANA,2022,CREENCIAS O PRÁCTICAS RELIGIOSAS,Ambos sexos,0
GHANA,2022,CREENCIAS O PRÁCTICAS RELIGIOSAS,Femenino,0
GHANA,2022,CREENCIAS O PRÁCTICAS RELIGIOSAS,Masculino,0
GRECIA,2022,CREENCIAS O PRÁCTICAS RELIGIOSAS,Ambos sexos,0
GRECIA,2022,CREENCIAS O PRÁCTICAS RELIGIOSAS,Femenino,0
GRECIA,2022,CREENCIAS O PRÁCTICAS RELIGIOSAS,Masculino,0
GUATEMALA,2022,CREENCIAS O PRÁCTICAS RELIGIOSAS,Ambos sexos,0
GUATEMALA,2022,CREENCIAS O PRÁCTICAS RELIGIOSAS,Femenino,0
GUATEMALA,2022,CREENCIAS O PRÁCTICAS RELIGIOSAS,Masculino,0
GUINEA ECUATORIAL,2022,CREENCIAS O PRÁCTICAS RELIGIOSAS,Ambos sexos,0
GUINEA ECUATORIAL,2022,CREENCIAS O PRÁCTICAS RELIGIOSAS,Femenino,0
GUINEA ECUATORIAL,2022,CREENCIAS O PRÁCTICAS RELIGIOSAS,Masculino,0
GUINEA REP.,2022,CREENCIAS O PRÁCTICAS RELIGIOSAS,Ambos sexos,0
GUINEA REP.,2022,CREENCIAS O PRÁCTICAS RELIGIOSAS,Femenino,0
GUINEA REP.,2022,CREENCIAS O PRÁCTICAS RELIGIOSAS,Masculino,0
HAITI,2022,CREENCIAS O PRÁCTICAS RELIGIOSAS,Ambos sexos,0
HAITI,2022,CREENCIAS O PRÁCTICAS RELIGIOSAS,Femenino,0
HAITI,2022,CREENCIAS O PRÁCTICAS RELIGIOSAS,Masculino,0
HOLANDA,2022,CREENCIAS O PRÁCTICAS RELIGIOSAS,Ambos sexos,0
HOLANDA,2022,CREENCIAS O PRÁCTICAS RELIGIOSAS,Femenino,0
HOLANDA,2022,CREENCIAS O PRÁCTICAS RELIGIOSAS,Masculino,0
HONDURAS,2022,CREENCIAS O PRÁCTICAS RELIGIOSAS,Ambos sexos,0
HONDURAS,2022,CREENCIAS O PRÁCTICAS RELIGIOSAS,Femenino,0
HONDURAS,2022,CREENCIAS O PRÁCTICAS RELIGIOSAS,Masculino,0
INDIA,2022,CREENCIAS O PRÁCTICAS RELIGIOSAS,Ambos sexos,0
INDIA,2022,CREENCIAS O PRÁCTICAS RELIGIOSAS,Femenino,0
INDIA,2022,CREENCIAS O PRÁCTICAS RELIGIOSAS,Masculino,0
IRLANDA,2022,CREENCIAS O PRÁCTICAS RELIGIOSAS,Ambos sexos,0
IRLANDA,2022,CREENCIAS O PRÁCTICAS RELIGIOSAS,Femenino,0
IRLANDA,2022,CREENCIAS O PRÁCTICAS RELIGIOSAS,Masculino,0
IRÁN,2022,CREENCIAS O PRÁCTICAS RELIGIOSAS,Ambos sexos,0
IRÁN,2022,CREENCIAS O PRÁCTICAS RELIGIOSAS,Femenino,0
IRÁN,2022,CREENCIAS O PRÁCTICAS RELIGIOSAS,Masculino,0
ISRAEL,2022,CREENCIAS O PRÁCTICAS RELIGIOSAS,Ambos sexos,0
ISRAEL,2022,CREENCIAS O PRÁCTICAS RELIGIOSAS,Femenino,0
ISRAEL,2022,CREENCIAS O PRÁCTICAS RELIGIOSAS,Masculino,0
ITALIA,2022,CREENCIAS O PRÁCTICAS RELIGIOSAS,Ambos sexos,0
ITALIA,2022,CREENCIAS O PRÁCTICAS RELIGIOSAS,Femenino,0
ITALIA,2022,CREENCIAS O PRÁCTICAS RELIGIOSAS,Masculino,0
LETONIA,2022,CREENCIAS O PRÁCTICAS RELIGIOSAS,Ambos sexos,0
LETONIA,2022,CREENCIAS O PRÁCTICAS RELIGIOSAS,Femenino,0
LETONIA,2022,CREENCIAS O PRÁCTICAS RELIGIOSAS,Masculino,0
LIBERIA,2022,CREENCIAS O PRÁCTICAS RELIGIOSAS,Ambos sexos,0
LIBERIA,2022,CREENCIAS O PRÁCTICAS RELIGIOSAS,Femenino,0
LIBERIA,2022,CREENCIAS O PRÁCTICAS RELIGIOSAS,Masculino,0
LIBIA,2022,CREENCIAS O PRÁCTICAS RELIGIOSAS,Ambos sexos,0
LIBIA,2022,CREENCIAS O PRÁCTICAS RELIGIOSAS,Femenino,0
LIBIA,2022,CREENCIAS O PRÁCTICAS RELIGIOSAS,Masculino,0
LITUANIA,2022,CREENCIAS O PRÁCTICAS RELIGIOSAS,Ambos sexos,0
LITUANIA,2022,CREENCIAS O PRÁCTICAS RELIGIOSAS,Femenino,0
LITUANIA,2022,CREENCIAS O PRÁCTICAS RELIGIOSAS,Masculino,0
LÍBANO,2022,CREENCIAS O PRÁCTICAS RELIGIOSAS,Ambos sexos,0
LÍBANO,2022,CREENCIAS O PRÁCTICAS RELIGIOSAS,Femenino,0
LÍBANO,2022,CREENCIAS O PRÁCTICAS RELIGIOSAS,Masculino,0
MALI,2022,CREENCIAS O PRÁCTICAS RELIGIOSAS,Ambos sexos,0
MALI,2022,CREENCIAS O PRÁCTICAS RELIGIOSAS,Femenino,0
MALI,2022,CREENCIAS O PRÁCTICAS RELIGIOSAS,Masculino,0
MARRUECOS,2022,CREENCIAS O PRÁCTICAS RELIGIOSAS,Ambos sexos,1
MARRUECOS,2022,CREENCIAS O PRÁCTICAS RELIGIOSAS,Femenino,0
MARRUECOS,2022,CREENCIAS O PRÁCTICAS RELIGIOSAS,Masculino,1
MAURITANIA,2022,CREENCIAS O PRÁCTICAS RELIGIOSAS,Ambos sexos,0
MAURITANIA,2022,CREENCIAS O PRÁCTICAS RELIGIOSAS,Femenino,0
MAURITANIA,2022,CREENCIAS O PRÁCTICAS RELIGIOSAS,Masculino,0
MOLDAVIA,2022,CREENCIAS O PRÁCTICAS RELIGIOSAS,Ambos sexos,0
MOLDAVIA,2022,CREENCIAS O PRÁCTICAS RELIGIOSAS,Femenino,0
MOLDAVIA,2022,CREENCIAS O PRÁCTICAS RELIGIOSAS,Masculino,0
MONGOLIA,2022,CREENCIAS O PRÁCTICAS RELIGIOSAS,Ambos sexos,0
MONGOLIA,2022,CREENCIAS O PRÁCTICAS RELIGIOSAS,Femenino,0
MONGOLIA,2022,CREENCIAS O PRÁCTICAS RELIGIOSAS,Masculino,0
NEPAL,2022,CREENCIAS O PRÁCTICAS RELIGIOSAS,Ambos sexos,0
NEPAL,2022,CREENCIAS O PRÁCTICAS RELIGIOSAS,Femenino,0
NEPAL,2022,CREENCIAS O PRÁCTICAS RELIGIOSAS,Masculino,0
NICARAGUA,2022,CREENCIAS O PRÁCTICAS RELIGIOSAS,Ambos sexos,0
NICARAGUA,2022,CREENCIAS O PRÁCTICAS RELIGIOSAS,Femenino,0
NICARAGUA,2022,CREENCIAS O PRÁCTICAS RELIGIOSAS,Masculino,0
NIGERIA,2022,CREENCIAS O PRÁCTICAS RELIGIOSAS,Ambos sexos,0
NIGERIA,2022,CREENCIAS O PRÁCTICAS RELIGIOSAS,Femenino,0
NIGERIA,2022,CREENCIAS O PRÁCTICAS RELIGIOSAS,Masculino,0
NÍGER REP.,2022,CREENCIAS O PRÁCTICAS RELIGIOSAS,Ambos sexos,0
NÍGER REP.,2022,CREENCIAS O PRÁCTICAS RELIGIOSAS,Femenino,0
NÍGER REP.,2022,CREENCIAS O PRÁCTICAS RELIGIOSAS,Masculino,0
PANAMA,2022,CREENCIAS O PRÁCTICAS RELIGIOSAS,Ambos sexos,0
PANAMA,2022,CREENCIAS O PRÁCTICAS RELIGIOSAS,Femenino,0
PANAMA,2022,CREENCIAS O PRÁCTICAS RELIGIOSAS,Masculino,0
PAQUISTÁN,2022,CREENCIAS O PRÁCTICAS RELIGIOSAS,Ambos sexos,1
PAQUISTÁN,2022,CREENCIAS O PRÁCTICAS RELIGIOSAS,Femenino,0
PAQUISTÁN,2022,CREENCIAS O PRÁCTICAS RELIGIOSAS,Masculino,1
PARAGUAY,2022,CREENCIAS O PRÁCTICAS RELIGIOSAS,Ambos sexos,0
PARAGUAY,2022,CREENCIAS O PRÁCTICAS RELIGIOSAS,Femenino,0
PARAGUAY,2022,CREENCIAS O PRÁCTICAS RELIGIOSAS,Masculino,0
PAÍS DESCONOCIDO,2022,CREENCIAS O PRÁCTICAS RELIGIOSAS,Ambos sexos,0
PAÍS DESCONOCIDO,2022,CREENCIAS O PRÁCTICAS RELIGIOSAS,Femenino,0
PAÍS DESCONOCIDO,2022,CREENCIAS O PRÁCTICAS RELIGIOSAS,Masculino,0
PAÍS NO CODIFICADO,2022,CREENCIAS O PRÁCTICAS RELIGIOSAS,Ambos sexos,0
PAÍS NO CODIFICADO,2022,CREENCIAS O PRÁCTICAS RELIGIOSAS,Femenino,0
PAÍS NO CODIFICADO,2022,CREENCIAS O PRÁCTICAS RELIGIOSAS,Masculino,0
PERÚ,2022,CREENCIAS O PRÁCTICAS RELIGIOSAS,Ambos sexos,0
PERÚ,2022,CREENCIAS O PRÁCTICAS RELIGIOSAS,Femenino,0
PERÚ,2022,CREENCIAS O PRÁCTICAS RELIGIOSAS,Masculino,0
POLONIA,2022,CREENCIAS O PRÁCTICAS RELIGIOSAS,Ambos sexos,0
POLONIA,2022,CREENCIAS O PRÁCTICAS RELIGIOSAS,Femenino,0
POLONIA,2022,CREENCIAS O PRÁCTICAS RELIGIOSAS,Masculino,0
PORTUGAL,2022,CREENCIAS O PRÁCTICAS RELIGIOSAS,Ambos sexos,0
PORTUGAL,2022,CREENCIAS O PRÁCTICAS RELIGIOSAS,Femenino,0
PORTUGAL,2022,CREENCIAS O PRÁCTICAS RELIGIOSAS,Masculino,0
REINO UNIDO,2022,CREENCIAS O PRÁCTICAS RELIGIOSAS,Ambos sexos,0
REINO UNIDO,2022,CREENCIAS O PRÁCTICAS RELIGIOSAS,Femenino,0
REINO UNIDO,2022,CREENCIAS O PRÁCTICAS RELIGIOSAS,Masculino,0
REPÚBLICA CHECA,2022,CREENCIAS O PRÁCTICAS RELIGIOSAS,Ambos sexos,0
REPÚBLICA CHECA,2022,CREENCIAS O PRÁCTICAS RELIGIOSAS,Femenino,0
REPÚBLICA CHECA,2022,CREENCIAS O PRÁCTICAS RELIGIOSAS,Masculino,0
REPÚBLICA DOMINICANA,2022,CREENCIAS O PRÁCTICAS RELIGIOSAS,Ambos sexos,0
REPÚBLICA DOMINICANA,2022,CREENCIAS O PRÁCTICAS RELIGIOSAS,Femenino,0
REPÚBLICA DOMINICANA,2022,CREENCIAS O PRÁCTICAS RELIGIOSAS,Masculino,0
RUMANÍA,2022,CREENCIAS O PRÁCTICAS RELIGIOSAS,Ambos sexos,0
RUMANÍA,2022,CREENCIAS O PRÁCTICAS RELIGIOSAS,Femenino,0
RUMANÍA,2022,CREENCIAS O PRÁCTICAS RELIGIOSAS,Masculino,0
RUSIA,2022,CREENCIAS O PRÁCTICAS RELIGIOSAS,Ambos sexos,0
RUSIA,2022,CREENCIAS O PRÁCTICAS RELIGIOSAS,Femenino,0
RUSIA,2022,CREENCIAS O PRÁCTICAS RELIGIOSAS,Masculino,0
SENEGAL,2022,CREENCIAS O PRÁCTICAS RELIGIOSAS,Ambos sexos,0
SENEGAL,2022,CREENCIAS O PRÁCTICAS RELIGIOSAS,Femenino,0
SENEGAL,2022,CREENCIAS O PRÁCTICAS RELIGIOSAS,Masculino,0
SERBIA (YUGOSLAVIA),2022,CREENCIAS O PRÁCTICAS RELIGIOSAS,Ambos sexos,0
SERBIA (YUGOSLAVIA),2022,CREENCIAS O PRÁCTICAS RELIGIOSAS,Femenino,0
SERBIA (YUGOSLAVIA),2022,CREENCIAS O PRÁCTICAS RELIGIOSAS,Masculino,0
SIERRA LEONA,2022,CREENCIAS O PRÁCTICAS RELIGIOSAS,Ambos sexos,0
SIERRA LEONA,2022,CREENCIAS O PRÁCTICAS RELIGIOSAS,Femenino,0
SIERRA LEONA,2022,CREENCIAS O PRÁCTICAS RELIGIOSAS,Masculino,0
SIRIA,2022,CREENCIAS O PRÁCTICAS RELIGIOSAS,Ambos sexos,0
SIRIA,2022,CREENCIAS O PRÁCTICAS RELIGIOSAS,Femenino,0
SIRIA,2022,CREENCIAS O PRÁCTICAS RELIGIOSAS,Masculino,0
SUDÁFRICA R.,2022,CREENCIAS O PRÁCTICAS RELIGIOSAS,Ambos sexos,0
SUDÁFRICA R.,2022,CREENCIAS O PRÁCTICAS RELIGIOSAS,Femenino,0
SUDÁFRICA R.,2022,CREENCIAS O PRÁCTICAS RELIGIOSAS,Masculino,0
SUECIA,2022,CREENCIAS O PRÁCTICAS RELIGIOSAS,Ambos sexos,0
SUECIA,2022,CREENCIAS O PRÁCTICAS RELIGIOSAS,Femenino,0
SUECIA,2022,CREENCIAS O PRÁCTICAS RELIGIOSAS,Masculino,0
SUIZA,2022,CREENCIAS O PRÁCTICAS RELIGIOSAS,Ambos sexos,0
SUIZA,2022,CREENCIAS O PRÁCTICAS RELIGIOSAS,Femenino,0
SUIZA,2022,CREENCIAS O PRÁCTICAS RELIGIOSAS,Masculino,0
TOTAL nacionalidad,2022,CREENCIAS O PRÁCTICAS RELIGIOSAS,Ambos sexos,41
TOTAL nacionalidad,2022,CREENCIAS O PRÁCTICAS RELIGIOSAS,Femenino,19
TOTAL nacionalidad,2022,CREENCIAS O PRÁCTICAS RELIGIOSAS,Masculino,22
TURQUÍA,2022,CREENCIAS O PRÁCTICAS RELIGIOSAS,Ambos sexos,0
TURQUÍA,2022,CREENCIAS O PRÁCTICAS RELIGIOSAS,Femenino,0
TURQUÍA,2022,CREENCIAS O PRÁCTICAS RELIGIOSAS,Masculino,0
TÚNEZ,2022,CREENCIAS O PRÁCTICAS RELIGIOSAS,Ambos sexos,0
TÚNEZ,2022,CREENCIAS O PRÁCTICAS RELIGIOSAS,Femenino,0
TÚNEZ,2022,CREENCIAS O PRÁCTICAS RELIGIOSAS,Masculino,0
UCRANIA,2022,CREENCIAS O PRÁCTICAS RELIGIOSAS,Ambos sexos,0
UCRANIA,2022,CREENCIAS O PRÁCTICAS RELIGIOSAS,Femenino,0
UCRANIA,2022,CREENCIAS O PRÁCTICAS RELIGIOSAS,Masculino,0
URUGUAY,2022,CREENCIAS O PRÁCTICAS RELIGIOSAS,Ambos sexos,0
URUGUAY,2022,CREENCIAS O PRÁCTICAS RELIGIOSAS,Femenino,0
URUGUAY,2022,CREENCIAS O PRÁCTICAS RELIGIOSAS,Masculino,0
VENEZUELA,2022,CREENCIAS O PRÁCTICAS RELIGIOSAS,Ambos sexos,0
VENEZUELA,2022,CREENCIAS O PRÁCTICAS RELIGIOSAS,Femenino,0
VENEZUELA,2022,CREENCIAS O PRÁCTICAS RELIGIOSAS,Masculino,0
ZAMBIA,2022,CREENCIAS O PRÁCTICAS RELIGIOSAS,Ambos sexos,0
ZAMBIA,2022,CREENCIAS O PRÁCTICAS RELIGIOSAS,Femenino,0
ZAMBIA,2022,CREENCIAS O PRÁCTICAS RELIGIOSAS,Masculino,0
ALBANIA,2022,DISCRIMINACIÓN GENERACIONAL,Ambos sexos,0
ALBANIA,2022,DISCRIMINACIÓN GENERACIONAL,Femenino,0
ALBANIA,2022,DISCRIMINACIÓN GENERACIONAL,Masculino,0
ALEMANIA,2022,DISCRIMINACIÓN GENERACIONAL,Ambos sexos,0
ALEMANIA,2022,DISCRIMINACIÓN GENERACIONAL,Femenino,0
ALEMANIA,2022,DISCRIMINACIÓN GENERACIONAL,Masculino,0
ANDORRA,2022,DISCRIMINACIÓN GENERACIONAL,Ambos sexos,0
ANDORRA,2022,DISCRIMINACIÓN GENERACIONAL,Femenino,0
ANDORRA,2022,DISCRIMINACIÓN GENERACIONAL,Masculino,0
ANGOLA,2022,DISCRIMINACIÓN GENERACIONAL,Ambos sexos,0
ANGOLA,2022,DISCRIMINACIÓN GENERACIONAL,Femenino,0
ANGOLA,2022,DISCRIMINACIÓN GENERACIONAL,Masculino,0
ARGELIA,2022,DISCRIMINACIÓN GENERACIONAL,Ambos sexos,0
ARGELIA,2022,DISCRIMINACIÓN GENERACIONAL,Femenino,0
ARGELIA,2022,DISCRIMINACIÓN GENERACIONAL,Masculino,0
ARGENTINA,2022,DISCRIMINACIÓN GENERACIONAL,Ambos sexos,0
ARGENTINA,2022,DISCRIMINACIÓN GENERACIONAL,Femenino,0
ARGENTINA,2022,DISCRIMINACIÓN GENERACIONAL,Masculino,0
ARMENIA,2022,DISCRIMINACIÓN GENERACIONAL,Ambos sexos,0
ARMENIA,2022,DISCRIMINACIÓN GENERACIONAL,Femenino,0
ARMENIA,2022,DISCRIMINACIÓN GENERACIONAL,Masculino,0
BANGLADESH,2022,DISCRIMINACIÓN GENERACIONAL,Ambos sexos,0
BANGLADESH,2022,DISCRIMINACIÓN GENERACIONAL,Femenino,0
BANGLADESH,2022,DISCRIMINACIÓN GENERACIONAL,Masculino,0
BIELORRUSIA,2022,DISCRIMINACIÓN GENERACIONAL,Ambos sexos,0
BIELORRUSIA,2022,DISCRIMINACIÓN GENERACIONAL,Femenino,0
BIELORRUSIA,2022,DISCRIMINACIÓN GENERACIONAL,Masculino,0
BOLIVIA,2022,DISCRIMINACIÓN GENERACIONAL,Ambos sexos,0
BOLIVIA,2022,DISCRIMINACIÓN GENERACIONAL,Femenino,0
BOLIVIA,2022,DISCRIMINACIÓN GENERACIONAL,Masculino,0
BRASIL,2022,DISCRIMINACIÓN GENERACIONAL,Ambos sexos,0
BRASIL,2022,DISCRIMINACIÓN GENERACIONAL,Femenino,0
BRASIL,2022,DISCRIMINACIÓN GENERACIONAL,Masculino,0
BULGARIA,2022,DISCRIMINACIÓN GENERACIONAL,Ambos sexos,0
BULGARIA,2022,DISCRIMINACIÓN GENERACIONAL,Femenino,0
BULGARIA,2022,DISCRIMINACIÓN GENERACIONAL,Masculino,0
BÉLGICA,2022,DISCRIMINACIÓN GENERACIONAL,Ambos sexos,0
BÉLGICA,2022,DISCRIMINACIÓN GENERACIONAL,Femenino,0
BÉLGICA,2022,DISCRIMINACIÓN GENERACIONAL,Masculino,0
CAMERÚN,2022,DISCRIMINACIÓN GENERACIONAL,Ambos sexos,0
CAMERÚN,2022,DISCRIMINACIÓN GENERACIONAL,Femenino,0
CAMERÚN,2022,DISCRIMINACIÓN GENERACIONAL,Masculino,0
CENTRO ÁFRICANA REPÚBLICA,2022,DISCRIMINACIÓN GENERACIONAL,Ambos sexos,0
CENTRO ÁFRICANA REPÚBLICA,2022,DISCRIMINACIÓN GENERACIONAL,Femenino,0
CENTRO ÁFRICANA REPÚBLICA,2022,DISCRIMINACIÓN GENERACIONAL,Masculino,0
CHILE,2022,DISCRIMINACIÓN GENERACIONAL,Ambos sexos,0
CHILE,2022,DISCRIMINACIÓN GENERACIONAL,Femenino,0
CHILE,2022,DISCRIMINACIÓN GENERACIONAL,Masculino,0
CHINA POPULAR,2022,DISCRIMINACIÓN GENERACIONAL,Ambos sexos,0
CHINA POPULAR,2022,DISCRIMINACIÓN GENERACIONAL,Femenino,0
CHINA POPULAR,2022,DISCRIMINACIÓN GENERACIONAL,Masculino,0
COLOMBIA,2022,DISCRIMINACIÓN GENERACIONAL,Ambos sexos,0
COLOMBIA,2022,DISCRIMINACIÓN GENERACIONAL,Femenino,0
COLOMBIA,2022,DISCRIMINACIÓN GENERACIONAL,Masculino,0
CONGO-BRAZZAVILLE,2022,DISCRIMINACIÓN GENERACIONAL,Ambos sexos,0
CONGO-BRAZZAVILLE,2022,DISCRIMINACIÓN GENERACIONAL,Femenino,0
CONGO-BRAZZAVILLE,2022,DISCRIMINACIÓN GENERACIONAL,Masculino,0
COSTA DE MARFIL,2022,DISCRIMINACIÓN GENERACIONAL,Ambos sexos,0
COSTA DE MARFIL,2022,DISCRIMINACIÓN GENERACIONAL,Femenino,0
COSTA DE MARFIL,2022,DISCRIMINACIÓN GENERACIONAL,Masculino,0
CROACIA,2022,DISCRIMINACIÓN GENERACIONAL,Ambos sexos,0
CROACIA,2022,DISCRIMINACIÓN GENERACIONAL,Femenino,0
CROACIA,2022,DISCRIMINACIÓN GENERACIONAL,Masculino,0
CUBA,2022,DISCRIMINACIÓN GENERACIONAL,Ambos sexos,0
CUBA,2022,DISCRIMINACIÓN GENERACIONAL,Femenino,0
CUBA,2022,DISCRIMINACIÓN GENERACIONAL,Masculino,0
ECUADOR,2022,DISCRIMINACIÓN GENERACIONAL,Ambos sexos,0
ECUADOR,2022,DISCRIMINACIÓN GENERACIONAL,Femenino,0
ECUADOR,2022,DISCRIMINACIÓN GENERACIONAL,Masculino,0
EE.UU.,2022,DISCRIMINACIÓN GENERACIONAL,Ambos sexos,0
EE.UU.,2022,DISCRIMINACIÓN GENERACIONAL,Femenino,0
EE.UU.,2022,DISCRIMINACIÓN GENERACIONAL,Masculino,0
EGIPTO,2022,DISCRIMINACIÓN GENERACIONAL,Ambos sexos,0
EGIPTO,2022,DISCRIMINACIÓN GENERACIONAL,Femenino,0
EGIPTO,2022,DISCRIMINACIÓN GENERACIONAL,Masculino,0
EL SALVADOR,2022,DISCRIMINACIÓN GENERACIONAL,Ambos sexos,0
EL SALVADOR,2022,DISCRIMINACIÓN GENERACIONAL,Femenino,0
EL SALVADOR,2022,DISCRIMINACIÓN GENERACIONAL,Masculino,0
ERITREA,2022,DISCRIMINACIÓN GENERACIONAL,Ambos sexos,0
ERITREA,2022,DISCRIMINACIÓN GENERACIONAL,Femenino,0
ERITREA,2022,DISCRIMINACIÓN GENERACIONAL,Masculino,0
ESLOVAQUIA,2022,DISCRIMINACIÓN GENERACIONAL,Ambos sexos,0
ESLOVAQUIA,2022,DISCRIMINACIÓN GENERACIONAL,Femenino,0
ESLOVAQUIA,2022,DISCRIMINACIÓN GENERACIONAL,Masculino,0
ESPAÑA,2022,DISCRIMINACIÓN GENERACIONAL,Ambos sexos,5
ESPAÑA,2022,DISCRIMINACIÓN GENERACIONAL,Femenino,1
ESPAÑA,2022,DISCRIMINACIÓN GENERACIONAL,Masculino,4
ESTONIA,2022,DISCRIMINACIÓN GENERACIONAL,Ambos sexos,0
ESTONIA,2022,DISCRIMINACIÓN GENERACIONAL,Femenino,0
ESTONIA,2022,DISCRIMINACIÓN GENERACIONAL,Masculino,0
FILIPINAS,2022,DISCRIMINACIÓN GENERACIONAL,Ambos sexos,0
FILIPINAS,2022,DISCRIMINACIÓN GENERACIONAL,Femenino,0
FILIPINAS,2022,DISCRIMINACIÓN GENERACIONAL,Masculino,0
FRANCIA,2022,DISCRIMINACIÓN GENERACIONAL,Ambos sexos,0
FRANCIA,2022,DISCRIMINACIÓN GENERACIONAL,Femenino,0
FRANCIA,2022,DISCRIMINACIÓN GENERACIONAL,Masculino,0
GAMBIA,2022,DISCRIMINACIÓN GENERACIONAL,Ambos sexos,0
GAMBIA,2022,DISCRIMINACIÓN GENERACIONAL,Femenino,0
GAMBIA,2022,DISCRIMINACIÓN GENERACIONAL,Masculino,0
GEORGIA,2022,DISCRIMINACIÓN GENERACIONAL,Ambos sexos,0
GEORGIA,2022,DISCRIMINACIÓN GENERACIONAL,Femenino,0
GEORGIA,2022,DISCRIMINACIÓN GENERACIONAL,Masculino,0
GHANA,2022,DISCRIMINACIÓN GENERACIONAL,Ambos sexos,0
GHANA,2022,DISCRIMINACIÓN GENERACIONAL,Femenino,0
GHANA,2022,DISCRIMINACIÓN GENERACIONAL,Masculino,0
GRECIA,2022,DISCRIMINACIÓN GENERACIONAL,Ambos sexos,0
GRECIA,2022,DISCRIMINACIÓN GENERACIONAL,Femenino,0
GRECIA,2022,DISCRIMINACIÓN GENERACIONAL,Masculino,0
GUATEMALA,2022,DISCRIMINACIÓN GENERACIONAL,Ambos sexos,0
GUATEMALA,2022,DISCRIMINACIÓN GENERACIONAL,Femenino,0
GUATEMALA,2022,DISCRIMINACIÓN GENERACIONAL,Masculino,0
GUINEA ECUATORIAL,2022,DISCRIMINACIÓN GENERACIONAL,Ambos sexos,0
GUINEA ECUATORIAL,2022,DISCRIMINACIÓN GENERACIONAL,Femenino,0
GUINEA ECUATORIAL,2022,DISCRIMINACIÓN GENERACIONAL,Masculino,0
GUINEA REP.,2022,DISCRIMINACIÓN GENERACIONAL,Ambos sexos,0
GUINEA REP.,2022,DISCRIMINACIÓN GENERACIONAL,Femenino,0
GUINEA REP.,2022,DISCRIMINACIÓN GENERACIONAL,Masculino,0
HAITI,2022,DISCRIMINACIÓN GENERACIONAL,Ambos sexos,0
HAITI,2022,DISCRIMINACIÓN GENERACIONAL,Femenino,0
HAITI,2022,DISCRIMINACIÓN GENERACIONAL,Masculino,0
HOLANDA,2022,DISCRIMINACIÓN GENERACIONAL,Ambos sexos,0
HOLANDA,2022,DISCRIMINACIÓN GENERACIONAL,Femenino,0
HOLANDA,2022,DISCRIMINACIÓN GENERACIONAL,Masculino,0
HONDURAS,2022,DISCRIMINACIÓN GENERACIONAL,Ambos sexos,0
HONDURAS,2022,DISCRIMINACIÓN GENERACIONAL,Femenino,0
HONDURAS,2022,DISCRIMINACIÓN GENERACIONAL,Masculino,0
INDIA,2022,DISCRIMINACIÓN GENERACIONAL,Ambos sexos,0
INDIA,2022,DISCRIMINACIÓN GENERACIONAL,Femenino,0
INDIA,2022,DISCRIMINACIÓN GENERACIONAL,Masculino,0
IRLANDA,2022,DISCRIMINACIÓN GENERACIONAL,Ambos sexos,0
IRLANDA,2022,DISCRIMINACIÓN GENERACIONAL,Femenino,0
IRLANDA,2022,DISCRIMINACIÓN GENERACIONAL,Masculino,0
IRÁN,2022,DISCRIMINACIÓN GENERACIONAL,Ambos sexos,0
IRÁN,2022,DISCRIMINACIÓN GENERACIONAL,Femenino,0
IRÁN,2022,DISCRIMINACIÓN GENERACIONAL,Masculino,0
ISRAEL,2022,DISCRIMINACIÓN GENERACIONAL,Ambos sexos,0
ISRAEL,2022,DISCRIMINACIÓN GENERACIONAL,Femenino,0
ISRAEL,2022,DISCRIMINACIÓN GENERACIONAL,Masculino,0
ITALIA,2022,DISCRIMINACIÓN GENERACIONAL,Ambos sexos,0
ITALIA,2022,DISCRIMINACIÓN GENERACIONAL,Femenino,0
ITALIA,2022,DISCRIMINACIÓN GENERACIONAL,Masculino,0
LETONIA,2022,DISCRIMINACIÓN GENERACIONAL,Ambos sexos,0
LETONIA,2022,DISCRIMINACIÓN GENERACIONAL,Femenino,0
LETONIA,2022,DISCRIMINACIÓN GENERACIONAL,Masculino,0
LIBERIA,2022,DISCRIMINACIÓN GENERACIONAL,Ambos sexos,0
LIBERIA,2022,DISCRIMINACIÓN GENERACIONAL,Femenino,0
LIBERIA,2022,DISCRIMINACIÓN GENERACIONAL,Masculino,0
LIBIA,2022,DISCRIMINACIÓN GENERACIONAL,Ambos sexos,0
LIBIA,2022,DISCRIMINACIÓN GENERACIONAL,Femenino,0
LIBIA,2022,DISCRIMINACIÓN GENERACIONAL,Masculino,0
LITUANIA,2022,DISCRIMINACIÓN GENERACIONAL,Ambos sexos,0
LITUANIA,2022,DISCRIMINACIÓN GENERACIONAL,Femenino,0
LITUANIA,2022,DISCRIMINACIÓN GENERACIONAL,Masculino,0
LÍBANO,2022,DISCRIMINACIÓN GENERACIONAL,Ambos sexos,0
LÍBANO,2022,DISCRIMINACIÓN GENERACIONAL,Femenino,0
LÍBANO,2022,DISCRIMINACIÓN GENERACIONAL,Masculino,0
MALI,2022,DISCRIMINACIÓN GENERACIONAL,Ambos sexos,0
MALI,2022,DISCRIMINACIÓN GENERACIONAL,Femenino,0
MALI,2022,DISCRIMINACIÓN GENERACIONAL,Masculino,0
MARRUECOS,2022,DISCRIMINACIÓN GENERACIONAL,Ambos sexos,0
MARRUECOS,2022,DISCRIMINACIÓN GENERACIONAL,Femenino,0
MARRUECOS,2022,DISCRIMINACIÓN GENERACIONAL,Masculino,0
MAURITANIA,2022,DISCRIMINACIÓN GENERACIONAL,Ambos sexos,0
MAURITANIA,2022,DISCRIMINACIÓN GENERACIONAL,Femenino,0
MAURITANIA,2022,DISCRIMINACIÓN GENERACIONAL,Masculino,0
MOLDAVIA,2022,DISCRIMINACIÓN GENERACIONAL,Ambos sexos,0
MOLDAVIA,2022,DISCRIMINACIÓN GENERACIONAL,Femenino,0
MOLDAVIA,2022,DISCRIMINACIÓN GENERACIONAL,Masculino,0
MONGOLIA,2022,DISCRIMINACIÓN GENERACIONAL,Ambos sexos,0
MONGOLIA,2022,DISCRIMINACIÓN GENERACIONAL,Femenino,0
MONGOLIA,2022,DISCRIMINACIÓN GENERACIONAL,Masculino,0
NEPAL,2022,DISCRIMINACIÓN GENERACIONAL,Ambos sexos,0
NEPAL,2022,DISCRIMINACIÓN GENERACIONAL,Femenino,0
NEPAL,2022,DISCRIMINACIÓN GENERACIONAL,Masculino,0
NICARAGUA,2022,DISCRIMINACIÓN GENERACIONAL,Ambos sexos,0
NICARAGUA,2022,DISCRIMINACIÓN GENERACIONAL,Femenino,0
NICARAGUA,2022,DISCRIMINACIÓN GENERACIONAL,Masculino,0
NIGERIA,2022,DISCRIMINACIÓN GENERACIONAL,Ambos sexos,0
NIGERIA,2022,DISCRIMINACIÓN GENERACIONAL,Femenino,0
NIGERIA,2022,DISCRIMINACIÓN GENERACIONAL,Masculino,0
NÍGER REP.,2022,DISCRIMINACIÓN GENERACIONAL,Ambos sexos,0
NÍGER REP.,2022,DISCRIMINACIÓN GENERACIONAL,Femenino,0
NÍGER REP.,2022,DISCRIMINACIÓN GENERACIONAL,Masculino,0
PANAMA,2022,DISCRIMINACIÓN GENERACIONAL,Ambos sexos,0
PANAMA,2022,DISCRIMINACIÓN GENERACIONAL,Femenino,0
PANAMA,2022,DISCRIMINACIÓN GENERACIONAL,Masculino,0
PAQUISTÁN,2022,DISCRIMINACIÓN GENERACIONAL,Ambos sexos,0
PAQUISTÁN,2022,DISCRIMINACIÓN GENERACIONAL,Femenino,0
PAQUISTÁN,2022,DISCRIMINACIÓN GENERACIONAL,Masculino,0
PARAGUAY,2022,DISCRIMINACIÓN GENERACIONAL,Ambos sexos,0
PARAGUAY,2022,DISCRIMINACIÓN GENERACIONAL,Femenino,0
PARAGUAY,2022,DISCRIMINACIÓN GENERACIONAL,Masculino,0
PAÍS DESCONOCIDO,2022,DISCRIMINACIÓN GENERACIONAL,Ambos sexos,0
PAÍS DESCONOCIDO,2022,DISCRIMINACIÓN GENERACIONAL,Femenino,0
PAÍS DESCONOCIDO,2022,DISCRIMINACIÓN GENERACIONAL,Masculino,0
PAÍS NO CODIFICADO,2022,DISCRIMINACIÓN GENERACIONAL,Ambos sexos,0
PAÍS NO CODIFICADO,2022,DISCRIMINACIÓN GENERACIONAL,Femenino,0
PAÍS NO CODIFICADO,2022,DISCRIMINACIÓN GENERACIONAL,Masculino,0
PERÚ,2022,DISCRIMINACIÓN GENERACIONAL,Ambos sexos,0
PERÚ,2022,DISCRIMINACIÓN GENERACIONAL,Femenino,0
PERÚ,2022,DISCRIMINACIÓN GENERACIONAL,Masculino,0
POLONIA,2022,DISCRIMINACIÓN GENERACIONAL,Ambos sexos,0
POLONIA,2022,DISCRIMINACIÓN GENERACIONAL,Femenino,0
POLONIA,2022,DISCRIMINACIÓN GENERACIONAL,Masculino,0
PORTUGAL,2022,DISCRIMINACIÓN GENERACIONAL,Ambos sexos,0
PORTUGAL,2022,DISCRIMINACIÓN GENERACIONAL,Femenino,0
PORTUGAL,2022,DISCRIMINACIÓN GENERACIONAL,Masculino,0
REINO UNIDO,2022,DISCRIMINACIÓN GENERACIONAL,Ambos sexos,0
REINO UNIDO,2022,DISCRIMINACIÓN GENERACIONAL,Femenino,0
REINO UNIDO,2022,DISCRIMINACIÓN GENERACIONAL,Masculino,0
REPÚBLICA CHECA,2022,DISCRIMINACIÓN GENERACIONAL,Ambos sexos,0
REPÚBLICA CHECA,2022,DISCRIMINACIÓN GENERACIONAL,Femenino,0
REPÚBLICA CHECA,2022,DISCRIMINACIÓN GENERACIONAL,Masculino,0
REPÚBLICA DOMINICANA,2022,DISCRIMINACIÓN GENERACIONAL,Ambos sexos,0
REPÚBLICA DOMINICANA,2022,DISCRIMINACIÓN GENERACIONAL,Femenino,0
REPÚBLICA DOMINICANA,2022,DISCRIMINACIÓN GENERACIONAL,Masculino,0
RUMANÍA,2022,DISCRIMINACIÓN GENERACIONAL,Ambos sexos,0
RUMANÍA,2022,DISCRIMINACIÓN GENERACIONAL,Femenino,0
RUMANÍA,2022,DISCRIMINACIÓN GENERACIONAL,Masculino,0
RUSIA,2022,DISCRIMINACIÓN GENERACIONAL,Ambos sexos,0
RUSIA,2022,DISCRIMINACIÓN GENERACIONAL,Femenino,0
RUSIA,2022,DISCRIMINACIÓN GENERACIONAL,Masculino,0
SENEGAL,2022,DISCRIMINACIÓN GENERACIONAL,Ambos sexos,0
SENEGAL,2022,DISCRIMINACIÓN GENERACIONAL,Femenino,0
SENEGAL,2022,DISCRIMINACIÓN GENERACIONAL,Masculino,0
SERBIA (YUGOSLAVIA),2022,DISCRIMINACIÓN GENERACIONAL,Ambos sexos,0
SERBIA (YUGOSLAVIA),2022,DISCRIMINACIÓN GENERACIONAL,Femenino,0
SERBIA (YUGOSLAVIA),2022,DISCRIMINACIÓN GENERACIONAL,Masculino,0
SIERRA LEONA,2022,DISCRIMINACIÓN GENERACIONAL,Ambos sexos,0
SIERRA LEONA,2022,DISCRIMINACIÓN GENERACIONAL,Femenino,0
SIERRA LEONA,2022,DISCRIMINACIÓN GENERACIONAL,Masculino,0
SIRIA,2022,DISCRIMINACIÓN GENERACIONAL,Ambos sexos,0
SIRIA,2022,DISCRIMINACIÓN GENERACIONAL,Femenino,0
SIRIA,2022,DISCRIMINACIÓN GENERACIONAL,Masculino,0
SUDÁFRICA R.,2022,DISCRIMINACIÓN GENERACIONAL,Ambos sexos,0
SUDÁFRICA R.,2022,DISCRIMINACIÓN GENERACIONAL,Femenino,0
SUDÁFRICA R.,2022,DISCRIMINACIÓN GENERACIONAL,Masculino,0
SUECIA,2022,DISCRIMINACIÓN GENERACIONAL,Ambos sexos,0
SUECIA,2022,DISCRIMINACIÓN GENERACIONAL,Femenino,0
SUECIA,2022,DISCRIMINACIÓN GENERACIONAL,Masculino,0
SUIZA,2022,DISCRIMINACIÓN GENERACIONAL,Ambos sexos,0
SUIZA,2022,DISCRIMINACIÓN GENERACIONAL,Femenino,0
SUIZA,2022,DISCRIMINACIÓN GENERACIONAL,Masculino,0
TOTAL nacionalidad,2022,DISCRIMINACIÓN GENERACIONAL,Ambos sexos,5
TOTAL nacionalidad,2022,DISCRIMINACIÓN GENERACIONAL,Femenino,1
TOTAL nacionalidad,2022,DISCRIMINACIÓN GENERACIONAL,Masculino,4
TURQUÍA,2022,DISCRIMINACIÓN GENERACIONAL,Ambos sexos,0
TURQUÍA,2022,DISCRIMINACIÓN GENERACIONAL,Femenino,0
TURQUÍA,2022,DISCRIMINACIÓN GENERACIONAL,Masculino,0
TÚNEZ,2022,DISCRIMINACIÓN GENERACIONAL,Ambos sexos,0
TÚNEZ,2022,DISCRIMINACIÓN GENERACIONAL,Femenino,0
TÚNEZ,2022,DISCRIMINACIÓN GENERACIONAL,Masculino,0
UCRANIA,2022,DISCRIMINACIÓN GENERACIONAL,Ambos sexos,0
UCRANIA,2022,DISCRIMINACIÓN GENERACIONAL,Femenino,0
UCRANIA,2022,DISCRIMINACIÓN GENERACIONAL,Masculino,0
URUGUAY,2022,DISCRIMINACIÓN GENERACIONAL,Ambos sexos,0
URUGUAY,2022,DISCRIMINACIÓN GENERACIONAL,Femenino,0
URUGUAY,2022,DISCRIMINACIÓN GENERACIONAL,Masculino,0
VENEZUELA,2022,DISCRIMINACIÓN GENERACIONAL,Ambos sexos,0
VENEZUELA,2022,DISCRIMINACIÓN GENERACIONAL,Femenino,0
VENEZUELA,2022,DISCRIMINACIÓN GENERACIONAL,Masculino,0
ZAMBIA,2022,DISCRIMINACIÓN GENERACIONAL,Ambos sexos,0
ZAMBIA,2022,DISCRIMINACIÓN GENERACIONAL,Femenino,0
ZAMBIA,2022,DISCRIMINACIÓN GENERACIONAL,Masculino,0
ALBANIA,2022,DISCRIMINACIÓN POR RAZÓN DE ENFERMEDAD,Ambos sexos,0
ALBANIA,2022,DISCRIMINACIÓN POR RAZÓN DE ENFERMEDAD,Femenino,0
ALBANIA,2022,DISCRIMINACIÓN POR RAZÓN DE ENFERMEDAD,Masculino,0
ALEMANIA,2022,DISCRIMINACIÓN POR RAZÓN DE ENFERMEDAD,Ambos sexos,0
ALEMANIA,2022,DISCRIMINACIÓN POR RAZÓN DE ENFERMEDAD,Femenino,0
ALEMANIA,2022,DISCRIMINACIÓN POR RAZÓN DE ENFERMEDAD,Masculino,0
ANDORRA,2022,DISCRIMINACIÓN POR RAZÓN DE ENFERMEDAD,Ambos sexos,0
ANDORRA,2022,DISCRIMINACIÓN POR RAZÓN DE ENFERMEDAD,Femenino,0
ANDORRA,2022,DISCRIMINACIÓN POR RAZÓN DE ENFERMEDAD,Masculino,0
ANGOLA,2022,DISCRIMINACIÓN POR RAZÓN DE ENFERMEDAD,Ambos sexos,0
ANGOLA,2022,DISCRIMINACIÓN POR RAZÓN DE ENFERMEDAD,Femenino,0
ANGOLA,2022,DISCRIMINACIÓN POR RAZÓN DE ENFERMEDAD,Masculino,0
ARGELIA,2022,DISCRIMINACIÓN POR RAZÓN DE ENFERMEDAD,Ambos sexos,0
ARGELIA,2022,DISCRIMINACIÓN POR RAZÓN DE ENFERMEDAD,Femenino,0
ARGELIA,2022,DISCRIMINACIÓN POR RAZÓN DE ENFERMEDAD,Masculino,0
ARGENTINA,2022,DISCRIMINACIÓN POR RAZÓN DE ENFERMEDAD,Ambos sexos,0
ARGENTINA,2022,DISCRIMINACIÓN POR RAZÓN DE ENFERMEDAD,Femenino,0
ARGENTINA,2022,DISCRIMINACIÓN POR RAZÓN DE ENFERMEDAD,Masculino,0
ARMENIA,2022,DISCRIMINACIÓN POR RAZÓN DE ENFERMEDAD,Ambos sexos,0
ARMENIA,2022,DISCRIMINACIÓN POR RAZÓN DE ENFERMEDAD,Femenino,0
ARMENIA,2022,DISCRIMINACIÓN POR RAZÓN DE ENFERMEDAD,Masculino,0
BANGLADESH,2022,DISCRIMINACIÓN POR RAZÓN DE ENFERMEDAD,Ambos sexos,0
BANGLADESH,2022,DISCRIMINACIÓN POR RAZÓN DE ENFERMEDAD,Femenino,0
BANGLADESH,2022,DISCRIMINACIÓN POR RAZÓN DE ENFERMEDAD,Masculino,0
BIELORRUSIA,2022,DISCRIMINACIÓN POR RAZÓN DE ENFERMEDAD,Ambos sexos,0
BIELORRUSIA,2022,DISCRIMINACIÓN POR RAZÓN DE ENFERMEDAD,Femenino,0
BIELORRUSIA,2022,DISCRIMINACIÓN POR RAZÓN DE ENFERMEDAD,Masculino,0
BOLIVIA,2022,DISCRIMINACIÓN POR RAZÓN DE ENFERMEDAD,Ambos sexos,0
BOLIVIA,2022,DISCRIMINACIÓN POR RAZÓN DE ENFERMEDAD,Femenino,0
BOLIVIA,2022,DISCRIMINACIÓN POR RAZÓN DE ENFERMEDAD,Masculino,0
BRASIL,2022,DISCRIMINACIÓN POR RAZÓN DE ENFERMEDAD,Ambos sexos,0
BRASIL,2022,DISCRIMINACIÓN POR RAZÓN DE ENFERMEDAD,Femenino,0
BRASIL,2022,DISCRIMINACIÓN POR RAZÓN DE ENFERMEDAD,Masculino,0
BULGARIA,2022,DISCRIMINACIÓN POR RAZÓN DE ENFERMEDAD,Ambos sexos,0
BULGARIA,2022,DISCRIMINACIÓN POR RAZÓN DE ENFERMEDAD,Femenino,0
BULGARIA,2022,DISCRIMINACIÓN POR RAZÓN DE ENFERMEDAD,Masculino,0
BÉLGICA,2022,DISCRIMINACIÓN POR RAZÓN DE ENFERMEDAD,Ambos sexos,0
BÉLGICA,2022,DISCRIMINACIÓN POR RAZÓN DE ENFERMEDAD,Femenino,0
BÉLGICA,2022,DISCRIMINACIÓN POR RAZÓN DE ENFERMEDAD,Masculino,0
CAMERÚN,2022,DISCRIMINACIÓN POR RAZÓN DE ENFERMEDAD,Ambos sexos,0
CAMERÚN,2022,DISCRIMINACIÓN POR RAZÓN DE ENFERMEDAD,Femenino,0
CAMERÚN,2022,DISCRIMINACIÓN POR RAZÓN DE ENFERMEDAD,Masculino,0
CENTRO ÁFRICANA REPÚBLICA,2022,DISCRIMINACIÓN POR RAZÓN DE ENFERMEDAD,Ambos sexos,0
CENTRO ÁFRICANA REPÚBLICA,2022,DISCRIMINACIÓN POR RAZÓN DE ENFERMEDAD,Femenino,0
CENTRO ÁFRICANA REPÚBLICA,2022,DISCRIMINACIÓN POR RAZÓN DE ENFERMEDAD,Masculino,0
CHILE,2022,DISCRIMINACIÓN POR RAZÓN DE ENFERMEDAD,Ambos sexos,0
CHILE,2022,DISCRIMINACIÓN POR RAZÓN DE ENFERMEDAD,Femenino,0
CHILE,2022,DISCRIMINACIÓN POR RAZÓN DE ENFERMEDAD,Masculino,0
CHINA POPULAR,2022,DISCRIMINACIÓN POR RAZÓN DE ENFERMEDAD,Ambos sexos,0
CHINA POPULAR,2022,DISCRIMINACIÓN POR RAZÓN DE ENFERMEDAD,Femenino,0
CHINA POPULAR,2022,DISCRIMINACIÓN POR RAZÓN DE ENFERMEDAD,Masculino,0
COLOMBIA,2022,DISCRIMINACIÓN POR RAZÓN DE ENFERMEDAD,Ambos sexos,0
COLOMBIA,2022,DISCRIMINACIÓN POR RAZÓN DE ENFERMEDAD,Femenino,0
COLOMBIA,2022,DISCRIMINACIÓN POR RAZÓN DE ENFERMEDAD,Masculino,0
CONGO-BRAZZAVILLE,2022,DISCRIMINACIÓN POR RAZÓN DE ENFERMEDAD,Ambos sexos,0
CONGO-BRAZZAVILLE,2022,DISCRIMINACIÓN POR RAZÓN DE ENFERMEDAD,Femenino,0
CONGO-BRAZZAVILLE,2022,DISCRIMINACIÓN POR RAZÓN DE ENFERMEDAD,Masculino,0
COSTA DE MARFIL,2022,DISCRIMINACIÓN POR RAZÓN DE ENFERMEDAD,Ambos sexos,0
COSTA DE MARFIL,2022,DISCRIMINACIÓN POR RAZÓN DE ENFERMEDAD,Femenino,0
COSTA DE MARFIL,2022,DISCRIMINACIÓN POR RAZÓN DE ENFERMEDAD,Masculino,0
CROACIA,2022,DISCRIMINACIÓN POR RAZÓN DE ENFERMEDAD,Ambos sexos,0
CROACIA,2022,DISCRIMINACIÓN POR RAZÓN DE ENFERMEDAD,Femenino,0
CROACIA,2022,DISCRIMINACIÓN POR RAZÓN DE ENFERMEDAD,Masculino,0
CUBA,2022,DISCRIMINACIÓN POR RAZÓN DE ENFERMEDAD,Ambos sexos,0
CUBA,2022,DISCRIMINACIÓN POR RAZÓN DE ENFERMEDAD,Femenino,0
CUBA,2022,DISCRIMINACIÓN POR RAZÓN DE ENFERMEDAD,Masculino,0
ECUADOR,2022,DISCRIMINACIÓN POR RAZÓN DE ENFERMEDAD,Ambos sexos,0
ECUADOR,2022,DISCRIMINACIÓN POR RAZÓN DE ENFERMEDAD,Femenino,0
ECUADOR,2022,DISCRIMINACIÓN POR RAZÓN DE ENFERMEDAD,Masculino,0
EE.UU.,2022,DISCRIMINACIÓN POR RAZÓN DE ENFERMEDAD,Ambos sexos,0
EE.UU.,2022,DISCRIMINACIÓN POR RAZÓN DE ENFERMEDAD,Femenino,0
EE.UU.,2022,DISCRIMINACIÓN POR RAZÓN DE ENFERMEDAD,Masculino,0
EGIPTO,2022,DISCRIMINACIÓN POR RAZÓN DE ENFERMEDAD,Ambos sexos,0
EGIPTO,2022,DISCRIMINACIÓN POR RAZÓN DE ENFERMEDAD,Femenino,0
EGIPTO,2022,DISCRIMINACIÓN POR RAZÓN DE ENFERMEDAD,Masculino,0
EL SALVADOR,2022,DISCRIMINACIÓN POR RAZÓN DE ENFERMEDAD,Ambos sexos,0
EL SALVADOR,2022,DISCRIMINACIÓN POR RAZÓN DE ENFERMEDAD,Femenino,0
EL SALVADOR,2022,DISCRIMINACIÓN POR RAZÓN DE ENFERMEDAD,Masculino,0
ERITREA,2022,DISCRIMINACIÓN POR RAZÓN DE ENFERMEDAD,Ambos sexos,0
ERITREA,2022,DISCRIMINACIÓN POR RAZÓN DE ENFERMEDAD,Femenino,0
ERITREA,2022,DISCRIMINACIÓN POR RAZÓN DE ENFERMEDAD,Masculino,0
ESLOVAQUIA,2022,DISCRIMINACIÓN POR RAZÓN DE ENFERMEDAD,Ambos sexos,0
ESLOVAQUIA,2022,DISCRIMINACIÓN POR RAZÓN DE ENFERMEDAD,Femenino,0
ESLOVAQUIA,2022,DISCRIMINACIÓN POR RAZÓN DE ENFERMEDAD,Masculino,0
ESPAÑA,2022,DISCRIMINACIÓN POR RAZÓN DE ENFERMEDAD,Ambos sexos,2
ESPAÑA,2022,DISCRIMINACIÓN POR RAZÓN DE ENFERMEDAD,Femenino,1
ESPAÑA,2022,DISCRIMINACIÓN POR RAZÓN DE ENFERMEDAD,Masculino,1
ESTONIA,2022,DISCRIMINACIÓN POR RAZÓN DE ENFERMEDAD,Ambos sexos,0
ESTONIA,2022,DISCRIMINACIÓN POR RAZÓN DE ENFERMEDAD,Femenino,0
ESTONIA,2022,DISCRIMINACIÓN POR RAZÓN DE ENFERMEDAD,Masculino,0
FILIPINAS,2022,DISCRIMINACIÓN POR RAZÓN DE ENFERMEDAD,Ambos sexos,0
FILIPINAS,2022,DISCRIMINACIÓN POR RAZÓN DE ENFERMEDAD,Femenino,0
FILIPINAS,2022,DISCRIMINACIÓN POR RAZÓN DE ENFERMEDAD,Masculino,0
FRANCIA,2022,DISCRIMINACIÓN POR RAZÓN DE ENFERMEDAD,Ambos sexos,0
FRANCIA,2022,DISCRIMINACIÓN POR RAZÓN DE ENFERMEDAD,Femenino,0
FRANCIA,2022,DISCRIMINACIÓN POR RAZÓN DE ENFERMEDAD,Masculino,0
GAMBIA,2022,DISCRIMINACIÓN POR RAZÓN DE ENFERMEDAD,Ambos sexos,0
GAMBIA,2022,DISCRIMINACIÓN POR RAZÓN DE ENFERMEDAD,Femenino,0
GAMBIA,2022,DISCRIMINACIÓN POR RAZÓN DE ENFERMEDAD,Masculino,0
GEORGIA,2022,DISCRIMINACIÓN POR RAZÓN DE ENFERMEDAD,Ambos sexos,0
GEORGIA,2022,DISCRIMINACIÓN POR RAZÓN DE ENFERMEDAD,Femenino,0
GEORGIA,2022,DISCRIMINACIÓN POR RAZÓN DE ENFERMEDAD,Masculino,0
GHANA,2022,DISCRIMINACIÓN POR RAZÓN DE ENFERMEDAD,Ambos sexos,0
GHANA,2022,DISCRIMINACIÓN POR RAZÓN DE ENFERMEDAD,Femenino,0
GHANA,2022,DISCRIMINACIÓN POR RAZÓN DE ENFERMEDAD,Masculino,0
GRECIA,2022,DISCRIMINACIÓN POR RAZÓN DE ENFERMEDAD,Ambos sexos,0
GRECIA,2022,DISCRIMINACIÓN POR RAZÓN DE ENFERMEDAD,Femenino,0
GRECIA,2022,DISCRIMINACIÓN POR RAZÓN DE ENFERMEDAD,Masculino,0
GUATEMALA,2022,DISCRIMINACIÓN POR RAZÓN DE ENFERMEDAD,Ambos sexos,0
GUATEMALA,2022,DISCRIMINACIÓN POR RAZÓN DE ENFERMEDAD,Femenino,0
GUATEMALA,2022,DISCRIMINACIÓN POR RAZÓN DE ENFERMEDAD,Masculino,0
GUINEA ECUATORIAL,2022,DISCRIMINACIÓN POR RAZÓN DE ENFERMEDAD,Ambos sexos,0
GUINEA ECUATORIAL,2022,DISCRIMINACIÓN POR RAZÓN DE ENFERMEDAD,Femenino,0
GUINEA ECUATORIAL,2022,DISCRIMINACIÓN POR RAZÓN DE ENFERMEDAD,Masculino,0
GUINEA REP.,2022,DISCRIMINACIÓN POR RAZÓN DE ENFERMEDAD,Ambos sexos,0
GUINEA REP.,2022,DISCRIMINACIÓN POR RAZÓN DE ENFERMEDAD,Femenino,0
GUINEA REP.,2022,DISCRIMINACIÓN POR RAZÓN DE ENFERMEDAD,Masculino,0
HAITI,2022,DISCRIMINACIÓN POR RAZÓN DE ENFERMEDAD,Ambos sexos,0
HAITI,2022,DISCRIMINACIÓN POR RAZÓN DE ENFERMEDAD,Femenino,0
HAITI,2022,DISCRIMINACIÓN POR RAZÓN DE ENFERMEDAD,Masculino,0
HOLANDA,2022,DISCRIMINACIÓN POR RAZÓN DE ENFERMEDAD,Ambos sexos,0
HOLANDA,2022,DISCRIMINACIÓN POR RAZÓN DE ENFERMEDAD,Femenino,0
HOLANDA,2022,DISCRIMINACIÓN POR RAZÓN DE ENFERMEDAD,Masculino,0
HONDURAS,2022,DISCRIMINACIÓN POR RAZÓN DE ENFERMEDAD,Ambos sexos,0
HONDURAS,2022,DISCRIMINACIÓN POR RAZÓN DE ENFERMEDAD,Femenino,0
HONDURAS,2022,DISCRIMINACIÓN POR RAZÓN DE ENFERMEDAD,Masculino,0
INDIA,2022,DISCRIMINACIÓN POR RAZÓN DE ENFERMEDAD,Ambos sexos,0
INDIA,2022,DISCRIMINACIÓN POR RAZÓN DE ENFERMEDAD,Femenino,0
INDIA,2022,DISCRIMINACIÓN POR RAZÓN DE ENFERMEDAD,Masculino,0
IRLANDA,2022,DISCRIMINACIÓN POR RAZÓN DE ENFERMEDAD,Ambos sexos,0
IRLANDA,2022,DISCRIMINACIÓN POR RAZÓN DE ENFERMEDAD,Femenino,0
IRLANDA,2022,DISCRIMINACIÓN POR RAZÓN DE ENFERMEDAD,Masculino,0
IRÁN,2022,DISCRIMINACIÓN POR RAZÓN DE ENFERMEDAD,Ambos sexos,0
IRÁN,2022,DISCRIMINACIÓN POR RAZÓN DE ENFERMEDAD,Femenino,0
IRÁN,2022,DISCRIMINACIÓN POR RAZÓN DE ENFERMEDAD,Masculino,0
ISRAEL,2022,DISCRIMINACIÓN POR RAZÓN DE ENFERMEDAD,Ambos sexos,0
ISRAEL,2022,DISCRIMINACIÓN POR RAZÓN DE ENFERMEDAD,Femenino,0
ISRAEL,2022,DISCRIMINACIÓN POR RAZÓN DE ENFERMEDAD,Masculino,0
ITALIA,2022,DISCRIMINACIÓN POR RAZÓN DE ENFERMEDAD,Ambos sexos,0
ITALIA,2022,DISCRIMINACIÓN POR RAZÓN DE ENFERMEDAD,Femenino,0
ITALIA,2022,DISCRIMINACIÓN POR RAZÓN DE ENFERMEDAD,Masculino,0
LETONIA,2022,DISCRIMINACIÓN POR RAZÓN DE ENFERMEDAD,Ambos sexos,0
LETONIA,2022,DISCRIMINACIÓN POR RAZÓN DE ENFERMEDAD,Femenino,0
LETONIA,2022,DISCRIMINACIÓN POR RAZÓN DE ENFERMEDAD,Masculino,0
LIBERIA,2022,DISCRIMINACIÓN POR RAZÓN DE ENFERMEDAD,Ambos sexos,0
LIBERIA,2022,DISCRIMINACIÓN POR RAZÓN DE ENFERMEDAD,Femenino,0
LIBERIA,2022,DISCRIMINACIÓN POR RAZÓN DE ENFERMEDAD,Masculino,0
LIBIA,2022,DISCRIMINACIÓN POR RAZÓN DE ENFERMEDAD,Ambos sexos,0
LIBIA,2022,DISCRIMINACIÓN POR RAZÓN DE ENFERMEDAD,Femenino,0
LIBIA,2022,DISCRIMINACIÓN POR RAZÓN DE ENFERMEDAD,Masculino,0
LITUANIA,2022,DISCRIMINACIÓN POR RAZÓN DE ENFERMEDAD,Ambos sexos,0
LITUANIA,2022,DISCRIMINACIÓN POR RAZÓN DE ENFERMEDAD,Femenino,0
LITUANIA,2022,DISCRIMINACIÓN POR RAZÓN DE ENFERMEDAD,Masculino,0
LÍBANO,2022,DISCRIMINACIÓN POR RAZÓN DE ENFERMEDAD,Ambos sexos,0
LÍBANO,2022,DISCRIMINACIÓN POR RAZÓN DE ENFERMEDAD,Femenino,0
LÍBANO,2022,DISCRIMINACIÓN POR RAZÓN DE ENFERMEDAD,Masculino,0
MALI,2022,DISCRIMINACIÓN POR RAZÓN DE ENFERMEDAD,Ambos sexos,0
MALI,2022,DISCRIMINACIÓN POR RAZÓN DE ENFERMEDAD,Femenino,0
MALI,2022,DISCRIMINACIÓN POR RAZÓN DE ENFERMEDAD,Masculino,0
MARRUECOS,2022,DISCRIMINACIÓN POR RAZÓN DE ENFERMEDAD,Ambos sexos,0
MARRUECOS,2022,DISCRIMINACIÓN POR RAZÓN DE ENFERMEDAD,Femenino,0
MARRUECOS,2022,DISCRIMINACIÓN POR RAZÓN DE ENFERMEDAD,Masculino,0
MAURITANIA,2022,DISCRIMINACIÓN POR RAZÓN DE ENFERMEDAD,Ambos sexos,0
MAURITANIA,2022,DISCRIMINACIÓN POR RAZÓN DE ENFERMEDAD,Femenino,0
MAURITANIA,2022,DISCRIMINACIÓN POR RAZÓN DE ENFERMEDAD,Masculino,0
MOLDAVIA,2022,DISCRIMINACIÓN POR RAZÓN DE ENFERMEDAD,Ambos sexos,0
MOLDAVIA,2022,DISCRIMINACIÓN POR RAZÓN DE ENFERMEDAD,Femenino,0
MOLDAVIA,2022,DISCRIMINACIÓN POR RAZÓN DE ENFERMEDAD,Masculino,0
MONGOLIA,2022,DISCRIMINACIÓN POR RAZÓN DE ENFERMEDAD,Ambos sexos,0
MONGOLIA,2022,DISCRIMINACIÓN POR RAZÓN DE ENFERMEDAD,Femenino,0
MONGOLIA,2022,DISCRIMINACIÓN POR RAZÓN DE ENFERMEDAD,Masculino,0
NEPAL,2022,DISCRIMINACIÓN POR RAZÓN DE ENFERMEDAD,Ambos sexos,0
NEPAL,2022,DISCRIMINACIÓN POR RAZÓN DE ENFERMEDAD,Femenino,0
NEPAL,2022,DISCRIMINACIÓN POR RAZÓN DE ENFERMEDAD,Masculino,0
NICARAGUA,2022,DISCRIMINACIÓN POR RAZÓN DE ENFERMEDAD,Ambos sexos,0
NICARAGUA,2022,DISCRIMINACIÓN POR RAZÓN DE ENFERMEDAD,Femenino,0
NICARAGUA,2022,DISCRIMINACIÓN POR RAZÓN DE ENFERMEDAD,Masculino,0
NIGERIA,2022,DISCRIMINACIÓN POR RAZÓN DE ENFERMEDAD,Ambos sexos,0
NIGERIA,2022,DISCRIMINACIÓN POR RAZÓN DE ENFERMEDAD,Femenino,0
NIGERIA,2022,DISCRIMINACIÓN POR RAZÓN DE ENFERMEDAD,Masculino,0
NÍGER REP.,2022,DISCRIMINACIÓN POR RAZÓN DE ENFERMEDAD,Ambos sexos,0
NÍGER REP.,2022,DISCRIMINACIÓN POR RAZÓN DE ENFERMEDAD,Femenino,0
NÍGER REP.,2022,DISCRIMINACIÓN POR RAZÓN DE ENFERMEDAD,Masculino,0
PANAMA,2022,DISCRIMINACIÓN POR RAZÓN DE ENFERMEDAD,Ambos sexos,0
PANAMA,2022,DISCRIMINACIÓN POR RAZÓN DE ENFERMEDAD,Femenino,0
PANAMA,2022,DISCRIMINACIÓN POR RAZÓN DE ENFERMEDAD,Masculino,0
PAQUISTÁN,2022,DISCRIMINACIÓN POR RAZÓN DE ENFERMEDAD,Ambos sexos,0
PAQUISTÁN,2022,DISCRIMINACIÓN POR RAZÓN DE ENFERMEDAD,Femenino,0
PAQUISTÁN,2022,DISCRIMINACIÓN POR RAZÓN DE ENFERMEDAD,Masculino,0
PARAGUAY,2022,DISCRIMINACIÓN POR RAZÓN DE ENFERMEDAD,Ambos sexos,0
PARAGUAY,2022,DISCRIMINACIÓN POR RAZÓN DE ENFERMEDAD,Femenino,0
PARAGUAY,2022,DISCRIMINACIÓN POR RAZÓN DE ENFERMEDAD,Masculino,0
PAÍS DESCONOCIDO,2022,DISCRIMINACIÓN POR RAZÓN DE ENFERMEDAD,Ambos sexos,0
PAÍS DESCONOCIDO,2022,DISCRIMINACIÓN POR RAZÓN DE ENFERMEDAD,Femenino,0
PAÍS DESCONOCIDO,2022,DISCRIMINACIÓN POR RAZÓN DE ENFERMEDAD,Masculino,0
PAÍS NO CODIFICADO,2022,DISCRIMINACIÓN POR RAZÓN DE ENFERMEDAD,Ambos sexos,0
PAÍS NO CODIFICADO,2022,DISCRIMINACIÓN POR RAZÓN DE ENFERMEDAD,Femenino,0
PAÍS NO CODIFICADO,2022,DISCRIMINACIÓN POR RAZÓN DE ENFERMEDAD,Masculino,0
PERÚ,2022,DISCRIMINACIÓN POR RAZÓN DE ENFERMEDAD,Ambos sexos,0
PERÚ,2022,DISCRIMINACIÓN POR RAZÓN DE ENFERMEDAD,Femenino,0
PERÚ,2022,DISCRIMINACIÓN POR RAZÓN DE ENFERMEDAD,Masculino,0
POLONIA,2022,DISCRIMINACIÓN POR RAZÓN DE ENFERMEDAD,Ambos sexos,0
POLONIA,2022,DISCRIMINACIÓN POR RAZÓN DE ENFERMEDAD,Femenino,0
POLONIA,2022,DISCRIMINACIÓN POR RAZÓN DE ENFERMEDAD,Masculino,0
PORTUGAL,2022,DISCRIMINACIÓN POR RAZÓN DE ENFERMEDAD,Ambos sexos,0
PORTUGAL,2022,DISCRIMINACIÓN POR RAZÓN DE ENFERMEDAD,Femenino,0
PORTUGAL,2022,DISCRIMINACIÓN POR RAZÓN DE ENFERMEDAD,Masculino,0
REINO UNIDO,2022,DISCRIMINACIÓN POR RAZÓN DE ENFERMEDAD,Ambos sexos,0
REINO UNIDO,2022,DISCRIMINACIÓN POR RAZÓN DE ENFERMEDAD,Femenino,0
REINO UNIDO,2022,DISCRIMINACIÓN POR RAZÓN DE ENFERMEDAD,Masculino,0
REPÚBLICA CHECA,2022,DISCRIMINACIÓN POR RAZÓN DE ENFERMEDAD,Ambos sexos,0
REPÚBLICA CHECA,2022,DISCRIMINACIÓN POR RAZÓN DE ENFERMEDAD,Femenino,0
REPÚBLICA CHECA,2022,DISCRIMINACIÓN POR RAZÓN DE ENFERMEDAD,Masculino,0
REPÚBLICA DOMINICANA,2022,DISCRIMINACIÓN POR RAZÓN DE ENFERMEDAD,Ambos sexos,0
REPÚBLICA DOMINICANA,2022,DISCRIMINACIÓN POR RAZÓN DE ENFERMEDAD,Femenino,0
REPÚBLICA DOMINICANA,2022,DISCRIMINACIÓN POR RAZÓN DE ENFERMEDAD,Masculino,0
RUMANÍA,2022,DISCRIMINACIÓN POR RAZÓN DE ENFERMEDAD,Ambos sexos,0
RUMANÍA,2022,DISCRIMINACIÓN POR RAZÓN DE ENFERMEDAD,Femenino,0
RUMANÍA,2022,DISCRIMINACIÓN POR RAZÓN DE ENFERMEDAD,Masculino,0
RUSIA,2022,DISCRIMINACIÓN POR RAZÓN DE ENFERMEDAD,Ambos sexos,0
RUSIA,2022,DISCRIMINACIÓN POR RAZÓN DE ENFERMEDAD,Femenino,0
RUSIA,2022,DISCRIMINACIÓN POR RAZÓN DE ENFERMEDAD,Masculino,0
SENEGAL,2022,DISCRIMINACIÓN POR RAZÓN DE ENFERMEDAD,Ambos sexos,0
SENEGAL,2022,DISCRIMINACIÓN POR RAZÓN DE ENFERMEDAD,Femenino,0
SENEGAL,2022,DISCRIMINACIÓN POR RAZÓN DE ENFERMEDAD,Masculino,0
SERBIA (YUGOSLAVIA),2022,DISCRIMINACIÓN POR RAZÓN DE ENFERMEDAD,Ambos sexos,0
SERBIA (YUGOSLAVIA),2022,DISCRIMINACIÓN POR RAZÓN DE ENFERMEDAD,Femenino,0
SERBIA (YUGOSLAVIA),2022,DISCRIMINACIÓN POR RAZÓN DE ENFERMEDAD,Masculino,0
SIERRA LEONA,2022,DISCRIMINACIÓN POR RAZÓN DE ENFERMEDAD,Ambos sexos,0
SIERRA LEONA,2022,DISCRIMINACIÓN POR RAZÓN DE ENFERMEDAD,Femenino,0
SIERRA LEONA,2022,DISCRIMINACIÓN POR RAZÓN DE ENFERMEDAD,Masculino,0
SIRIA,2022,DISCRIMINACIÓN POR RAZÓN DE ENFERMEDAD,Ambos sexos,0
SIRIA,2022,DISCRIMINACIÓN POR RAZÓN DE ENFERMEDAD,Femenino,0
SIRIA,2022,DISCRIMINACIÓN POR RAZÓN DE ENFERMEDAD,Masculino,0
SUDÁFRICA R.,2022,DISCRIMINACIÓN POR RAZÓN DE ENFERMEDAD,Ambos sexos,0
SUDÁFRICA R.,2022,DISCRIMINACIÓN POR RAZÓN DE ENFERMEDAD,Femenino,0
SUDÁFRICA R.,2022,DISCRIMINACIÓN POR RAZÓN DE ENFERMEDAD,Masculino,0
SUECIA,2022,DISCRIMINACIÓN POR RAZÓN DE ENFERMEDAD,Ambos sexos,0
SUECIA,2022,DISCRIMINACIÓN POR RAZÓN DE ENFERMEDAD,Femenino,0
SUECIA,2022,DISCRIMINACIÓN POR RAZÓN DE ENFERMEDAD,Masculino,0
SUIZA,2022,DISCRIMINACIÓN POR RAZÓN DE ENFERMEDAD,Ambos sexos,0
SUIZA,2022,DISCRIMINACIÓN POR RAZÓN DE ENFERMEDAD,Femenino,0
SUIZA,2022,DISCRIMINACIÓN POR RAZÓN DE ENFERMEDAD,Masculino,0
TOTAL nacionalidad,2022,DISCRIMINACIÓN POR RAZÓN DE ENFERMEDAD,Ambos sexos,2
TOTAL nacionalidad,2022,DISCRIMINACIÓN POR RAZÓN DE ENFERMEDAD,Femenino,1
TOTAL nacionalidad,2022,DISCRIMINACIÓN POR RAZÓN DE ENFERMEDAD,Masculino,1
TURQUÍA,2022,DISCRIMINACIÓN POR RAZÓN DE ENFERMEDAD,Ambos sexos,0
TURQUÍA,2022,DISCRIMINACIÓN POR RAZÓN DE ENFERMEDAD,Femenino,0
TURQUÍA,2022,DISCRIMINACIÓN POR RAZÓN DE ENFERMEDAD,Masculino,0
TÚNEZ,2022,DISCRIMINACIÓN POR RAZÓN DE ENFERMEDAD,Ambos sexos,0
TÚNEZ,2022,DISCRIMINACIÓN POR RAZÓN DE ENFERMEDAD,Femenino,0
TÚNEZ,2022,DISCRIMINACIÓN POR RAZÓN DE ENFERMEDAD,Masculino,0
UCRANIA,2022,DISCRIMINACIÓN POR RAZÓN DE ENFERMEDAD,Ambos sexos,0
UCRANIA,2022,DISCRIMINACIÓN POR RAZÓN DE ENFERMEDAD,Femenino,0
UCRANIA,2022,DISCRIMINACIÓN POR RAZÓN DE ENFERMEDAD,Masculino,0
URUGUAY,2022,DISCRIMINACIÓN POR RAZÓN DE ENFERMEDAD,Ambos sexos,0
URUGUAY,2022,DISCRIMINACIÓN POR RAZÓN DE ENFERMEDAD,Femenino,0
URUGUAY,2022,DISCRIMINACIÓN POR RAZÓN DE ENFERMEDAD,Masculino,0
VENEZUELA,2022,DISCRIMINACIÓN POR RAZÓN DE ENFERMEDAD,Ambos sexos,0
VENEZUELA,2022,DISCRIMINACIÓN POR RAZÓN DE ENFERMEDAD,Femenino,0
VENEZUELA,2022,DISCRIMINACIÓN POR RAZÓN DE ENFERMEDAD,Masculino,0
ZAMBIA,2022,DISCRIMINACIÓN POR RAZÓN DE ENFERMEDAD,Ambos sexos,0
ZAMBIA,2022,DISCRIMINACIÓN POR RAZÓN DE ENFERMEDAD,Femenino,0
ZAMBIA,2022,DISCRIMINACIÓN POR RAZÓN DE ENFERMEDAD,Masculino,0
ALBANIA,2022,DISCRIMINACIÓN POR RAZÓN DE SEXO/GÉNERO,Ambos sexos,0
ALBANIA,2022,DISCRIMINACIÓN POR RAZÓN DE SEXO/GÉNERO,Femenino,0
ALBANIA,2022,DISCRIMINACIÓN POR RAZÓN DE SEXO/GÉNERO,Masculino,0
ALEMANIA,2022,DISCRIMINACIÓN POR RAZÓN DE SEXO/GÉNERO,Ambos sexos,0
ALEMANIA,2022,DISCRIMINACIÓN POR RAZÓN DE SEXO/GÉNERO,Femenino,0
ALEMANIA,2022,DISCRIMINACIÓN POR RAZÓN DE SEXO/GÉNERO,Masculino,0
ANDORRA,2022,DISCRIMINACIÓN POR RAZÓN DE SEXO/GÉNERO,Ambos sexos,0
ANDORRA,2022,DISCRIMINACIÓN POR RAZÓN DE SEXO/GÉNERO,Femenino,0
ANDORRA,2022,DISCRIMINACIÓN POR RAZÓN DE SEXO/GÉNERO,Masculino,0
ANGOLA,2022,DISCRIMINACIÓN POR RAZÓN DE SEXO/GÉNERO,Ambos sexos,0
ANGOLA,2022,DISCRIMINACIÓN POR RAZÓN DE SEXO/GÉNERO,Femenino,0
ANGOLA,2022,DISCRIMINACIÓN POR RAZÓN DE SEXO/GÉNERO,Masculino,0
ARGELIA,2022,DISCRIMINACIÓN POR RAZÓN DE SEXO/GÉNERO,Ambos sexos,0
ARGELIA,2022,DISCRIMINACIÓN POR RAZÓN DE SEXO/GÉNERO,Femenino,0
ARGELIA,2022,DISCRIMINACIÓN POR RAZÓN DE SEXO/GÉNERO,Masculino,0
ARGENTINA,2022,DISCRIMINACIÓN POR RAZÓN DE SEXO/GÉNERO,Ambos sexos,0
ARGENTINA,2022,DISCRIMINACIÓN POR RAZÓN DE SEXO/GÉNERO,Femenino,0
ARGENTINA,2022,DISCRIMINACIÓN POR RAZÓN DE SEXO/GÉNERO,Masculino,0
ARMENIA,2022,DISCRIMINACIÓN POR RAZÓN DE SEXO/GÉNERO,Ambos sexos,0
ARMENIA,2022,DISCRIMINACIÓN POR RAZÓN DE SEXO/GÉNERO,Femenino,0
ARMENIA,2022,DISCRIMINACIÓN POR RAZÓN DE SEXO/GÉNERO,Masculino,0
BANGLADESH,2022,DISCRIMINACIÓN POR RAZÓN DE SEXO/GÉNERO,Ambos sexos,0
BANGLADESH,2022,DISCRIMINACIÓN POR RAZÓN DE SEXO/GÉNERO,Femenino,0
BANGLADESH,2022,DISCRIMINACIÓN POR RAZÓN DE SEXO/GÉNERO,Masculino,0
BIELORRUSIA,2022,DISCRIMINACIÓN POR RAZÓN DE SEXO/GÉNERO,Ambos sexos,0
BIELORRUSIA,2022,DISCRIMINACIÓN POR RAZÓN DE SEXO/GÉNERO,Femenino,0
BIELORRUSIA,2022,DISCRIMINACIÓN POR RAZÓN DE SEXO/GÉNERO,Masculino,0
BOLIVIA,2022,DISCRIMINACIÓN POR RAZÓN DE SEXO/GÉNERO,Ambos sexos,0
BOLIVIA,2022,DISCRIMINACIÓN POR RAZÓN DE SEXO/GÉNERO,Femenino,0
BOLIVIA,2022,DISCRIMINACIÓN POR RAZÓN DE SEXO/GÉNERO,Masculino,0
BRASIL,2022,DISCRIMINACIÓN POR RAZÓN DE SEXO/GÉNERO,Ambos sexos,0
BRASIL,2022,DISCRIMINACIÓN POR RAZÓN DE SEXO/GÉNERO,Femenino,0
BRASIL,2022,DISCRIMINACIÓN POR RAZÓN DE SEXO/GÉNERO,Masculino,0
BULGARIA,2022,DISCRIMINACIÓN POR RAZÓN DE SEXO/GÉNERO,Ambos sexos,0
BULGARIA,2022,DISCRIMINACIÓN POR RAZÓN DE SEXO/GÉNERO,Femenino,0
BULGARIA,2022,DISCRIMINACIÓN POR RAZÓN DE SEXO/GÉNERO,Masculino,0
BÉLGICA,2022,DISCRIMINACIÓN POR RAZÓN DE SEXO/GÉNERO,Ambos sexos,0
BÉLGICA,2022,DISCRIMINACIÓN POR RAZÓN DE SEXO/GÉNERO,Femenino,0
BÉLGICA,2022,DISCRIMINACIÓN POR RAZÓN DE SEXO/GÉNERO,Masculino,0
CAMERÚN,2022,DISCRIMINACIÓN POR RAZÓN DE SEXO/GÉNERO,Ambos sexos,0
CAMERÚN,2022,DISCRIMINACIÓN POR RAZÓN DE SEXO/GÉNERO,Femenino,0
CAMERÚN,2022,DISCRIMINACIÓN POR RAZÓN DE SEXO/GÉNERO,Masculino,0
CENTRO ÁFRICANA REPÚBLICA,2022,DISCRIMINACIÓN POR RAZÓN DE SEXO/GÉNERO,Ambos sexos,0
CENTRO ÁFRICANA REPÚBLICA,2022,DISCRIMINACIÓN POR RAZÓN DE SEXO/GÉNERO,Femenino,0
CENTRO ÁFRICANA REPÚBLICA,2022,DISCRIMINACIÓN POR RAZÓN DE SEXO/GÉNERO,Masculino,0
CHILE,2022,DISCRIMINACIÓN POR RAZÓN DE SEXO/GÉNERO,Ambos sexos,0
CHILE,2022,DISCRIMINACIÓN POR RAZÓN DE SEXO/GÉNERO,Femenino,0
CHILE,2022,DISCRIMINACIÓN POR RAZÓN DE SEXO/GÉNERO,Masculino,0
CHINA POPULAR,2022,DISCRIMINACIÓN POR RAZÓN DE SEXO/GÉNERO,Ambos sexos,0
CHINA POPULAR,2022,DISCRIMINACIÓN POR RAZÓN DE SEXO/GÉNERO,Femenino,0
CHINA POPULAR,2022,DISCRIMINACIÓN POR RAZÓN DE SEXO/GÉNERO,Masculino,0
COLOMBIA,2022,DISCRIMINACIÓN POR RAZÓN DE SEXO/GÉNERO,Ambos sexos,0
COLOMBIA,2022,DISCRIMINACIÓN POR RAZÓN DE SEXO/GÉNERO,Femenino,0
COLOMBIA,2022,DISCRIMINACIÓN POR RAZÓN DE SEXO/GÉNERO,Masculino,0
CONGO-BRAZZAVILLE,2022,DISCRIMINACIÓN POR RAZÓN DE SEXO/GÉNERO,Ambos sexos,0
CONGO-BRAZZAVILLE,2022,DISCRIMINACIÓN POR RAZÓN DE SEXO/GÉNERO,Femenino,0
CONGO-BRAZZAVILLE,2022,DISCRIMINACIÓN POR RAZÓN DE SEXO/GÉNERO,Masculino,0
COSTA DE MARFIL,2022,DISCRIMINACIÓN POR RAZÓN DE SEXO/GÉNERO,Ambos sexos,0
COSTA DE MARFIL,2022,DISCRIMINACIÓN POR RAZÓN DE SEXO/GÉNERO,Femenino,0
COSTA DE MARFIL,2022,DISCRIMINACIÓN POR RAZÓN DE SEXO/GÉNERO,Masculino,0
CROACIA,2022,DISCRIMINACIÓN POR RAZÓN DE SEXO/GÉNERO,Ambos sexos,0
CROACIA,2022,DISCRIMINACIÓN POR RAZÓN DE SEXO/GÉNERO,Femenino,0
CROACIA,2022,DISCRIMINACIÓN POR RAZÓN DE SEXO/GÉNERO,Masculino,0
CUBA,2022,DISCRIMINACIÓN POR RAZÓN DE SEXO/GÉNERO,Ambos sexos,0
CUBA,2022,DISCRIMINACIÓN POR RAZÓN DE SEXO/GÉNERO,Femenino,0
CUBA,2022,DISCRIMINACIÓN POR RAZÓN DE SEXO/GÉNERO,Masculino,0
ECUADOR,2022,DISCRIMINACIÓN POR RAZÓN DE SEXO/GÉNERO,Ambos sexos,0
ECUADOR,2022,DISCRIMINACIÓN POR RAZÓN DE SEXO/GÉNERO,Femenino,0
ECUADOR,2022,DISCRIMINACIÓN POR RAZÓN DE SEXO/GÉNERO,Masculino,0
EE.UU.,2022,DISCRIMINACIÓN POR RAZÓN DE SEXO/GÉNERO,Ambos sexos,0
EE.UU.,2022,DISCRIMINACIÓN POR RAZÓN DE SEXO/GÉNERO,Femenino,0
EE.UU.,2022,DISCRIMINACIÓN POR RAZÓN DE SEXO/GÉNERO,Masculino,0
EGIPTO,2022,DISCRIMINACIÓN POR RAZÓN DE SEXO/GÉNERO,Ambos sexos,0
EGIPTO,2022,DISCRIMINACIÓN POR RAZÓN DE SEXO/GÉNERO,Femenino,0
EGIPTO,2022,DISCRIMINACIÓN POR RAZÓN DE SEXO/GÉNERO,Masculino,0
EL SALVADOR,2022,DISCRIMINACIÓN POR RAZÓN DE SEXO/GÉNERO,Ambos sexos,0
EL SALVADOR,2022,DISCRIMINACIÓN POR RAZÓN DE SEXO/GÉNERO,Femenino,0
EL SALVADOR,2022,DISCRIMINACIÓN POR RAZÓN DE SEXO/GÉNERO,Masculino,0
ERITREA,2022,DISCRIMINACIÓN POR RAZÓN DE SEXO/GÉNERO,Ambos sexos,0
ERITREA,2022,DISCRIMINACIÓN POR RAZÓN DE SEXO/GÉNERO,Femenino,0
ERITREA,2022,DISCRIMINACIÓN POR RAZÓN DE SEXO/GÉNERO,Masculino,0
ESLOVAQUIA,2022,DISCRIMINACIÓN POR RAZÓN DE SEXO/GÉNERO,Ambos sexos,0
ESLOVAQUIA,2022,DISCRIMINACIÓN POR RAZÓN DE SEXO/GÉNERO,Femenino,0
ESLOVAQUIA,2022,DISCRIMINACIÓN POR RAZÓN DE SEXO/GÉNERO,Masculino,0
ESPAÑA,2022,DISCRIMINACIÓN POR RAZÓN DE SEXO/GÉNERO,Ambos sexos,44
ESPAÑA,2022,DISCRIMINACIÓN POR RAZÓN DE SEXO/GÉNERO,Femenino,9
ESPAÑA,2022,DISCRIMINACIÓN POR RAZÓN DE SEXO/GÉNERO,Masculino,35
ESTONIA,2022,DISCRIMINACIÓN POR RAZÓN DE SEXO/GÉNERO,Ambos sexos,0
ESTONIA,2022,DISCRIMINACIÓN POR RAZÓN DE SEXO/GÉNERO,Femenino,0
ESTONIA,2022,DISCRIMINACIÓN POR RAZÓN DE SEXO/GÉNERO,Masculino,0
FILIPINAS,2022,DISCRIMINACIÓN POR RAZÓN DE SEXO/GÉNERO,Ambos sexos,0
FILIPINAS,2022,DISCRIMINACIÓN POR RAZÓN DE SEXO/GÉNERO,Femenino,0
FILIPINAS,2022,DISCRIMINACIÓN POR RAZÓN DE SEXO/GÉNERO,Masculino,0
FRANCIA,2022,DISCRIMINACIÓN POR RAZÓN DE SEXO/GÉNERO,Ambos sexos,0
FRANCIA,2022,DISCRIMINACIÓN POR RAZÓN DE SEXO/GÉNERO,Femenino,0
FRANCIA,2022,DISCRIMINACIÓN POR RAZÓN DE SEXO/GÉNERO,Masculino,0
GAMBIA,2022,DISCRIMINACIÓN POR RAZÓN DE SEXO/GÉNERO,Ambos sexos,0
GAMBIA,2022,DISCRIMINACIÓN POR RAZÓN DE SEXO/GÉNERO,Femenino,0
GAMBIA,2022,DISCRIMINACIÓN POR RAZÓN DE SEXO/GÉNERO,Masculino,0
GEORGIA,2022,DISCRIMINACIÓN POR RAZÓN DE SEXO/GÉNERO,Ambos sexos,0
GEORGIA,2022,DISCRIMINACIÓN POR RAZÓN DE SEXO/GÉNERO,Femenino,0
GEORGIA,2022,DISCRIMINACIÓN POR RAZÓN DE SEXO/GÉNERO,Masculino,0
GHANA,2022,DISCRIMINACIÓN POR RAZÓN DE SEXO/GÉNERO,Ambos sexos,0
GHANA,2022,DISCRIMINACIÓN POR RAZÓN DE SEXO/GÉNERO,Femenino,0
GHANA,2022,DISCRIMINACIÓN POR RAZÓN DE SEXO/GÉNERO,Masculino,0
GRECIA,2022,DISCRIMINACIÓN POR RAZÓN DE SEXO/GÉNERO,Ambos sexos,0
GRECIA,2022,DISCRIMINACIÓN POR RAZÓN DE SEXO/GÉNERO,Femenino,0
GRECIA,2022,DISCRIMINACIÓN POR RAZÓN DE SEXO/GÉNERO,Masculino,0
GUATEMALA,2022,DISCRIMINACIÓN POR RAZÓN DE SEXO/GÉNERO,Ambos sexos,0
GUATEMALA,2022,DISCRIMINACIÓN POR RAZÓN DE SEXO/GÉNERO,Femenino,0
GUATEMALA,2022,DISCRIMINACIÓN POR RAZÓN DE SEXO/GÉNERO,Masculino,0
GUINEA ECUATORIAL,2022,DISCRIMINACIÓN POR RAZÓN DE SEXO/GÉNERO,Ambos sexos,0
GUINEA ECUATORIAL,2022,DISCRIMINACIÓN POR RAZÓN DE SEXO/GÉNERO,Femenino,0
GUINEA ECUATORIAL,2022,DISCRIMINACIÓN POR RAZÓN DE SEXO/GÉNERO,Masculino,0
GUINEA REP.,2022,DISCRIMINACIÓN POR RAZÓN DE SEXO/GÉNERO,Ambos sexos,0
GUINEA REP.,2022,DISCRIMINACIÓN POR RAZÓN DE SEXO/GÉNERO,Femenino,0
GUINEA REP.,2022,DISCRIMINACIÓN POR RAZÓN DE SEXO/GÉNERO,Masculino,0
HAITI,2022,DISCRIMINACIÓN POR RAZÓN DE SEXO/GÉNERO,Ambos sexos,0
HAITI,2022,DISCRIMINACIÓN POR RAZÓN DE SEXO/GÉNERO,Femenino,0
HAITI,2022,DISCRIMINACIÓN POR RAZÓN DE SEXO/GÉNERO,Masculino,0
HOLANDA,2022,DISCRIMINACIÓN POR RAZÓN DE SEXO/GÉNERO,Ambos sexos,0
HOLANDA,2022,DISCRIMINACIÓN POR RAZÓN DE SEXO/GÉNERO,Femenino,0
HOLANDA,2022,DISCRIMINACIÓN POR RAZÓN DE SEXO/GÉNERO,Masculino,0
HONDURAS,2022,DISCRIMINACIÓN POR RAZÓN DE SEXO/GÉNERO,Ambos sexos,1
HONDURAS,2022,DISCRIMINACIÓN POR RAZÓN DE SEXO/GÉNERO,Femenino,0
HONDURAS,2022,DISCRIMINACIÓN POR RAZÓN DE SEXO/GÉNERO,Masculino,1
INDIA,2022,DISCRIMINACIÓN POR RAZÓN DE SEXO/GÉNERO,Ambos sexos,0
INDIA,2022,DISCRIMINACIÓN POR RAZÓN DE SEXO/GÉNERO,Femenino,0
INDIA,2022,DISCRIMINACIÓN POR RAZÓN DE SEXO/GÉNERO,Masculino,0
IRLANDA,2022,DISCRIMINACIÓN POR RAZÓN DE SEXO/GÉNERO,Ambos sexos,0
IRLANDA,2022,DISCRIMINACIÓN POR RAZÓN DE SEXO/GÉNERO,Femenino,0
IRLANDA,2022,DISCRIMINACIÓN POR RAZÓN DE SEXO/GÉNERO,Masculino,0
IRÁN,2022,DISCRIMINACIÓN POR RAZÓN DE SEXO/GÉNERO,Ambos sexos,0
IRÁN,2022,DISCRIMINACIÓN POR RAZÓN DE SEXO/GÉNERO,Femenino,0
IRÁN,2022,DISCRIMINACIÓN POR RAZÓN DE SEXO/GÉNERO,Masculino,0
ISRAEL,2022,DISCRIMINACIÓN POR RAZÓN DE SEXO/GÉNERO,Ambos sexos,0
ISRAEL,2022,DISCRIMINACIÓN POR RAZÓN DE SEXO/GÉNERO,Femenino,0
ISRAEL,2022,DISCRIMINACIÓN POR RAZÓN DE SEXO/GÉNERO,Masculino,0
ITALIA,2022,DISCRIMINACIÓN POR RAZÓN DE SEXO/GÉNERO,Ambos sexos,1
ITALIA,2022,DISCRIMINACIÓN POR RAZÓN DE SEXO/GÉNERO,Femenino,0
ITALIA,2022,DISCRIMINACIÓN POR RAZÓN DE SEXO/GÉNERO,Masculino,1
LETONIA,2022,DISCRIMINACIÓN POR RAZÓN DE SEXO/GÉNERO,Ambos sexos,0
LETONIA,2022,DISCRIMINACIÓN POR RAZÓN DE SEXO/GÉNERO,Femenino,0
LETONIA,2022,DISCRIMINACIÓN POR RAZÓN DE SEXO/GÉNERO,Masculino,0
LIBERIA,2022,DISCRIMINACIÓN POR RAZÓN DE SEXO/GÉNERO,Ambos sexos,0
LIBERIA,2022,DISCRIMINACIÓN POR RAZÓN DE SEXO/GÉNERO,Femenino,0
LIBERIA,2022,DISCRIMINACIÓN POR RAZÓN DE SEXO/GÉNERO,Masculino,0
LIBIA,2022,DISCRIMINACIÓN POR RAZÓN DE SEXO/GÉNERO,Ambos sexos,0
LIBIA,2022,DISCRIMINACIÓN POR RAZÓN DE SEXO/GÉNERO,Femenino,0
LIBIA,2022,DISCRIMINACIÓN POR RAZÓN DE SEXO/GÉNERO,Masculino,0
LITUANIA,2022,DISCRIMINACIÓN POR RAZÓN DE SEXO/GÉNERO,Ambos sexos,1
LITUANIA,2022,DISCRIMINACIÓN POR RAZÓN DE SEXO/GÉNERO,Femenino,0
LITUANIA,2022,DISCRIMINACIÓN POR RAZÓN DE SEXO/GÉNERO,Masculino,1
LÍBANO,2022,DISCRIMINACIÓN POR RAZÓN DE SEXO/GÉNERO,Ambos sexos,0
LÍBANO,2022,DISCRIMINACIÓN POR RAZÓN DE SEXO/GÉNERO,Femenino,0
LÍBANO,2022,DISCRIMINACIÓN POR RAZÓN DE SEXO/GÉNERO,Masculino,0
MALI,2022,DISCRIMINACIÓN POR RAZÓN DE SEXO/GÉNERO,Ambos sexos,0
MALI,2022,DISCRIMINACIÓN POR RAZÓN DE SEXO/GÉNERO,Femenino,0
MALI,2022,DISCRIMINACIÓN POR RAZÓN DE SEXO/GÉNERO,Masculino,0
MARRUECOS,2022,DISCRIMINACIÓN POR RAZÓN DE SEXO/GÉNERO,Ambos sexos,8
MARRUECOS,2022,DISCRIMINACIÓN POR RAZÓN DE SEXO/GÉNERO,Femenino,0
MARRUECOS,2022,DISCRIMINACIÓN POR RAZÓN DE SEXO/GÉNERO,Masculino,8
MAURITANIA,2022,DISCRIMINACIÓN POR RAZÓN DE SEXO/GÉNERO,Ambos sexos,0
MAURITANIA,2022,DISCRIMINACIÓN POR RAZÓN DE SEXO/GÉNERO,Femenino,0
MAURITANIA,2022,DISCRIMINACIÓN POR RAZÓN DE SEXO/GÉNERO,Masculino,0
MOLDAVIA,2022,DISCRIMINACIÓN POR RAZÓN DE SEXO/GÉNERO,Ambos sexos,0
MOLDAVIA,2022,DISCRIMINACIÓN POR RAZÓN DE SEXO/GÉNERO,Femenino,0
MOLDAVIA,2022,DISCRIMINACIÓN POR RAZÓN DE SEXO/GÉNERO,Masculino,0
MONGOLIA,2022,DISCRIMINACIÓN POR RAZÓN DE SEXO/GÉNERO,Ambos sexos,2
MONGOLIA,2022,DISCRIMINACIÓN POR RAZÓN DE SEXO/GÉNERO,Femenino,1
MONGOLIA,2022,DISCRIMINACIÓN POR RAZÓN DE SEXO/GÉNERO,Masculino,1
NEPAL,2022,DISCRIMINACIÓN POR RAZÓN DE SEXO/GÉNERO,Ambos sexos,0
NEPAL,2022,DISCRIMINACIÓN POR RAZÓN DE SEXO/GÉNERO,Femenino,0
NEPAL,2022,DISCRIMINACIÓN POR RAZÓN DE SEXO/GÉNERO,Masculino,0
NICARAGUA,2022,DISCRIMINACIÓN POR RAZÓN DE SEXO/GÉNERO,Ambos sexos,1
NICARAGUA,2022,DISCRIMINACIÓN POR RAZÓN DE SEXO/GÉNERO,Femenino,0
NICARAGUA,2022,DISCRIMINACIÓN POR RAZÓN DE SEXO/GÉNERO,Masculino,1
NIGERIA,2022,DISCRIMINACIÓN POR RAZÓN DE SEXO/GÉNERO,Ambos sexos,0
NIGERIA,2022,DISCRIMINACIÓN POR RAZÓN DE SEXO/GÉNERO,Femenino,0
NIGERIA,2022,DISCRIMINACIÓN POR RAZÓN DE SEXO/GÉNERO,Masculino,0
NÍGER REP.,2022,DISCRIMINACIÓN POR RAZÓN DE SEXO/GÉNERO,Ambos sexos,0
NÍGER REP.,2022,DISCRIMINACIÓN POR RAZÓN DE SEXO/GÉNERO,Femenino,0
NÍGER REP.,2022,DISCRIMINACIÓN POR RAZÓN DE SEXO/GÉNERO,Masculino,0
PANAMA,2022,DISCRIMINACIÓN POR RAZÓN DE SEXO/GÉNERO,Ambos sexos,0
PANAMA,2022,DISCRIMINACIÓN POR RAZÓN DE SEXO/GÉNERO,Femenino,0
PANAMA,2022,DISCRIMINACIÓN POR RAZÓN DE SEXO/GÉNERO,Masculino,0
PAQUISTÁN,2022,DISCRIMINACIÓN POR RAZÓN DE SEXO/GÉNERO,Ambos sexos,0
PAQUISTÁN,2022,DISCRIMINACIÓN POR RAZÓN DE SEXO/GÉNERO,Femenino,0
PAQUISTÁN,2022,DISCRIMINACIÓN POR RAZÓN DE SEXO/GÉNERO,Masculino,0
PARAGUAY,2022,DISCRIMINACIÓN POR RAZÓN DE SEXO/GÉNERO,Ambos sexos,1
PARAGUAY,2022,DISCRIMINACIÓN POR RAZÓN DE SEXO/GÉNERO,Femenino,0
PARAGUAY,2022,DISCRIMINACIÓN POR RAZÓN DE SEXO/GÉNERO,Masculino,1
PAÍS DESCONOCIDO,2022,DISCRIMINACIÓN POR RAZÓN DE SEXO/GÉNERO,Ambos sexos,4
PAÍS DESCONOCIDO,2022,DISCRIMINACIÓN POR RAZÓN DE SEXO/GÉNERO,Femenino,0
PAÍS DESCONOCIDO,2022,DISCRIMINACIÓN POR RAZÓN DE SEXO/GÉNERO,Masculino,4
PAÍS NO CODIFICADO,2022,DISCRIMINACIÓN POR RAZÓN DE SEXO/GÉNERO,Ambos sexos,0
PAÍS NO CODIFICADO,2022,DISCRIMINACIÓN POR RAZÓN DE SEXO/GÉNERO,Femenino,0
PAÍS NO CODIFICADO,2022,DISCRIMINACIÓN POR RAZÓN DE SEXO/GÉNERO,Masculino,0
PERÚ,2022,DISCRIMINACIÓN POR RAZÓN DE SEXO/GÉNERO,Ambos sexos,0
PERÚ,2022,DISCRIMINACIÓN POR RAZÓN DE SEXO/GÉNERO,Femenino,0
PERÚ,2022,DISCRIMINACIÓN POR RAZÓN DE SEXO/GÉNERO,Masculino,0
POLONIA,2022,DISCRIMINACIÓN POR RAZÓN DE SEXO/GÉNERO,Ambos sexos,0
POLONIA,2022,DISCRIMINACIÓN POR RAZÓN DE SEXO/GÉNERO,Femenino,0
POLONIA,2022,DISCRIMINACIÓN POR RAZÓN DE SEXO/GÉNERO,Masculino,0
PORTUGAL,2022,DISCRIMINACIÓN POR RAZÓN DE SEXO/GÉNERO,Ambos sexos,1
PORTUGAL,2022,DISCRIMINACIÓN POR RAZÓN DE SEXO/GÉNERO,Femenino,0
PORTUGAL,2022,DISCRIMINACIÓN POR RAZÓN DE SEXO/GÉNERO,Masculino,1
REINO UNIDO,2022,DISCRIMINACIÓN POR RAZÓN DE SEXO/GÉNERO,Ambos sexos,0
REINO UNIDO,2022,DISCRIMINACIÓN POR RAZÓN DE SEXO/GÉNERO,Femenino,0
REINO UNIDO,2022,DISCRIMINACIÓN POR RAZÓN DE SEXO/GÉNERO,Masculino,0
REPÚBLICA CHECA,2022,DISCRIMINACIÓN POR RAZÓN DE SEXO/GÉNERO,Ambos sexos,0
REPÚBLICA CHECA,2022,DISCRIMINACIÓN POR RAZÓN DE SEXO/GÉNERO,Femenino,0
REPÚBLICA CHECA,2022,DISCRIMINACIÓN POR RAZÓN DE SEXO/GÉNERO,Masculino,0
REPÚBLICA DOMINICANA,2022,DISCRIMINACIÓN POR RAZÓN DE SEXO/GÉNERO,Ambos sexos,1
REPÚBLICA DOMINICANA,2022,DISCRIMINACIÓN POR RAZÓN DE SEXO/GÉNERO,Femenino,0
REPÚBLICA DOMINICANA,2022,DISCRIMINACIÓN POR RAZÓN DE SEXO/GÉNERO,Masculino,1
RUMANÍA,2022,DISCRIMINACIÓN POR RAZÓN DE SEXO/GÉNERO,Ambos sexos,1
RUMANÍA,2022,DISCRIMINACIÓN POR RAZÓN DE SEXO/GÉNERO,Femenino,0
RUMANÍA,2022,DISCRIMINACIÓN POR RAZÓN DE SEXO/GÉNERO,Masculino,1
RUSIA,2022,DISCRIMINACIÓN POR RAZÓN DE SEXO/GÉNERO,Ambos sexos,0
RUSIA,2022,DISCRIMINACIÓN POR RAZÓN DE SEXO/GÉNERO,Femenino,0
RUSIA,2022,DISCRIMINACIÓN POR RAZÓN DE SEXO/GÉNERO,Masculino,0
SENEGAL,2022,DISCRIMINACIÓN POR RAZÓN DE SEXO/GÉNERO,Ambos sexos,0
SENEGAL,2022,DISCRIMINACIÓN POR RAZÓN DE SEXO/GÉNERO,Femenino,0
SENEGAL,2022,DISCRIMINACIÓN POR RAZÓN DE SEXO/GÉNERO,Masculino,0
SERBIA (YUGOSLAVIA),2022,DISCRIMINACIÓN POR RAZÓN DE SEXO/GÉNERO,Ambos sexos,0
SERBIA (YUGOSLAVIA),2022,DISCRIMINACIÓN POR RAZÓN DE SEXO/GÉNERO,Femenino,0
SERBIA (YUGOSLAVIA),2022,DISCRIMINACIÓN POR RAZÓN DE SEXO/GÉNERO,Masculino,0
SIERRA LEONA,2022,DISCRIMINACIÓN POR RAZÓN DE SEXO/GÉNERO,Ambos sexos,0
SIERRA LEONA,2022,DISCRIMINACIÓN POR RAZÓN DE SEXO/GÉNERO,Femenino,0
SIERRA LEONA,2022,DISCRIMINACIÓN POR RAZÓN DE SEXO/GÉNERO,Masculino,0
SIRIA,2022,DISCRIMINACIÓN POR RAZÓN DE SEXO/GÉNERO,Ambos sexos,0
SIRIA,2022,DISCRIMINACIÓN POR RAZÓN DE SEXO/GÉNERO,Femenino,0
SIRIA,2022,DISCRIMINACIÓN POR RAZÓN DE SEXO/GÉNERO,Masculino,0
SUDÁFRICA R.,2022,DISCRIMINACIÓN POR RAZÓN DE SEXO/GÉNERO,Ambos sexos,0
SUDÁFRICA R.,2022,DISCRIMINACIÓN POR RAZÓN DE SEXO/GÉNERO,Femenino,0
SUDÁFRICA R.,2022,DISCRIMINACIÓN POR RAZÓN DE SEXO/GÉNERO,Masculino,0
SUECIA,2022,DISCRIMINACIÓN POR RAZÓN DE SEXO/GÉNERO,Ambos sexos,0
SUECIA,2022,DISCRIMINACIÓN POR RAZÓN DE SEXO/GÉNERO,Femenino,0
SUECIA,2022,DISCRIMINACIÓN POR RAZÓN DE SEXO/GÉNERO,Masculino,0
SUIZA,2022,DISCRIMINACIÓN POR RAZÓN DE SEXO/GÉNERO,Ambos sexos,0
SUIZA,2022,DISCRIMINACIÓN POR RAZÓN DE SEXO/GÉNERO,Femenino,0
SUIZA,2022,DISCRIMINACIÓN POR RAZÓN DE SEXO/GÉNERO,Masculino,0
TOTAL nacionalidad,2022,DISCRIMINACIÓN POR RAZÓN DE SEXO/GÉNERO,Ambos sexos,67
TOTAL nacionalidad,2022,DISCRIMINACIÓN POR RAZÓN DE SEXO/GÉNERO,Femenino,10
TOTAL nacionalidad,2022,DISCRIMINACIÓN POR RAZÓN DE SEXO/GÉNERO,Masculino,57
TURQUÍA,2022,DISCRIMINACIÓN POR RAZÓN DE SEXO/GÉNERO,Ambos sexos,0
TURQUÍA,2022,DISCRIMINACIÓN POR RAZÓN DE SEXO/GÉNERO,Femenino,0
TURQUÍA,2022,DISCRIMINACIÓN POR RAZÓN DE SEXO/GÉNERO,Masculino,0
TÚNEZ,2022,DISCRIMINACIÓN POR RAZÓN DE SEXO/GÉNERO,Ambos sexos,1
TÚNEZ,2022,DISCRIMINACIÓN POR RAZÓN DE SEXO/GÉNERO,Femenino,0
TÚNEZ,2022,DISCRIMINACIÓN POR RAZÓN DE SEXO/GÉNERO,Masculino,1
UCRANIA,2022,DISCRIMINACIÓN POR RAZÓN DE SEXO/GÉNERO,Ambos sexos,0
UCRANIA,2022,DISCRIMINACIÓN POR RAZÓN DE SEXO/GÉNERO,Femenino,0
UCRANIA,2022,DISCRIMINACIÓN POR RAZÓN DE SEXO/GÉNERO,Masculino,0
URUGUAY,2022,DISCRIMINACIÓN POR RAZÓN DE SEXO/GÉNERO,Ambos sexos,0
URUGUAY,2022,DISCRIMINACIÓN POR RAZÓN DE SEXO/GÉNERO,Femenino,0
URUGUAY,2022,DISCRIMINACIÓN POR RAZÓN DE SEXO/GÉNERO,Masculino,0
VENEZUELA,2022,DISCRIMINACIÓN POR RAZÓN DE SEXO/GÉNERO,Ambos sexos,0
VENEZUELA,2022,DISCRIMINACIÓN POR RAZÓN DE SEXO/GÉNERO,Femenino,0
VENEZUELA,2022,DISCRIMINACIÓN POR RAZÓN DE SEXO/GÉNERO,Masculino,0
ZAMBIA,2022,DISCRIMINACIÓN POR RAZÓN DE SEXO/GÉNERO,Ambos sexos,0
ZAMBIA,2022,DISCRIMINACIÓN POR RAZÓN DE SEXO/GÉNERO,Femenino,0
ZAMBIA,2022,DISCRIMINACIÓN POR RAZÓN DE SEXO/GÉNERO,Masculino,0
ALBANIA,2022,DISFOBIA,Ambos sexos,0
ALBANIA,2022,DISFOBIA,Femenino,0
ALBANIA,2022,DISFOBIA,Masculino,0
ALEMANIA,2022,DISFOBIA,Ambos sexos,0
ALEMANIA,2022,DISFOBIA,Femenino,0
ALEMANIA,2022,DISFOBIA,Masculino,0
ANDORRA,2022,DISFOBIA,Ambos sexos,0
ANDORRA,2022,DISFOBIA,Femenino,0
ANDORRA,2022,DISFOBIA,Masculino,0
ANGOLA,2022,DISFOBIA,Ambos sexos,0
ANGOLA,2022,DISFOBIA,Femenino,0
ANGOLA,2022,DISFOBIA,Masculino,0
ARGELIA,2022,DISFOBIA,Ambos sexos,0
ARGELIA,2022,DISFOBIA,Femenino,0
ARGELIA,2022,DISFOBIA,Masculino,0
ARGENTINA,2022,DISFOBIA,Ambos sexos,0
ARGENTINA,2022,DISFOBIA,Femenino,0
ARGENTINA,2022,DISFOBIA,Masculino,0
ARMENIA,2022,DISFOBIA,Ambos sexos,0
ARMENIA,2022,DISFOBIA,Femenino,0
ARMENIA,2022,DISFOBIA,Masculino,0
BANGLADESH,2022,DISFOBIA,Ambos sexos,0
BANGLADESH,2022,DISFOBIA,Femenino,0
BANGLADESH,2022,DISFOBIA,Masculino,0
BIELORRUSIA,2022,DISFOBIA,Ambos sexos,0
BIELORRUSIA,2022,DISFOBIA,Femenino,0
BIELORRUSIA,2022,DISFOBIA,Masculino,0
BOLIVIA,2022,DISFOBIA,Ambos sexos,0
BOLIVIA,2022,DISFOBIA,Femenino,0
BOLIVIA,2022,DISFOBIA,Masculino,0
BRASIL,2022,DISFOBIA,Ambos sexos,0
BRASIL,2022,DISFOBIA,Femenino,0
BRASIL,2022,DISFOBIA,Masculino,0
BULGARIA,2022,DISFOBIA,Ambos sexos,0
BULGARIA,2022,DISFOBIA,Femenino,0
BULGARIA,2022,DISFOBIA,Masculino,0
BÉLGICA,2022,DISFOBIA,Ambos sexos,0
BÉLGICA,2022,DISFOBIA,Femenino,0
BÉLGICA,2022,DISFOBIA,Masculino,0
CAMERÚN,2022,DISFOBIA,Ambos sexos,0
CAMERÚN,2022,DISFOBIA,Femenino,0
CAMERÚN,2022,DISFOBIA,Masculino,0
CENTRO ÁFRICANA REPÚBLICA,2022,DISFOBIA,Ambos sexos,0
CENTRO ÁFRICANA REPÚBLICA,2022,DISFOBIA,Femenino,0
CENTRO ÁFRICANA REPÚBLICA,2022,DISFOBIA,Masculino,0
CHILE,2022,DISFOBIA,Ambos sexos,0
CHILE,2022,DISFOBIA,Femenino,0
CHILE,2022,DISFOBIA,Masculino,0
CHINA POPULAR,2022,DISFOBIA,Ambos sexos,0
CHINA POPULAR,2022,DISFOBIA,Femenino,0
CHINA POPULAR,2022,DISFOBIA,Masculino,0
COLOMBIA,2022,DISFOBIA,Ambos sexos,0
COLOMBIA,2022,DISFOBIA,Femenino,0
COLOMBIA,2022,DISFOBIA,Masculino,0
CONGO-BRAZZAVILLE,2022,DISFOBIA,Ambos sexos,0
CONGO-BRAZZAVILLE,2022,DISFOBIA,Femenino,0
CONGO-BRAZZAVILLE,2022,DISFOBIA,Masculino,0
COSTA DE MARFIL,2022,DISFOBIA,Ambos sexos,0
COSTA DE MARFIL,2022,DISFOBIA,Femenino,0
COSTA DE MARFIL,2022,DISFOBIA,Masculino,0
CROACIA,2022,DISFOBIA,Ambos sexos,0
CROACIA,2022,DISFOBIA,Femenino,0
CROACIA,2022,DISFOBIA,Masculino,0
CUBA,2022,DISFOBIA,Ambos sexos,0
CUBA,2022,DISFOBIA,Femenino,0
CUBA,2022,DISFOBIA,Masculino,0
ECUADOR,2022,DISFOBIA,Ambos sexos,0
ECUADOR,2022,DISFOBIA,Femenino,0
ECUADOR,2022,DISFOBIA,Masculino,0
EE.UU.,2022,DISFOBIA,Ambos sexos,0
EE.UU.,2022,DISFOBIA,Femenino,0
EE.UU.,2022,DISFOBIA,Masculino,0
EGIPTO,2022,DISFOBIA,Ambos sexos,0
EGIPTO,2022,DISFOBIA,Femenino,0
EGIPTO,2022,DISFOBIA,Masculino,0
EL SALVADOR,2022,DISFOBIA,Ambos sexos,0
EL SALVADOR,2022,DISFOBIA,Femenino,0
EL SALVADOR,2022,DISFOBIA,Masculino,0
ERITREA,2022,DISFOBIA,Ambos sexos,0
ERITREA,2022,DISFOBIA,Femenino,0
ERITREA,2022,DISFOBIA,Masculino,0
ESLOVAQUIA,2022,DISFOBIA,Ambos sexos,0
ESLOVAQUIA,2022,DISFOBIA,Femenino,0
ESLOVAQUIA,2022,DISFOBIA,Masculino,0
ESPAÑA,2022,DISFOBIA,Ambos sexos,13
ESPAÑA,2022,DISFOBIA,Femenino,2
ESPAÑA,2022,DISFOBIA,Masculino,11
ESTONIA,2022,DISFOBIA,Ambos sexos,0
ESTONIA,2022,DISFOBIA,Femenino,0
ESTONIA,2022,DISFOBIA,Masculino,0
FILIPINAS,2022,DISFOBIA,Ambos sexos,0
FILIPINAS,2022,DISFOBIA,Femenino,0
FILIPINAS,2022,DISFOBIA,Masculino,0
FRANCIA,2022,DISFOBIA,Ambos sexos,0
FRANCIA,2022,DISFOBIA,Femenino,0
FRANCIA,2022,DISFOBIA,Masculino,0
GAMBIA,2022,DISFOBIA,Ambos sexos,0
GAMBIA,2022,DISFOBIA,Femenino,0
GAMBIA,2022,DISFOBIA,Masculino,0
GEORGIA,2022,DISFOBIA,Ambos sexos,0
GEORGIA,2022,DISFOBIA,Femenino,0
GEORGIA,2022,DISFOBIA,Masculino,0
GHANA,2022,DISFOBIA,Ambos sexos,0
GHANA,2022,DISFOBIA,Femenino,0
GHANA,2022,DISFOBIA,Masculino,0
GRECIA,2022,DISFOBIA,Ambos sexos,0
GRECIA,2022,DISFOBIA,Femenino,0
GRECIA,2022,DISFOBIA,Masculino,0
GUATEMALA,2022,DISFOBIA,Ambos sexos,0
GUATEMALA,2022,DISFOBIA,Femenino,0
GUATEMALA,2022,DISFOBIA,Masculino,0
GUINEA ECUATORIAL,2022,DISFOBIA,Ambos sexos,0
GUINEA ECUATORIAL,2022,DISFOBIA,Femenino,0
GUINEA ECUATORIAL,2022,DISFOBIA,Masculino,0
GUINEA REP.,2022,DISFOBIA,Ambos sexos,0
GUINEA REP.,2022,DISFOBIA,Femenino,0
GUINEA REP.,2022,DISFOBIA,Masculino,0
HAITI,2022,DISFOBIA,Ambos sexos,0
HAITI,2022,DISFOBIA,Femenino,0
HAITI,2022,DISFOBIA,Masculino,0
HOLANDA,2022,DISFOBIA,Ambos sexos,0
HOLANDA,2022,DISFOBIA,Femenino,0
HOLANDA,2022,DISFOBIA,Masculino,0
HONDURAS,2022,DISFOBIA,Ambos sexos,0
HONDURAS,2022,DISFOBIA,Femenino,0
HONDURAS,2022,DISFOBIA,Masculino,0
INDIA,2022,DISFOBIA,Ambos sexos,0
INDIA,2022,DISFOBIA,Femenino,0
INDIA,2022,DISFOBIA,Masculino,0
IRLANDA,2022,DISFOBIA,Ambos sexos,0
IRLANDA,2022,DISFOBIA,Femenino,0
IRLANDA,2022,DISFOBIA,Masculino,0
IRÁN,2022,DISFOBIA,Ambos sexos,0
IRÁN,2022,DISFOBIA,Femenino,0
IRÁN,2022,DISFOBIA,Masculino,0
ISRAEL,2022,DISFOBIA,Ambos sexos,0
ISRAEL,2022,DISFOBIA,Femenino,0
ISRAEL,2022,DISFOBIA,Masculino,0
ITALIA,2022,DISFOBIA,Ambos sexos,0
ITALIA,2022,DISFOBIA,Femenino,0
ITALIA,2022,DISFOBIA,Masculino,0
LETONIA,2022,DISFOBIA,Ambos sexos,0
LETONIA,2022,DISFOBIA,Femenino,0
LETONIA,2022,DISFOBIA,Masculino,0
LIBERIA,2022,DISFOBIA,Ambos sexos,0
LIBERIA,2022,DISFOBIA,Femenino,0
LIBERIA,2022,DISFOBIA,Masculino,0
LIBIA,2022,DISFOBIA,Ambos sexos,0
LIBIA,2022,DISFOBIA,Femenino,0
LIBIA,2022,DISFOBIA,Masculino,0
LITUANIA,2022,DISFOBIA,Ambos sexos,0
LITUANIA,2022,DISFOBIA,Femenino,0
LITUANIA,2022,DISFOBIA,Masculino,0
LÍBANO,2022,DISFOBIA,Ambos sexos,0
LÍBANO,2022,DISFOBIA,Femenino,0
LÍBANO,2022,DISFOBIA,Masculino,0
MALI,2022,DISFOBIA,Ambos sexos,0
MALI,2022,DISFOBIA,Femenino,0
MALI,2022,DISFOBIA,Masculino,0
MARRUECOS,2022,DISFOBIA,Ambos sexos,1
MARRUECOS,2022,DISFOBIA,Femenino,0
MARRUECOS,2022,DISFOBIA,Masculino,1
MAURITANIA,2022,DISFOBIA,Ambos sexos,1
MAURITANIA,2022,DISFOBIA,Femenino,0
MAURITANIA,2022,DISFOBIA,Masculino,1
MOLDAVIA,2022,DISFOBIA,Ambos sexos,0
MOLDAVIA,2022,DISFOBIA,Femenino,0
MOLDAVIA,2022,DISFOBIA,Masculino,0
MONGOLIA,2022,DISFOBIA,Ambos sexos,0
MONGOLIA,2022,DISFOBIA,Femenino,0
MONGOLIA,2022,DISFOBIA,Masculino,0
NEPAL,2022,DISFOBIA,Ambos sexos,0
NEPAL,2022,DISFOBIA,Femenino,0
NEPAL,2022,DISFOBIA,Masculino,0
NICARAGUA,2022,DISFOBIA,Ambos sexos,0
NICARAGUA,2022,DISFOBIA,Femenino,0
NICARAGUA,2022,DISFOBIA,Masculino,0
NIGERIA,2022,DISFOBIA,Ambos sexos,0
NIGERIA,2022,DISFOBIA,Femenino,0
NIGERIA,2022,DISFOBIA,Masculino,0
NÍGER REP.,2022,DISFOBIA,Ambos sexos,0
NÍGER REP.,2022,DISFOBIA,Femenino,0
NÍGER REP.,2022,DISFOBIA,Masculino,0
PANAMA,2022,DISFOBIA,Ambos sexos,0
PANAMA,2022,DISFOBIA,Femenino,0
PANAMA,2022,DISFOBIA,Masculino,0
PAQUISTÁN,2022,DISFOBIA,Ambos sexos,0
PAQUISTÁN,2022,DISFOBIA,Femenino,0
PAQUISTÁN,2022,DISFOBIA,Masculino,0
PARAGUAY,2022,DISFOBIA,Ambos sexos,0
PARAGUAY,2022,DISFOBIA,Femenino,0
PARAGUAY,2022,DISFOBIA,Masculino,0
PAÍS DESCONOCIDO,2022,DISFOBIA,Ambos sexos,0
PAÍS DESCONOCIDO,2022,DISFOBIA,Femenino,0
PAÍS DESCONOCIDO,2022,DISFOBIA,Masculino,0
PAÍS NO CODIFICADO,2022,DISFOBIA,Ambos sexos,0
PAÍS NO CODIFICADO,2022,DISFOBIA,Femenino,0
PAÍS NO CODIFICADO,2022,DISFOBIA,Masculino,0
PERÚ,2022,DISFOBIA,Ambos sexos,0
PERÚ,2022,DISFOBIA,Femenino,0
PERÚ,2022,DISFOBIA,Masculino,0
POLONIA,2022,DISFOBIA,Ambos sexos,0
POLONIA,2022,DISFOBIA,Femenino,0
POLONIA,2022,DISFOBIA,Masculino,0
PORTUGAL,2022,DISFOBIA,Ambos sexos,0
PORTUGAL,2022,DISFOBIA,Femenino,0
PORTUGAL,2022,DISFOBIA,Masculino,0
REINO UNIDO,2022,DISFOBIA,Ambos sexos,0
REINO UNIDO,2022,DISFOBIA,Femenino,0
REINO UNIDO,2022,DISFOBIA,Masculino,0
REPÚBLICA CHECA,2022,DISFOBIA,Ambos sexos,0
REPÚBLICA CHECA,2022,DISFOBIA,Femenino,0
REPÚBLICA CHECA,2022,DISFOBIA,Masculino,0
REPÚBLICA DOMINICANA,2022,DISFOBIA,Ambos sexos,0
REPÚBLICA DOMINICANA,2022,DISFOBIA,Femenino,0
REPÚBLICA DOMINICANA,2022,DISFOBIA,Masculino,0
RUMANÍA,2022,DISFOBIA,Ambos sexos,0
RUMANÍA,2022,DISFOBIA,Femenino,0
RUMANÍA,2022,DISFOBIA,Masculino,0
RUSIA,2022,DISFOBIA,Ambos sexos,0
RUSIA,2022,DISFOBIA,Femenino,0
RUSIA,2022,DISFOBIA,Masculino,0
SENEGAL,2022,DISFOBIA,Ambos sexos,0
SENEGAL,2022,DISFOBIA,Femenino,0
SENEGAL,2022,DISFOBIA,Masculino,0
SERBIA (YUGOSLAVIA),2022,DISFOBIA,Ambos sexos,0
SERBIA (YUGOSLAVIA),2022,DISFOBIA,Femenino,0
SERBIA (YUGOSLAVIA),2022,DISFOBIA,Masculino,0
SIERRA LEONA,2022,DISFOBIA,Ambos sexos,0
SIERRA LEONA,2022,DISFOBIA,Femenino,0
SIERRA LEONA,2022,DISFOBIA,Masculino,0
SIRIA,2022,DISFOBIA,Ambos sexos,0
SIRIA,2022,DISFOBIA,Femenino,0
SIRIA,2022,DISFOBIA,Masculino,0
SUDÁFRICA R.,2022,DISFOBIA,Ambos sexos,0
SUDÁFRICA R.,2022,DISFOBIA,Femenino,0
SUDÁFRICA R.,2022,DISFOBIA,Masculino,0
SUECIA,2022,DISFOBIA,Ambos sexos,0
SUECIA,2022,DISFOBIA,Femenino,0
SUECIA,2022,DISFOBIA,Masculino,0
SUIZA,2022,DISFOBIA,Ambos sexos,0
SUIZA,2022,DISFOBIA,Femenino,0
SUIZA,2022,DISFOBIA,Masculino,0
TOTAL nacionalidad,2022,DISFOBIA,Ambos sexos,15
TOTAL nacionalidad,2022,DISFOBIA,Femenino,2
TOTAL nacionalidad,2022,DISFOBIA,Masculino,13
TURQUÍA,2022,DISFOBIA,Ambos sexos,0
TURQUÍA,2022,DISFOBIA,Femenino,0
TURQUÍA,2022,DISFOBIA,Masculino,0
TÚNEZ,2022,DISFOBIA,Ambos sexos,0
TÚNEZ,2022,DISFOBIA,Femenino,0
TÚNEZ,2022,DISFOBIA,Masculino,0
UCRANIA,2022,DISFOBIA,Ambos sexos,0
UCRANIA,2022,DISFOBIA,Femenino,0
UCRANIA,2022,DISFOBIA,Masculino,0
URUGUAY,2022,DISFOBIA,Ambos sexos,0
URUGUAY,2022,DISFOBIA,Femenino,0
URUGUAY,2022,DISFOBIA,Masculino,0
VENEZUELA,2022,DISFOBIA,Ambos sexos,0
VENEZUELA,2022,DISFOBIA,Femenino,0
VENEZUELA,2022,DISFOBIA,Masculino,0
ZAMBIA,2022,DISFOBIA,Ambos sexos,0
ZAMBIA,2022,DISFOBIA,Femenino,0
ZAMBIA,2022,DISFOBIA,Masculino,0
ALBANIA,2022,IDEOLOGÍA,Ambos sexos,0
ALBANIA,2022,IDEOLOGÍA,Femenino,0
ALBANIA,2022,IDEOLOGÍA,Masculino,0
ALEMANIA,2022,IDEOLOGÍA,Ambos sexos,0
ALEMANIA,2022,IDEOLOGÍA,Femenino,0
ALEMANIA,2022,IDEOLOGÍA,Masculino,0
ANDORRA,2022,IDEOLOGÍA,Ambos sexos,0
ANDORRA,2022,IDEOLOGÍA,Femenino,0
ANDORRA,2022,IDEOLOGÍA,Masculino,0
ANGOLA,2022,IDEOLOGÍA,Ambos sexos,0
ANGOLA,2022,IDEOLOGÍA,Femenino,0
ANGOLA,2022,IDEOLOGÍA,Masculino,0
ARGELIA,2022,IDEOLOGÍA,Ambos sexos,0
ARGELIA,2022,IDEOLOGÍA,Femenino,0
ARGELIA,2022,IDEOLOGÍA,Masculino,0
ARGENTINA,2022,IDEOLOGÍA,Ambos sexos,0
ARGENTINA,2022,IDEOLOGÍA,Femenino,0
ARGENTINA,2022,IDEOLOGÍA,Masculino,0
ARMENIA,2022,IDEOLOGÍA,Ambos sexos,0
ARMENIA,2022,IDEOLOGÍA,Femenino,0
ARMENIA,2022,IDEOLOGÍA,Masculino,0
BANGLADESH,2022,IDEOLOGÍA,Ambos sexos,0
BANGLADESH,2022,IDEOLOGÍA,Femenino,0
BANGLADESH,2022,IDEOLOGÍA,Masculino,0
BIELORRUSIA,2022,IDEOLOGÍA,Ambos sexos,0
BIELORRUSIA,2022,IDEOLOGÍA,Femenino,0
BIELORRUSIA,2022,IDEOLOGÍA,Masculino,0
BOLIVIA,2022,IDEOLOGÍA,Ambos sexos,0
BOLIVIA,2022,IDEOLOGÍA,Femenino,0
BOLIVIA,2022,IDEOLOGÍA,Masculino,0
BRASIL,2022,IDEOLOGÍA,Ambos sexos,0
BRASIL,2022,IDEOLOGÍA,Femenino,0
BRASIL,2022,IDEOLOGÍA,Masculino,0
BULGARIA,2022,IDEOLOGÍA,Ambos sexos,0
BULGARIA,2022,IDEOLOGÍA,Femenino,0
BULGARIA,2022,IDEOLOGÍA,Masculino,0
BÉLGICA,2022,IDEOLOGÍA,Ambos sexos,0
BÉLGICA,2022,IDEOLOGÍA,Femenino,0
BÉLGICA,2022,IDEOLOGÍA,Masculino,0
CAMERÚN,2022,IDEOLOGÍA,Ambos sexos,0
CAMERÚN,2022,IDEOLOGÍA,Femenino,0
CAMERÚN,2022,IDEOLOGÍA,Masculino,0
CENTRO ÁFRICANA REPÚBLICA,2022,IDEOLOGÍA,Ambos sexos,0
CENTRO ÁFRICANA REPÚBLICA,2022,IDEOLOGÍA,Femenino,0
CENTRO ÁFRICANA REPÚBLICA,2022,IDEOLOGÍA,Masculino,0
CHILE,2022,IDEOLOGÍA,Ambos sexos,0
CHILE,2022,IDEOLOGÍA,Femenino,0
CHILE,2022,IDEOLOGÍA,Masculino,0
CHINA POPULAR,2022,IDEOLOGÍA,Ambos sexos,0
CHINA POPULAR,2022,IDEOLOGÍA,Femenino,0
CHINA POPULAR,2022,IDEOLOGÍA,Masculino,0
COLOMBIA,2022,IDEOLOGÍA,Ambos sexos,0
COLOMBIA,2022,IDEOLOGÍA,Femenino,0
COLOMBIA,2022,IDEOLOGÍA,Masculino,0
CONGO-BRAZZAVILLE,2022,IDEOLOGÍA,Ambos sexos,0
CONGO-BRAZZAVILLE,2022,IDEOLOGÍA,Femenino,0
CONGO-BRAZZAVILLE,2022,IDEOLOGÍA,Masculino,0
COSTA DE MARFIL,2022,IDEOLOGÍA,Ambos sexos,0
COSTA DE MARFIL,2022,IDEOLOGÍA,Femenino,0
COSTA DE MARFIL,2022,IDEOLOGÍA,Masculino,0
CROACIA,2022,IDEOLOGÍA,Ambos sexos,0
CROACIA,2022,IDEOLOGÍA,Femenino,0
CROACIA,2022,IDEOLOGÍA,Masculino,0
CUBA,2022,IDEOLOGÍA,Ambos sexos,0
CUBA,2022,IDEOLOGÍA,Femenino,0
CUBA,2022,IDEOLOGÍA,Masculino,0
ECUADOR,2022,IDEOLOGÍA,Ambos sexos,0
ECUADOR,2022,IDEOLOGÍA,Femenino,0
ECUADOR,2022,IDEOLOGÍA,Masculino,0
EE.UU.,2022,IDEOLOGÍA,Ambos sexos,0
EE.UU.,2022,IDEOLOGÍA,Femenino,0
EE.UU.,2022,IDEOLOGÍA,Masculino,0
EGIPTO,2022,IDEOLOGÍA,Ambos sexos,0
EGIPTO,2022,IDEOLOGÍA,Femenino,0
EGIPTO,2022,IDEOLOGÍA,Masculino,0
EL SALVADOR,2022,IDEOLOGÍA,Ambos sexos,0
EL SALVADOR,2022,IDEOLOGÍA,Femenino,0
EL SALVADOR,2022,IDEOLOGÍA,Masculino,0
ERITREA,2022,IDEOLOGÍA,Ambos sexos,0
ERITREA,2022,IDEOLOGÍA,Femenino,0
ERITREA,2022,IDEOLOGÍA,Masculino,0
ESLOVAQUIA,2022,IDEOLOGÍA,Ambos sexos,0
ESLOVAQUIA,2022,IDEOLOGÍA,Femenino,0
ESLOVAQUIA,2022,IDEOLOGÍA,Masculino,0
ESPAÑA,2022,IDEOLOGÍA,Ambos sexos,79
ESPAÑA,2022,IDEOLOGÍA,Femenino,13
ESPAÑA,2022,IDEOLOGÍA,Masculino,66
ESTONIA,2022,IDEOLOGÍA,Ambos sexos,0
ESTONIA,2022,IDEOLOGÍA,Femenino,0
ESTONIA,2022,IDEOLOGÍA,Masculino,0
FILIPINAS,2022,IDEOLOGÍA,Ambos sexos,0
FILIPINAS,2022,IDEOLOGÍA,Femenino,0
FILIPINAS,2022,IDEOLOGÍA,Masculino,0
FRANCIA,2022,IDEOLOGÍA,Ambos sexos,0
FRANCIA,2022,IDEOLOGÍA,Femenino,0
FRANCIA,2022,IDEOLOGÍA,Masculino,0
GAMBIA,2022,IDEOLOGÍA,Ambos sexos,0
GAMBIA,2022,IDEOLOGÍA,Femenino,0
GAMBIA,2022,IDEOLOGÍA,Masculino,0
GEORGIA,2022,IDEOLOGÍA,Ambos sexos,0
GEORGIA,2022,IDEOLOGÍA,Femenino,0
GEORGIA,2022,IDEOLOGÍA,Masculino,0
GHANA,2022,IDEOLOGÍA,Ambos sexos,0
GHANA,2022,IDEOLOGÍA,Femenino,0
GHANA,2022,IDEOLOGÍA,Masculino,0
GRECIA,2022,IDEOLOGÍA,Ambos sexos,0
GRECIA,2022,IDEOLOGÍA,Femenino,0
GRECIA,2022,IDEOLOGÍA,Masculino,0
GUATEMALA,2022,IDEOLOGÍA,Ambos sexos,0
GUATEMALA,2022,IDEOLOGÍA,Femenino,0
GUATEMALA,2022,IDEOLOGÍA,Masculino,0
GUINEA ECUATORIAL,2022,IDEOLOGÍA,Ambos sexos,0
GUINEA ECUATORIAL,2022,IDEOLOGÍA,Femenino,0
GUINEA ECUATORIAL,2022,IDEOLOGÍA,Masculino,0
GUINEA REP.,2022,IDEOLOGÍA,Ambos sexos,1
GUINEA REP.,2022,IDEOLOGÍA,Femenino,1
GUINEA REP.,2022,IDEOLOGÍA,Masculino,0
HAITI,2022,IDEOLOGÍA,Ambos sexos,0
HAITI,2022,IDEOLOGÍA,Femenino,0
HAITI,2022,IDEOLOGÍA,Masculino,0
HOLANDA,2022,IDEOLOGÍA,Ambos sexos,0
HOLANDA,2022,IDEOLOGÍA,Femenino,0
HOLANDA,2022,IDEOLOGÍA,Masculino,0
HONDURAS,2022,IDEOLOGÍA,Ambos sexos,0
HONDURAS,2022,IDEOLOGÍA,Femenino,0
HONDURAS,2022,IDEOLOGÍA,Masculino,0
INDIA,2022,IDEOLOGÍA,Ambos sexos,0
INDIA,2022,IDEOLOGÍA,Femenino,0
INDIA,2022,IDEOLOGÍA,Masculino,0
IRLANDA,2022,IDEOLOGÍA,Ambos sexos,0
IRLANDA,2022,IDEOLOGÍA,Femenino,0
IRLANDA,2022,IDEOLOGÍA,Masculino,0
IRÁN,2022,IDEOLOGÍA,Ambos sexos,0
IRÁN,2022,IDEOLOGÍA,Femenino,0
IRÁN,2022,IDEOLOGÍA,Masculino,0
ISRAEL,2022,IDEOLOGÍA,Ambos sexos,0
ISRAEL,2022,IDEOLOGÍA,Femenino,0
ISRAEL,2022,IDEOLOGÍA,Masculino,0
ITALIA,2022,IDEOLOGÍA,Ambos sexos,0
ITALIA,2022,IDEOLOGÍA,Femenino,0
ITALIA,2022,IDEOLOGÍA,Masculino,0
LETONIA,2022,IDEOLOGÍA,Ambos sexos,0
LETONIA,2022,IDEOLOGÍA,Femenino,0
LETONIA,2022,IDEOLOGÍA,Masculino,0
LIBERIA,2022,IDEOLOGÍA,Ambos sexos,0
LIBERIA,2022,IDEOLOGÍA,Femenino,0
LIBERIA,2022,IDEOLOGÍA,Masculino,0
LIBIA,2022,IDEOLOGÍA,Ambos sexos,0
LIBIA,2022,IDEOLOGÍA,Femenino,0
LIBIA,2022,IDEOLOGÍA,Masculino,0
LITUANIA,2022,IDEOLOGÍA,Ambos sexos,0
LITUANIA,2022,IDEOLOGÍA,Femenino,0
LITUANIA,2022,IDEOLOGÍA,Masculino,0
LÍBANO,2022,IDEOLOGÍA,Ambos sexos,0
LÍBANO,2022,IDEOLOGÍA,Femenino,0
LÍBANO,2022,IDEOLOGÍA,Masculino,0
MALI,2022,IDEOLOGÍA,Ambos sexos,0
MALI,2022,IDEOLOGÍA,Femenino,0
MALI,2022,IDEOLOGÍA,Masculino,0
MARRUECOS,2022,IDEOLOGÍA,Ambos sexos,4
MARRUECOS,2022,IDEOLOGÍA,Femenino,1
MARRUECOS,2022,IDEOLOGÍA,Masculino,3
MAURITANIA,2022,IDEOLOGÍA,Ambos sexos,0
MAURITANIA,2022,IDEOLOGÍA,Femenino,0
MAURITANIA,2022,IDEOLOGÍA,Masculino,0
MOLDAVIA,2022,IDEOLOGÍA,Ambos sexos,0
MOLDAVIA,2022,IDEOLOGÍA,Femenino,0
MOLDAVIA,2022,IDEOLOGÍA,Masculino,0
MONGOLIA,2022,IDEOLOGÍA,Ambos sexos,0
MONGOLIA,2022,IDEOLOGÍA,Femenino,0
MONGOLIA,2022,IDEOLOGÍA,Masculino,0
NEPAL,2022,IDEOLOGÍA,Ambos sexos,0
NEPAL,2022,IDEOLOGÍA,Femenino,0
NEPAL,2022,IDEOLOGÍA,Masculino,0
NICARAGUA,2022,IDEOLOGÍA,Ambos sexos,0
NICARAGUA,2022,IDEOLOGÍA,Femenino,0
NICARAGUA,2022,IDEOLOGÍA,Masculino,0
NIGERIA,2022,IDEOLOGÍA,Ambos sexos,0
NIGERIA,2022,IDEOLOGÍA,Femenino,0
NIGERIA,2022,IDEOLOGÍA,Masculino,0
NÍGER REP.,2022,IDEOLOGÍA,Ambos sexos,0
NÍGER REP.,2022,IDEOLOGÍA,Femenino,0
NÍGER REP.,2022,IDEOLOGÍA,Masculino,0
PANAMA,2022,IDEOLOGÍA,Ambos sexos,0
PANAMA,2022,IDEOLOGÍA,Femenino,0
PANAMA,2022,IDEOLOGÍA,Masculino,0
PAQUISTÁN,2022,IDEOLOGÍA,Ambos sexos,0
PAQUISTÁN,2022,IDEOLOGÍA,Femenino,0
PAQUISTÁN,2022,IDEOLOGÍA,Masculino,0
PARAGUAY,2022,IDEOLOGÍA,Ambos sexos,0
PARAGUAY,2022,IDEOLOGÍA,Femenino,0
PARAGUAY,2022,IDEOLOGÍA,Masculino,0
PAÍS DESCONOCIDO,2022,IDEOLOGÍA,Ambos sexos,0
PAÍS DESCONOCIDO,2022,IDEOLOGÍA,Femenino,0
PAÍS DESCONOCIDO,2022,IDEOLOGÍA,Masculino,0
PAÍS NO CODIFICADO,2022,IDEOLOGÍA,Ambos sexos,0
PAÍS NO CODIFICADO,2022,IDEOLOGÍA,Femenino,0
PAÍS NO CODIFICADO,2022,IDEOLOGÍA,Masculino,0
PERÚ,2022,IDEOLOGÍA,Ambos sexos,0
PERÚ,2022,IDEOLOGÍA,Femenino,0
PERÚ,2022,IDEOLOGÍA,Masculino,0
POLONIA,2022,IDEOLOGÍA,Ambos sexos,0
POLONIA,2022,IDEOLOGÍA,Femenino,0
POLONIA,2022,IDEOLOGÍA,Masculino,0
PORTUGAL,2022,IDEOLOGÍA,Ambos sexos,0
PORTUGAL,2022,IDEOLOGÍA,Femenino,0
PORTUGAL,2022,IDEOLOGÍA,Masculino,0
REINO UNIDO,2022,IDEOLOGÍA,Ambos sexos,0
REINO UNIDO,2022,IDEOLOGÍA,Femenino,0
REINO UNIDO,2022,IDEOLOGÍA,Masculino,0
REPÚBLICA CHECA,2022,IDEOLOGÍA,Ambos sexos,0
REPÚBLICA CHECA,2022,IDEOLOGÍA,Femenino,0
REPÚBLICA CHECA,2022,IDEOLOGÍA,Masculino,0
REPÚBLICA DOMINICANA,2022,IDEOLOGÍA,Ambos sexos,1
REPÚBLICA DOMINICANA,2022,IDEOLOGÍA,Femenino,0
REPÚBLICA DOMINICANA,2022,IDEOLOGÍA,Masculino,1
RUMANÍA,2022,IDEOLOGÍA,Ambos sexos,0
RUMANÍA,2022,IDEOLOGÍA,Femenino,0
RUMANÍA,2022,IDEOLOGÍA,Masculino,0
RUSIA,2022,IDEOLOGÍA,Ambos sexos,1
RUSIA,2022,IDEOLOGÍA,Femenino,1
RUSIA,2022,IDEOLOGÍA,Masculino,0
SENEGAL,2022,IDEOLOGÍA,Ambos sexos,0
SENEGAL,2022,IDEOLOGÍA,Femenino,0
SENEGAL,2022,IDEOLOGÍA,Masculino,0
SERBIA (YUGOSLAVIA),2022,IDEOLOGÍA,Ambos sexos,0
SERBIA (YUGOSLAVIA),2022,IDEOLOGÍA,Femenino,0
SERBIA (YUGOSLAVIA),2022,IDEOLOGÍA,Masculino,0
SIERRA LEONA,2022,IDEOLOGÍA,Ambos sexos,0
SIERRA LEONA,2022,IDEOLOGÍA,Femenino,0
SIERRA LEONA,2022,IDEOLOGÍA,Masculino,0
SIRIA,2022,IDEOLOGÍA,Ambos sexos,0
SIRIA,2022,IDEOLOGÍA,Femenino,0
SIRIA,2022,IDEOLOGÍA,Masculino,0
SUDÁFRICA R.,2022,IDEOLOGÍA,Ambos sexos,0
SUDÁFRICA R.,2022,IDEOLOGÍA,Femenino,0
SUDÁFRICA R.,2022,IDEOLOGÍA,Masculino,0
SUECIA,2022,IDEOLOGÍA,Ambos sexos,0
SUECIA,2022,IDEOLOGÍA,Femenino,0
SUECIA,2022,IDEOLOGÍA,Masculino,0
SUIZA,2022,IDEOLOGÍA,Ambos sexos,0
SUIZA,2022,IDEOLOGÍA,Femenino,0
SUIZA,2022,IDEOLOGÍA,Masculino,0
TOTAL nacionalidad,2022,IDEOLOGÍA,Ambos sexos,88
TOTAL nacionalidad,2022,IDEOLOGÍA,Femenino,16
TOTAL nacionalidad,2022,IDEOLOGÍA,Masculino,72
TURQUÍA,2022,IDEOLOGÍA,Ambos sexos,0
TURQUÍA,2022,IDEOLOGÍA,Femenino,0
TURQUÍA,2022,IDEOLOGÍA,Masculino,0
TÚNEZ,2022,IDEOLOGÍA,Ambos sexos,0
TÚNEZ,2022,IDEOLOGÍA,Femenino,0
TÚNEZ,2022,IDEOLOGÍA,Masculino,0
UCRANIA,2022,IDEOLOGÍA,Ambos sexos,2
UCRANIA,2022,IDEOLOGÍA,Femenino,0
UCRANIA,2022,IDEOLOGÍA,Masculino,2
URUGUAY,2022,IDEOLOGÍA,Ambos sexos,0
URUGUAY,2022,IDEOLOGÍA,Femenino,0
URUGUAY,2022,IDEOLOGÍA,Masculino,0
VENEZUELA,2022,IDEOLOGÍA,Ambos sexos,0
VENEZUELA,2022,IDEOLOGÍA,Femenino,0
VENEZUELA,2022,IDEOLOGÍA,Masculino,0
ZAMBIA,2022,IDEOLOGÍA,Ambos sexos,0
ZAMBIA,2022,IDEOLOGÍA,Femenino,0
ZAMBIA,2022,IDEOLOGÍA,Masculino,0
ALBANIA,2022,ISLAMOFOBIA,Ambos sexos,0
ALBANIA,2022,ISLAMOFOBIA,Femenino,0
ALBANIA,2022,ISLAMOFOBIA,Masculino,0
ALEMANIA,2022,ISLAMOFOBIA,Ambos sexos,0
ALEMANIA,2022,ISLAMOFOBIA,Femenino,0
ALEMANIA,2022,ISLAMOFOBIA,Masculino,0
ANDORRA,2022,ISLAMOFOBIA,Ambos sexos,0
ANDORRA,2022,ISLAMOFOBIA,Femenino,0
ANDORRA,2022,ISLAMOFOBIA,Masculino,0
ANGOLA,2022,ISLAMOFOBIA,Ambos sexos,0
ANGOLA,2022,ISLAMOFOBIA,Femenino,0
ANGOLA,2022,ISLAMOFOBIA,Masculino,0
ARGELIA,2022,ISLAMOFOBIA,Ambos sexos,0
ARGELIA,2022,ISLAMOFOBIA,Femenino,0
ARGELIA,2022,ISLAMOFOBIA,Masculino,0
ARGENTINA,2022,ISLAMOFOBIA,Ambos sexos,0
ARGENTINA,2022,ISLAMOFOBIA,Femenino,0
ARGENTINA,2022,ISLAMOFOBIA,Masculino,0
ARMENIA,2022,ISLAMOFOBIA,Ambos sexos,0
ARMENIA,2022,ISLAMOFOBIA,Femenino,0
ARMENIA,2022,ISLAMOFOBIA,Masculino,0
BANGLADESH,2022,ISLAMOFOBIA,Ambos sexos,0
BANGLADESH,2022,ISLAMOFOBIA,Femenino,0
BANGLADESH,2022,ISLAMOFOBIA,Masculino,0
BIELORRUSIA,2022,ISLAMOFOBIA,Ambos sexos,0
BIELORRUSIA,2022,ISLAMOFOBIA,Femenino,0
BIELORRUSIA,2022,ISLAMOFOBIA,Masculino,0
BOLIVIA,2022,ISLAMOFOBIA,Ambos sexos,0
BOLIVIA,2022,ISLAMOFOBIA,Femenino,0
BOLIVIA,2022,ISLAMOFOBIA,Masculino,0
BRASIL,2022,ISLAMOFOBIA,Ambos sexos,0
BRASIL,2022,ISLAMOFOBIA,Femenino,0
BRASIL,2022,ISLAMOFOBIA,Masculino,0
BULGARIA,2022,ISLAMOFOBIA,Ambos sexos,0
BULGARIA,2022,ISLAMOFOBIA,Femenino,0
BULGARIA,2022,ISLAMOFOBIA,Masculino,0
BÉLGICA,2022,ISLAMOFOBIA,Ambos sexos,0
BÉLGICA,2022,ISLAMOFOBIA,Femenino,0
BÉLGICA,2022,ISLAMOFOBIA,Masculino,0
CAMERÚN,2022,ISLAMOFOBIA,Ambos sexos,0
CAMERÚN,2022,ISLAMOFOBIA,Femenino,0
CAMERÚN,2022,ISLAMOFOBIA,Masculino,0
CENTRO ÁFRICANA REPÚBLICA,2022,ISLAMOFOBIA,Ambos sexos,0
CENTRO ÁFRICANA REPÚBLICA,2022,ISLAMOFOBIA,Femenino,0
CENTRO ÁFRICANA REPÚBLICA,2022,ISLAMOFOBIA,Masculino,0
CHILE,2022,ISLAMOFOBIA,Ambos sexos,0
CHILE,2022,ISLAMOFOBIA,Femenino,0
CHILE,2022,ISLAMOFOBIA,Masculino,0
CHINA POPULAR,2022,ISLAMOFOBIA,Ambos sexos,0
CHINA POPULAR,2022,ISLAMOFOBIA,Femenino,0
CHINA POPULAR,2022,ISLAMOFOBIA,Masculino,0
COLOMBIA,2022,ISLAMOFOBIA,Ambos sexos,0
COLOMBIA,2022,ISLAMOFOBIA,Femenino,0
COLOMBIA,2022,ISLAMOFOBIA,Masculino,0
CONGO-BRAZZAVILLE,2022,ISLAMOFOBIA,Ambos sexos,0
CONGO-BRAZZAVILLE,2022,ISLAMOFOBIA,Femenino,0
CONGO-BRAZZAVILLE,2022,ISLAMOFOBIA,Masculino,0
COSTA DE MARFIL,2022,ISLAMOFOBIA,Ambos sexos,0
COSTA DE MARFIL,2022,ISLAMOFOBIA,Femenino,0
COSTA DE MARFIL,2022,ISLAMOFOBIA,Masculino,0
CROACIA,2022,ISLAMOFOBIA,Ambos sexos,0
CROACIA,2022,ISLAMOFOBIA,Femenino,0
CROACIA,2022,ISLAMOFOBIA,Masculino,0
CUBA,2022,ISLAMOFOBIA,Ambos sexos,0
CUBA,2022,ISLAMOFOBIA,Femenino,0
CUBA,2022,ISLAMOFOBIA,Masculino,0
ECUADOR,2022,ISLAMOFOBIA,Ambos sexos,0
ECUADOR,2022,ISLAMOFOBIA,Femenino,0
ECUADOR,2022,ISLAMOFOBIA,Masculino,0
EE.UU.,2022,ISLAMOFOBIA,Ambos sexos,0
EE.UU.,2022,ISLAMOFOBIA,Femenino,0
EE.UU.,2022,ISLAMOFOBIA,Masculino,0
EGIPTO,2022,ISLAMOFOBIA,Ambos sexos,0
EGIPTO,2022,ISLAMOFOBIA,Femenino,0
EGIPTO,2022,ISLAMOFOBIA,Masculino,0
EL SALVADOR,2022,ISLAMOFOBIA,Ambos sexos,0
EL SALVADOR,2022,ISLAMOFOBIA,Femenino,0
EL SALVADOR,2022,ISLAMOFOBIA,Masculino,0
ERITREA,2022,ISLAMOFOBIA,Ambos sexos,0
ERITREA,2022,ISLAMOFOBIA,Femenino,0
ERITREA,2022,ISLAMOFOBIA,Masculino,0
ESLOVAQUIA,2022,ISLAMOFOBIA,Ambos sexos,0
ESLOVAQUIA,2022,ISLAMOFOBIA,Femenino,0
ESLOVAQUIA,2022,ISLAMOFOBIA,Masculino,0
ESPAÑA,2022,ISLAMOFOBIA,Ambos sexos,0
ESPAÑA,2022,ISLAMOFOBIA,Femenino,0
ESPAÑA,2022,ISLAMOFOBIA,Masculino,0
ESTONIA,2022,ISLAMOFOBIA,Ambos sexos,0
ESTONIA,2022,ISLAMOFOBIA,Femenino,0
ESTONIA,2022,ISLAMOFOBIA,Masculino,0
FILIPINAS,2022,ISLAMOFOBIA,Ambos sexos,0
FILIPINAS,2022,ISLAMOFOBIA,Femenino,0
FILIPINAS,2022,ISLAMOFOBIA,Masculino,0
FRANCIA,2022,ISLAMOFOBIA,Ambos sexos,0
FRANCIA,2022,ISLAMOFOBIA,Femenino,0
FRANCIA,2022,ISLAMOFOBIA,Masculino,0
GAMBIA,2022,ISLAMOFOBIA,Ambos sexos,0
GAMBIA,2022,ISLAMOFOBIA,Femenino,0
GAMBIA,2022,ISLAMOFOBIA,Masculino,0
GEORGIA,2022,ISLAMOFOBIA,Ambos sexos,0
GEORGIA,2022,ISLAMOFOBIA,Femenino,0
GEORGIA,2022,ISLAMOFOBIA,Masculino,0
GHANA,2022,ISLAMOFOBIA,Ambos sexos,0
GHANA,2022,ISLAMOFOBIA,Femenino,0
GHANA,2022,ISLAMOFOBIA,Masculino,0
GRECIA,2022,ISLAMOFOBIA,Ambos sexos,0
GRECIA,2022,ISLAMOFOBIA,Femenino,0
GRECIA,2022,ISLAMOFOBIA,Masculino,0
GUATEMALA,2022,ISLAMOFOBIA,Ambos sexos,0
GUATEMALA,2022,ISLAMOFOBIA,Femenino,0
GUATEMALA,2022,ISLAMOFOBIA,Masculino,0
GUINEA ECUATORIAL,2022,ISLAMOFOBIA,Ambos sexos,0
GUINEA ECUATORIAL,2022,ISLAMOFOBIA,Femenino,0
GUINEA ECUATORIAL,2022,ISLAMOFOBIA,Masculino,0
GUINEA REP.,2022,ISLAMOFOBIA,Ambos sexos,0
GUINEA REP.,2022,ISLAMOFOBIA,Femenino,0
GUINEA REP.,2022,ISLAMOFOBIA,Masculino,0
HAITI,2022,ISLAMOFOBIA,Ambos sexos,0
HAITI,2022,ISLAMOFOBIA,Femenino,0
HAITI,2022,ISLAMOFOBIA,Masculino,0
HOLANDA,2022,ISLAMOFOBIA,Ambos sexos,0
HOLANDA,2022,ISLAMOFOBIA,Femenino,0
HOLANDA,2022,ISLAMOFOBIA,Masculino,0
HONDURAS,2022,ISLAMOFOBIA,Ambos sexos,0
HONDURAS,2022,ISLAMOFOBIA,Femenino,0
HONDURAS,2022,ISLAMOFOBIA,Masculino,0
INDIA,2022,ISLAMOFOBIA,Ambos sexos,0
INDIA,2022,ISLAMOFOBIA,Femenino,0
INDIA,2022,ISLAMOFOBIA,Masculino,0
IRLANDA,2022,ISLAMOFOBIA,Ambos sexos,0
IRLANDA,2022,ISLAMOFOBIA,Femenino,0
IRLANDA,2022,ISLAMOFOBIA,Masculino,0
IRÁN,2022,ISLAMOFOBIA,Ambos sexos,0
IRÁN,2022,ISLAMOFOBIA,Femenino,0
IRÁN,2022,ISLAMOFOBIA,Masculino,0
ISRAEL,2022,ISLAMOFOBIA,Ambos sexos,0
ISRAEL,2022,ISLAMOFOBIA,Femenino,0
ISRAEL,2022,ISLAMOFOBIA,Masculino,0
ITALIA,2022,ISLAMOFOBIA,Ambos sexos,0
ITALIA,2022,ISLAMOFOBIA,Femenino,0
ITALIA,2022,ISLAMOFOBIA,Masculino,0
LETONIA,2022,ISLAMOFOBIA,Ambos sexos,0
LETONIA,2022,ISLAMOFOBIA,Femenino,0
LETONIA,2022,ISLAMOFOBIA,Masculino,0
LIBERIA,2022,ISLAMOFOBIA,Ambos sexos,0
LIBERIA,2022,ISLAMOFOBIA,Femenino,0
LIBERIA,2022,ISLAMOFOBIA,Masculino,0
LIBIA,2022,ISLAMOFOBIA,Ambos sexos,0
LIBIA,2022,ISLAMOFOBIA,Femenino,0
LIBIA,2022,ISLAMOFOBIA,Masculino,0
LITUANIA,2022,ISLAMOFOBIA,Ambos sexos,0
LITUANIA,2022,ISLAMOFOBIA,Femenino,0
LITUANIA,2022,ISLAMOFOBIA,Masculino,0
LÍBANO,2022,ISLAMOFOBIA,Ambos sexos,0
LÍBANO,2022,ISLAMOFOBIA,Femenino,0
LÍBANO,2022,ISLAMOFOBIA,Masculino,0
MALI,2022,ISLAMOFOBIA,Ambos sexos,0
MALI,2022,ISLAMOFOBIA,Femenino,0
MALI,2022,ISLAMOFOBIA,Masculino,0
MARRUECOS,2022,ISLAMOFOBIA,Ambos sexos,0
MARRUECOS,2022,ISLAMOFOBIA,Femenino,0
MARRUECOS,2022,ISLAMOFOBIA,Masculino,0
MAURITANIA,2022,ISLAMOFOBIA,Ambos sexos,0
MAURITANIA,2022,ISLAMOFOBIA,Femenino,0
MAURITANIA,2022,ISLAMOFOBIA,Masculino,0
MOLDAVIA,2022,ISLAMOFOBIA,Ambos sexos,0
MOLDAVIA,2022,ISLAMOFOBIA,Femenino,0
MOLDAVIA,2022,ISLAMOFOBIA,Masculino,0
MONGOLIA,2022,ISLAMOFOBIA,Ambos sexos,0
MONGOLIA,2022,ISLAMOFOBIA,Femenino,0
MONGOLIA,2022,ISLAMOFOBIA,Masculino,0
NEPAL,2022,ISLAMOFOBIA,Ambos sexos,0
NEPAL,2022,ISLAMOFOBIA,Femenino,0
NEPAL,2022,ISLAMOFOBIA,Masculino,0
NICARAGUA,2022,ISLAMOFOBIA,Ambos sexos,0
NICARAGUA,2022,ISLAMOFOBIA,Femenino,0
NICARAGUA,2022,ISLAMOFOBIA,Masculino,0
NIGERIA,2022,ISLAMOFOBIA,Ambos sexos,0
NIGERIA,2022,ISLAMOFOBIA,Femenino,0
NIGERIA,2022,ISLAMOFOBIA,Masculino,0
NÍGER REP.,2022,ISLAMOFOBIA,Ambos sexos,0
NÍGER REP.,2022,ISLAMOFOBIA,Femenino,0
NÍGER REP.,2022,ISLAMOFOBIA,Masculino,0
PANAMA,2022,ISLAMOFOBIA,Ambos sexos,0
PANAMA,2022,ISLAMOFOBIA,Femenino,0
PANAMA,2022,ISLAMOFOBIA,Masculino,0
PAQUISTÁN,2022,ISLAMOFOBIA,Ambos sexos,0
PAQUISTÁN,2022,ISLAMOFOBIA,Femenino,0
PAQUISTÁN,2022,ISLAMOFOBIA,Masculino,0
PARAGUAY,2022,ISLAMOFOBIA,Ambos sexos,0
PARAGUAY,2022,ISLAMOFOBIA,Femenino,0
PARAGUAY,2022,ISLAMOFOBIA,Masculino,0
PAÍS DESCONOCIDO,2022,ISLAMOFOBIA,Ambos sexos,0
PAÍS DESCONOCIDO,2022,ISLAMOFOBIA,Femenino,0
PAÍS DESCONOCIDO,2022,ISLAMOFOBIA,Masculino,0
PAÍS NO CODIFICADO,2022,ISLAMOFOBIA,Ambos sexos,0
PAÍS NO CODIFICADO,2022,ISLAMOFOBIA,Femenino,0
PAÍS NO CODIFICADO,2022,ISLAMOFOBIA,Masculino,0
PERÚ,2022,ISLAMOFOBIA,Ambos sexos,0
PERÚ,2022,ISLAMOFOBIA,Femenino,0
PERÚ,2022,ISLAMOFOBIA,Masculino,0
POLONIA,2022,ISLAMOFOBIA,Ambos sexos,0
POLONIA,2022,ISLAMOFOBIA,Femenino,0
POLONIA,2022,ISLAMOFOBIA,Masculino,0
PORTUGAL,2022,ISLAMOFOBIA,Ambos sexos,0
PORTUGAL,2022,ISLAMOFOBIA,Femenino,0
PORTUGAL,2022,ISLAMOFOBIA,Masculino,0
REINO UNIDO,2022,ISLAMOFOBIA,Ambos sexos,0
REINO UNIDO,2022,ISLAMOFOBIA,Femenino,0
REINO UNIDO,2022,ISLAMOFOBIA,Masculino,0
REPÚBLICA CHECA,2022,ISLAMOFOBIA,Ambos sexos,0
REPÚBLICA CHECA,2022,ISLAMOFOBIA,Femenino,0
REPÚBLICA CHECA,2022,ISLAMOFOBIA,Masculino,0
REPÚBLICA DOMINICANA,2022,ISLAMOFOBIA,Ambos sexos,0
REPÚBLICA DOMINICANA,2022,ISLAMOFOBIA,Femenino,0
REPÚBLICA DOMINICANA,2022,ISLAMOFOBIA,Masculino,0
RUMANÍA,2022,ISLAMOFOBIA,Ambos sexos,0
RUMANÍA,2022,ISLAMOFOBIA,Femenino,0
RUMANÍA,2022,ISLAMOFOBIA,Masculino,0
RUSIA,2022,ISLAMOFOBIA,Ambos sexos,0
RUSIA,2022,ISLAMOFOBIA,Femenino,0
RUSIA,2022,ISLAMOFOBIA,Masculino,0
SENEGAL,2022,ISLAMOFOBIA,Ambos sexos,0
SENEGAL,2022,ISLAMOFOBIA,Femenino,0
SENEGAL,2022,ISLAMOFOBIA,Masculino,0
SERBIA (YUGOSLAVIA),2022,ISLAMOFOBIA,Ambos sexos,0
SERBIA (YUGOSLAVIA),2022,ISLAMOFOBIA,Femenino,0
SERBIA (YUGOSLAVIA),2022,ISLAMOFOBIA,Masculino,0
SIERRA LEONA,2022,ISLAMOFOBIA,Ambos sexos,0
SIERRA LEONA,2022,ISLAMOFOBIA,Femenino,0
SIERRA LEONA,2022,ISLAMOFOBIA,Masculino,0
SIRIA,2022,ISLAMOFOBIA,Ambos sexos,0
SIRIA,2022,ISLAMOFOBIA,Femenino,0
SIRIA,2022,ISLAMOFOBIA,Masculino,0
SUDÁFRICA R.,2022,ISLAMOFOBIA,Ambos sexos,0
SUDÁFRICA R.,2022,ISLAMOFOBIA,Femenino,0
SUDÁFRICA R.,2022,ISLAMOFOBIA,Masculino,0
SUECIA,2022,ISLAMOFOBIA,Ambos sexos,0
SUECIA,2022,ISLAMOFOBIA,Femenino,0
SUECIA,2022,ISLAMOFOBIA,Masculino,0
SUIZA,2022,ISLAMOFOBIA,Ambos sexos,0
SUIZA,2022,ISLAMOFOBIA,Femenino,0
SUIZA,2022,ISLAMOFOBIA,Masculino,0
TOTAL nacionalidad,2022,ISLAMOFOBIA,Ambos sexos,0
TOTAL nacionalidad,2022,ISLAMOFOBIA,Femenino,0
TOTAL nacionalidad,2022,ISLAMOFOBIA,Masculino,0
TURQUÍA,2022,ISLAMOFOBIA,Ambos sexos,0
TURQUÍA,2022,ISLAMOFOBIA,Femenino,0
TURQUÍA,2022,ISLAMOFOBIA,Masculino,0
TÚNEZ,2022,ISLAMOFOBIA,Ambos sexos,0
TÚNEZ,2022,ISLAMOFOBIA,Femenino,0
TÚNEZ,2022,ISLAMOFOBIA,Masculino,0
UCRANIA,2022,ISLAMOFOBIA,Ambos sexos,0
UCRANIA,2022,ISLAMOFOBIA,Femenino,0
UCRANIA,2022,ISLAMOFOBIA,Masculino,0
URUGUAY,2022,ISLAMOFOBIA,Ambos sexos,0
URUGUAY,2022,ISLAMOFOBIA,Femenino,0
URUGUAY,2022,ISLAMOFOBIA,Masculino,0
VENEZUELA,2022,ISLAMOFOBIA,Ambos sexos,0
VENEZUELA,2022,ISLAMOFOBIA,Femenino,0
VENEZUELA,2022,ISLAMOFOBIA,Masculino,0
ZAMBIA,2022,ISLAMOFOBIA,Ambos sexos,0
ZAMBIA,2022,ISLAMOFOBIA,Femenino,0
ZAMBIA,2022,ISLAMOFOBIA,Masculino,0
ALBANIA,2022,ORIENTACIÓN SEXUAL E IDENTIDAD DE GÉNERO,Ambos sexos,0
ALBANIA,2022,ORIENTACIÓN SEXUAL E IDENTIDAD DE GÉNERO,Femenino,0
ALBANIA,2022,ORIENTACIÓN SEXUAL E IDENTIDAD DE GÉNERO,Masculino,0
ALEMANIA,2022,ORIENTACIÓN SEXUAL E IDENTIDAD DE GÉNERO,Ambos sexos,1
ALEMANIA,2022,ORIENTACIÓN SEXUAL E IDENTIDAD DE GÉNERO,Femenino,0
ALEMANIA,2022,ORIENTACIÓN SEXUAL E IDENTIDAD DE GÉNERO,Masculino,1
ANDORRA,2022,ORIENTACIÓN SEXUAL E IDENTIDAD DE GÉNERO,Ambos sexos,0
ANDORRA,2022,ORIENTACIÓN SEXUAL E IDENTIDAD DE GÉNERO,Femenino,0
ANDORRA,2022,ORIENTACIÓN SEXUAL E IDENTIDAD DE GÉNERO,Masculino,0
ANGOLA,2022,ORIENTACIÓN SEXUAL E IDENTIDAD DE GÉNERO,Ambos sexos,0
ANGOLA,2022,ORIENTACIÓN SEXUAL E IDENTIDAD DE GÉNERO,Femenino,0
ANGOLA,2022,ORIENTACIÓN SEXUAL E IDENTIDAD DE GÉNERO,Masculino,0
ARGELIA,2022,ORIENTACIÓN SEXUAL E IDENTIDAD DE GÉNERO,Ambos sexos,12
ARGELIA,2022,ORIENTACIÓN SEXUAL E IDENTIDAD DE GÉNERO,Femenino,0
ARGELIA,2022,ORIENTACIÓN SEXUAL E IDENTIDAD DE GÉNERO,Masculino,12
ARGENTINA,2022,ORIENTACIÓN SEXUAL E IDENTIDAD DE GÉNERO,Ambos sexos,0
ARGENTINA,2022,ORIENTACIÓN SEXUAL E IDENTIDAD DE GÉNERO,Femenino,0
ARGENTINA,2022,ORIENTACIÓN SEXUAL E IDENTIDAD DE GÉNERO,Masculino,0
ARMENIA,2022,ORIENTACIÓN SEXUAL E IDENTIDAD DE GÉNERO,Ambos sexos,0
ARMENIA,2022,ORIENTACIÓN SEXUAL E IDENTIDAD DE GÉNERO,Femenino,0
ARMENIA,2022,ORIENTACIÓN SEXUAL E IDENTIDAD DE GÉNERO,Masculino,0
BANGLADESH,2022,ORIENTACIÓN SEXUAL E IDENTIDAD DE GÉNERO,Ambos sexos,0
BANGLADESH,2022,ORIENTACIÓN SEXUAL E IDENTIDAD DE GÉNERO,Femenino,0
BANGLADESH,2022,ORIENTACIÓN SEXUAL E IDENTIDAD DE GÉNERO,Masculino,0
BIELORRUSIA,2022,ORIENTACIÓN SEXUAL E IDENTIDAD DE GÉNERO,Ambos sexos,0
BIELORRUSIA,2022,ORIENTACIÓN SEXUAL E IDENTIDAD DE GÉNERO,Femenino,0
BIELORRUSIA,2022,ORIENTACIÓN SEXUAL E IDENTIDAD DE GÉNERO,Masculino,0
BOLIVIA,2022,ORIENTACIÓN SEXUAL E IDENTIDAD DE GÉNERO,Ambos sexos,0
BOLIVIA,2022,ORIENTACIÓN SEXUAL E IDENTIDAD DE GÉNERO,Femenino,0
BOLIVIA,2022,ORIENTACIÓN SEXUAL E IDENTIDAD DE GÉNERO,Masculino,0
BRASIL,2022,ORIENTACIÓN SEXUAL E IDENTIDAD DE GÉNERO,Ambos sexos,0
BRASIL,2022,ORIENTACIÓN SEXUAL E IDENTIDAD DE GÉNERO,Femenino,0
BRASIL,2022,ORIENTACIÓN SEXUAL E IDENTIDAD DE GÉNERO,Masculino,0
BULGARIA,2022,ORIENTACIÓN SEXUAL E IDENTIDAD DE GÉNERO,Ambos sexos,0
BULGARIA,2022,ORIENTACIÓN SEXUAL E IDENTIDAD DE GÉNERO,Femenino,0
BULGARIA,2022,ORIENTACIÓN SEXUAL E IDENTIDAD DE GÉNERO,Masculino,0
BÉLGICA,2022,ORIENTACIÓN SEXUAL E IDENTIDAD DE GÉNERO,Ambos sexos,0
BÉLGICA,2022,ORIENTACIÓN SEXUAL E IDENTIDAD DE GÉNERO,Femenino,0
BÉLGICA,2022,ORIENTACIÓN SEXUAL E IDENTIDAD DE GÉNERO,Masculino,0
CAMERÚN,2022,ORIENTACIÓN SEXUAL E IDENTIDAD DE GÉNERO,Ambos sexos,0
CAMERÚN,2022,ORIENTACIÓN SEXUAL E IDENTIDAD DE GÉNERO,Femenino,0
CAMERÚN,2022,ORIENTACIÓN SEXUAL E IDENTIDAD DE GÉNERO,Masculino,0
CENTRO ÁFRICANA REPÚBLICA,2022,ORIENTACIÓN SEXUAL E IDENTIDAD DE GÉNERO,Ambos sexos,0
CENTRO ÁFRICANA REPÚBLICA,2022,ORIENTACIÓN SEXUAL E IDENTIDAD DE GÉNERO,Femenino,0
CENTRO ÁFRICANA REPÚBLICA,2022,ORIENTACIÓN SEXUAL E IDENTIDAD DE GÉNERO,Masculino,0
CHILE,2022,ORIENTACIÓN SEXUAL E IDENTIDAD DE GÉNERO,Ambos sexos,1
CHILE,2022,ORIENTACIÓN SEXUAL E IDENTIDAD DE GÉNERO,Femenino,0
CHILE,2022,ORIENTACIÓN SEXUAL E IDENTIDAD DE GÉNERO,Masculino,1
CHINA POPULAR,2022,ORIENTACIÓN SEXUAL E IDENTIDAD DE GÉNERO,Ambos sexos,0
CHINA POPULAR,2022,ORIENTACIÓN SEXUAL E IDENTIDAD DE GÉNERO,Femenino,0
CHINA POPULAR,2022,ORIENTACIÓN SEXUAL E IDENTIDAD DE GÉNERO,Masculino,0
COLOMBIA,2022,ORIENTACIÓN SEXUAL E IDENTIDAD DE GÉNERO,Ambos sexos,6
COLOMBIA,2022,ORIENTACIÓN SEXUAL E IDENTIDAD DE GÉNERO,Femenino,1
COLOMBIA,2022,ORIENTACIÓN SEXUAL E IDENTIDAD DE GÉNERO,Masculino,5
CONGO-BRAZZAVILLE,2022,ORIENTACIÓN SEXUAL E IDENTIDAD DE GÉNERO,Ambos sexos,0
CONGO-BRAZZAVILLE,2022,ORIENTACIÓN SEXUAL E IDENTIDAD DE GÉNERO,Femenino,0
CONGO-BRAZZAVILLE,2022,ORIENTACIÓN SEXUAL E IDENTIDAD DE GÉNERO,Masculino,0
COSTA DE MARFIL,2022,ORIENTACIÓN SEXUAL E IDENTIDAD DE GÉNERO,Ambos sexos,0
COSTA DE MARFIL,2022,ORIENTACIÓN SEXUAL E IDENTIDAD DE GÉNERO,Femenino,0
COSTA DE MARFIL,2022,ORIENTACIÓN SEXUAL E IDENTIDAD DE GÉNERO,Masculino,0
CROACIA,2022,ORIENTACIÓN SEXUAL E IDENTIDAD DE GÉNERO,Ambos sexos,0
CROACIA,2022,ORIENTACIÓN SEXUAL E IDENTIDAD DE GÉNERO,Femenino,0
CROACIA,2022,ORIENTACIÓN SEXUAL E IDENTIDAD DE GÉNERO,Masculino,0
CUBA,2022,ORIENTACIÓN SEXUAL E IDENTIDAD DE GÉNERO,Ambos sexos,0
CUBA,2022,ORIENTACIÓN SEXUAL E IDENTIDAD DE GÉNERO,Femenino,0
CUBA,2022,ORIENTACIÓN SEXUAL E IDENTIDAD DE GÉNERO,Masculino,0
ECUADOR,2022,ORIENTACIÓN SEXUAL E IDENTIDAD DE GÉNERO,Ambos sexos,0
ECUADOR,2022,ORIENTACIÓN SEXUAL E IDENTIDAD DE GÉNERO,Femenino,0
ECUADOR,2022,ORIENTACIÓN SEXUAL E IDENTIDAD DE GÉNERO,Masculino,0
EE.UU.,2022,ORIENTACIÓN SEXUAL E IDENTIDAD DE GÉNERO,Ambos sexos,0
EE.UU.,2022,ORIENTACIÓN SEXUAL E IDENTIDAD DE GÉNERO,Femenino,0
EE.UU.,2022,ORIENTACIÓN SEXUAL E IDENTIDAD DE GÉNERO,Masculino,0
EGIPTO,2022,ORIENTACIÓN SEXUAL E IDENTIDAD DE GÉNERO,Ambos sexos,1
EGIPTO,2022,ORIENTACIÓN SEXUAL E IDENTIDAD DE GÉNERO,Femenino,0
EGIPTO,2022,ORIENTACIÓN SEXUAL E IDENTIDAD DE GÉNERO,Masculino,1
EL SALVADOR,2022,ORIENTACIÓN SEXUAL E IDENTIDAD DE GÉNERO,Ambos sexos,0
EL SALVADOR,2022,ORIENTACIÓN SEXUAL E IDENTIDAD DE GÉNERO,Femenino,0
EL SALVADOR,2022,ORIENTACIÓN SEXUAL E IDENTIDAD DE GÉNERO,Masculino,0
ERITREA,2022,ORIENTACIÓN SEXUAL E IDENTIDAD DE GÉNERO,Ambos sexos,0
ERITREA,2022,ORIENTACIÓN SEXUAL E IDENTIDAD DE GÉNERO,Femenino,0
ERITREA,2022,ORIENTACIÓN SEXUAL E IDENTIDAD DE GÉNERO,Masculino,0
ESLOVAQUIA,2022,ORIENTACIÓN SEXUAL E IDENTIDAD DE GÉNERO,Ambos sexos,0
ESLOVAQUIA,2022,ORIENTACIÓN SEXUAL E IDENTIDAD DE GÉNERO,Femenino,0
ESLOVAQUIA,2022,ORIENTACIÓN SEXUAL E IDENTIDAD DE GÉNERO,Masculino,0
ESPAÑA,2022,ORIENTACIÓN SEXUAL E IDENTIDAD DE GÉNERO,Ambos sexos,163
ESPAÑA,2022,ORIENTACIÓN SEXUAL E IDENTIDAD DE GÉNERO,Femenino,30
ESPAÑA,2022,ORIENTACIÓN SEXUAL E IDENTIDAD DE GÉNERO,Masculino,133
ESTONIA,2022,ORIENTACIÓN SEXUAL E IDENTIDAD DE GÉNERO,Ambos sexos,0
ESTONIA,2022,ORIENTACIÓN SEXUAL E IDENTIDAD DE GÉNERO,Femenino,0
ESTONIA,2022,ORIENTACIÓN SEXUAL E IDENTIDAD DE GÉNERO,Masculino,0
FILIPINAS,2022,ORIENTACIÓN SEXUAL E IDENTIDAD DE GÉNERO,Ambos sexos,0
FILIPINAS,2022,ORIENTACIÓN SEXUAL E IDENTIDAD DE GÉNERO,Femenino,0
FILIPINAS,2022,ORIENTACIÓN SEXUAL E IDENTIDAD DE GÉNERO,Masculino,0
FRANCIA,2022,ORIENTACIÓN SEXUAL E IDENTIDAD DE GÉNERO,Ambos sexos,0
FRANCIA,2022,ORIENTACIÓN SEXUAL E IDENTIDAD DE GÉNERO,Femenino,0
FRANCIA,2022,ORIENTACIÓN SEXUAL E IDENTIDAD DE GÉNERO,Masculino,0
GAMBIA,2022,ORIENTACIÓN SEXUAL E IDENTIDAD DE GÉNERO,Ambos sexos,0
GAMBIA,2022,ORIENTACIÓN SEXUAL E IDENTIDAD DE GÉNERO,Femenino,0
GAMBIA,2022,ORIENTACIÓN SEXUAL E IDENTIDAD DE GÉNERO,Masculino,0
GEORGIA,2022,ORIENTACIÓN SEXUAL E IDENTIDAD DE GÉNERO,Ambos sexos,0
GEORGIA,2022,ORIENTACIÓN SEXUAL E IDENTIDAD DE GÉNERO,Femenino,0
GEORGIA,2022,ORIENTACIÓN SEXUAL E IDENTIDAD DE GÉNERO,Masculino,0
GHANA,2022,ORIENTACIÓN SEXUAL E IDENTIDAD DE GÉNERO,Ambos sexos,0
GHANA,2022,ORIENTACIÓN SEXUAL E IDENTIDAD DE GÉNERO,Femenino,0
GHANA,2022,ORIENTACIÓN SEXUAL E IDENTIDAD DE GÉNERO,Masculino,0
GRECIA,2022,ORIENTACIÓN SEXUAL E IDENTIDAD DE GÉNERO,Ambos sexos,0
GRECIA,2022,ORIENTACIÓN SEXUAL E IDENTIDAD DE GÉNERO,Femenino,0
GRECIA,2022,ORIENTACIÓN SEXUAL E IDENTIDAD DE GÉNERO,Masculino,0
GUATEMALA,2022,ORIENTACIÓN SEXUAL E IDENTIDAD DE GÉNERO,Ambos sexos,0
GUATEMALA,2022,ORIENTACIÓN SEXUAL E IDENTIDAD DE GÉNERO,Femenino,0
GUATEMALA,2022,ORIENTACIÓN SEXUAL E IDENTIDAD DE GÉNERO,Masculino,0
GUINEA ECUATORIAL,2022,ORIENTACIÓN SEXUAL E IDENTIDAD DE GÉNERO,Ambos sexos,0
GUINEA ECUATORIAL,2022,ORIENTACIÓN SEXUAL E IDENTIDAD DE GÉNERO,Femenino,0
GUINEA ECUATORIAL,2022,ORIENTACIÓN SEXUAL E IDENTIDAD DE GÉNERO,Masculino,0
GUINEA REP.,2022,ORIENTACIÓN SEXUAL E IDENTIDAD DE GÉNERO,Ambos sexos,0
GUINEA REP.,2022,ORIENTACIÓN SEXUAL E IDENTIDAD DE GÉNERO,Femenino,0
GUINEA REP.,2022,ORIENTACIÓN SEXUAL E IDENTIDAD DE GÉNERO,Masculino,0
HAITI,2022,ORIENTACIÓN SEXUAL E IDENTIDAD DE GÉNERO,Ambos sexos,0
HAITI,2022,ORIENTACIÓN SEXUAL E IDENTIDAD DE GÉNERO,Femenino,0
HAITI,2022,ORIENTACIÓN SEXUAL E IDENTIDAD DE GÉNERO,Masculino,0
HOLANDA,2022,ORIENTACIÓN SEXUAL E IDENTIDAD DE GÉNERO,Ambos sexos,0
HOLANDA,2022,ORIENTACIÓN SEXUAL E IDENTIDAD DE GÉNERO,Femenino,0
HOLANDA,2022,ORIENTACIÓN SEXUAL E IDENTIDAD DE GÉNERO,Masculino,0
HONDURAS,2022,ORIENTACIÓN SEXUAL E IDENTIDAD DE GÉNERO,Ambos sexos,0
HONDURAS,2022,ORIENTACIÓN SEXUAL E IDENTIDAD DE GÉNERO,Femenino,0
HONDURAS,2022,ORIENTACIÓN SEXUAL E IDENTIDAD DE GÉNERO,Masculino,0
INDIA,2022,ORIENTACIÓN SEXUAL E IDENTIDAD DE GÉNERO,Ambos sexos,0
INDIA,2022,ORIENTACIÓN SEXUAL E IDENTIDAD DE GÉNERO,Femenino,0
INDIA,2022,ORIENTACIÓN SEXUAL E IDENTIDAD DE GÉNERO,Masculino,0
IRLANDA,2022,ORIENTACIÓN SEXUAL E IDENTIDAD DE GÉNERO,Ambos sexos,0
IRLANDA,2022,ORIENTACIÓN SEXUAL E IDENTIDAD DE GÉNERO,Femenino,0
IRLANDA,2022,ORIENTACIÓN SEXUAL E IDENTIDAD DE GÉNERO,Masculino,0
IRÁN,2022,ORIENTACIÓN SEXUAL E IDENTIDAD DE GÉNERO,Ambos sexos,0
IRÁN,2022,ORIENTACIÓN SEXUAL E IDENTIDAD DE GÉNERO,Femenino,0
IRÁN,2022,ORIENTACIÓN SEXUAL E IDENTIDAD DE GÉNERO,Masculino,0
ISRAEL,2022,ORIENTACIÓN SEXUAL E IDENTIDAD DE GÉNERO,Ambos sexos,0
ISRAEL,2022,ORIENTACIÓN SEXUAL E IDENTIDAD DE GÉNERO,Femenino,0
ISRAEL,2022,ORIENTACIÓN SEXUAL E IDENTIDAD DE GÉNERO,Masculino,0
ITALIA,2022,ORIENTACIÓN SEXUAL E IDENTIDAD DE GÉNERO,Ambos sexos,1
ITALIA,2022,ORIENTACIÓN SEXUAL E IDENTIDAD DE GÉNERO,Femenino,0
ITALIA,2022,ORIENTACIÓN SEXUAL E IDENTIDAD DE GÉNERO,Masculino,1
LETONIA,2022,ORIENTACIÓN SEXUAL E IDENTIDAD DE GÉNERO,Ambos sexos,0
LETONIA,2022,ORIENTACIÓN SEXUAL E IDENTIDAD DE GÉNERO,Femenino,0
LETONIA,2022,ORIENTACIÓN SEXUAL E IDENTIDAD DE GÉNERO,Masculino,0
LIBERIA,2022,ORIENTACIÓN SEXUAL E IDENTIDAD DE GÉNERO,Ambos sexos,0
LIBERIA,2022,ORIENTACIÓN SEXUAL E IDENTIDAD DE GÉNERO,Femenino,0
LIBERIA,2022,ORIENTACIÓN SEXUAL E IDENTIDAD DE GÉNERO,Masculino,0
LIBIA,2022,ORIENTACIÓN SEXUAL E IDENTIDAD DE GÉNERO,Ambos sexos,0
LIBIA,2022,ORIENTACIÓN SEXUAL E IDENTIDAD DE GÉNERO,Femenino,0
LIBIA,2022,ORIENTACIÓN SEXUAL E IDENTIDAD DE GÉNERO,Masculino,0
LITUANIA,2022,ORIENTACIÓN SEXUAL E IDENTIDAD DE GÉNERO,Ambos sexos,0
LITUANIA,2022,ORIENTACIÓN SEXUAL E IDENTIDAD DE GÉNERO,Femenino,0
LITUANIA,2022,ORIENTACIÓN SEXUAL E IDENTIDAD DE GÉNERO,Masculino,0
LÍBANO,2022,ORIENTACIÓN SEXUAL E IDENTIDAD DE GÉNERO,Ambos sexos,0
LÍBANO,2022,ORIENTACIÓN SEXUAL E IDENTIDAD DE GÉNERO,Femenino,0
LÍBANO,2022,ORIENTACIÓN SEXUAL E IDENTIDAD DE GÉNERO,Masculino,0
MALI,2022,ORIENTACIÓN SEXUAL E IDENTIDAD DE GÉNERO,Ambos sexos,0
MALI,2022,ORIENTACIÓN SEXUAL E IDENTIDAD DE GÉNERO,Femenino,0
MALI,2022,ORIENTACIÓN SEXUAL E IDENTIDAD DE GÉNERO,Masculino,0
MARRUECOS,2022,ORIENTACIÓN SEXUAL E IDENTIDAD DE GÉNERO,Ambos sexos,23
MARRUECOS,2022,ORIENTACIÓN SEXUAL E IDENTIDAD DE GÉNERO,Femenino,0
MARRUECOS,2022,ORIENTACIÓN SEXUAL E IDENTIDAD DE GÉNERO,Masculino,23
MAURITANIA,2022,ORIENTACIÓN SEXUAL E IDENTIDAD DE GÉNERO,Ambos sexos,0
MAURITANIA,2022,ORIENTACIÓN SEXUAL E IDENTIDAD DE GÉNERO,Femenino,0
MAURITANIA,2022,ORIENTACIÓN SEXUAL E IDENTIDAD DE GÉNERO,Masculino,0
MOLDAVIA,2022,ORIENTACIÓN SEXUAL E IDENTIDAD DE GÉNERO,Ambos sexos,0
MOLDAVIA,2022,ORIENTACIÓN SEXUAL E IDENTIDAD DE GÉNERO,Femenino,0
MOLDAVIA,2022,ORIENTACIÓN SEXUAL E IDENTIDAD DE GÉNERO,Masculino,0
MONGOLIA,2022,ORIENTACIÓN SEXUAL E IDENTIDAD DE GÉNERO,Ambos sexos,0
MONGOLIA,2022,ORIENTACIÓN SEXUAL E IDENTIDAD DE GÉNERO,Femenino,0
MONGOLIA,2022,ORIENTACIÓN SEXUAL E IDENTIDAD DE GÉNERO,Masculino,0
NEPAL,2022,ORIENTACIÓN SEXUAL E IDENTIDAD DE GÉNERO,Ambos sexos,0
NEPAL,2022,ORIENTACIÓN SEXUAL E IDENTIDAD DE GÉNERO,Femenino,0
NEPAL,2022,ORIENTACIÓN SEXUAL E IDENTIDAD DE GÉNERO,Masculino,0
NICARAGUA,2022,ORIENTACIÓN SEXUAL E IDENTIDAD DE GÉNERO,Ambos sexos,0
NICARAGUA,2022,ORIENTACIÓN SEXUAL E IDENTIDAD DE GÉNERO,Femenino,0
NICARAGUA,2022,ORIENTACIÓN SEXUAL E IDENTIDAD DE GÉNERO,Masculino,0
NIGERIA,2022,ORIENTACIÓN SEXUAL E IDENTIDAD DE GÉNERO,Ambos sexos,0
NIGERIA,2022,ORIENTACIÓN SEXUAL E IDENTIDAD DE GÉNERO,Femenino,0
NIGERIA,2022,ORIENTACIÓN SEXUAL E IDENTIDAD DE GÉNERO,Masculino,0
NÍGER REP.,2022,ORIENTACIÓN SEXUAL E IDENTIDAD DE GÉNERO,Ambos sexos,0
NÍGER REP.,2022,ORIENTACIÓN SEXUAL E IDENTIDAD DE GÉNERO,Femenino,0
NÍGER REP.,2022,ORIENTACIÓN SEXUAL E IDENTIDAD DE GÉNERO,Masculino,0
PANAMA,2022,ORIENTACIÓN SEXUAL E IDENTIDAD DE GÉNERO,Ambos sexos,0
PANAMA,2022,ORIENTACIÓN SEXUAL E IDENTIDAD DE GÉNERO,Femenino,0
PANAMA,2022,ORIENTACIÓN SEXUAL E IDENTIDAD DE GÉNERO,Masculino,0
PAQUISTÁN,2022,ORIENTACIÓN SEXUAL E IDENTIDAD DE GÉNERO,Ambos sexos,0
PAQUISTÁN,2022,ORIENTACIÓN SEXUAL E IDENTIDAD DE GÉNERO,Femenino,0
PAQUISTÁN,2022,ORIENTACIÓN SEXUAL E IDENTIDAD DE GÉNERO,Masculino,0
PARAGUAY,2022,ORIENTACIÓN SEXUAL E IDENTIDAD DE GÉNERO,Ambos sexos,1
PARAGUAY,2022,ORIENTACIÓN SEXUAL E IDENTIDAD DE GÉNERO,Femenino,0
PARAGUAY,2022,ORIENTACIÓN SEXUAL E IDENTIDAD DE GÉNERO,Masculino,1
PAÍS DESCONOCIDO,2022,ORIENTACIÓN SEXUAL E IDENTIDAD DE GÉNERO,Ambos sexos,1
PAÍS DESCONOCIDO,2022,ORIENTACIÓN SEXUAL E IDENTIDAD DE GÉNERO,Femenino,0
PAÍS DESCONOCIDO,2022,ORIENTACIÓN SEXUAL E IDENTIDAD DE GÉNERO,Masculino,1
PAÍS NO CODIFICADO,2022,ORIENTACIÓN SEXUAL E IDENTIDAD DE GÉNERO,Ambos sexos,0
PAÍS NO CODIFICADO,2022,ORIENTACIÓN SEXUAL E IDENTIDAD DE GÉNERO,Femenino,0
PAÍS NO CODIFICADO,2022,ORIENTACIÓN SEXUAL E IDENTIDAD DE GÉNERO,Masculino,0
PERÚ,2022,ORIENTACIÓN SEXUAL E IDENTIDAD DE GÉNERO,Ambos sexos,1
PERÚ,2022,ORIENTACIÓN SEXUAL E IDENTIDAD DE GÉNERO,Femenino,1
PERÚ,2022,ORIENTACIÓN SEXUAL E IDENTIDAD DE GÉNERO,Masculino,0
POLONIA,2022,ORIENTACIÓN SEXUAL E IDENTIDAD DE GÉNERO,Ambos sexos,0
POLONIA,2022,ORIENTACIÓN SEXUAL E IDENTIDAD DE GÉNERO,Femenino,0
POLONIA,2022,ORIENTACIÓN SEXUAL E IDENTIDAD DE GÉNERO,Masculino,0
PORTUGAL,2022,ORIENTACIÓN SEXUAL E IDENTIDAD DE GÉNERO,Ambos sexos,0
PORTUGAL,2022,ORIENTACIÓN SEXUAL E IDENTIDAD DE GÉNERO,Femenino,0
PORTUGAL,2022,ORIENTACIÓN SEXUAL E IDENTIDAD DE GÉNERO,Masculino,0
REINO UNIDO,2022,ORIENTACIÓN SEXUAL E IDENTIDAD DE GÉNERO,Ambos sexos,0
REINO UNIDO,2022,ORIENTACIÓN SEXUAL E IDENTIDAD DE GÉNERO,Femenino,0
REINO UNIDO,2022,ORIENTACIÓN SEXUAL E IDENTIDAD DE GÉNERO,Masculino,0
REPÚBLICA CHECA,2022,ORIENTACIÓN SEXUAL E IDENTIDAD DE GÉNERO,Ambos sexos,0
REPÚBLICA CHECA,2022,ORIENTACIÓN SEXUAL E IDENTIDAD DE GÉNERO,Femenino,0
REPÚBLICA CHECA,2022,ORIENTACIÓN SEXUAL E IDENTIDAD DE GÉNERO,Masculino,0
REPÚBLICA DOMINICANA,2022,ORIENTACIÓN SEXUAL E IDENTIDAD DE GÉNERO,Ambos sexos,1
REPÚBLICA DOMINICANA,2022,ORIENTACIÓN SEXUAL E IDENTIDAD DE GÉNERO,Femenino,0
REPÚBLICA DOMINICANA,2022,ORIENTACIÓN SEXUAL E IDENTIDAD DE GÉNERO,Masculino,1
RUMANÍA,2022,ORIENTACIÓN SEXUAL E IDENTIDAD DE GÉNERO,Ambos sexos,7
RUMANÍA,2022,ORIENTACIÓN SEXUAL E IDENTIDAD DE GÉNERO,Femenino,2
RUMANÍA,2022,ORIENTACIÓN SEXUAL E IDENTIDAD DE GÉNERO,Masculino,5
RUSIA,2022,ORIENTACIÓN SEXUAL E IDENTIDAD DE GÉNERO,Ambos sexos,0
RUSIA,2022,ORIENTACIÓN SEXUAL E IDENTIDAD DE GÉNERO,Femenino,0
RUSIA,2022,ORIENTACIÓN SEXUAL E IDENTIDAD DE GÉNERO,Masculino,0
SENEGAL,2022,ORIENTACIÓN SEXUAL E IDENTIDAD DE GÉNERO,Ambos sexos,1
SENEGAL,2022,ORIENTACIÓN SEXUAL E IDENTIDAD DE GÉNERO,Femenino,0
SENEGAL,2022,ORIENTACIÓN SEXUAL E IDENTIDAD DE GÉNERO,Masculino,1
SERBIA (YUGOSLAVIA),2022,ORIENTACIÓN SEXUAL E IDENTIDAD DE GÉNERO,Ambos sexos,0
SERBIA (YUGOSLAVIA),2022,ORIENTACIÓN SEXUAL E IDENTIDAD DE GÉNERO,Femenino,0
SERBIA (YUGOSLAVIA),2022,ORIENTACIÓN SEXUAL E IDENTIDAD DE GÉNERO,Masculino,0
SIERRA LEONA,2022,ORIENTACIÓN SEXUAL E IDENTIDAD DE GÉNERO,Ambos sexos,0
SIERRA LEONA,2022,ORIENTACIÓN SEXUAL E IDENTIDAD DE GÉNERO,Femenino,0
SIERRA LEONA,2022,ORIENTACIÓN SEXUAL E IDENTIDAD DE GÉNERO,Masculino,0
SIRIA,2022,ORIENTACIÓN SEXUAL E IDENTIDAD DE GÉNERO,Ambos sexos,0
SIRIA,2022,ORIENTACIÓN SEXUAL E IDENTIDAD DE GÉNERO,Femenino,0
SIRIA,2022,ORIENTACIÓN SEXUAL E IDENTIDAD DE GÉNERO,Masculino,0
SUDÁFRICA R.,2022,ORIENTACIÓN SEXUAL E IDENTIDAD DE GÉNERO,Ambos sexos,0
SUDÁFRICA R.,2022,ORIENTACIÓN SEXUAL E IDENTIDAD DE GÉNERO,Femenino,0
SUDÁFRICA R.,2022,ORIENTACIÓN SEXUAL E IDENTIDAD DE GÉNERO,Masculino,0
SUECIA,2022,ORIENTACIÓN SEXUAL E IDENTIDAD DE GÉNERO,Ambos sexos,0
SUECIA,2022,ORIENTACIÓN SEXUAL E IDENTIDAD DE GÉNERO,Femenino,0
SUECIA,2022,ORIENTACIÓN SEXUAL E IDENTIDAD DE GÉNERO,Masculino,0
SUIZA,2022,ORIENTACIÓN SEXUAL E IDENTIDAD DE GÉNERO,Ambos sexos,0
SUIZA,2022,ORIENTACIÓN SEXUAL E IDENTIDAD DE GÉNERO,Femenino,0
SUIZA,2022,ORIENTACIÓN SEXUAL E IDENTIDAD DE GÉNERO,Masculino,0
TOTAL nacionalidad,2022,ORIENTACIÓN SEXUAL E IDENTIDAD DE GÉNERO,Ambos sexos,223
TOTAL nacionalidad,2022,ORIENTACIÓN SEXUAL E IDENTIDAD DE GÉNERO,Femenino,34
TOTAL nacionalidad,2022,ORIENTACIÓN SEXUAL E IDENTIDAD DE GÉNERO,Masculino,189
TURQUÍA,2022,ORIENTACIÓN SEXUAL E IDENTIDAD DE GÉNERO,Ambos sexos,0
TURQUÍA,2022,ORIENTACIÓN SEXUAL E IDENTIDAD DE GÉNERO,Femenino,0
TURQUÍA,2022,ORIENTACIÓN SEXUAL E IDENTIDAD DE GÉNERO,Masculino,0
TÚNEZ,2022,ORIENTACIÓN SEXUAL E IDENTIDAD DE GÉNERO,Ambos sexos,0
TÚNEZ,2022,ORIENTACIÓN SEXUAL E IDENTIDAD DE GÉNERO,Femenino,0
TÚNEZ,2022,ORIENTACIÓN SEXUAL E IDENTIDAD DE GÉNERO,Masculino,0
UCRANIA,2022,ORIENTACIÓN SEXUAL E IDENTIDAD DE GÉNERO,Ambos sexos,1
UCRANIA,2022,ORIENTACIÓN SEXUAL E IDENTIDAD DE GÉNERO,Femenino,0
UCRANIA,2022,ORIENTACIÓN SEXUAL E IDENTIDAD DE GÉNERO,Masculino,1
URUGUAY,2022,ORIENTACIÓN SEXUAL E IDENTIDAD DE GÉNERO,Ambos sexos,0
URUGUAY,2022,ORIENTACIÓN SEXUAL E IDENTIDAD DE GÉNERO,Femenino,0
URUGUAY,2022,ORIENTACIÓN SEXUAL E IDENTIDAD DE GÉNERO,Masculino,0
VENEZUELA,2022,ORIENTACIÓN SEXUAL E IDENTIDAD DE GÉNERO,Ambos sexos,2
VENEZUELA,2022,ORIENTACIÓN SEXUAL E IDENTIDAD DE GÉNERO,Femenino,0
VENEZUELA,2022,ORIENTACIÓN SEXUAL E IDENTIDAD DE GÉNERO,Masculino,2
ZAMBIA,2022,ORIENTACIÓN SEXUAL E IDENTIDAD DE GÉNERO,Ambos sexos,0
ZAMBIA,2022,ORIENTACIÓN SEXUAL E IDENTIDAD DE GÉNERO,Femenino,0
ZAMBIA,2022,ORIENTACIÓN SEXUAL E IDENTIDAD DE GÉNERO,Masculino,0
ALBANIA,2022,RACISMO/XENOFOBIA,Ambos sexos,0
ALBANIA,2022,RACISMO/XENOFOBIA,Femenino,0
ALBANIA,2022,RACISMO/XENOFOBIA,Masculino,0
ALEMANIA,2022,RACISMO/XENOFOBIA,Ambos sexos,1
ALEMANIA,2022,RACISMO/XENOFOBIA,Femenino,0
ALEMANIA,2022,RACISMO/XENOFOBIA,Masculino,1
ANDORRA,2022,RACISMO/XENOFOBIA,Ambos sexos,0
ANDORRA,2022,RACISMO/XENOFOBIA,Femenino,0
ANDORRA,2022,RACISMO/XENOFOBIA,Masculino,0
ANGOLA,2022,RACISMO/XENOFOBIA,Ambos sexos,0
ANGOLA,2022,RACISMO/XENOFOBIA,Femenino,0
ANGOLA,2022,RACISMO/XENOFOBIA,Masculino,0
ARGELIA,2022,RACISMO/XENOFOBIA,Ambos sexos,3
ARGELIA,2022,RACISMO/XENOFOBIA,Femenino,0
ARGELIA,2022,RACISMO/XENOFOBIA,Masculino,3
ARGENTINA,2022,RACISMO/XENOFOBIA,Ambos sexos,1
ARGENTINA,2022,RACISMO/XENOFOBIA,Femenino,1
ARGENTINA,2022,RACISMO/XENOFOBIA,Masculino,0
ARMENIA,2022,RACISMO/XENOFOBIA,Ambos sexos,0
ARMENIA,2022,RACISMO/XENOFOBIA,Femenino,0
ARMENIA,2022,RACISMO/XENOFOBIA,Masculino,0
BANGLADESH,2022,RACISMO/XENOFOBIA,Ambos sexos,0
BANGLADESH,2022,RACISMO/XENOFOBIA,Femenino,0
BANGLADESH,2022,RACISMO/XENOFOBIA,Masculino,0
BIELORRUSIA,2022,RACISMO/XENOFOBIA,Ambos sexos,0
BIELORRUSIA,2022,RACISMO/XENOFOBIA,Femenino,0
BIELORRUSIA,2022,RACISMO/XENOFOBIA,Masculino,0
BOLIVIA,2022,RACISMO/XENOFOBIA,Ambos sexos,0
BOLIVIA,2022,RACISMO/XENOFOBIA,Femenino,0
BOLIVIA,2022,RACISMO/XENOFOBIA,Masculino,0
BRASIL,2022,RACISMO/XENOFOBIA,Ambos sexos,2
BRASIL,2022,RACISMO/XENOFOBIA,Femenino,1
BRASIL,2022,RACISMO/XENOFOBIA,Masculino,1
BULGARIA,2022,RACISMO/XENOFOBIA,Ambos sexos,1
BULGARIA,2022,RACISMO/XENOFOBIA,Femenino,0
BULGARIA,2022,RACISMO/XENOFOBIA,Masculino,1
BÉLGICA,2022,RACISMO/XENOFOBIA,Ambos sexos,0
BÉLGICA,2022,RACISMO/XENOFOBIA,Femenino,0
BÉLGICA,2022,RACISMO/XENOFOBIA,Masculino,0
CAMERÚN,2022,RACISMO/XENOFOBIA,Ambos sexos,0
CAMERÚN,2022,RACISMO/XENOFOBIA,Femenino,0
CAMERÚN,2022,RACISMO/XENOFOBIA,Masculino,0
CENTRO ÁFRICANA REPÚBLICA,2022,RACISMO/XENOFOBIA,Ambos sexos,0
CENTRO ÁFRICANA REPÚBLICA,2022,RACISMO/XENOFOBIA,Femenino,0
CENTRO ÁFRICANA REPÚBLICA,2022,RACISMO/XENOFOBIA,Masculino,0
CHILE,2022,RACISMO/XENOFOBIA,Ambos sexos,0
CHILE,2022,RACISMO/XENOFOBIA,Femenino,0
CHILE,2022,RACISMO/XENOFOBIA,Masculino,0
CHINA POPULAR,2022,RACISMO/XENOFOBIA,Ambos sexos,1
CHINA POPULAR,2022,RACISMO/XENOFOBIA,Femenino,0
CHINA POPULAR,2022,RACISMO/XENOFOBIA,Masculino,1
COLOMBIA,2022,RACISMO/XENOFOBIA,Ambos sexos,6
COLOMBIA,2022,RACISMO/XENOFOBIA,Femenino,2
COLOMBIA,2022,RACISMO/XENOFOBIA,Masculino,4
CONGO-BRAZZAVILLE,2022,RACISMO/XENOFOBIA,Ambos sexos,0
CONGO-BRAZZAVILLE,2022,RACISMO/XENOFOBIA,Femenino,0
CONGO-BRAZZAVILLE,2022,RACISMO/XENOFOBIA,Masculino,0
COSTA DE MARFIL,2022,RACISMO/XENOFOBIA,Ambos sexos,0
COSTA DE MARFIL,2022,RACISMO/XENOFOBIA,Femenino,0
COSTA DE MARFIL,2022,RACISMO/XENOFOBIA,Masculino,0
CROACIA,2022,RACISMO/XENOFOBIA,Ambos sexos,0
CROACIA,2022,RACISMO/XENOFOBIA,Femenino,0
CROACIA,2022,RACISMO/XENOFOBIA,Masculino,0
CUBA,2022,RACISMO/XENOFOBIA,Ambos sexos,0
CUBA,2022,RACISMO/XENOFOBIA,Femenino,0
CUBA,2022,RACISMO/XENOFOBIA,Masculino,0
ECUADOR,2022,RACISMO/XENOFOBIA,Ambos sexos,3
ECUADOR,2022,RACISMO/XENOFOBIA,Femenino,2
ECUADOR,2022,RACISMO/XENOFOBIA,Masculino,1
EE.UU.,2022,RACISMO/XENOFOBIA,Ambos sexos,0
EE.UU.,2022,RACISMO/XENOFOBIA,Femenino,0
EE.UU.,2022,RACISMO/XENOFOBIA,Masculino,0
EGIPTO,2022,RACISMO/XENOFOBIA,Ambos sexos,0
EGIPTO,2022,RACISMO/XENOFOBIA,Femenino,0
EGIPTO,2022,RACISMO/XENOFOBIA,Masculino,0
EL SALVADOR,2022,RACISMO/XENOFOBIA,Ambos sexos,0
EL SALVADOR,2022,RACISMO/XENOFOBIA,Femenino,0
EL SALVADOR,2022,RACISMO/XENOFOBIA,Masculino,0
ERITREA,2022,RACISMO/XENOFOBIA,Ambos sexos,0
ERITREA,2022,RACISMO/XENOFOBIA,Femenino,0
ERITREA,2022,RACISMO/XENOFOBIA,Masculino,0
ESLOVAQUIA,2022,RACISMO/XENOFOBIA,Ambos sexos,0
ESLOVAQUIA,2022,RACISMO/XENOFOBIA,Femenino,0
ESLOVAQUIA,2022,RACISMO/XENOFOBIA,Masculino,0
ESPAÑA,2022,RACISMO/XENOFOBIA,Ambos sexos,276
ESPAÑA,2022,RACISMO/XENOFOBIA,Femenino,71
ESPAÑA,2022,RACISMO/XENOFOBIA,Masculino,205
ESTONIA,2022,RACISMO/XENOFOBIA,Ambos sexos,0
ESTONIA,2022,RACISMO/XENOFOBIA,Femenino,0
ESTONIA,2022,RACISMO/XENOFOBIA,Masculino,0
FILIPINAS,2022,RACISMO/XENOFOBIA,Ambos sexos,0
FILIPINAS,2022,RACISMO/XENOFOBIA,Femenino,0
FILIPINAS,2022,RACISMO/XENOFOBIA,Masculino,0
FRANCIA,2022,RACISMO/XENOFOBIA,Ambos sexos,1
FRANCIA,2022,RACISMO/XENOFOBIA,Femenino,0
FRANCIA,2022,RACISMO/XENOFOBIA,Masculino,1
GAMBIA,2022,RACISMO/XENOFOBIA,Ambos sexos,0
GAMBIA,2022,RACISMO/XENOFOBIA,Femenino,0
GAMBIA,2022,RACISMO/XENOFOBIA,Masculino,0
GEORGIA,2022,RACISMO/XENOFOBIA,Ambos sexos,0
GEORGIA,2022,RACISMO/XENOFOBIA,Femenino,0
GEORGIA,2022,RACISMO/XENOFOBIA,Masculino,0
GHANA,2022,RACISMO/XENOFOBIA,Ambos sexos,1
GHANA,2022,RACISMO/XENOFOBIA,Femenino,0
GHANA,2022,RACISMO/XENOFOBIA,Masculino,1
GRECIA,2022,RACISMO/XENOFOBIA,Ambos sexos,0
GRECIA,2022,RACISMO/XENOFOBIA,Femenino,0
GRECIA,2022,RACISMO/XENOFOBIA,Masculino,0
GUATEMALA,2022,RACISMO/XENOFOBIA,Ambos sexos,1
GUATEMALA,2022,RACISMO/XENOFOBIA,Femenino,0
GUATEMALA,2022,RACISMO/XENOFOBIA,Masculino,1
GUINEA ECUATORIAL,2022,RACISMO/XENOFOBIA,Ambos sexos,0
GUINEA ECUATORIAL,2022,RACISMO/XENOFOBIA,Femenino,0
GUINEA ECUATORIAL,2022,RACISMO/XENOFOBIA,Masculino,0
GUINEA REP.,2022,RACISMO/XENOFOBIA,Ambos sexos,0
GUINEA REP.,2022,RACISMO/XENOFOBIA,Femenino,0
GUINEA REP.,2022,RACISMO/XENOFOBIA,Masculino,0
HAITI,2022,RACISMO/XENOFOBIA,Ambos sexos,0
HAITI,2022,RACISMO/XENOFOBIA,Femenino,0
HAITI,2022,RACISMO/XENOFOBIA,Masculino,0
HOLANDA,2022,RACISMO/XENOFOBIA,Ambos sexos,0
HOLANDA,2022,RACISMO/XENOFOBIA,Femenino,0
HOLANDA,2022,RACISMO/XENOFOBIA,Masculino,0
HONDURAS,2022,RACISMO/XENOFOBIA,Ambos sexos,1
HONDURAS,2022,RACISMO/XENOFOBIA,Femenino,0
HONDURAS,2022,RACISMO/XENOFOBIA,Masculino,1
INDIA,2022,RACISMO/XENOFOBIA,Ambos sexos,0
INDIA,2022,RACISMO/XENOFOBIA,Femenino,0
INDIA,2022,RACISMO/XENOFOBIA,Masculino,0
IRLANDA,2022,RACISMO/XENOFOBIA,Ambos sexos,0
IRLANDA,2022,RACISMO/XENOFOBIA,Femenino,0
IRLANDA,2022,RACISMO/XENOFOBIA,Masculino,0
IRÁN,2022,RACISMO/XENOFOBIA,Ambos sexos,0
IRÁN,2022,RACISMO/XENOFOBIA,Femenino,0
IRÁN,2022,RACISMO/XENOFOBIA,Masculino,0
ISRAEL,2022,RACISMO/XENOFOBIA,Ambos sexos,1
ISRAEL,2022,RACISMO/XENOFOBIA,Femenino,0
ISRAEL,2022,RACISMO/XENOFOBIA,Masculino,1
ITALIA,2022,RACISMO/XENOFOBIA,Ambos sexos,2
ITALIA,2022,RACISMO/XENOFOBIA,Femenino,0
ITALIA,2022,RACISMO/XENOFOBIA,Masculino,2
LETONIA,2022,RACISMO/XENOFOBIA,Ambos sexos,0
LETONIA,2022,RACISMO/XENOFOBIA,Femenino,0
LETONIA,2022,RACISMO/XENOFOBIA,Masculino,0
LIBERIA,2022,RACISMO/XENOFOBIA,Ambos sexos,0
LIBERIA,2022,RACISMO/XENOFOBIA,Femenino,0
LIBERIA,2022,RACISMO/XENOFOBIA,Masculino,0
LIBIA,2022,RACISMO/XENOFOBIA,Ambos sexos,0
LIBIA,2022,RACISMO/XENOFOBIA,Femenino,0
LIBIA,2022,RACISMO/XENOFOBIA,Masculino,0
LITUANIA,2022,RACISMO/XENOFOBIA,Ambos sexos,3
LITUANIA,2022,RACISMO/XENOFOBIA,Femenino,0
LITUANIA,2022,RACISMO/XENOFOBIA,Masculino,3
LÍBANO,2022,RACISMO/XENOFOBIA,Ambos sexos,0
LÍBANO,2022,RACISMO/XENOFOBIA,Femenino,0
LÍBANO,2022,RACISMO/XENOFOBIA,Masculino,0
MALI,2022,RACISMO/XENOFOBIA,Ambos sexos,2
MALI,2022,RACISMO/XENOFOBIA,Femenino,1
MALI,2022,RACISMO/XENOFOBIA,Masculino,1
MARRUECOS,2022,RACISMO/XENOFOBIA,Ambos sexos,31
MARRUECOS,2022,RACISMO/XENOFOBIA,Femenino,5
MARRUECOS,2022,RACISMO/XENOFOBIA,Masculino,26
MAURITANIA,2022,RACISMO/XENOFOBIA,Ambos sexos,0
MAURITANIA,2022,RACISMO/XENOFOBIA,Femenino,0
MAURITANIA,2022,RACISMO/XENOFOBIA,Masculino,0
MOLDAVIA,2022,RACISMO/XENOFOBIA,Ambos sexos,0
MOLDAVIA,2022,RACISMO/XENOFOBIA,Femenino,0
MOLDAVIA,2022,RACISMO/XENOFOBIA,Masculino,0
MONGOLIA,2022,RACISMO/XENOFOBIA,Ambos sexos,0
MONGOLIA,2022,RACISMO/XENOFOBIA,Femenino,0
MONGOLIA,2022,RACISMO/XENOFOBIA,Masculino,0
NEPAL,2022,RACISMO/XENOFOBIA,Ambos sexos,0
NEPAL,2022,RACISMO/XENOFOBIA,Femenino,0
NEPAL,2022,RACISMO/XENOFOBIA,Masculino,0
NICARAGUA,2022,RACISMO/XENOFOBIA,Ambos sexos,1
NICARAGUA,2022,RACISMO/XENOFOBIA,Femenino,1
NICARAGUA,2022,RACISMO/XENOFOBIA,Masculino,0
NIGERIA,2022,RACISMO/XENOFOBIA,Ambos sexos,0
NIGERIA,2022,RACISMO/XENOFOBIA,Femenino,0
NIGERIA,2022,RACISMO/XENOFOBIA,Masculino,0
NÍGER REP.,2022,RACISMO/XENOFOBIA,Ambos sexos,0
NÍGER REP.,2022,RACISMO/XENOFOBIA,Femenino,0
NÍGER REP.,2022,RACISMO/XENOFOBIA,Masculino,0
PANAMA,2022,RACISMO/XENOFOBIA,Ambos sexos,0
PANAMA,2022,RACISMO/XENOFOBIA,Femenino,0
PANAMA,2022,RACISMO/XENOFOBIA,Masculino,0
PAQUISTÁN,2022,RACISMO/XENOFOBIA,Ambos sexos,0
PAQUISTÁN,2022,RACISMO/XENOFOBIA,Femenino,0
PAQUISTÁN,2022,RACISMO/XENOFOBIA,Masculino,0
PARAGUAY,2022,RACISMO/XENOFOBIA,Ambos sexos,1
PARAGUAY,2022,RACISMO/XENOFOBIA,Femenino,0
PARAGUAY,2022,RACISMO/XENOFOBIA,Masculino,1
PAÍS DESCONOCIDO,2022,RACISMO/XENOFOBIA,Ambos sexos,0
PAÍS DESCONOCIDO,2022,RACISMO/XENOFOBIA,Femenino,0
PAÍS DESCONOCIDO,2022,RACISMO/XENOFOBIA,Masculino,0
PAÍS NO CODIFICADO,2022,RACISMO/XENOFOBIA,Ambos sexos,0
PAÍS NO CODIFICADO,2022,RACISMO/XENOFOBIA,Femenino,0
PAÍS NO CODIFICADO,2022,RACISMO/XENOFOBIA,Masculino,0
PERÚ,2022,RACISMO/XENOFOBIA,Ambos sexos,0
PERÚ,2022,RACISMO/XENOFOBIA,Femenino,0
PERÚ,2022,RACISMO/XENOFOBIA,Masculino,0
POLONIA,2022,RACISMO/XENOFOBIA,Ambos sexos,0
POLONIA,2022,RACISMO/XENOFOBIA,Femenino,0
POLONIA,2022,RACISMO/XENOFOBIA,Masculino,0
PORTUGAL,2022,RACISMO/XENOFOBIA,Ambos sexos,5
PORTUGAL,2022,RACISMO/XENOFOBIA,Femenino,1
PORTUGAL,2022,RACISMO/XENOFOBIA,Masculino,4
REINO UNIDO,2022,RACISMO/XENOFOBIA,Ambos sexos,0
REINO UNIDO,2022,RACISMO/XENOFOBIA,Femenino,0
REINO UNIDO,2022,RACISMO/XENOFOBIA,Masculino,0
REPÚBLICA CHECA,2022,RACISMO/XENOFOBIA,Ambos sexos,0
REPÚBLICA CHECA,2022,RACISMO/XENOFOBIA,Femenino,0
REPÚBLICA CHECA,2022,RACISMO/XENOFOBIA,Masculino,0
REPÚBLICA DOMINICANA,2022,RACISMO/XENOFOBIA,Ambos sexos,5
REPÚBLICA DOMINICANA,2022,RACISMO/XENOFOBIA,Femenino,0
REPÚBLICA DOMINICANA,2022,RACISMO/XENOFOBIA,Masculino,5
RUMANÍA,2022,RACISMO/XENOFOBIA,Ambos sexos,6
RUMANÍA,2022,RACISMO/XENOFOBIA,Femenino,1
RUMANÍA,2022,RACISMO/XENOFOBIA,Masculino,5
RUSIA,2022,RACISMO/XENOFOBIA,Ambos sexos,0
RUSIA,2022,RACISMO/XENOFOBIA,Femenino,0
RUSIA,2022,RACISMO/XENOFOBIA,Masculino,0
SENEGAL,2022,RACISMO/XENOFOBIA,Ambos sexos,0
SENEGAL,2022,RACISMO/XENOFOBIA,Femenino,0
SENEGAL,2022,RACISMO/XENOFOBIA,Masculino,0
SERBIA (YUGOSLAVIA),2022,RACISMO/XENOFOBIA,Ambos sexos,0
SERBIA (YUGOSLAVIA),2022,RACISMO/XENOFOBIA,Femenino,0
SERBIA (YUGOSLAVIA),2022,RACISMO/XENOFOBIA,Masculino,0
SIERRA LEONA,2022,RACISMO/XENOFOBIA,Ambos sexos,1
SIERRA LEONA,2022,RACISMO/XENOFOBIA,Femenino,0
SIERRA LEONA,2022,RACISMO/XENOFOBIA,Masculino,1
SIRIA,2022,RACISMO/XENOFOBIA,Ambos sexos,2
SIRIA,2022,RACISMO/XENOFOBIA,Femenino,0
SIRIA,2022,RACISMO/XENOFOBIA,Masculino,2
SUDÁFRICA R.,2022,RACISMO/XENOFOBIA,Ambos sexos,0
SUDÁFRICA R.,2022,RACISMO/XENOFOBIA,Femenino,0
SUDÁFRICA R.,2022,RACISMO/XENOFOBIA,Masculino,0
SUECIA,2022,RACISMO/XENOFOBIA,Ambos sexos,0
SUECIA,2022,RACISMO/XENOFOBIA,Femenino,0
SUECIA,2022,RACISMO/XENOFOBIA,Masculino,0
SUIZA,2022,RACISMO/XENOFOBIA,Ambos sexos,0
SUIZA,2022,RACISMO/XENOFOBIA,Femenino,0
SUIZA,2022,RACISMO/XENOFOBIA,Masculino,0
TOTAL nacionalidad,2022,RACISMO/XENOFOBIA,Ambos sexos,361
TOTAL nacionalidad,2022,RACISMO/XENOFOBIA,Femenino,87
TOTAL nacionalidad,2022,RACISMO/XENOFOBIA,Masculino,274
TURQUÍA,2022,RACISMO/XENOFOBIA,Ambos sexos,0
TURQUÍA,2022,RACISMO/XENOFOBIA,Femenino,0
TURQUÍA,2022,RACISMO/XENOFOBIA,Masculino,0
TÚNEZ,2022,RACISMO/XENOFOBIA,Ambos sexos,0
TÚNEZ,2022,RACISMO/XENOFOBIA,Femenino,0
TÚNEZ,2022,RACISMO/XENOFOBIA,Masculino,0
UCRANIA,2022,RACISMO/XENOFOBIA,Ambos sexos,3
UCRANIA,2022,RACISMO/XENOFOBIA,Femenino,1
UCRANIA,2022,RACISMO/XENOFOBIA,Masculino,2
URUGUAY,2022,RACISMO/XENOFOBIA,Ambos sexos,0
URUGUAY,2022,RACISMO/XENOFOBIA,Femenino,0
URUGUAY,2022,RACISMO/XENOFOBIA,Masculino,0
VENEZUELA,2022,RACISMO/XENOFOBIA,Ambos sexos,0
VENEZUELA,2022,RACISMO/XENOFOBIA,Femenino,0
VENEZUELA,2022,RACISMO/XENOFOBIA,Masculino,0
ZAMBIA,2022,RACISMO/XENOFOBIA,Ambos sexos,0
ZAMBIA,2022,RACISMO/XENOFOBIA,Femenino,0
ZAMBIA,2022,RACISMO/XENOFOBIA,Masculino,0
ALBANIA,2022,TOTAL ámbito,Ambos sexos,0
ALBANIA,2022,TOTAL ámbito,Femenino,0
ALBANIA,2022,TOTAL ámbito,Masculino,0
ALEMANIA,2022,TOTAL ámbito,Ambos sexos,2
ALEMANIA,2022,TOTAL ámbito,Femenino,0
ALEMANIA,2022,TOTAL ámbito,Masculino,2
ANDORRA,2022,TOTAL ámbito,Ambos sexos,0
ANDORRA,2022,TOTAL ámbito,Femenino,0
ANDORRA,2022,TOTAL ámbito,Masculino,0
ANGOLA,2022,TOTAL ámbito,Ambos sexos,0
ANGOLA,2022,TOTAL ámbito,Femenino,0
ANGOLA,2022,TOTAL ámbito,Masculino,0
ARGELIA,2022,TOTAL ámbito,Ambos sexos,15
ARGELIA,2022,TOTAL ámbito,Femenino,0
ARGELIA,2022,TOTAL ámbito,Masculino,15
ARGENTINA,2022,TOTAL ámbito,Ambos sexos,1
ARGENTINA,2022,TOTAL ámbito,Femenino,1
ARGENTINA,2022,TOTAL ámbito,Masculino,0
ARMENIA,2022,TOTAL ámbito,Ambos sexos,0
ARMENIA,2022,TOTAL ámbito,Femenino,0
ARMENIA,2022,TOTAL ámbito,Masculino,0
BANGLADESH,2022,TOTAL ámbito,Ambos sexos,0
BANGLADESH,2022,TOTAL ámbito,Femenino,0
BANGLADESH,2022,TOTAL ámbito,Masculino,0
BIELORRUSIA,2022,TOTAL ámbito,Ambos sexos,0
BIELORRUSIA,2022,TOTAL ámbito,Femenino,0
BIELORRUSIA,2022,TOTAL ámbito,Masculino,0
BOLIVIA,2022,TOTAL ámbito,Ambos sexos,0
BOLIVIA,2022,TOTAL ámbito,Femenino,0
BOLIVIA,2022,TOTAL ámbito,Masculino,0
BRASIL,2022,TOTAL ámbito,Ambos sexos,2
BRASIL,2022,TOTAL ámbito,Femenino,1
BRASIL,2022,TOTAL ámbito,Masculino,1
BULGARIA,2022,TOTAL ámbito,Ambos sexos,1
BULGARIA,2022,TOTAL ámbito,Femenino,0
BULGARIA,2022,TOTAL ámbito,Masculino,1
BÉLGICA,2022,TOTAL ámbito,Ambos sexos,0
BÉLGICA,2022,TOTAL ámbito,Femenino,0
BÉLGICA,2022,TOTAL ámbito,Masculino,0
CAMERÚN,2022,TOTAL ámbito,Ambos sexos,0
CAMERÚN,2022,TOTAL ámbito,Femenino,0
CAMERÚN,2022,TOTAL ámbito,Masculino,0
CENTRO ÁFRICANA REPÚBLICA,2022,TOTAL ámbito,Ambos sexos,0
CENTRO ÁFRICANA REPÚBLICA,2022,TOTAL ámbito,Femenino,0
CENTRO ÁFRICANA REPÚBLICA,2022,TOTAL ámbito,Masculino,0
CHILE,2022,TOTAL ámbito,Ambos sexos,1
CHILE,2022,TOTAL ámbito,Femenino,0
CHILE,2022,TOTAL ámbito,Masculino,1
CHINA POPULAR,2022,TOTAL ámbito,Ambos sexos,1
CHINA POPULAR,2022,TOTAL ámbito,Femenino,0
CHINA POPULAR,2022,TOTAL ámbito,Masculino,1
COLOMBIA,2022,TOTAL ámbito,Ambos sexos,13
COLOMBIA,2022,TOTAL ámbito,Femenino,3
COLOMBIA,2022,TOTAL ámbito,Masculino,10
CONGO-BRAZZAVILLE,2022,TOTAL ámbito,Ambos sexos,0
CONGO-BRAZZAVILLE,2022,TOTAL ámbito,Femenino,0
CONGO-BRAZZAVILLE,2022,TOTAL ámbito,Masculino,0
COSTA DE MARFIL,2022,TOTAL ámbito,Ambos sexos,0
COSTA DE MARFIL,2022,TOTAL ámbito,Femenino,0
COSTA DE MARFIL,2022,TOTAL ámbito,Masculino,0
CROACIA,2022,TOTAL ámbito,Ambos sexos,0
CROACIA,2022,TOTAL ámbito,Femenino,0
CROACIA,2022,TOTAL ámbito,Masculino,0
CUBA,2022,TOTAL ámbito,Ambos sexos,0
CUBA,2022,TOTAL ámbito,Femenino,0
CUBA,2022,TOTAL ámbito,Masculino,0
ECUADOR,2022,TOTAL ámbito,Ambos sexos,3
ECUADOR,2022,TOTAL ámbito,Femenino,2
ECUADOR,2022,TOTAL ámbito,Masculino,1
EE.UU.,2022,TOTAL ámbito,Ambos sexos,0
EE.UU.,2022,TOTAL ámbito,Femenino,0
EE.UU.,2022,TOTAL ámbito,Masculino,0
EGIPTO,2022,TOTAL ámbito,Ambos sexos,1
EGIPTO,2022,TOTAL ámbito,Femenino,0
EGIPTO,2022,TOTAL ámbito,Masculino,1
EL SALVADOR,2022,TOTAL ámbito,Ambos sexos,0
EL SALVADOR,2022,TOTAL ámbito,Femenino,0
EL SALVADOR,2022,TOTAL ámbito,Masculino,0
ERITREA,2022,TOTAL ámbito,Ambos sexos,0
ERITREA,2022,TOTAL ámbito,Femenino,0
ERITREA,2022,TOTAL ámbito,Masculino,0
ESLOVAQUIA,2022,TOTAL ámbito,Ambos sexos,0
ESLOVAQUIA,2022,TOTAL ámbito,Femenino,0
ESLOVAQUIA,2022,TOTAL ámbito,Masculino,0
ESPAÑA,2022,TOTAL ámbito,Ambos sexos,645
ESPAÑA,2022,TOTAL ámbito,Femenino,150
ESPAÑA,2022,TOTAL ámbito,Masculino,495
ESTONIA,2022,TOTAL ámbito,Ambos sexos,2
ESTONIA,2022,TOTAL ámbito,Femenino,0
ESTONIA,2022,TOTAL ámbito,Masculino,2
FILIPINAS,2022,TOTAL ámbito,Ambos sexos,0
FILIPINAS,2022,TOTAL ámbito,Femenino,0
FILIPINAS,2022,TOTAL ámbito,Masculino,0
FRANCIA,2022,TOTAL ámbito,Ambos sexos,1
FRANCIA,2022,TOTAL ámbito,Femenino,0
FRANCIA,2022,TOTAL ámbito,Masculino,1
GAMBIA,2022,TOTAL ámbito,Ambos sexos,0
GAMBIA,2022,TOTAL ámbito,Femenino,0
GAMBIA,2022,TOTAL ámbito,Masculino,0
GEORGIA,2022,TOTAL ámbito,Ambos sexos,0
GEORGIA,2022,TOTAL ámbito,Femenino,0
GEORGIA,2022,TOTAL ámbito,Masculino,0
GHANA,2022,TOTAL ámbito,Ambos sexos,1
GHANA,2022,TOTAL ámbito,Femenino,0
GHANA,2022,TOTAL ámbito,Masculino,1
GRECIA,2022,TOTAL ámbito,Ambos sexos,0
GRECIA,2022,TOTAL ámbito,Femenino,0
GRECIA,2022,TOTAL ámbito,Masculino,0
GUATEMALA,2022,TOTAL ámbito,Ambos sexos,1
GUATEMALA,2022,TOTAL ámbito,Femenino,0
GUATEMALA,2022,TOTAL ámbito,Masculino,1
GUINEA ECUATORIAL,2022,TOTAL ámbito,Ambos sexos,0
GUINEA ECUATORIAL,2022,TOTAL ámbito,Femenino,0
GUINEA ECUATORIAL,2022,TOTAL ámbito,Masculino,0
GUINEA REP.,2022,TOTAL ámbito,Ambos sexos,1
GUINEA REP.,2022,TOTAL ámbito,Femenino,1
GUINEA REP.,2022,TOTAL ámbito,Masculino,0
HAITI,2022,TOTAL ámbito,Ambos sexos,0
HAITI,2022,TOTAL ámbito,Femenino,0
HAITI,2022,TOTAL ámbito,Masculino,0
HOLANDA,2022,TOTAL ámbito,Ambos sexos,0
HOLANDA,2022,TOTAL ámbito,Femenino,0
HOLANDA,2022,TOTAL ámbito,Masculino,0
HONDURAS,2022,TOTAL ámbito,Ambos sexos,2
HONDURAS,2022,TOTAL ámbito,Femenino,0
HONDURAS,2022,TOTAL ámbito,Masculino,2
INDIA,2022,TOTAL ámbito,Ambos sexos,0
INDIA,2022,TOTAL ámbito,Femenino,0
INDIA,2022,TOTAL ámbito,Masculino,0
IRLANDA,2022,TOTAL ámbito,Ambos sexos,1
IRLANDA,2022,TOTAL ámbito,Femenino,0
IRLANDA,2022,TOTAL ámbito,Masculino,1
IRÁN,2022,TOTAL ámbito,Ambos sexos,0
IRÁN,2022,TOTAL ámbito,Femenino,0
IRÁN,2022,TOTAL ámbito,Masculino,0
ISRAEL,2022,TOTAL ámbito,Ambos sexos,1
ISRAEL,2022,TOTAL ámbito,Femenino,0
ISRAEL,2022,TOTAL ámbito,Masculino,1
ITALIA,2022,TOTAL ámbito,Ambos sexos,4
ITALIA,2022,TOTAL ámbito,Femenino,0
ITALIA,2022,TOTAL ámbito,Masculino,4
LETONIA,2022,TOTAL ámbito,Ambos sexos,0
LETONIA,2022,TOTAL ámbito,Femenino,0
LETONIA,2022,TOTAL ámbito,Masculino,0
LIBERIA,2022,TOTAL ámbito,Ambos sexos,0
LIBERIA,2022,TOTAL ámbito,Femenino,0
LIBERIA,2022,TOTAL ámbito,Masculino,0
LIBIA,2022,TOTAL ámbito,Ambos sexos,0
LIBIA,2022,TOTAL ámbito,Femenino,0
LIBIA,2022,TOTAL ámbito,Masculino,0
LITUANIA,2022,TOTAL ámbito,Ambos sexos,4
LITUANIA,2022,TOTAL ámbito,Femenino,0
LITUANIA,2022,TOTAL ámbito,Masculino,4
LÍBANO,2022,TOTAL ámbito,Ambos sexos,0
LÍBANO,2022,TOTAL ámbito,Femenino,0
LÍBANO,2022,TOTAL ámbito,Masculino,0
MALI,2022,TOTAL ámbito,Ambos sexos,2
MALI,2022,TOTAL ámbito,Femenino,1
MALI,2022,TOTAL ámbito,Masculino,1
MARRUECOS,2022,TOTAL ámbito,Ambos sexos,69
MARRUECOS,2022,TOTAL ámbito,Femenino,6
MARRUECOS,2022,TOTAL ámbito,Masculino,63
MAURITANIA,2022,TOTAL ámbito,Ambos sexos,1
MAURITANIA,2022,TOTAL ámbito,Femenino,0
MAURITANIA,2022,TOTAL ámbito,Masculino,1
MOLDAVIA,2022,TOTAL ámbito,Ambos sexos,0
MOLDAVIA,2022,TOTAL ámbito,Femenino,0
MOLDAVIA,2022,TOTAL ámbito,Masculino,0
MONGOLIA,2022,TOTAL ámbito,Ambos sexos,2
MONGOLIA,2022,TOTAL ámbito,Femenino,1
MONGOLIA,2022,TOTAL ámbito,Masculino,1
NEPAL,2022,TOTAL ámbito,Ambos sexos,0
NEPAL,2022,TOTAL ámbito,Femenino,0
NEPAL,2022,TOTAL ámbito,Masculino,0
NICARAGUA,2022,TOTAL ámbito,Ambos sexos,2
NICARAGUA,2022,TOTAL ámbito,Femenino,1
NICARAGUA,2022,TOTAL ámbito,Masculino,1
NIGERIA,2022,TOTAL ámbito,Ambos sexos,0
NIGERIA,2022,TOTAL ámbito,Femenino,0
NIGERIA,2022,TOTAL ámbito,Masculino,0
NÍGER REP.,2022,TOTAL ámbito,Ambos sexos,0
NÍGER REP.,2022,TOTAL ámbito,Femenino,0
NÍGER REP.,2022,TOTAL ámbito,Masculino,0
PANAMA,2022,TOTAL ámbito,Ambos sexos,0
PANAMA,2022,TOTAL ámbito,Femenino,0
PANAMA,2022,TOTAL ámbito,Masculino,0
PAQUISTÁN,2022,TOTAL ámbito,Ambos sexos,1
PAQUISTÁN,2022,TOTAL ámbito,Femenino,0
PAQUISTÁN,2022,TOTAL ámbito,Masculino,1
PARAGUAY,2022,TOTAL ámbito,Ambos sexos,3
PARAGUAY,2022,TOTAL ámbito,Femenino,0
PARAGUAY,2022,TOTAL ámbito,Masculino,3
PAÍS DESCONOCIDO,2022,TOTAL ámbito,Ambos sexos,5
PAÍS DESCONOCIDO,2022,TOTAL ámbito,Femenino,0
PAÍS DESCONOCIDO,2022,TOTAL ámbito,Masculino,5
PAÍS NO CODIFICADO,2022,TOTAL ámbito,Ambos sexos,0
PAÍS NO CODIFICADO,2022,TOTAL ámbito,Femenino,0
PAÍS NO CODIFICADO,2022,TOTAL ámbito,Masculino,0
PERÚ,2022,TOTAL ámbito,Ambos sexos,1
PERÚ,2022,TOTAL ámbito,Femenino,1
PERÚ,2022,TOTAL ámbito,Masculino,0
POLONIA,2022,TOTAL ámbito,Ambos sexos,0
POLONIA,2022,TOTAL ámbito,Femenino,0
POLONIA,2022,TOTAL ámbito,Masculino,0
PORTUGAL,2022,TOTAL ámbito,Ambos sexos,6
PORTUGAL,2022,TOTAL ámbito,Femenino,1
PORTUGAL,2022,TOTAL ámbito,Masculino,5
REINO UNIDO,2022,TOTAL ámbito,Ambos sexos,0
REINO UNIDO,2022,TOTAL ámbito,Femenino,0
REINO UNIDO,2022,TOTAL ámbito,Masculino,0
REPÚBLICA CHECA,2022,TOTAL ámbito,Ambos sexos,0
REPÚBLICA CHECA,2022,TOTAL ámbito,Femenino,0
REPÚBLICA CHECA,2022,TOTAL ámbito,Masculino,0
REPÚBLICA DOMINICANA,2022,TOTAL ámbito,Ambos sexos,8
REPÚBLICA DOMINICANA,2022,TOTAL ámbito,Femenino,0
REPÚBLICA DOMINICANA,2022,TOTAL ámbito,Masculino,8
RUMANÍA,2022,TOTAL ámbito,Ambos sexos,16
RUMANÍA,2022,TOTAL ámbito,Femenino,5
RUMANÍA,2022,TOTAL ámbito,Masculino,11
RUSIA,2022,TOTAL ámbito,Ambos sexos,3
RUSIA,2022,TOTAL ámbito,Femenino,3
RUSIA,2022,TOTAL ámbito,Masculino,0
SENEGAL,2022,TOTAL ámbito,Ambos sexos,1
SENEGAL,2022,TOTAL ámbito,Femenino,0
SENEGAL,2022,TOTAL ámbito,Masculino,1
SERBIA (YUGOSLAVIA),2022,TOTAL ámbito,Ambos sexos,0
SERBIA (YUGOSLAVIA),2022,TOTAL ámbito,Femenino,0
SERBIA (YUGOSLAVIA),2022,TOTAL ámbito,Masculino,0
SIERRA LEONA,2022,TOTAL ámbito,Ambos sexos,1
SIERRA LEONA,2022,TOTAL ámbito,Femenino,0
SIERRA LEONA,2022,TOTAL ámbito,Masculino,1
SIRIA,2022,TOTAL ámbito,Ambos sexos,2
SIRIA,2022,TOTAL ámbito,Femenino,0
SIRIA,2022,TOTAL ámbito,Masculino,2
SUDÁFRICA R.,2022,TOTAL ámbito,Ambos sexos,0
SUDÁFRICA R.,2022,TOTAL ámbito,Femenino,0
SUDÁFRICA R.,2022,TOTAL ámbito,Masculino,0
SUECIA,2022,TOTAL ámbito,Ambos sexos,0
SUECIA,2022,TOTAL ámbito,Femenino,0
SUECIA,2022,TOTAL ámbito,Masculino,0
SUIZA,2022,TOTAL ámbito,Ambos sexos,0
SUIZA,2022,TOTAL ámbito,Femenino,0
SUIZA,2022,TOTAL ámbito,Masculino,0
TOTAL nacionalidad,2022,TOTAL ámbito,Ambos sexos,838
TOTAL nacionalidad,2022,TOTAL ámbito,Femenino,178
TOTAL nacionalidad,2022,TOTAL ámbito,Masculino,660
TURQUÍA,2022,TOTAL ámbito,Ambos sexos,0
TURQUÍA,2022,TOTAL ámbito,Femenino,0
TURQUÍA,2022,TOTAL ámbito,Masculino,0
TÚNEZ,2022,TOTAL ámbito,Ambos sexos,1
TÚNEZ,2022,TOTAL ámbito,Femenino,0
TÚNEZ,2022,TOTAL ámbito,Masculino,1
UCRANIA,2022,TOTAL ámbito,Ambos sexos,6
UCRANIA,2022,TOTAL ámbito,Femenino,1
UCRANIA,2022,TOTAL ámbito,Masculino,5
URUGUAY,2022,TOTAL ámbito,Ambos sexos,0
URUGUAY,2022,TOTAL ámbito,Femenino,0
URUGUAY,2022,TOTAL ámbito,Masculino,0
VENEZUELA,2022,TOTAL ámbito,Ambos sexos,5
VENEZUELA,2022,TOTAL ámbito,Femenino,0
VENEZUELA,2022,TOTAL ámbito,Masculino,5
ZAMBIA,2022,TOTAL ámbito,Ambos sexos,0
ZAMBIA,2022,TOTAL ámbito,Femenino,0
ZAMBIA,2022,TOTAL ámbito,Masculino,0
ALBANIA,2023,ANTIGITANISMO,Ambos sexos,0
ALBANIA,2023,ANTIGITANISMO,Femenino,0
ALBANIA,2023,ANTIGITANISMO,Masculino,0
ALEMANIA,2023,ANTIGITANISMO,Ambos sexos,0
ALEMANIA,2023,ANTIGITANISMO,Femenino,0
ALEMANIA,2023,ANTIGITANISMO,Masculino,0
ANDORRA,2023,ANTIGITANISMO,Ambos sexos,0
ANDORRA,2023,ANTIGITANISMO,Femenino,0
ANDORRA,2023,ANTIGITANISMO,Masculino,0
ANGOLA,2023,ANTIGITANISMO,Ambos sexos,0
ANGOLA,2023,ANTIGITANISMO,Femenino,0
ANGOLA,2023,ANTIGITANISMO,Masculino,0
ARGELIA,2023,ANTIGITANISMO,Ambos sexos,0
ARGELIA,2023,ANTIGITANISMO,Femenino,0
ARGELIA,2023,ANTIGITANISMO,Masculino,0
ARGENTINA,2023,ANTIGITANISMO,Ambos sexos,0
ARGENTINA,2023,ANTIGITANISMO,Femenino,0
ARGENTINA,2023,ANTIGITANISMO,Masculino,0
ARMENIA,2023,ANTIGITANISMO,Ambos sexos,0
ARMENIA,2023,ANTIGITANISMO,Femenino,0
ARMENIA,2023,ANTIGITANISMO,Masculino,0
BANGLADESH,2023,ANTIGITANISMO,Ambos sexos,0
BANGLADESH,2023,ANTIGITANISMO,Femenino,0
BANGLADESH,2023,ANTIGITANISMO,Masculino,0
BIELORRUSIA,2023,ANTIGITANISMO,Ambos sexos,0
BIELORRUSIA,2023,ANTIGITANISMO,Femenino,0
BIELORRUSIA,2023,ANTIGITANISMO,Masculino,0
BOLIVIA,2023,ANTIGITANISMO,Ambos sexos,0
BOLIVIA,2023,ANTIGITANISMO,Femenino,0
BOLIVIA,2023,ANTIGITANISMO,Masculino,0
BRASIL,2023,ANTIGITANISMO,Ambos sexos,0
BRASIL,2023,ANTIGITANISMO,Femenino,0
BRASIL,2023,ANTIGITANISMO,Masculino,0
BULGARIA,2023,ANTIGITANISMO,Ambos sexos,0
BULGARIA,2023,ANTIGITANISMO,Femenino,0
BULGARIA,2023,ANTIGITANISMO,Masculino,0
BÉLGICA,2023,ANTIGITANISMO,Ambos sexos,0
BÉLGICA,2023,ANTIGITANISMO,Femenino,0
BÉLGICA,2023,ANTIGITANISMO,Masculino,0
CAMERÚN,2023,ANTIGITANISMO,Ambos sexos,0
CAMERÚN,2023,ANTIGITANISMO,Femenino,0
CAMERÚN,2023,ANTIGITANISMO,Masculino,0
CENTRO ÁFRICANA REPÚBLICA,2023,ANTIGITANISMO,Ambos sexos,0
CENTRO ÁFRICANA REPÚBLICA,2023,ANTIGITANISMO,Femenino,0
CENTRO ÁFRICANA REPÚBLICA,2023,ANTIGITANISMO,Masculino,0
CHILE,2023,ANTIGITANISMO,Ambos sexos,0
CHILE,2023,ANTIGITANISMO,Femenino,0
CHILE,2023,ANTIGITANISMO,Masculino,0
CHINA POPULAR,2023,ANTIGITANISMO,Ambos sexos,0
CHINA POPULAR,2023,ANTIGITANISMO,Femenino,0
CHINA POPULAR,2023,ANTIGITANISMO,Masculino,0
COLOMBIA,2023,ANTIGITANISMO,Ambos sexos,0
COLOMBIA,2023,ANTIGITANISMO,Femenino,0
COLOMBIA,2023,ANTIGITANISMO,Masculino,0
CONGO-BRAZZAVILLE,2023,ANTIGITANISMO,Ambos sexos,0
CONGO-BRAZZAVILLE,2023,ANTIGITANISMO,Femenino,0
CONGO-BRAZZAVILLE,2023,ANTIGITANISMO,Masculino,0
COSTA DE MARFIL,2023,ANTIGITANISMO,Ambos sexos,0
COSTA DE MARFIL,2023,ANTIGITANISMO,Femenino,0
COSTA DE MARFIL,2023,ANTIGITANISMO,Masculino,0
CROACIA,2023,ANTIGITANISMO,Ambos sexos,0
CROACIA,2023,ANTIGITANISMO,Femenino,0
CROACIA,2023,ANTIGITANISMO,Masculino,0
CUBA,2023,ANTIGITANISMO,Ambos sexos,0
CUBA,2023,ANTIGITANISMO,Femenino,0
CUBA,2023,ANTIGITANISMO,Masculino,0
ECUADOR,2023,ANTIGITANISMO,Ambos sexos,0
ECUADOR,2023,ANTIGITANISMO,Femenino,0
ECUADOR,2023,ANTIGITANISMO,Masculino,0
EE.UU.,2023,ANTIGITANISMO,Ambos sexos,0
EE.UU.,2023,ANTIGITANISMO,Femenino,0
EE.UU.,2023,ANTIGITANISMO,Masculino,0
EGIPTO,2023,ANTIGITANISMO,Ambos sexos,0
EGIPTO,2023,ANTIGITANISMO,Femenino,0
EGIPTO,2023,ANTIGITANISMO,Masculino,0
EL SALVADOR,2023,ANTIGITANISMO,Ambos sexos,0
EL SALVADOR,2023,ANTIGITANISMO,Femenino,0
EL SALVADOR,2023,ANTIGITANISMO,Masculino,0
ERITREA,2023,ANTIGITANISMO,Ambos sexos,0
ERITREA,2023,ANTIGITANISMO,Femenino,0
ERITREA,2023,ANTIGITANISMO,Masculino,0
ESLOVAQUIA,2023,ANTIGITANISMO,Ambos sexos,0
ESLOVAQUIA,2023,ANTIGITANISMO,Femenino,0
ESLOVAQUIA,2023,ANTIGITANISMO,Masculino,0
ESPAÑA,2023,ANTIGITANISMO,Ambos sexos,7
ESPAÑA,2023,ANTIGITANISMO,Femenino,4
ESPAÑA,2023,ANTIGITANISMO,Masculino,3
ESTONIA,2023,ANTIGITANISMO,Ambos sexos,0
ESTONIA,2023,ANTIGITANISMO,Femenino,0
ESTONIA,2023,ANTIGITANISMO,Masculino,0
FILIPINAS,2023,ANTIGITANISMO,Ambos sexos,0
FILIPINAS,2023,ANTIGITANISMO,Femenino,0
FILIPINAS,2023,ANTIGITANISMO,Masculino,0
FRANCIA,2023,ANTIGITANISMO,Ambos sexos,0
FRANCIA,2023,ANTIGITANISMO,Femenino,0
FRANCIA,2023,ANTIGITANISMO,Masculino,0
GAMBIA,2023,ANTIGITANISMO,Ambos sexos,0
GAMBIA,2023,ANTIGITANISMO,Femenino,0
GAMBIA,2023,ANTIGITANISMO,Masculino,0
GEORGIA,2023,ANTIGITANISMO,Ambos sexos,0
GEORGIA,2023,ANTIGITANISMO,Femenino,0
GEORGIA,2023,ANTIGITANISMO,Masculino,0
GHANA,2023,ANTIGITANISMO,Ambos sexos,0
GHANA,2023,ANTIGITANISMO,Femenino,0
GHANA,2023,ANTIGITANISMO,Masculino,0
GRECIA,2023,ANTIGITANISMO,Ambos sexos,0
GRECIA,2023,ANTIGITANISMO,Femenino,0
GRECIA,2023,ANTIGITANISMO,Masculino,0
GUATEMALA,2023,ANTIGITANISMO,Ambos sexos,0
GUATEMALA,2023,ANTIGITANISMO,Femenino,0
GUATEMALA,2023,ANTIGITANISMO,Masculino,0
GUINEA ECUATORIAL,2023,ANTIGITANISMO,Ambos sexos,0
GUINEA ECUATORIAL,2023,ANTIGITANISMO,Femenino,0
GUINEA ECUATORIAL,2023,ANTIGITANISMO,Masculino,0
GUINEA REP.,2023,ANTIGITANISMO,Ambos sexos,0
GUINEA REP.,2023,ANTIGITANISMO,Femenino,0
GUINEA REP.,2023,ANTIGITANISMO,Masculino,0
HAITI,2023,ANTIGITANISMO,Ambos sexos,0
HAITI,2023,ANTIGITANISMO,Femenino,0
HAITI,2023,ANTIGITANISMO,Masculino,0
HOLANDA,2023,ANTIGITANISMO,Ambos sexos,0
HOLANDA,2023,ANTIGITANISMO,Femenino,0
HOLANDA,2023,ANTIGITANISMO,Masculino,0
HONDURAS,2023,ANTIGITANISMO,Ambos sexos,0
HONDURAS,2023,ANTIGITANISMO,Femenino,0
HONDURAS,2023,ANTIGITANISMO,Masculino,0
INDIA,2023,ANTIGITANISMO,Ambos sexos,0
INDIA,2023,ANTIGITANISMO,Femenino,0
INDIA,2023,ANTIGITANISMO,Masculino,0
IRLANDA,2023,ANTIGITANISMO,Ambos sexos,0
IRLANDA,2023,ANTIGITANISMO,Femenino,0
IRLANDA,2023,ANTIGITANISMO,Masculino,0
IRÁN,2023,ANTIGITANISMO,Ambos sexos,0
IRÁN,2023,ANTIGITANISMO,Femenino,0
IRÁN,2023,ANTIGITANISMO,Masculino,0
ISRAEL,2023,ANTIGITANISMO,Ambos sexos,0
ISRAEL,2023,ANTIGITANISMO,Femenino,0
ISRAEL,2023,ANTIGITANISMO,Masculino,0
ITALIA,2023,ANTIGITANISMO,Ambos sexos,0
ITALIA,2023,ANTIGITANISMO,Femenino,0
ITALIA,2023,ANTIGITANISMO,Masculino,0
LETONIA,2023,ANTIGITANISMO,Ambos sexos,0
LETONIA,2023,ANTIGITANISMO,Femenino,0
LETONIA,2023,ANTIGITANISMO,Masculino,0
LIBERIA,2023,ANTIGITANISMO,Ambos sexos,0
LIBERIA,2023,ANTIGITANISMO,Femenino,0
LIBERIA,2023,ANTIGITANISMO,Masculino,0
LIBIA,2023,ANTIGITANISMO,Ambos sexos,0
LIBIA,2023,ANTIGITANISMO,Femenino,0
LIBIA,2023,ANTIGITANISMO,Masculino,0
LITUANIA,2023,ANTIGITANISMO,Ambos sexos,0
LITUANIA,2023,ANTIGITANISMO,Femenino,0
LITUANIA,2023,ANTIGITANISMO,Masculino,0
LÍBANO,2023,ANTIGITANISMO,Ambos sexos,0
LÍBANO,2023,ANTIGITANISMO,Femenino,0
LÍBANO,2023,ANTIGITANISMO,Masculino,0
MALI,2023,ANTIGITANISMO,Ambos sexos,0
MALI,2023,ANTIGITANISMO,Femenino,0
MALI,2023,ANTIGITANISMO,Masculino,0
MARRUECOS,2023,ANTIGITANISMO,Ambos sexos,0
MARRUECOS,2023,ANTIGITANISMO,Femenino,0
MARRUECOS,2023,ANTIGITANISMO,Masculino,0
MAURITANIA,2023,ANTIGITANISMO,Ambos sexos,0
MAURITANIA,2023,ANTIGITANISMO,Femenino,0
MAURITANIA,2023,ANTIGITANISMO,Masculino,0
MOLDAVIA,2023,ANTIGITANISMO,Ambos sexos,0
MOLDAVIA,2023,ANTIGITANISMO,Femenino,0
MOLDAVIA,2023,ANTIGITANISMO,Masculino,0
MONGOLIA,2023,ANTIGITANISMO,Ambos sexos,0
MONGOLIA,2023,ANTIGITANISMO,Femenino,0
MONGOLIA,2023,ANTIGITANISMO,Masculino,0
NEPAL,2023,ANTIGITANISMO,Ambos sexos,0
NEPAL,2023,ANTIGITANISMO,Femenino,0
NEPAL,2023,ANTIGITANISMO,Masculino,0
NICARAGUA,2023,ANTIGITANISMO,Ambos sexos,0
NICARAGUA,2023,ANTIGITANISMO,Femenino,0
NICARAGUA,2023,ANTIGITANISMO,Masculino,0
NIGERIA,2023,ANTIGITANISMO,Ambos sexos,0
NIGERIA,2023,ANTIGITANISMO,Femenino,0
NIGERIA,2023,ANTIGITANISMO,Masculino,0
NÍGER REP.,2023,ANTIGITANISMO,Ambos sexos,0
NÍGER REP.,2023,ANTIGITANISMO,Femenino,0
NÍGER REP.,2023,ANTIGITANISMO,Masculino,0
PANAMA,2023,ANTIGITANISMO,Ambos sexos,0
PANAMA,2023,ANTIGITANISMO,Femenino,0
PANAMA,2023,ANTIGITANISMO,Masculino,0
PAQUISTÁN,2023,ANTIGITANISMO,Ambos sexos,0
PAQUISTÁN,2023,ANTIGITANISMO,Femenino,0
PAQUISTÁN,2023,ANTIGITANISMO,Masculino,0
PARAGUAY,2023,ANTIGITANISMO,Ambos sexos,0
PARAGUAY,2023,ANTIGITANISMO,Femenino,0
PARAGUAY,2023,ANTIGITANISMO,Masculino,0
PAÍS DESCONOCIDO,2023,ANTIGITANISMO,Ambos sexos,0
PAÍS DESCONOCIDO,2023,ANTIGITANISMO,Femenino,0
PAÍS DESCONOCIDO,2023,ANTIGITANISMO,Masculino,0
PAÍS NO CODIFICADO,2023,ANTIGITANISMO,Ambos sexos,0
PAÍS NO CODIFICADO,2023,ANTIGITANISMO,Femenino,0
PAÍS NO CODIFICADO,2023,ANTIGITANISMO,Masculino,0
PERÚ,2023,ANTIGITANISMO,Ambos sexos,0
PERÚ,2023,ANTIGITANISMO,Femenino,0
PERÚ,2023,ANTIGITANISMO,Masculino,0
POLONIA,2023,ANTIGITANISMO,Ambos sexos,0
POLONIA,2023,ANTIGITANISMO,Femenino,0
POLONIA,2023,ANTIGITANISMO,Masculino,0
PORTUGAL,2023,ANTIGITANISMO,Ambos sexos,0
PORTUGAL,2023,ANTIGITANISMO,Femenino,0
PORTUGAL,2023,ANTIGITANISMO,Masculino,0
REINO UNIDO,2023,ANTIGITANISMO,Ambos sexos,0
REINO UNIDO,2023,ANTIGITANISMO,Femenino,0
REINO UNIDO,2023,ANTIGITANISMO,Masculino,0
REPÚBLICA CHECA,2023,ANTIGITANISMO,Ambos sexos,0
REPÚBLICA CHECA,2023,ANTIGITANISMO,Femenino,0
REPÚBLICA CHECA,2023,ANTIGITANISMO,Masculino,0
REPÚBLICA DOMINICANA,2023,ANTIGITANISMO,Ambos sexos,0
REPÚBLICA DOMINICANA,2023,ANTIGITANISMO,Femenino,0
REPÚBLICA DOMINICANA,2023,ANTIGITANISMO,Masculino,0
RUMANÍA,2023,ANTIGITANISMO,Ambos sexos,0
RUMANÍA,2023,ANTIGITANISMO,Femenino,0
RUMANÍA,2023,ANTIGITANISMO,Masculino,0
RUSIA,2023,ANTIGITANISMO,Ambos sexos,0
RUSIA,2023,ANTIGITANISMO,Femenino,0
RUSIA,2023,ANTIGITANISMO,Masculino,0
SENEGAL,2023,ANTIGITANISMO,Ambos sexos,0
SENEGAL,2023,ANTIGITANISMO,Femenino,0
SENEGAL,2023,ANTIGITANISMO,Masculino,0
SERBIA (YUGOSLAVIA),2023,ANTIGITANISMO,Ambos sexos,0
SERBIA (YUGOSLAVIA),2023,ANTIGITANISMO,Femenino,0
SERBIA (YUGOSLAVIA),2023,ANTIGITANISMO,Masculino,0
SIERRA LEONA,2023,ANTIGITANISMO,Ambos sexos,0
SIERRA LEONA,2023,ANTIGITANISMO,Femenino,0
SIERRA LEONA,2023,ANTIGITANISMO,Masculino,0
SIRIA,2023,ANTIGITANISMO,Ambos sexos,0
SIRIA,2023,ANTIGITANISMO,Femenino,0
SIRIA,2023,ANTIGITANISMO,Masculino,0
SUDÁFRICA R.,2023,ANTIGITANISMO,Ambos sexos,0
SUDÁFRICA R.,2023,ANTIGITANISMO,Femenino,0
SUDÁFRICA R.,2023,ANTIGITANISMO,Masculino,0
SUECIA,2023,ANTIGITANISMO,Ambos sexos,0
SUECIA,2023,ANTIGITANISMO,Femenino,0
SUECIA,2023,ANTIGITANISMO,Masculino,0
SUIZA,2023,ANTIGITANISMO,Ambos sexos,0
SUIZA,2023,ANTIGITANISMO,Femenino,0
SUIZA,2023,ANTIGITANISMO,Masculino,0
TOTAL nacionalidad,2023,ANTIGITANISMO,Ambos sexos,7
TOTAL nacionalidad,2023,ANTIGITANISMO,Femenino,4
TOTAL nacionalidad,2023,ANTIGITANISMO,Masculino,3
TURQUÍA,2023,ANTIGITANISMO,Ambos sexos,0
TURQUÍA,2023,ANTIGITANISMO,Femenino,0
TURQUÍA,2023,ANTIGITANISMO,Masculino,0
TÚNEZ,2023,ANTIGITANISMO,Ambos sexos,0
TÚNEZ,2023,ANTIGITANISMO,Femenino,0
TÚNEZ,2023,ANTIGITANISMO,Masculino,0
UCRANIA,2023,ANTIGITANISMO,Ambos sexos,0
UCRANIA,2023,ANTIGITANISMO,Femenino,0
UCRANIA,2023,ANTIGITANISMO,Masculino,0
URUGUAY,2023,ANTIGITANISMO,Ambos sexos,0
URUGUAY,2023,ANTIGITANISMO,Femenino,0
URUGUAY,2023,ANTIGITANISMO,Masculino,0
VENEZUELA,2023,ANTIGITANISMO,Ambos sexos,0
VENEZUELA,2023,ANTIGITANISMO,Femenino,0
VENEZUELA,2023,ANTIGITANISMO,Masculino,0
ZAMBIA,2023,ANTIGITANISMO,Ambos sexos,0
ZAMBIA,2023,ANTIGITANISMO,Femenino,0
ZAMBIA,2023,ANTIGITANISMO,Masculino,0
ALBANIA,2023,ANTISEMITISMO,Ambos sexos,0
ALBANIA,2023,ANTISEMITISMO,Femenino,0
ALBANIA,2023,ANTISEMITISMO,Masculino,0
ALEMANIA,2023,ANTISEMITISMO,Ambos sexos,0
ALEMANIA,2023,ANTISEMITISMO,Femenino,0
ALEMANIA,2023,ANTISEMITISMO,Masculino,0
ANDORRA,2023,ANTISEMITISMO,Ambos sexos,0
ANDORRA,2023,ANTISEMITISMO,Femenino,0
ANDORRA,2023,ANTISEMITISMO,Masculino,0
ANGOLA,2023,ANTISEMITISMO,Ambos sexos,0
ANGOLA,2023,ANTISEMITISMO,Femenino,0
ANGOLA,2023,ANTISEMITISMO,Masculino,0
ARGELIA,2023,ANTISEMITISMO,Ambos sexos,0
ARGELIA,2023,ANTISEMITISMO,Femenino,0
ARGELIA,2023,ANTISEMITISMO,Masculino,0
ARGENTINA,2023,ANTISEMITISMO,Ambos sexos,0
ARGENTINA,2023,ANTISEMITISMO,Femenino,0
ARGENTINA,2023,ANTISEMITISMO,Masculino,0
ARMENIA,2023,ANTISEMITISMO,Ambos sexos,0
ARMENIA,2023,ANTISEMITISMO,Femenino,0
ARMENIA,2023,ANTISEMITISMO,Masculino,0
BANGLADESH,2023,ANTISEMITISMO,Ambos sexos,0
BANGLADESH,2023,ANTISEMITISMO,Femenino,0
BANGLADESH,2023,ANTISEMITISMO,Masculino,0
BIELORRUSIA,2023,ANTISEMITISMO,Ambos sexos,0
BIELORRUSIA,2023,ANTISEMITISMO,Femenino,0
BIELORRUSIA,2023,ANTISEMITISMO,Masculino,0
BOLIVIA,2023,ANTISEMITISMO,Ambos sexos,0
BOLIVIA,2023,ANTISEMITISMO,Femenino,0
BOLIVIA,2023,ANTISEMITISMO,Masculino,0
BRASIL,2023,ANTISEMITISMO,Ambos sexos,0
BRASIL,2023,ANTISEMITISMO,Femenino,0
BRASIL,2023,ANTISEMITISMO,Masculino,0
BULGARIA,2023,ANTISEMITISMO,Ambos sexos,0
BULGARIA,2023,ANTISEMITISMO,Femenino,0
BULGARIA,2023,ANTISEMITISMO,Masculino,0
BÉLGICA,2023,ANTISEMITISMO,Ambos sexos,0
BÉLGICA,2023,ANTISEMITISMO,Femenino,0
BÉLGICA,2023,ANTISEMITISMO,Masculino,0
CAMERÚN,2023,ANTISEMITISMO,Ambos sexos,0
CAMERÚN,2023,ANTISEMITISMO,Femenino,0
CAMERÚN,2023,ANTISEMITISMO,Masculino,0
CENTRO ÁFRICANA REPÚBLICA,2023,ANTISEMITISMO,Ambos sexos,0
CENTRO ÁFRICANA REPÚBLICA,2023,ANTISEMITISMO,Femenino,0
CENTRO ÁFRICANA REPÚBLICA,2023,ANTISEMITISMO,Masculino,0
CHILE,2023,ANTISEMITISMO,Ambos sexos,0
CHILE,2023,ANTISEMITISMO,Femenino,0
CHILE,2023,ANTISEMITISMO,Masculino,0
CHINA POPULAR,2023,ANTISEMITISMO,Ambos sexos,0
CHINA POPULAR,2023,ANTISEMITISMO,Femenino,0
CHINA POPULAR,2023,ANTISEMITISMO,Masculino,0
COLOMBIA,2023,ANTISEMITISMO,Ambos sexos,0
COLOMBIA,2023,ANTISEMITISMO,Femenino,0
COLOMBIA,2023,ANTISEMITISMO,Masculino,0
CONGO-BRAZZAVILLE,2023,ANTISEMITISMO,Ambos sexos,0
CONGO-BRAZZAVILLE,2023,ANTISEMITISMO,Femenino,0
CONGO-BRAZZAVILLE,2023,ANTISEMITISMO,Masculino,0
COSTA DE MARFIL,2023,ANTISEMITISMO,Ambos sexos,0
COSTA DE MARFIL,2023,ANTISEMITISMO,Femenino,0
COSTA DE MARFIL,2023,ANTISEMITISMO,Masculino,0
CROACIA,2023,ANTISEMITISMO,Ambos sexos,0
CROACIA,2023,ANTISEMITISMO,Femenino,0
CROACIA,2023,ANTISEMITISMO,Masculino,0
CUBA,2023,ANTISEMITISMO,Ambos sexos,0
CUBA,2023,ANTISEMITISMO,Femenino,0
CUBA,2023,ANTISEMITISMO,Masculino,0
ECUADOR,2023,ANTISEMITISMO,Ambos sexos,0
ECUADOR,2023,ANTISEMITISMO,Femenino,0
ECUADOR,2023,ANTISEMITISMO,Masculino,0
EE.UU.,2023,ANTISEMITISMO,Ambos sexos,0
EE.UU.,2023,ANTISEMITISMO,Femenino,0
EE.UU.,2023,ANTISEMITISMO,Masculino,0
EGIPTO,2023,ANTISEMITISMO,Ambos sexos,0
EGIPTO,2023,ANTISEMITISMO,Femenino,0
EGIPTO,2023,ANTISEMITISMO,Masculino,0
EL SALVADOR,2023,ANTISEMITISMO,Ambos sexos,0
EL SALVADOR,2023,ANTISEMITISMO,Femenino,0
EL SALVADOR,2023,ANTISEMITISMO,Masculino,0
ERITREA,2023,ANTISEMITISMO,Ambos sexos,0
ERITREA,2023,ANTISEMITISMO,Femenino,0
ERITREA,2023,ANTISEMITISMO,Masculino,0
ESLOVAQUIA,2023,ANTISEMITISMO,Ambos sexos,0
ESLOVAQUIA,2023,ANTISEMITISMO,Femenino,0
ESLOVAQUIA,2023,ANTISEMITISMO,Masculino,0
ESPAÑA,2023,ANTISEMITISMO,Ambos sexos,3
ESPAÑA,2023,ANTISEMITISMO,Femenino,1
ESPAÑA,2023,ANTISEMITISMO,Masculino,2
ESTONIA,2023,ANTISEMITISMO,Ambos sexos,0
ESTONIA,2023,ANTISEMITISMO,Femenino,0
ESTONIA,2023,ANTISEMITISMO,Masculino,0
FILIPINAS,2023,ANTISEMITISMO,Ambos sexos,0
FILIPINAS,2023,ANTISEMITISMO,Femenino,0
FILIPINAS,2023,ANTISEMITISMO,Masculino,0
FRANCIA,2023,ANTISEMITISMO,Ambos sexos,0
FRANCIA,2023,ANTISEMITISMO,Femenino,0
FRANCIA,2023,ANTISEMITISMO,Masculino,0
GAMBIA,2023,ANTISEMITISMO,Ambos sexos,0
GAMBIA,2023,ANTISEMITISMO,Femenino,0
GAMBIA,2023,ANTISEMITISMO,Masculino,0
GEORGIA,2023,ANTISEMITISMO,Ambos sexos,0
GEORGIA,2023,ANTISEMITISMO,Femenino,0
GEORGIA,2023,ANTISEMITISMO,Masculino,0
GHANA,2023,ANTISEMITISMO,Ambos sexos,0
GHANA,2023,ANTISEMITISMO,Femenino,0
GHANA,2023,ANTISEMITISMO,Masculino,0
GRECIA,2023,ANTISEMITISMO,Ambos sexos,0
GRECIA,2023,ANTISEMITISMO,Femenino,0
GRECIA,2023,ANTISEMITISMO,Masculino,0
GUATEMALA,2023,ANTISEMITISMO,Ambos sexos,0
GUATEMALA,2023,ANTISEMITISMO,Femenino,0
GUATEMALA,2023,ANTISEMITISMO,Masculino,0
GUINEA ECUATORIAL,2023,ANTISEMITISMO,Ambos sexos,0
GUINEA ECUATORIAL,2023,ANTISEMITISMO,Femenino,0
GUINEA ECUATORIAL,2023,ANTISEMITISMO,Masculino,0
GUINEA REP.,2023,ANTISEMITISMO,Ambos sexos,0
GUINEA REP.,2023,ANTISEMITISMO,Femenino,0
GUINEA REP.,2023,ANTISEMITISMO,Masculino,0
HAITI,2023,ANTISEMITISMO,Ambos sexos,0
HAITI,2023,ANTISEMITISMO,Femenino,0
HAITI,2023,ANTISEMITISMO,Masculino,0
HOLANDA,2023,ANTISEMITISMO,Ambos sexos,0
HOLANDA,2023,ANTISEMITISMO,Femenino,0
HOLANDA,2023,ANTISEMITISMO,Masculino,0
HONDURAS,2023,ANTISEMITISMO,Ambos sexos,0
HONDURAS,2023,ANTISEMITISMO,Femenino,0
HONDURAS,2023,ANTISEMITISMO,Masculino,0
INDIA,2023,ANTISEMITISMO,Ambos sexos,0
INDIA,2023,ANTISEMITISMO,Femenino,0
INDIA,2023,ANTISEMITISMO,Masculino,0
IRLANDA,2023,ANTISEMITISMO,Ambos sexos,0
IRLANDA,2023,ANTISEMITISMO,Femenino,0
IRLANDA,2023,ANTISEMITISMO,Masculino,0
IRÁN,2023,ANTISEMITISMO,Ambos sexos,0
IRÁN,2023,ANTISEMITISMO,Femenino,0
IRÁN,2023,ANTISEMITISMO,Masculino,0
ISRAEL,2023,ANTISEMITISMO,Ambos sexos,0
ISRAEL,2023,ANTISEMITISMO,Femenino,0
ISRAEL,2023,ANTISEMITISMO,Masculino,0
ITALIA,2023,ANTISEMITISMO,Ambos sexos,0
ITALIA,2023,ANTISEMITISMO,Femenino,0
ITALIA,2023,ANTISEMITISMO,Masculino,0
LETONIA,2023,ANTISEMITISMO,Ambos sexos,0
LETONIA,2023,ANTISEMITISMO,Femenino,0
LETONIA,2023,ANTISEMITISMO,Masculino,0
LIBERIA,2023,ANTISEMITISMO,Ambos sexos,0
LIBERIA,2023,ANTISEMITISMO,Femenino,0
LIBERIA,2023,ANTISEMITISMO,Masculino,0
LIBIA,2023,ANTISEMITISMO,Ambos sexos,0
LIBIA,2023,ANTISEMITISMO,Femenino,0
LIBIA,2023,ANTISEMITISMO,Masculino,0
LITUANIA,2023,ANTISEMITISMO,Ambos sexos,0
LITUANIA,2023,ANTISEMITISMO,Femenino,0
LITUANIA,2023,ANTISEMITISMO,Masculino,0
LÍBANO,2023,ANTISEMITISMO,Ambos sexos,0
LÍBANO,2023,ANTISEMITISMO,Femenino,0
LÍBANO,2023,ANTISEMITISMO,Masculino,0
MALI,2023,ANTISEMITISMO,Ambos sexos,0
MALI,2023,ANTISEMITISMO,Femenino,0
MALI,2023,ANTISEMITISMO,Masculino,0
MARRUECOS,2023,ANTISEMITISMO,Ambos sexos,2
MARRUECOS,2023,ANTISEMITISMO,Femenino,0
MARRUECOS,2023,ANTISEMITISMO,Masculino,2
MAURITANIA,2023,ANTISEMITISMO,Ambos sexos,0
MAURITANIA,2023,ANTISEMITISMO,Femenino,0
MAURITANIA,2023,ANTISEMITISMO,Masculino,0
MOLDAVIA,2023,ANTISEMITISMO,Ambos sexos,0
MOLDAVIA,2023,ANTISEMITISMO,Femenino,0
MOLDAVIA,2023,ANTISEMITISMO,Masculino,0
MONGOLIA,2023,ANTISEMITISMO,Ambos sexos,0
MONGOLIA,2023,ANTISEMITISMO,Femenino,0
MONGOLIA,2023,ANTISEMITISMO,Masculino,0
NEPAL,2023,ANTISEMITISMO,Ambos sexos,0
NEPAL,2023,ANTISEMITISMO,Femenino,0
NEPAL,2023,ANTISEMITISMO,Masculino,0
NICARAGUA,2023,ANTISEMITISMO,Ambos sexos,0
NICARAGUA,2023,ANTISEMITISMO,Femenino,0
NICARAGUA,2023,ANTISEMITISMO,Masculino,0
NIGERIA,2023,ANTISEMITISMO,Ambos sexos,0
NIGERIA,2023,ANTISEMITISMO,Femenino,0
NIGERIA,2023,ANTISEMITISMO,Masculino,0
NÍGER REP.,2023,ANTISEMITISMO,Ambos sexos,0
NÍGER REP.,2023,ANTISEMITISMO,Femenino,0
NÍGER REP.,2023,ANTISEMITISMO,Masculino,0
PANAMA,2023,ANTISEMITISMO,Ambos sexos,0
PANAMA,2023,ANTISEMITISMO,Femenino,0
PANAMA,2023,ANTISEMITISMO,Masculino,0
PAQUISTÁN,2023,ANTISEMITISMO,Ambos sexos,0
PAQUISTÁN,2023,ANTISEMITISMO,Femenino,0
PAQUISTÁN,2023,ANTISEMITISMO,Masculino,0
PARAGUAY,2023,ANTISEMITISMO,Ambos sexos,0
PARAGUAY,2023,ANTISEMITISMO,Femenino,0
PARAGUAY,2023,ANTISEMITISMO,Masculino,0
PAÍS DESCONOCIDO,2023,ANTISEMITISMO,Ambos sexos,1
PAÍS DESCONOCIDO,2023,ANTISEMITISMO,Femenino,0
PAÍS DESCONOCIDO,2023,ANTISEMITISMO,Masculino,1
PAÍS NO CODIFICADO,2023,ANTISEMITISMO,Ambos sexos,0
PAÍS NO CODIFICADO,2023,ANTISEMITISMO,Femenino,0
PAÍS NO CODIFICADO,2023,ANTISEMITISMO,Masculino,0
PERÚ,2023,ANTISEMITISMO,Ambos sexos,0
PERÚ,2023,ANTISEMITISMO,Femenino,0
PERÚ,2023,ANTISEMITISMO,Masculino,0
POLONIA,2023,ANTISEMITISMO,Ambos sexos,0
POLONIA,2023,ANTISEMITISMO,Femenino,0
POLONIA,2023,ANTISEMITISMO,Masculino,0
PORTUGAL,2023,ANTISEMITISMO,Ambos sexos,0
PORTUGAL,2023,ANTISEMITISMO,Femenino,0
PORTUGAL,2023,ANTISEMITISMO,Masculino,0
REINO UNIDO,2023,ANTISEMITISMO,Ambos sexos,0
REINO UNIDO,2023,ANTISEMITISMO,Femenino,0
REINO UNIDO,2023,ANTISEMITISMO,Masculino,0
REPÚBLICA CHECA,2023,ANTISEMITISMO,Ambos sexos,0
REPÚBLICA CHECA,2023,ANTISEMITISMO,Femenino,0
REPÚBLICA CHECA,2023,ANTISEMITISMO,Masculino,0
REPÚBLICA DOMINICANA,2023,ANTISEMITISMO,Ambos sexos,0
REPÚBLICA DOMINICANA,2023,ANTISEMITISMO,Femenino,0
REPÚBLICA DOMINICANA,2023,ANTISEMITISMO,Masculino,0
RUMANÍA,2023,ANTISEMITISMO,Ambos sexos,0
RUMANÍA,2023,ANTISEMITISMO,Femenino,0
RUMANÍA,2023,ANTISEMITISMO,Masculino,0
RUSIA,2023,ANTISEMITISMO,Ambos sexos,0
RUSIA,2023,ANTISEMITISMO,Femenino,0
RUSIA,2023,ANTISEMITISMO,Masculino,0
SENEGAL,2023,ANTISEMITISMO,Ambos sexos,0
SENEGAL,2023,ANTISEMITISMO,Femenino,0
SENEGAL,2023,ANTISEMITISMO,Masculino,0
SERBIA (YUGOSLAVIA),2023,ANTISEMITISMO,Ambos sexos,0
SERBIA (YUGOSLAVIA),2023,ANTISEMITISMO,Femenino,0
SERBIA (YUGOSLAVIA),2023,ANTISEMITISMO,Masculino,0
SIERRA LEONA,2023,ANTISEMITISMO,Ambos sexos,0
SIERRA LEONA,2023,ANTISEMITISMO,Femenino,0
SIERRA LEONA,2023,ANTISEMITISMO,Masculino,0
SIRIA,2023,ANTISEMITISMO,Ambos sexos,0
SIRIA,2023,ANTISEMITISMO,Femenino,0
SIRIA,2023,ANTISEMITISMO,Masculino,0
SUDÁFRICA R.,2023,ANTISEMITISMO,Ambos sexos,0
SUDÁFRICA R.,2023,ANTISEMITISMO,Femenino,0
SUDÁFRICA R.,2023,ANTISEMITISMO,Masculino,0
SUECIA,2023,ANTISEMITISMO,Ambos sexos,0
SUECIA,2023,ANTISEMITISMO,Femenino,0
SUECIA,2023,ANTISEMITISMO,Masculino,0
SUIZA,2023,ANTISEMITISMO,Ambos sexos,0
SUIZA,2023,ANTISEMITISMO,Femenino,0
SUIZA,2023,ANTISEMITISMO,Masculino,0
TOTAL nacionalidad,2023,ANTISEMITISMO,Ambos sexos,6
TOTAL nacionalidad,2023,ANTISEMITISMO,Femenino,1
TOTAL nacionalidad,2023,ANTISEMITISMO,Masculino,5
TURQUÍA,2023,ANTISEMITISMO,Ambos sexos,0
TURQUÍA,2023,ANTISEMITISMO,Femenino,0
TURQUÍA,2023,ANTISEMITISMO,Masculino,0
TÚNEZ,2023,ANTISEMITISMO,Ambos sexos,0
TÚNEZ,2023,ANTISEMITISMO,Femenino,0
TÚNEZ,2023,ANTISEMITISMO,Masculino,0
UCRANIA,2023,ANTISEMITISMO,Ambos sexos,0
UCRANIA,2023,ANTISEMITISMO,Femenino,0
UCRANIA,2023,ANTISEMITISMO,Masculino,0
URUGUAY,2023,ANTISEMITISMO,Ambos sexos,0
URUGUAY,2023,ANTISEMITISMO,Femenino,0
URUGUAY,2023,ANTISEMITISMO,Masculino,0
VENEZUELA,2023,ANTISEMITISMO,Ambos sexos,0
VENEZUELA,2023,ANTISEMITISMO,Femenino,0
VENEZUELA,2023,ANTISEMITISMO,Masculino,0
ZAMBIA,2023,ANTISEMITISMO,Ambos sexos,0
ZAMBIA,2023,ANTISEMITISMO,Femenino,0
ZAMBIA,2023,ANTISEMITISMO,Masculino,0
ALBANIA,2023,APOROFOBIA,Ambos sexos,0
ALBANIA,2023,APOROFOBIA,Femenino,0
ALBANIA,2023,APOROFOBIA,Masculino,0
ALEMANIA,2023,APOROFOBIA,Ambos sexos,0
ALEMANIA,2023,APOROFOBIA,Femenino,0
ALEMANIA,2023,APOROFOBIA,Masculino,0
ANDORRA,2023,APOROFOBIA,Ambos sexos,0
ANDORRA,2023,APOROFOBIA,Femenino,0
ANDORRA,2023,APOROFOBIA,Masculino,0
ANGOLA,2023,APOROFOBIA,Ambos sexos,0
ANGOLA,2023,APOROFOBIA,Femenino,0
ANGOLA,2023,APOROFOBIA,Masculino,0
ARGELIA,2023,APOROFOBIA,Ambos sexos,1
ARGELIA,2023,APOROFOBIA,Femenino,0
ARGELIA,2023,APOROFOBIA,Masculino,1
ARGENTINA,2023,APOROFOBIA,Ambos sexos,0
ARGENTINA,2023,APOROFOBIA,Femenino,0
ARGENTINA,2023,APOROFOBIA,Masculino,0
ARMENIA,2023,APOROFOBIA,Ambos sexos,0
ARMENIA,2023,APOROFOBIA,Femenino,0
ARMENIA,2023,APOROFOBIA,Masculino,0
BANGLADESH,2023,APOROFOBIA,Ambos sexos,0
BANGLADESH,2023,APOROFOBIA,Femenino,0
BANGLADESH,2023,APOROFOBIA,Masculino,0
BIELORRUSIA,2023,APOROFOBIA,Ambos sexos,0
BIELORRUSIA,2023,APOROFOBIA,Femenino,0
BIELORRUSIA,2023,APOROFOBIA,Masculino,0
BOLIVIA,2023,APOROFOBIA,Ambos sexos,0
BOLIVIA,2023,APOROFOBIA,Femenino,0
BOLIVIA,2023,APOROFOBIA,Masculino,0
BRASIL,2023,APOROFOBIA,Ambos sexos,0
BRASIL,2023,APOROFOBIA,Femenino,0
BRASIL,2023,APOROFOBIA,Masculino,0
BULGARIA,2023,APOROFOBIA,Ambos sexos,0
BULGARIA,2023,APOROFOBIA,Femenino,0
BULGARIA,2023,APOROFOBIA,Masculino,0
BÉLGICA,2023,APOROFOBIA,Ambos sexos,0
BÉLGICA,2023,APOROFOBIA,Femenino,0
BÉLGICA,2023,APOROFOBIA,Masculino,0
CAMERÚN,2023,APOROFOBIA,Ambos sexos,0
CAMERÚN,2023,APOROFOBIA,Femenino,0
CAMERÚN,2023,APOROFOBIA,Masculino,0
CENTRO ÁFRICANA REPÚBLICA,2023,APOROFOBIA,Ambos sexos,0
CENTRO ÁFRICANA REPÚBLICA,2023,APOROFOBIA,Femenino,0
CENTRO ÁFRICANA REPÚBLICA,2023,APOROFOBIA,Masculino,0
CHILE,2023,APOROFOBIA,Ambos sexos,0
CHILE,2023,APOROFOBIA,Femenino,0
CHILE,2023,APOROFOBIA,Masculino,0
CHINA POPULAR,2023,APOROFOBIA,Ambos sexos,0
CHINA POPULAR,2023,APOROFOBIA,Femenino,0
CHINA POPULAR,2023,APOROFOBIA,Masculino,0
COLOMBIA,2023,APOROFOBIA,Ambos sexos,0
COLOMBIA,2023,APOROFOBIA,Femenino,0
COLOMBIA,2023,APOROFOBIA,Masculino,0
CONGO-BRAZZAVILLE,2023,APOROFOBIA,Ambos sexos,0
CONGO-BRAZZAVILLE,2023,APOROFOBIA,Femenino,0
CONGO-BRAZZAVILLE,2023,APOROFOBIA,Masculino,0
COSTA DE MARFIL,2023,APOROFOBIA,Ambos sexos,0
COSTA DE MARFIL,2023,APOROFOBIA,Femenino,0
COSTA DE MARFIL,2023,APOROFOBIA,Masculino,0
CROACIA,2023,APOROFOBIA,Ambos sexos,0
CROACIA,2023,APOROFOBIA,Femenino,0
CROACIA,2023,APOROFOBIA,Masculino,0
CUBA,2023,APOROFOBIA,Ambos sexos,0
CUBA,2023,APOROFOBIA,Femenino,0
CUBA,2023,APOROFOBIA,Masculino,0
ECUADOR,2023,APOROFOBIA,Ambos sexos,0
ECUADOR,2023,APOROFOBIA,Femenino,0
ECUADOR,2023,APOROFOBIA,Masculino,0
EE.UU.,2023,APOROFOBIA,Ambos sexos,0
EE.UU.,2023,APOROFOBIA,Femenino,0
EE.UU.,2023,APOROFOBIA,Masculino,0
EGIPTO,2023,APOROFOBIA,Ambos sexos,0
EGIPTO,2023,APOROFOBIA,Femenino,0
EGIPTO,2023,APOROFOBIA,Masculino,0
EL SALVADOR,2023,APOROFOBIA,Ambos sexos,0
EL SALVADOR,2023,APOROFOBIA,Femenino,0
EL SALVADOR,2023,APOROFOBIA,Masculino,0
ERITREA,2023,APOROFOBIA,Ambos sexos,0
ERITREA,2023,APOROFOBIA,Femenino,0
ERITREA,2023,APOROFOBIA,Masculino,0
ESLOVAQUIA,2023,APOROFOBIA,Ambos sexos,0
ESLOVAQUIA,2023,APOROFOBIA,Femenino,0
ESLOVAQUIA,2023,APOROFOBIA,Masculino,0
ESPAÑA,2023,APOROFOBIA,Ambos sexos,18
ESPAÑA,2023,APOROFOBIA,Femenino,1
ESPAÑA,2023,APOROFOBIA,Masculino,17
ESTONIA,2023,APOROFOBIA,Ambos sexos,0
ESTONIA,2023,APOROFOBIA,Femenino,0
ESTONIA,2023,APOROFOBIA,Masculino,0
FILIPINAS,2023,APOROFOBIA,Ambos sexos,0
FILIPINAS,2023,APOROFOBIA,Femenino,0
FILIPINAS,2023,APOROFOBIA,Masculino,0
FRANCIA,2023,APOROFOBIA,Ambos sexos,0
FRANCIA,2023,APOROFOBIA,Femenino,0
FRANCIA,2023,APOROFOBIA,Masculino,0
GAMBIA,2023,APOROFOBIA,Ambos sexos,0
GAMBIA,2023,APOROFOBIA,Femenino,0
GAMBIA,2023,APOROFOBIA,Masculino,0
GEORGIA,2023,APOROFOBIA,Ambos sexos,0
GEORGIA,2023,APOROFOBIA,Femenino,0
GEORGIA,2023,APOROFOBIA,Masculino,0
GHANA,2023,APOROFOBIA,Ambos sexos,0
GHANA,2023,APOROFOBIA,Femenino,0
GHANA,2023,APOROFOBIA,Masculino,0
GRECIA,2023,APOROFOBIA,Ambos sexos,0
GRECIA,2023,APOROFOBIA,Femenino,0
GRECIA,2023,APOROFOBIA,Masculino,0
GUATEMALA,2023,APOROFOBIA,Ambos sexos,0
GUATEMALA,2023,APOROFOBIA,Femenino,0
GUATEMALA,2023,APOROFOBIA,Masculino,0
GUINEA ECUATORIAL,2023,APOROFOBIA,Ambos sexos,0
GUINEA ECUATORIAL,2023,APOROFOBIA,Femenino,0
GUINEA ECUATORIAL,2023,APOROFOBIA,Masculino,0
GUINEA REP.,2023,APOROFOBIA,Ambos sexos,0
GUINEA REP.,2023,APOROFOBIA,Femenino,0
GUINEA REP.,2023,APOROFOBIA,Masculino,0
HAITI,2023,APOROFOBIA,Ambos sexos,0
HAITI,2023,APOROFOBIA,Femenino,0
HAITI,2023,APOROFOBIA,Masculino,0
HOLANDA,2023,APOROFOBIA,Ambos sexos,0
HOLANDA,2023,APOROFOBIA,Femenino,0
HOLANDA,2023,APOROFOBIA,Masculino,0
HONDURAS,2023,APOROFOBIA,Ambos sexos,0
HONDURAS,2023,APOROFOBIA,Femenino,0
HONDURAS,2023,APOROFOBIA,Masculino,0
INDIA,2023,APOROFOBIA,Ambos sexos,0
INDIA,2023,APOROFOBIA,Femenino,0
INDIA,2023,APOROFOBIA,Masculino,0
IRLANDA,2023,APOROFOBIA,Ambos sexos,0
IRLANDA,2023,APOROFOBIA,Femenino,0
IRLANDA,2023,APOROFOBIA,Masculino,0
IRÁN,2023,APOROFOBIA,Ambos sexos,0
IRÁN,2023,APOROFOBIA,Femenino,0
IRÁN,2023,APOROFOBIA,Masculino,0
ISRAEL,2023,APOROFOBIA,Ambos sexos,0
ISRAEL,2023,APOROFOBIA,Femenino,0
ISRAEL,2023,APOROFOBIA,Masculino,0
ITALIA,2023,APOROFOBIA,Ambos sexos,0
ITALIA,2023,APOROFOBIA,Femenino,0
ITALIA,2023,APOROFOBIA,Masculino,0
LETONIA,2023,APOROFOBIA,Ambos sexos,0
LETONIA,2023,APOROFOBIA,Femenino,0
LETONIA,2023,APOROFOBIA,Masculino,0
LIBERIA,2023,APOROFOBIA,Ambos sexos,0
LIBERIA,2023,APOROFOBIA,Femenino,0
LIBERIA,2023,APOROFOBIA,Masculino,0
LIBIA,2023,APOROFOBIA,Ambos sexos,0
LIBIA,2023,APOROFOBIA,Femenino,0
LIBIA,2023,APOROFOBIA,Masculino,0
LITUANIA,2023,APOROFOBIA,Ambos sexos,0
LITUANIA,2023,APOROFOBIA,Femenino,0
LITUANIA,2023,APOROFOBIA,Masculino,0
LÍBANO,2023,APOROFOBIA,Ambos sexos,0
LÍBANO,2023,APOROFOBIA,Femenino,0
LÍBANO,2023,APOROFOBIA,Masculino,0
MALI,2023,APOROFOBIA,Ambos sexos,0
MALI,2023,APOROFOBIA,Femenino,0
MALI,2023,APOROFOBIA,Masculino,0
MARRUECOS,2023,APOROFOBIA,Ambos sexos,0
MARRUECOS,2023,APOROFOBIA,Femenino,0
MARRUECOS,2023,APOROFOBIA,Masculino,0
MAURITANIA,2023,APOROFOBIA,Ambos sexos,0
MAURITANIA,2023,APOROFOBIA,Femenino,0
MAURITANIA,2023,APOROFOBIA,Masculino,0
MOLDAVIA,2023,APOROFOBIA,Ambos sexos,0
MOLDAVIA,2023,APOROFOBIA,Femenino,0
MOLDAVIA,2023,APOROFOBIA,Masculino,0
MONGOLIA,2023,APOROFOBIA,Ambos sexos,0
MONGOLIA,2023,APOROFOBIA,Femenino,0
MONGOLIA,2023,APOROFOBIA,Masculino,0
NEPAL,2023,APOROFOBIA,Ambos sexos,0
NEPAL,2023,APOROFOBIA,Femenino,0
NEPAL,2023,APOROFOBIA,Masculino,0
NICARAGUA,2023,APOROFOBIA,Ambos sexos,0
NICARAGUA,2023,APOROFOBIA,Femenino,0
NICARAGUA,2023,APOROFOBIA,Masculino,0
NIGERIA,2023,APOROFOBIA,Ambos sexos,0
NIGERIA,2023,APOROFOBIA,Femenino,0
NIGERIA,2023,APOROFOBIA,Masculino,0
NÍGER REP.,2023,APOROFOBIA,Ambos sexos,0
NÍGER REP.,2023,APOROFOBIA,Femenino,0
NÍGER REP.,2023,APOROFOBIA,Masculino,0
PANAMA,2023,APOROFOBIA,Ambos sexos,0
PANAMA,2023,APOROFOBIA,Femenino,0
PANAMA,2023,APOROFOBIA,Masculino,0
PAQUISTÁN,2023,APOROFOBIA,Ambos sexos,0
PAQUISTÁN,2023,APOROFOBIA,Femenino,0
PAQUISTÁN,2023,APOROFOBIA,Masculino,0
PARAGUAY,2023,APOROFOBIA,Ambos sexos,0
PARAGUAY,2023,APOROFOBIA,Femenino,0
PARAGUAY,2023,APOROFOBIA,Masculino,0
PAÍS DESCONOCIDO,2023,APOROFOBIA,Ambos sexos,0
PAÍS DESCONOCIDO,2023,APOROFOBIA,Femenino,0
PAÍS DESCONOCIDO,2023,APOROFOBIA,Masculino,0
PAÍS NO CODIFICADO,2023,APOROFOBIA,Ambos sexos,0
PAÍS NO CODIFICADO,2023,APOROFOBIA,Femenino,0
PAÍS NO CODIFICADO,2023,APOROFOBIA,Masculino,0
PERÚ,2023,APOROFOBIA,Ambos sexos,0
PERÚ,2023,APOROFOBIA,Femenino,0
PERÚ,2023,APOROFOBIA,Masculino,0
POLONIA,2023,APOROFOBIA,Ambos sexos,0
POLONIA,2023,APOROFOBIA,Femenino,0
POLONIA,2023,APOROFOBIA,Masculino,0
PORTUGAL,2023,APOROFOBIA,Ambos sexos,0
PORTUGAL,2023,APOROFOBIA,Femenino,0
PORTUGAL,2023,APOROFOBIA,Masculino,0
REINO UNIDO,2023,APOROFOBIA,Ambos sexos,0
REINO UNIDO,2023,APOROFOBIA,Femenino,0
REINO UNIDO,2023,APOROFOBIA,Masculino,0
REPÚBLICA CHECA,2023,APOROFOBIA,Ambos sexos,0
REPÚBLICA CHECA,2023,APOROFOBIA,Femenino,0
REPÚBLICA CHECA,2023,APOROFOBIA,Masculino,0
REPÚBLICA DOMINICANA,2023,APOROFOBIA,Ambos sexos,0
REPÚBLICA DOMINICANA,2023,APOROFOBIA,Femenino,0
REPÚBLICA DOMINICANA,2023,APOROFOBIA,Masculino,0
RUMANÍA,2023,APOROFOBIA,Ambos sexos,0
RUMANÍA,2023,APOROFOBIA,Femenino,0
RUMANÍA,2023,APOROFOBIA,Masculino,0
RUSIA,2023,APOROFOBIA,Ambos sexos,0
RUSIA,2023,APOROFOBIA,Femenino,0
RUSIA,2023,APOROFOBIA,Masculino,0
SENEGAL,2023,APOROFOBIA,Ambos sexos,0
SENEGAL,2023,APOROFOBIA,Femenino,0
SENEGAL,2023,APOROFOBIA,Masculino,0
SERBIA (YUGOSLAVIA),2023,APOROFOBIA,Ambos sexos,0
SERBIA (YUGOSLAVIA),2023,APOROFOBIA,Femenino,0
SERBIA (YUGOSLAVIA),2023,APOROFOBIA,Masculino,0
SIERRA LEONA,2023,APOROFOBIA,Ambos sexos,0
SIERRA LEONA,2023,APOROFOBIA,Femenino,0
SIERRA LEONA,2023,APOROFOBIA,Masculino,0
SIRIA,2023,APOROFOBIA,Ambos sexos,0
SIRIA,2023,APOROFOBIA,Femenino,0
SIRIA,2023,APOROFOBIA,Masculino,0
SUDÁFRICA R.,2023,APOROFOBIA,Ambos sexos,0
SUDÁFRICA R.,2023,APOROFOBIA,Femenino,0
SUDÁFRICA R.,2023,APOROFOBIA,Masculino,0
SUECIA,2023,APOROFOBIA,Ambos sexos,0
SUECIA,2023,APOROFOBIA,Femenino,0
SUECIA,2023,APOROFOBIA,Masculino,0
SUIZA,2023,APOROFOBIA,Ambos sexos,0
SUIZA,2023,APOROFOBIA,Femenino,0
SUIZA,2023,APOROFOBIA,Masculino,0
TOTAL nacionalidad,2023,APOROFOBIA,Ambos sexos,19
TOTAL nacionalidad,2023,APOROFOBIA,Femenino,1
TOTAL nacionalidad,2023,APOROFOBIA,Masculino,18
TURQUÍA,2023,APOROFOBIA,Ambos sexos,0
TURQUÍA,2023,APOROFOBIA,Femenino,0
TURQUÍA,2023,APOROFOBIA,Masculino,0
TÚNEZ,2023,APOROFOBIA,Ambos sexos,0
TÚNEZ,2023,APOROFOBIA,Femenino,0
TÚNEZ,2023,APOROFOBIA,Masculino,0
UCRANIA,2023,APOROFOBIA,Ambos sexos,0
UCRANIA,2023,APOROFOBIA,Femenino,0
UCRANIA,2023,APOROFOBIA,Masculino,0
URUGUAY,2023,APOROFOBIA,Ambos sexos,0
URUGUAY,2023,APOROFOBIA,Femenino,0
URUGUAY,2023,APOROFOBIA,Masculino,0
VENEZUELA,2023,APOROFOBIA,Ambos sexos,0
VENEZUELA,2023,APOROFOBIA,Femenino,0
VENEZUELA,2023,APOROFOBIA,Masculino,0
ZAMBIA,2023,APOROFOBIA,Ambos sexos,0
ZAMBIA,2023,APOROFOBIA,Femenino,0
ZAMBIA,2023,APOROFOBIA,Masculino,0
ALBANIA,2023,CREENCIAS O PRÁCTICAS RELIGIOSAS,Ambos sexos,0
ALBANIA,2023,CREENCIAS O PRÁCTICAS RELIGIOSAS,Femenino,0
ALBANIA,2023,CREENCIAS O PRÁCTICAS RELIGIOSAS,Masculino,0
ALEMANIA,2023,CREENCIAS O PRÁCTICAS RELIGIOSAS,Ambos sexos,0
ALEMANIA,2023,CREENCIAS O PRÁCTICAS RELIGIOSAS,Femenino,0
ALEMANIA,2023,CREENCIAS O PRÁCTICAS RELIGIOSAS,Masculino,0
ANDORRA,2023,CREENCIAS O PRÁCTICAS RELIGIOSAS,Ambos sexos,0
ANDORRA,2023,CREENCIAS O PRÁCTICAS RELIGIOSAS,Femenino,0
ANDORRA,2023,CREENCIAS O PRÁCTICAS RELIGIOSAS,Masculino,0
ANGOLA,2023,CREENCIAS O PRÁCTICAS RELIGIOSAS,Ambos sexos,0
ANGOLA,2023,CREENCIAS O PRÁCTICAS RELIGIOSAS,Femenino,0
ANGOLA,2023,CREENCIAS O PRÁCTICAS RELIGIOSAS,Masculino,0
ARGELIA,2023,CREENCIAS O PRÁCTICAS RELIGIOSAS,Ambos sexos,0
ARGELIA,2023,CREENCIAS O PRÁCTICAS RELIGIOSAS,Femenino,0
ARGELIA,2023,CREENCIAS O PRÁCTICAS RELIGIOSAS,Masculino,0
ARGENTINA,2023,CREENCIAS O PRÁCTICAS RELIGIOSAS,Ambos sexos,0
ARGENTINA,2023,CREENCIAS O PRÁCTICAS RELIGIOSAS,Femenino,0
ARGENTINA,2023,CREENCIAS O PRÁCTICAS RELIGIOSAS,Masculino,0
ARMENIA,2023,CREENCIAS O PRÁCTICAS RELIGIOSAS,Ambos sexos,0
ARMENIA,2023,CREENCIAS O PRÁCTICAS RELIGIOSAS,Femenino,0
ARMENIA,2023,CREENCIAS O PRÁCTICAS RELIGIOSAS,Masculino,0
BANGLADESH,2023,CREENCIAS O PRÁCTICAS RELIGIOSAS,Ambos sexos,0
BANGLADESH,2023,CREENCIAS O PRÁCTICAS RELIGIOSAS,Femenino,0
BANGLADESH,2023,CREENCIAS O PRÁCTICAS RELIGIOSAS,Masculino,0
BIELORRUSIA,2023,CREENCIAS O PRÁCTICAS RELIGIOSAS,Ambos sexos,0
BIELORRUSIA,2023,CREENCIAS O PRÁCTICAS RELIGIOSAS,Femenino,0
BIELORRUSIA,2023,CREENCIAS O PRÁCTICAS RELIGIOSAS,Masculino,0
BOLIVIA,2023,CREENCIAS O PRÁCTICAS RELIGIOSAS,Ambos sexos,0
BOLIVIA,2023,CREENCIAS O PRÁCTICAS RELIGIOSAS,Femenino,0
BOLIVIA,2023,CREENCIAS O PRÁCTICAS RELIGIOSAS,Masculino,0
BRASIL,2023,CREENCIAS O PRÁCTICAS RELIGIOSAS,Ambos sexos,0
BRASIL,2023,CREENCIAS O PRÁCTICAS RELIGIOSAS,Femenino,0
BRASIL,2023,CREENCIAS O PRÁCTICAS RELIGIOSAS,Masculino,0
BULGARIA,2023,CREENCIAS O PRÁCTICAS RELIGIOSAS,Ambos sexos,0
BULGARIA,2023,CREENCIAS O PRÁCTICAS RELIGIOSAS,Femenino,0
BULGARIA,2023,CREENCIAS O PRÁCTICAS RELIGIOSAS,Masculino,0
BÉLGICA,2023,CREENCIAS O PRÁCTICAS RELIGIOSAS,Ambos sexos,0
BÉLGICA,2023,CREENCIAS O PRÁCTICAS RELIGIOSAS,Femenino,0
BÉLGICA,2023,CREENCIAS O PRÁCTICAS RELIGIOSAS,Masculino,0
CAMERÚN,2023,CREENCIAS O PRÁCTICAS RELIGIOSAS,Ambos sexos,0
CAMERÚN,2023,CREENCIAS O PRÁCTICAS RELIGIOSAS,Femenino,0
CAMERÚN,2023,CREENCIAS O PRÁCTICAS RELIGIOSAS,Masculino,0
CENTRO ÁFRICANA REPÚBLICA,2023,CREENCIAS O PRÁCTICAS RELIGIOSAS,Ambos sexos,0
CENTRO ÁFRICANA REPÚBLICA,2023,CREENCIAS O PRÁCTICAS RELIGIOSAS,Femenino,0
CENTRO ÁFRICANA REPÚBLICA,2023,CREENCIAS O PRÁCTICAS RELIGIOSAS,Masculino,0
CHILE,2023,CREENCIAS O PRÁCTICAS RELIGIOSAS,Ambos sexos,0
CHILE,2023,CREENCIAS O PRÁCTICAS RELIGIOSAS,Femenino,0
CHILE,2023,CREENCIAS O PRÁCTICAS RELIGIOSAS,Masculino,0
CHINA POPULAR,2023,CREENCIAS O PRÁCTICAS RELIGIOSAS,Ambos sexos,0
CHINA POPULAR,2023,CREENCIAS O PRÁCTICAS RELIGIOSAS,Femenino,0
CHINA POPULAR,2023,CREENCIAS O PRÁCTICAS RELIGIOSAS,Masculino,0
COLOMBIA,2023,CREENCIAS O PRÁCTICAS RELIGIOSAS,Ambos sexos,0
COLOMBIA,2023,CREENCIAS O PRÁCTICAS RELIGIOSAS,Femenino,0
COLOMBIA,2023,CREENCIAS O PRÁCTICAS RELIGIOSAS,Masculino,0
CONGO-BRAZZAVILLE,2023,CREENCIAS O PRÁCTICAS RELIGIOSAS,Ambos sexos,0
CONGO-BRAZZAVILLE,2023,CREENCIAS O PRÁCTICAS RELIGIOSAS,Femenino,0
CONGO-BRAZZAVILLE,2023,CREENCIAS O PRÁCTICAS RELIGIOSAS,Masculino,0
COSTA DE MARFIL,2023,CREENCIAS O PRÁCTICAS RELIGIOSAS,Ambos sexos,0
COSTA DE MARFIL,2023,CREENCIAS O PRÁCTICAS RELIGIOSAS,Femenino,0
COSTA DE MARFIL,2023,CREENCIAS O PRÁCTICAS RELIGIOSAS,Masculino,0
CROACIA,2023,CREENCIAS O PRÁCTICAS RELIGIOSAS,Ambos sexos,0
CROACIA,2023,CREENCIAS O PRÁCTICAS RELIGIOSAS,Femenino,0
CROACIA,2023,CREENCIAS O PRÁCTICAS RELIGIOSAS,Masculino,0
CUBA,2023,CREENCIAS O PRÁCTICAS RELIGIOSAS,Ambos sexos,0
CUBA,2023,CREENCIAS O PRÁCTICAS RELIGIOSAS,Femenino,0
CUBA,2023,CREENCIAS O PRÁCTICAS RELIGIOSAS,Masculino,0
ECUADOR,2023,CREENCIAS O PRÁCTICAS RELIGIOSAS,Ambos sexos,0
ECUADOR,2023,CREENCIAS O PRÁCTICAS RELIGIOSAS,Femenino,0
ECUADOR,2023,CREENCIAS O PRÁCTICAS RELIGIOSAS,Masculino,0
EE.UU.,2023,CREENCIAS O PRÁCTICAS RELIGIOSAS,Ambos sexos,0
EE.UU.,2023,CREENCIAS O PRÁCTICAS RELIGIOSAS,Femenino,0
EE.UU.,2023,CREENCIAS O PRÁCTICAS RELIGIOSAS,Masculino,0
EGIPTO,2023,CREENCIAS O PRÁCTICAS RELIGIOSAS,Ambos sexos,0
EGIPTO,2023,CREENCIAS O PRÁCTICAS RELIGIOSAS,Femenino,0
EGIPTO,2023,CREENCIAS O PRÁCTICAS RELIGIOSAS,Masculino,0
EL SALVADOR,2023,CREENCIAS O PRÁCTICAS RELIGIOSAS,Ambos sexos,0
EL SALVADOR,2023,CREENCIAS O PRÁCTICAS RELIGIOSAS,Femenino,0
EL SALVADOR,2023,CREENCIAS O PRÁCTICAS RELIGIOSAS,Masculino,0
ERITREA,2023,CREENCIAS O PRÁCTICAS RELIGIOSAS,Ambos sexos,0
ERITREA,2023,CREENCIAS O PRÁCTICAS RELIGIOSAS,Femenino,0
ERITREA,2023,CREENCIAS O PRÁCTICAS RELIGIOSAS,Masculino,0
ESLOVAQUIA,2023,CREENCIAS O PRÁCTICAS RELIGIOSAS,Ambos sexos,0
ESLOVAQUIA,2023,CREENCIAS O PRÁCTICAS RELIGIOSAS,Femenino,0
ESLOVAQUIA,2023,CREENCIAS O PRÁCTICAS RELIGIOSAS,Masculino,0
ESPAÑA,2023,CREENCIAS O PRÁCTICAS RELIGIOSAS,Ambos sexos,24
ESPAÑA,2023,CREENCIAS O PRÁCTICAS RELIGIOSAS,Femenino,3
ESPAÑA,2023,CREENCIAS O PRÁCTICAS RELIGIOSAS,Masculino,21
ESTONIA,2023,CREENCIAS O PRÁCTICAS RELIGIOSAS,Ambos sexos,0
ESTONIA,2023,CREENCIAS O PRÁCTICAS RELIGIOSAS,Femenino,0
ESTONIA,2023,CREENCIAS O PRÁCTICAS RELIGIOSAS,Masculino,0
FILIPINAS,2023,CREENCIAS O PRÁCTICAS RELIGIOSAS,Ambos sexos,0
FILIPINAS,2023,CREENCIAS O PRÁCTICAS RELIGIOSAS,Femenino,0
FILIPINAS,2023,CREENCIAS O PRÁCTICAS RELIGIOSAS,Masculino,0
FRANCIA,2023,CREENCIAS O PRÁCTICAS RELIGIOSAS,Ambos sexos,0
FRANCIA,2023,CREENCIAS O PRÁCTICAS RELIGIOSAS,Femenino,0
FRANCIA,2023,CREENCIAS O PRÁCTICAS RELIGIOSAS,Masculino,0
GAMBIA,2023,CREENCIAS O PRÁCTICAS RELIGIOSAS,Ambos sexos,0
GAMBIA,2023,CREENCIAS O PRÁCTICAS RELIGIOSAS,Femenino,0
GAMBIA,2023,CREENCIAS O PRÁCTICAS RELIGIOSAS,Masculino,0
GEORGIA,2023,CREENCIAS O PRÁCTICAS RELIGIOSAS,Ambos sexos,0
GEORGIA,2023,CREENCIAS O PRÁCTICAS RELIGIOSAS,Femenino,0
GEORGIA,2023,CREENCIAS O PRÁCTICAS RELIGIOSAS,Masculino,0
GHANA,2023,CREENCIAS O PRÁCTICAS RELIGIOSAS,Ambos sexos,0
GHANA,2023,CREENCIAS O PRÁCTICAS RELIGIOSAS,Femenino,0
GHANA,2023,CREENCIAS O PRÁCTICAS RELIGIOSAS,Masculino,0
GRECIA,2023,CREENCIAS O PRÁCTICAS RELIGIOSAS,Ambos sexos,0
GRECIA,2023,CREENCIAS O PRÁCTICAS RELIGIOSAS,Femenino,0
GRECIA,2023,CREENCIAS O PRÁCTICAS RELIGIOSAS,Masculino,0
GUATEMALA,2023,CREENCIAS O PRÁCTICAS RELIGIOSAS,Ambos sexos,0
GUATEMALA,2023,CREENCIAS O PRÁCTICAS RELIGIOSAS,Femenino,0
GUATEMALA,2023,CREENCIAS O PRÁCTICAS RELIGIOSAS,Masculino,0
GUINEA ECUATORIAL,2023,CREENCIAS O PRÁCTICAS RELIGIOSAS,Ambos sexos,0
GUINEA ECUATORIAL,2023,CREENCIAS O PRÁCTICAS RELIGIOSAS,Femenino,0
GUINEA ECUATORIAL,2023,CREENCIAS O PRÁCTICAS RELIGIOSAS,Masculino,0
GUINEA REP.,2023,CREENCIAS O PRÁCTICAS RELIGIOSAS,Ambos sexos,0
GUINEA REP.,2023,CREENCIAS O PRÁCTICAS RELIGIOSAS,Femenino,0
GUINEA REP.,2023,CREENCIAS O PRÁCTICAS RELIGIOSAS,Masculino,0
HAITI,2023,CREENCIAS O PRÁCTICAS RELIGIOSAS,Ambos sexos,0
HAITI,2023,CREENCIAS O PRÁCTICAS RELIGIOSAS,Femenino,0
HAITI,2023,CREENCIAS O PRÁCTICAS RELIGIOSAS,Masculino,0
HOLANDA,2023,CREENCIAS O PRÁCTICAS RELIGIOSAS,Ambos sexos,0
HOLANDA,2023,CREENCIAS O PRÁCTICAS RELIGIOSAS,Femenino,0
HOLANDA,2023,CREENCIAS O PRÁCTICAS RELIGIOSAS,Masculino,0
HONDURAS,2023,CREENCIAS O PRÁCTICAS RELIGIOSAS,Ambos sexos,0
HONDURAS,2023,CREENCIAS O PRÁCTICAS RELIGIOSAS,Femenino,0
HONDURAS,2023,CREENCIAS O PRÁCTICAS RELIGIOSAS,Masculino,0
INDIA,2023,CREENCIAS O PRÁCTICAS RELIGIOSAS,Ambos sexos,0
INDIA,2023,CREENCIAS O PRÁCTICAS RELIGIOSAS,Femenino,0
INDIA,2023,CREENCIAS O PRÁCTICAS RELIGIOSAS,Masculino,0
IRLANDA,2023,CREENCIAS O PRÁCTICAS RELIGIOSAS,Ambos sexos,0
IRLANDA,2023,CREENCIAS O PRÁCTICAS RELIGIOSAS,Femenino,0
IRLANDA,2023,CREENCIAS O PRÁCTICAS RELIGIOSAS,Masculino,0
IRÁN,2023,CREENCIAS O PRÁCTICAS RELIGIOSAS,Ambos sexos,0
IRÁN,2023,CREENCIAS O PRÁCTICAS RELIGIOSAS,Femenino,0
IRÁN,2023,CREENCIAS O PRÁCTICAS RELIGIOSAS,Masculino,0
ISRAEL,2023,CREENCIAS O PRÁCTICAS RELIGIOSAS,Ambos sexos,0
ISRAEL,2023,CREENCIAS O PRÁCTICAS RELIGIOSAS,Femenino,0
ISRAEL,2023,CREENCIAS O PRÁCTICAS RELIGIOSAS,Masculino,0
ITALIA,2023,CREENCIAS O PRÁCTICAS RELIGIOSAS,Ambos sexos,0
ITALIA,2023,CREENCIAS O PRÁCTICAS RELIGIOSAS,Femenino,0
ITALIA,2023,CREENCIAS O PRÁCTICAS RELIGIOSAS,Masculino,0
LETONIA,2023,CREENCIAS O PRÁCTICAS RELIGIOSAS,Ambos sexos,0
LETONIA,2023,CREENCIAS O PRÁCTICAS RELIGIOSAS,Femenino,0
LETONIA,2023,CREENCIAS O PRÁCTICAS RELIGIOSAS,Masculino,0
LIBERIA,2023,CREENCIAS O PRÁCTICAS RELIGIOSAS,Ambos sexos,0
LIBERIA,2023,CREENCIAS O PRÁCTICAS RELIGIOSAS,Femenino,0
LIBERIA,2023,CREENCIAS O PRÁCTICAS RELIGIOSAS,Masculino,0
LIBIA,2023,CREENCIAS O PRÁCTICAS RELIGIOSAS,Ambos sexos,0
LIBIA,2023,CREENCIAS O PRÁCTICAS RELIGIOSAS,Femenino,0
LIBIA,2023,CREENCIAS O PRÁCTICAS RELIGIOSAS,Masculino,0
LITUANIA,2023,CREENCIAS O PRÁCTICAS RELIGIOSAS,Ambos sexos,0
LITUANIA,2023,CREENCIAS O PRÁCTICAS RELIGIOSAS,Femenino,0
LITUANIA,2023,CREENCIAS O PRÁCTICAS RELIGIOSAS,Masculino,0
LÍBANO,2023,CREENCIAS O PRÁCTICAS RELIGIOSAS,Ambos sexos,0
LÍBANO,2023,CREENCIAS O PRÁCTICAS RELIGIOSAS,Femenino,0
LÍBANO,2023,CREENCIAS O PRÁCTICAS RELIGIOSAS,Masculino,0
MALI,2023,CREENCIAS O PRÁCTICAS RELIGIOSAS,Ambos sexos,0
MALI,2023,CREENCIAS O PRÁCTICAS RELIGIOSAS,Femenino,0
MALI,2023,CREENCIAS O PRÁCTICAS RELIGIOSAS,Masculino,0
MARRUECOS,2023,CREENCIAS O PRÁCTICAS RELIGIOSAS,Ambos sexos,2
MARRUECOS,2023,CREENCIAS O PRÁCTICAS RELIGIOSAS,Femenino,0
MARRUECOS,2023,CREENCIAS O PRÁCTICAS RELIGIOSAS,Masculino,2
MAURITANIA,2023,CREENCIAS O PRÁCTICAS RELIGIOSAS,Ambos sexos,0
MAURITANIA,2023,CREENCIAS O PRÁCTICAS RELIGIOSAS,Femenino,0
MAURITANIA,2023,CREENCIAS O PRÁCTICAS RELIGIOSAS,Masculino,0
MOLDAVIA,2023,CREENCIAS O PRÁCTICAS RELIGIOSAS,Ambos sexos,0
MOLDAVIA,2023,CREENCIAS O PRÁCTICAS RELIGIOSAS,Femenino,0
MOLDAVIA,2023,CREENCIAS O PRÁCTICAS RELIGIOSAS,Masculino,0
MONGOLIA,2023,CREENCIAS O PRÁCTICAS RELIGIOSAS,Ambos sexos,0
MONGOLIA,2023,CREENCIAS O PRÁCTICAS RELIGIOSAS,Femenino,0
MONGOLIA,2023,CREENCIAS O PRÁCTICAS RELIGIOSAS,Masculino,0
NEPAL,2023,CREENCIAS O PRÁCTICAS RELIGIOSAS,Ambos sexos,0
NEPAL,2023,CREENCIAS O PRÁCTICAS RELIGIOSAS,Femenino,0
NEPAL,2023,CREENCIAS O PRÁCTICAS RELIGIOSAS,Masculino,0
NICARAGUA,2023,CREENCIAS O PRÁCTICAS RELIGIOSAS,Ambos sexos,0
NICARAGUA,2023,CREENCIAS O PRÁCTICAS RELIGIOSAS,Femenino,0
NICARAGUA,2023,CREENCIAS O PRÁCTICAS RELIGIOSAS,Masculino,0
NIGERIA,2023,CREENCIAS O PRÁCTICAS RELIGIOSAS,Ambos sexos,0
NIGERIA,2023,CREENCIAS O PRÁCTICAS RELIGIOSAS,Femenino,0
NIGERIA,2023,CREENCIAS O PRÁCTICAS RELIGIOSAS,Masculino,0
NÍGER REP.,2023,CREENCIAS O PRÁCTICAS RELIGIOSAS,Ambos sexos,0
NÍGER REP.,2023,CREENCIAS O PRÁCTICAS RELIGIOSAS,Femenino,0
NÍGER REP.,2023,CREENCIAS O PRÁCTICAS RELIGIOSAS,Masculino,0
PANAMA,2023,CREENCIAS O PRÁCTICAS RELIGIOSAS,Ambos sexos,0
PANAMA,2023,CREENCIAS O PRÁCTICAS RELIGIOSAS,Femenino,0
PANAMA,2023,CREENCIAS O PRÁCTICAS RELIGIOSAS,Masculino,0
PAQUISTÁN,2023,CREENCIAS O PRÁCTICAS RELIGIOSAS,Ambos sexos,4
PAQUISTÁN,2023,CREENCIAS O PRÁCTICAS RELIGIOSAS,Femenino,1
PAQUISTÁN,2023,CREENCIAS O PRÁCTICAS RELIGIOSAS,Masculino,3
PARAGUAY,2023,CREENCIAS O PRÁCTICAS RELIGIOSAS,Ambos sexos,0
PARAGUAY,2023,CREENCIAS O PRÁCTICAS RELIGIOSAS,Femenino,0
PARAGUAY,2023,CREENCIAS O PRÁCTICAS RELIGIOSAS,Masculino,0
PAÍS DESCONOCIDO,2023,CREENCIAS O PRÁCTICAS RELIGIOSAS,Ambos sexos,0
PAÍS DESCONOCIDO,2023,CREENCIAS O PRÁCTICAS RELIGIOSAS,Femenino,0
PAÍS DESCONOCIDO,2023,CREENCIAS O PRÁCTICAS RELIGIOSAS,Masculino,0
PAÍS NO CODIFICADO,2023,CREENCIAS O PRÁCTICAS RELIGIOSAS,Ambos sexos,0
PAÍS NO CODIFICADO,2023,CREENCIAS O PRÁCTICAS RELIGIOSAS,Femenino,0
PAÍS NO CODIFICADO,2023,CREENCIAS O PRÁCTICAS RELIGIOSAS,Masculino,0
PERÚ,2023,CREENCIAS O PRÁCTICAS RELIGIOSAS,Ambos sexos,0
PERÚ,2023,CREENCIAS O PRÁCTICAS RELIGIOSAS,Femenino,0
PERÚ,2023,CREENCIAS O PRÁCTICAS RELIGIOSAS,Masculino,0
POLONIA,2023,CREENCIAS O PRÁCTICAS RELIGIOSAS,Ambos sexos,0
POLONIA,2023,CREENCIAS O PRÁCTICAS RELIGIOSAS,Femenino,0
POLONIA,2023,CREENCIAS O PRÁCTICAS RELIGIOSAS,Masculino,0
PORTUGAL,2023,CREENCIAS O PRÁCTICAS RELIGIOSAS,Ambos sexos,0
PORTUGAL,2023,CREENCIAS O PRÁCTICAS RELIGIOSAS,Femenino,0
PORTUGAL,2023,CREENCIAS O PRÁCTICAS RELIGIOSAS,Masculino,0
REINO UNIDO,2023,CREENCIAS O PRÁCTICAS RELIGIOSAS,Ambos sexos,0
REINO UNIDO,2023,CREENCIAS O PRÁCTICAS RELIGIOSAS,Femenino,0
REINO UNIDO,2023,CREENCIAS O PRÁCTICAS RELIGIOSAS,Masculino,0
REPÚBLICA CHECA,2023,CREENCIAS O PRÁCTICAS RELIGIOSAS,Ambos sexos,0
REPÚBLICA CHECA,2023,CREENCIAS O PRÁCTICAS RELIGIOSAS,Femenino,0
REPÚBLICA CHECA,2023,CREENCIAS O PRÁCTICAS RELIGIOSAS,Masculino,0
REPÚBLICA DOMINICANA,2023,CREENCIAS O PRÁCTICAS RELIGIOSAS,Ambos sexos,0
REPÚBLICA DOMINICANA,2023,CREENCIAS O PRÁCTICAS RELIGIOSAS,Femenino,0
REPÚBLICA DOMINICANA,2023,CREENCIAS O PRÁCTICAS RELIGIOSAS,Masculino,0
RUMANÍA,2023,CREENCIAS O PRÁCTICAS RELIGIOSAS,Ambos sexos,0
RUMANÍA,2023,CREENCIAS O PRÁCTICAS RELIGIOSAS,Femenino,0
RUMANÍA,2023,CREENCIAS O PRÁCTICAS RELIGIOSAS,Masculino,0
RUSIA,2023,CREENCIAS O PRÁCTICAS RELIGIOSAS,Ambos sexos,0
RUSIA,2023,CREENCIAS O PRÁCTICAS RELIGIOSAS,Femenino,0
RUSIA,2023,CREENCIAS O PRÁCTICAS RELIGIOSAS,Masculino,0
SENEGAL,2023,CREENCIAS O PRÁCTICAS RELIGIOSAS,Ambos sexos,0
SENEGAL,2023,CREENCIAS O PRÁCTICAS RELIGIOSAS,Femenino,0
SENEGAL,2023,CREENCIAS O PRÁCTICAS RELIGIOSAS,Masculino,0
SERBIA (YUGOSLAVIA),2023,CREENCIAS O PRÁCTICAS RELIGIOSAS,Ambos sexos,0
SERBIA (YUGOSLAVIA),2023,CREENCIAS O PRÁCTICAS RELIGIOSAS,Femenino,0
SERBIA (YUGOSLAVIA),2023,CREENCIAS O PRÁCTICAS RELIGIOSAS,Masculino,0
SIERRA LEONA,2023,CREENCIAS O PRÁCTICAS RELIGIOSAS,Ambos sexos,0
SIERRA LEONA,2023,CREENCIAS O PRÁCTICAS RELIGIOSAS,Femenino,0
SIERRA LEONA,2023,CREENCIAS O PRÁCTICAS RELIGIOSAS,Masculino,0
SIRIA,2023,CREENCIAS O PRÁCTICAS RELIGIOSAS,Ambos sexos,0
SIRIA,2023,CREENCIAS O PRÁCTICAS RELIGIOSAS,Femenino,0
SIRIA,2023,CREENCIAS O PRÁCTICAS RELIGIOSAS,Masculino,0
SUDÁFRICA R.,2023,CREENCIAS O PRÁCTICAS RELIGIOSAS,Ambos sexos,0
SUDÁFRICA R.,2023,CREENCIAS O PRÁCTICAS RELIGIOSAS,Femenino,0
SUDÁFRICA R.,2023,CREENCIAS O PRÁCTICAS RELIGIOSAS,Masculino,0
SUECIA,2023,CREENCIAS O PRÁCTICAS RELIGIOSAS,Ambos sexos,0
SUECIA,2023,CREENCIAS O PRÁCTICAS RELIGIOSAS,Femenino,0
SUECIA,2023,CREENCIAS O PRÁCTICAS RELIGIOSAS,Masculino,0
SUIZA,2023,CREENCIAS O PRÁCTICAS RELIGIOSAS,Ambos sexos,0
SUIZA,2023,CREENCIAS O PRÁCTICAS RELIGIOSAS,Femenino,0
SUIZA,2023,CREENCIAS O PRÁCTICAS RELIGIOSAS,Masculino,0
TOTAL nacionalidad,2023,CREENCIAS O PRÁCTICAS RELIGIOSAS,Ambos sexos,31
TOTAL nacionalidad,2023,CREENCIAS O PRÁCTICAS RELIGIOSAS,Femenino,5
TOTAL nacionalidad,2023,CREENCIAS O PRÁCTICAS RELIGIOSAS,Masculino,26
TURQUÍA,2023,CREENCIAS O PRÁCTICAS RELIGIOSAS,Ambos sexos,0
TURQUÍA,2023,CREENCIAS O PRÁCTICAS RELIGIOSAS,Femenino,0
TURQUÍA,2023,CREENCIAS O PRÁCTICAS RELIGIOSAS,Masculino,0
TÚNEZ,2023,CREENCIAS O PRÁCTICAS RELIGIOSAS,Ambos sexos,0
TÚNEZ,2023,CREENCIAS O PRÁCTICAS RELIGIOSAS,Femenino,0
TÚNEZ,2023,CREENCIAS O PRÁCTICAS RELIGIOSAS,Masculino,0
UCRANIA,2023,CREENCIAS O PRÁCTICAS RELIGIOSAS,Ambos sexos,0
UCRANIA,2023,CREENCIAS O PRÁCTICAS RELIGIOSAS,Femenino,0
UCRANIA,2023,CREENCIAS O PRÁCTICAS RELIGIOSAS,Masculino,0
URUGUAY,2023,CREENCIAS O PRÁCTICAS RELIGIOSAS,Ambos sexos,0
URUGUAY,2023,CREENCIAS O PRÁCTICAS RELIGIOSAS,Femenino,0
URUGUAY,2023,CREENCIAS O PRÁCTICAS RELIGIOSAS,Masculino,0
VENEZUELA,2023,CREENCIAS O PRÁCTICAS RELIGIOSAS,Ambos sexos,1
VENEZUELA,2023,CREENCIAS O PRÁCTICAS RELIGIOSAS,Femenino,1
VENEZUELA,2023,CREENCIAS O PRÁCTICAS RELIGIOSAS,Masculino,0
ZAMBIA,2023,CREENCIAS O PRÁCTICAS RELIGIOSAS,Ambos sexos,0
ZAMBIA,2023,CREENCIAS O PRÁCTICAS RELIGIOSAS,Femenino,0
ZAMBIA,2023,CREENCIAS O PRÁCTICAS RELIGIOSAS,Masculino,0
ALBANIA,2023,DISCRIMINACIÓN GENERACIONAL,Ambos sexos,0
ALBANIA,2023,DISCRIMINACIÓN GENERACIONAL,Femenino,0
ALBANIA,2023,DISCRIMINACIÓN GENERACIONAL,Masculino,0
ALEMANIA,2023,DISCRIMINACIÓN GENERACIONAL,Ambos sexos,0
ALEMANIA,2023,DISCRIMINACIÓN GENERACIONAL,Femenino,0
ALEMANIA,2023,DISCRIMINACIÓN GENERACIONAL,Masculino,0
ANDORRA,2023,DISCRIMINACIÓN GENERACIONAL,Ambos sexos,0
ANDORRA,2023,DISCRIMINACIÓN GENERACIONAL,Femenino,0
ANDORRA,2023,DISCRIMINACIÓN GENERACIONAL,Masculino,0
ANGOLA,2023,DISCRIMINACIÓN GENERACIONAL,Ambos sexos,0
ANGOLA,2023,DISCRIMINACIÓN GENERACIONAL,Femenino,0
ANGOLA,2023,DISCRIMINACIÓN GENERACIONAL,Masculino,0
ARGELIA,2023,DISCRIMINACIÓN GENERACIONAL,Ambos sexos,0
ARGELIA,2023,DISCRIMINACIÓN GENERACIONAL,Femenino,0
ARGELIA,2023,DISCRIMINACIÓN GENERACIONAL,Masculino,0
ARGENTINA,2023,DISCRIMINACIÓN GENERACIONAL,Ambos sexos,0
ARGENTINA,2023,DISCRIMINACIÓN GENERACIONAL,Femenino,0
ARGENTINA,2023,DISCRIMINACIÓN GENERACIONAL,Masculino,0
ARMENIA,2023,DISCRIMINACIÓN GENERACIONAL,Ambos sexos,0
ARMENIA,2023,DISCRIMINACIÓN GENERACIONAL,Femenino,0
ARMENIA,2023,DISCRIMINACIÓN GENERACIONAL,Masculino,0
BANGLADESH,2023,DISCRIMINACIÓN GENERACIONAL,Ambos sexos,0
BANGLADESH,2023,DISCRIMINACIÓN GENERACIONAL,Femenino,0
BANGLADESH,2023,DISCRIMINACIÓN GENERACIONAL,Masculino,0
BIELORRUSIA,2023,DISCRIMINACIÓN GENERACIONAL,Ambos sexos,0
BIELORRUSIA,2023,DISCRIMINACIÓN GENERACIONAL,Femenino,0
BIELORRUSIA,2023,DISCRIMINACIÓN GENERACIONAL,Masculino,0
BOLIVIA,2023,DISCRIMINACIÓN GENERACIONAL,Ambos sexos,0
BOLIVIA,2023,DISCRIMINACIÓN GENERACIONAL,Femenino,0
BOLIVIA,2023,DISCRIMINACIÓN GENERACIONAL,Masculino,0
BRASIL,2023,DISCRIMINACIÓN GENERACIONAL,Ambos sexos,0
BRASIL,2023,DISCRIMINACIÓN GENERACIONAL,Femenino,0
BRASIL,2023,DISCRIMINACIÓN GENERACIONAL,Masculino,0
BULGARIA,2023,DISCRIMINACIÓN GENERACIONAL,Ambos sexos,0
BULGARIA,2023,DISCRIMINACIÓN GENERACIONAL,Femenino,0
BULGARIA,2023,DISCRIMINACIÓN GENERACIONAL,Masculino,0
BÉLGICA,2023,DISCRIMINACIÓN GENERACIONAL,Ambos sexos,0
BÉLGICA,2023,DISCRIMINACIÓN GENERACIONAL,Femenino,0
BÉLGICA,2023,DISCRIMINACIÓN GENERACIONAL,Masculino,0
CAMERÚN,2023,DISCRIMINACIÓN GENERACIONAL,Ambos sexos,0
CAMERÚN,2023,DISCRIMINACIÓN GENERACIONAL,Femenino,0
CAMERÚN,2023,DISCRIMINACIÓN GENERACIONAL,Masculino,0
CENTRO ÁFRICANA REPÚBLICA,2023,DISCRIMINACIÓN GENERACIONAL,Ambos sexos,0
CENTRO ÁFRICANA REPÚBLICA,2023,DISCRIMINACIÓN GENERACIONAL,Femenino,0
CENTRO ÁFRICANA REPÚBLICA,2023,DISCRIMINACIÓN GENERACIONAL,Masculino,0
CHILE,2023,DISCRIMINACIÓN GENERACIONAL,Ambos sexos,0
CHILE,2023,DISCRIMINACIÓN GENERACIONAL,Femenino,0
CHILE,2023,DISCRIMINACIÓN GENERACIONAL,Masculino,0
CHINA POPULAR,2023,DISCRIMINACIÓN GENERACIONAL,Ambos sexos,0
CHINA POPULAR,2023,DISCRIMINACIÓN GENERACIONAL,Femenino,0
CHINA POPULAR,2023,DISCRIMINACIÓN GENERACIONAL,Masculino,0
COLOMBIA,2023,DISCRIMINACIÓN GENERACIONAL,Ambos sexos,1
COLOMBIA,2023,DISCRIMINACIÓN GENERACIONAL,Femenino,0
COLOMBIA,2023,DISCRIMINACIÓN GENERACIONAL,Masculino,1
CONGO-BRAZZAVILLE,2023,DISCRIMINACIÓN GENERACIONAL,Ambos sexos,0
CONGO-BRAZZAVILLE,2023,DISCRIMINACIÓN GENERACIONAL,Femenino,0
CONGO-BRAZZAVILLE,2023,DISCRIMINACIÓN GENERACIONAL,Masculino,0
COSTA DE MARFIL,2023,DISCRIMINACIÓN GENERACIONAL,Ambos sexos,0
COSTA DE MARFIL,2023,DISCRIMINACIÓN GENERACIONAL,Femenino,0
COSTA DE MARFIL,2023,DISCRIMINACIÓN GENERACIONAL,Masculino,0
CROACIA,2023,DISCRIMINACIÓN GENERACIONAL,Ambos sexos,0
CROACIA,2023,DISCRIMINACIÓN GENERACIONAL,Femenino,0
CROACIA,2023,DISCRIMINACIÓN GENERACIONAL,Masculino,0
CUBA,2023,DISCRIMINACIÓN GENERACIONAL,Ambos sexos,0
CUBA,2023,DISCRIMINACIÓN GENERACIONAL,Femenino,0
CUBA,2023,DISCRIMINACIÓN GENERACIONAL,Masculino,0
ECUADOR,2023,DISCRIMINACIÓN GENERACIONAL,Ambos sexos,0
ECUADOR,2023,DISCRIMINACIÓN GENERACIONAL,Femenino,0
ECUADOR,2023,DISCRIMINACIÓN GENERACIONAL,Masculino,0
EE.UU.,2023,DISCRIMINACIÓN GENERACIONAL,Ambos sexos,0
EE.UU.,2023,DISCRIMINACIÓN GENERACIONAL,Femenino,0
EE.UU.,2023,DISCRIMINACIÓN GENERACIONAL,Masculino,0
EGIPTO,2023,DISCRIMINACIÓN GENERACIONAL,Ambos sexos,0
EGIPTO,2023,DISCRIMINACIÓN GENERACIONAL,Femenino,0
EGIPTO,2023,DISCRIMINACIÓN GENERACIONAL,Masculino,0
EL SALVADOR,2023,DISCRIMINACIÓN GENERACIONAL,Ambos sexos,0
EL SALVADOR,2023,DISCRIMINACIÓN GENERACIONAL,Femenino,0
EL SALVADOR,2023,DISCRIMINACIÓN GENERACIONAL,Masculino,0
ERITREA,2023,DISCRIMINACIÓN GENERACIONAL,Ambos sexos,0
ERITREA,2023,DISCRIMINACIÓN GENERACIONAL,Femenino,0
ERITREA,2023,DISCRIMINACIÓN GENERACIONAL,Masculino,0
ESLOVAQUIA,2023,DISCRIMINACIÓN GENERACIONAL,Ambos sexos,0
ESLOVAQUIA,2023,DISCRIMINACIÓN GENERACIONAL,Femenino,0
ESLOVAQUIA,2023,DISCRIMINACIÓN GENERACIONAL,Masculino,0
ESPAÑA,2023,DISCRIMINACIÓN GENERACIONAL,Ambos sexos,5
ESPAÑA,2023,DISCRIMINACIÓN GENERACIONAL,Femenino,0
ESPAÑA,2023,DISCRIMINACIÓN GENERACIONAL,Masculino,5
ESTONIA,2023,DISCRIMINACIÓN GENERACIONAL,Ambos sexos,0
ESTONIA,2023,DISCRIMINACIÓN GENERACIONAL,Femenino,0
ESTONIA,2023,DISCRIMINACIÓN GENERACIONAL,Masculino,0
FILIPINAS,2023,DISCRIMINACIÓN GENERACIONAL,Ambos sexos,0
FILIPINAS,2023,DISCRIMINACIÓN GENERACIONAL,Femenino,0
FILIPINAS,2023,DISCRIMINACIÓN GENERACIONAL,Masculino,0
FRANCIA,2023,DISCRIMINACIÓN GENERACIONAL,Ambos sexos,0
FRANCIA,2023,DISCRIMINACIÓN GENERACIONAL,Femenino,0
FRANCIA,2023,DISCRIMINACIÓN GENERACIONAL,Masculino,0
GAMBIA,2023,DISCRIMINACIÓN GENERACIONAL,Ambos sexos,0
GAMBIA,2023,DISCRIMINACIÓN GENERACIONAL,Femenino,0
GAMBIA,2023,DISCRIMINACIÓN GENERACIONAL,Masculino,0
GEORGIA,2023,DISCRIMINACIÓN GENERACIONAL,Ambos sexos,0
GEORGIA,2023,DISCRIMINACIÓN GENERACIONAL,Femenino,0
GEORGIA,2023,DISCRIMINACIÓN GENERACIONAL,Masculino,0
GHANA,2023,DISCRIMINACIÓN GENERACIONAL,Ambos sexos,0
GHANA,2023,DISCRIMINACIÓN GENERACIONAL,Femenino,0
GHANA,2023,DISCRIMINACIÓN GENERACIONAL,Masculino,0
GRECIA,2023,DISCRIMINACIÓN GENERACIONAL,Ambos sexos,0
GRECIA,2023,DISCRIMINACIÓN GENERACIONAL,Femenino,0
GRECIA,2023,DISCRIMINACIÓN GENERACIONAL,Masculino,0
GUATEMALA,2023,DISCRIMINACIÓN GENERACIONAL,Ambos sexos,0
GUATEMALA,2023,DISCRIMINACIÓN GENERACIONAL,Femenino,0
GUATEMALA,2023,DISCRIMINACIÓN GENERACIONAL,Masculino,0
GUINEA ECUATORIAL,2023,DISCRIMINACIÓN GENERACIONAL,Ambos sexos,0
GUINEA ECUATORIAL,2023,DISCRIMINACIÓN GENERACIONAL,Femenino,0
GUINEA ECUATORIAL,2023,DISCRIMINACIÓN GENERACIONAL,Masculino,0
GUINEA REP.,2023,DISCRIMINACIÓN GENERACIONAL,Ambos sexos,0
GUINEA REP.,2023,DISCRIMINACIÓN GENERACIONAL,Femenino,0
GUINEA REP.,2023,DISCRIMINACIÓN GENERACIONAL,Masculino,0
HAITI,2023,DISCRIMINACIÓN GENERACIONAL,Ambos sexos,0
HAITI,2023,DISCRIMINACIÓN GENERACIONAL,Femenino,0
HAITI,2023,DISCRIMINACIÓN GENERACIONAL,Masculino,0
HOLANDA,2023,DISCRIMINACIÓN GENERACIONAL,Ambos sexos,0
HOLANDA,2023,DISCRIMINACIÓN GENERACIONAL,Femenino,0
HOLANDA,2023,DISCRIMINACIÓN GENERACIONAL,Masculino,0
HONDURAS,2023,DISCRIMINACIÓN GENERACIONAL,Ambos sexos,0
HONDURAS,2023,DISCRIMINACIÓN GENERACIONAL,Femenino,0
HONDURAS,2023,DISCRIMINACIÓN GENERACIONAL,Masculino,0
INDIA,2023,DISCRIMINACIÓN GENERACIONAL,Ambos sexos,0
INDIA,2023,DISCRIMINACIÓN GENERACIONAL,Femenino,0
INDIA,2023,DISCRIMINACIÓN GENERACIONAL,Masculino,0
IRLANDA,2023,DISCRIMINACIÓN GENERACIONAL,Ambos sexos,0
IRLANDA,2023,DISCRIMINACIÓN GENERACIONAL,Femenino,0
IRLANDA,2023,DISCRIMINACIÓN GENERACIONAL,Masculino,0
IRÁN,2023,DISCRIMINACIÓN GENERACIONAL,Ambos sexos,0
IRÁN,2023,DISCRIMINACIÓN GENERACIONAL,Femenino,0
IRÁN,2023,DISCRIMINACIÓN GENERACIONAL,Masculino,0
ISRAEL,2023,DISCRIMINACIÓN GENERACIONAL,Ambos sexos,0
ISRAEL,2023,DISCRIMINACIÓN GENERACIONAL,Femenino,0
ISRAEL,2023,DISCRIMINACIÓN GENERACIONAL,Masculino,0
ITALIA,2023,DISCRIMINACIÓN GENERACIONAL,Ambos sexos,0
ITALIA,2023,DISCRIMINACIÓN GENERACIONAL,Femenino,0
ITALIA,2023,DISCRIMINACIÓN GENERACIONAL,Masculino,0
LETONIA,2023,DISCRIMINACIÓN GENERACIONAL,Ambos sexos,0
LETONIA,2023,DISCRIMINACIÓN GENERACIONAL,Femenino,0
LETONIA,2023,DISCRIMINACIÓN GENERACIONAL,Masculino,0
LIBERIA,2023,DISCRIMINACIÓN GENERACIONAL,Ambos sexos,0
LIBERIA,2023,DISCRIMINACIÓN GENERACIONAL,Femenino,0
LIBERIA,2023,DISCRIMINACIÓN GENERACIONAL,Masculino,0
LIBIA,2023,DISCRIMINACIÓN GENERACIONAL,Ambos sexos,0
LIBIA,2023,DISCRIMINACIÓN GENERACIONAL,Femenino,0
LIBIA,2023,DISCRIMINACIÓN GENERACIONAL,Masculino,0
LITUANIA,2023,DISCRIMINACIÓN GENERACIONAL,Ambos sexos,0
LITUANIA,2023,DISCRIMINACIÓN GENERACIONAL,Femenino,0
LITUANIA,2023,DISCRIMINACIÓN GENERACIONAL,Masculino,0
LÍBANO,2023,DISCRIMINACIÓN GENERACIONAL,Ambos sexos,0
LÍBANO,2023,DISCRIMINACIÓN GENERACIONAL,Femenino,0
LÍBANO,2023,DISCRIMINACIÓN GENERACIONAL,Masculino,0
MALI,2023,DISCRIMINACIÓN GENERACIONAL,Ambos sexos,0
MALI,2023,DISCRIMINACIÓN GENERACIONAL,Femenino,0
MALI,2023,DISCRIMINACIÓN GENERACIONAL,Masculino,0
MARRUECOS,2023,DISCRIMINACIÓN GENERACIONAL,Ambos sexos,0
MARRUECOS,2023,DISCRIMINACIÓN GENERACIONAL,Femenino,0
MARRUECOS,2023,DISCRIMINACIÓN GENERACIONAL,Masculino,0
MAURITANIA,2023,DISCRIMINACIÓN GENERACIONAL,Ambos sexos,0
MAURITANIA,2023,DISCRIMINACIÓN GENERACIONAL,Femenino,0
MAURITANIA,2023,DISCRIMINACIÓN GENERACIONAL,Masculino,0
MOLDAVIA,2023,DISCRIMINACIÓN GENERACIONAL,Ambos sexos,0
MOLDAVIA,2023,DISCRIMINACIÓN GENERACIONAL,Femenino,0
MOLDAVIA,2023,DISCRIMINACIÓN GENERACIONAL,Masculino,0
MONGOLIA,2023,DISCRIMINACIÓN GENERACIONAL,Ambos sexos,0
MONGOLIA,2023,DISCRIMINACIÓN GENERACIONAL,Femenino,0
MONGOLIA,2023,DISCRIMINACIÓN GENERACIONAL,Masculino,0
NEPAL,2023,DISCRIMINACIÓN GENERACIONAL,Ambos sexos,0
NEPAL,2023,DISCRIMINACIÓN GENERACIONAL,Femenino,0
NEPAL,2023,DISCRIMINACIÓN GENERACIONAL,Masculino,0
NICARAGUA,2023,DISCRIMINACIÓN GENERACIONAL,Ambos sexos,0
NICARAGUA,2023,DISCRIMINACIÓN GENERACIONAL,Femenino,0
NICARAGUA,2023,DISCRIMINACIÓN GENERACIONAL,Masculino,0
NIGERIA,2023,DISCRIMINACIÓN GENERACIONAL,Ambos sexos,0
NIGERIA,2023,DISCRIMINACIÓN GENERACIONAL,Femenino,0
NIGERIA,2023,DISCRIMINACIÓN GENERACIONAL,Masculino,0
NÍGER REP.,2023,DISCRIMINACIÓN GENERACIONAL,Ambos sexos,0
NÍGER REP.,2023,DISCRIMINACIÓN GENERACIONAL,Femenino,0
NÍGER REP.,2023,DISCRIMINACIÓN GENERACIONAL,Masculino,0
PANAMA,2023,DISCRIMINACIÓN GENERACIONAL,Ambos sexos,0
PANAMA,2023,DISCRIMINACIÓN GENERACIONAL,Femenino,0
PANAMA,2023,DISCRIMINACIÓN GENERACIONAL,Masculino,0
PAQUISTÁN,2023,DISCRIMINACIÓN GENERACIONAL,Ambos sexos,0
PAQUISTÁN,2023,DISCRIMINACIÓN GENERACIONAL,Femenino,0
PAQUISTÁN,2023,DISCRIMINACIÓN GENERACIONAL,Masculino,0
PARAGUAY,2023,DISCRIMINACIÓN GENERACIONAL,Ambos sexos,0
PARAGUAY,2023,DISCRIMINACIÓN GENERACIONAL,Femenino,0
PARAGUAY,2023,DISCRIMINACIÓN GENERACIONAL,Masculino,0
PAÍS DESCONOCIDO,2023,DISCRIMINACIÓN GENERACIONAL,Ambos sexos,1
PAÍS DESCONOCIDO,2023,DISCRIMINACIÓN GENERACIONAL,Femenino,0
PAÍS DESCONOCIDO,2023,DISCRIMINACIÓN GENERACIONAL,Masculino,1
PAÍS NO CODIFICADO,2023,DISCRIMINACIÓN GENERACIONAL,Ambos sexos,0
PAÍS NO CODIFICADO,2023,DISCRIMINACIÓN GENERACIONAL,Femenino,0
PAÍS NO CODIFICADO,2023,DISCRIMINACIÓN GENERACIONAL,Masculino,0
PERÚ,2023,DISCRIMINACIÓN GENERACIONAL,Ambos sexos,1
PERÚ,2023,DISCRIMINACIÓN GENERACIONAL,Femenino,0
PERÚ,2023,DISCRIMINACIÓN GENERACIONAL,Masculino,1
POLONIA,2023,DISCRIMINACIÓN GENERACIONAL,Ambos sexos,0
POLONIA,2023,DISCRIMINACIÓN GENERACIONAL,Femenino,0
POLONIA,2023,DISCRIMINACIÓN GENERACIONAL,Masculino,0
PORTUGAL,2023,DISCRIMINACIÓN GENERACIONAL,Ambos sexos,0
PORTUGAL,2023,DISCRIMINACIÓN GENERACIONAL,Femenino,0
PORTUGAL,2023,DISCRIMINACIÓN GENERACIONAL,Masculino,0
REINO UNIDO,2023,DISCRIMINACIÓN GENERACIONAL,Ambos sexos,0
REINO UNIDO,2023,DISCRIMINACIÓN GENERACIONAL,Femenino,0
REINO UNIDO,2023,DISCRIMINACIÓN GENERACIONAL,Masculino,0
REPÚBLICA CHECA,2023,DISCRIMINACIÓN GENERACIONAL,Ambos sexos,0
REPÚBLICA CHECA,2023,DISCRIMINACIÓN GENERACIONAL,Femenino,0
REPÚBLICA CHECA,2023,DISCRIMINACIÓN GENERACIONAL,Masculino,0
REPÚBLICA DOMINICANA,2023,DISCRIMINACIÓN GENERACIONAL,Ambos sexos,0
REPÚBLICA DOMINICANA,2023,DISCRIMINACIÓN GENERACIONAL,Femenino,0
REPÚBLICA DOMINICANA,2023,DISCRIMINACIÓN GENERACIONAL,Masculino,0
RUMANÍA,2023,DISCRIMINACIÓN GENERACIONAL,Ambos sexos,0
RUMANÍA,2023,DISCRIMINACIÓN GENERACIONAL,Femenino,0
RUMANÍA,2023,DISCRIMINACIÓN GENERACIONAL,Masculino,0
RUSIA,2023,DISCRIMINACIÓN GENERACIONAL,Ambos sexos,0
RUSIA,2023,DISCRIMINACIÓN GENERACIONAL,Femenino,0
RUSIA,2023,DISCRIMINACIÓN GENERACIONAL,Masculino,0
SENEGAL,2023,DISCRIMINACIÓN GENERACIONAL,Ambos sexos,0
SENEGAL,2023,DISCRIMINACIÓN GENERACIONAL,Femenino,0
SENEGAL,2023,DISCRIMINACIÓN GENERACIONAL,Masculino,0
SERBIA (YUGOSLAVIA),2023,DISCRIMINACIÓN GENERACIONAL,Ambos sexos,0
SERBIA (YUGOSLAVIA),2023,DISCRIMINACIÓN GENERACIONAL,Femenino,0
SERBIA (YUGOSLAVIA),2023,DISCRIMINACIÓN GENERACIONAL,Masculino,0
SIERRA LEONA,2023,DISCRIMINACIÓN GENERACIONAL,Ambos sexos,0
SIERRA LEONA,2023,DISCRIMINACIÓN GENERACIONAL,Femenino,0
SIERRA LEONA,2023,DISCRIMINACIÓN GENERACIONAL,Masculino,0
SIRIA,2023,DISCRIMINACIÓN GENERACIONAL,Ambos sexos,0
SIRIA,2023,DISCRIMINACIÓN GENERACIONAL,Femenino,0
SIRIA,2023,DISCRIMINACIÓN GENERACIONAL,Masculino,0
SUDÁFRICA R.,2023,DISCRIMINACIÓN GENERACIONAL,Ambos sexos,0
SUDÁFRICA R.,2023,DISCRIMINACIÓN GENERACIONAL,Femenino,0
SUDÁFRICA R.,2023,DISCRIMINACIÓN GENERACIONAL,Masculino,0
SUECIA,2023,DISCRIMINACIÓN GENERACIONAL,Ambos sexos,0
SUECIA,2023,DISCRIMINACIÓN GENERACIONAL,Femenino,0
SUECIA,2023,DISCRIMINACIÓN GENERACIONAL,Masculino,0
SUIZA,2023,DISCRIMINACIÓN GENERACIONAL,Ambos sexos,0
SUIZA,2023,DISCRIMINACIÓN GENERACIONAL,Femenino,0
SUIZA,2023,DISCRIMINACIÓN GENERACIONAL,Masculino,0
TOTAL nacionalidad,2023,DISCRIMINACIÓN GENERACIONAL,Ambos sexos,9
TOTAL nacionalidad,2023,DISCRIMINACIÓN GENERACIONAL,Femenino,0
TOTAL nacionalidad,2023,DISCRIMINACIÓN GENERACIONAL,Masculino,9
TURQUÍA,2023,DISCRIMINACIÓN GENERACIONAL,Ambos sexos,1
TURQUÍA,2023,DISCRIMINACIÓN GENERACIONAL,Femenino,0
TURQUÍA,2023,DISCRIMINACIÓN GENERACIONAL,Masculino,1
TÚNEZ,2023,DISCRIMINACIÓN GENERACIONAL,Ambos sexos,0
TÚNEZ,2023,DISCRIMINACIÓN GENERACIONAL,Femenino,0
TÚNEZ,2023,DISCRIMINACIÓN GENERACIONAL,Masculino,0
UCRANIA,2023,DISCRIMINACIÓN GENERACIONAL,Ambos sexos,0
UCRANIA,2023,DISCRIMINACIÓN GENERACIONAL,Femenino,0
UCRANIA,2023,DISCRIMINACIÓN GENERACIONAL,Masculino,0
URUGUAY,2023,DISCRIMINACIÓN GENERACIONAL,Ambos sexos,0
URUGUAY,2023,DISCRIMINACIÓN GENERACIONAL,Femenino,0
URUGUAY,2023,DISCRIMINACIÓN GENERACIONAL,Masculino,0
VENEZUELA,2023,DISCRIMINACIÓN GENERACIONAL,Ambos sexos,0
VENEZUELA,2023,DISCRIMINACIÓN GENERACIONAL,Femenino,0
VENEZUELA,2023,DISCRIMINACIÓN GENERACIONAL,Masculino,0
ZAMBIA,2023,DISCRIMINACIÓN GENERACIONAL,Ambos sexos,0
ZAMBIA,2023,DISCRIMINACIÓN GENERACIONAL,Femenino,0
ZAMBIA,2023,DISCRIMINACIÓN GENERACIONAL,Masculino,0
ALBANIA,2023,DISCRIMINACIÓN POR RAZÓN DE ENFERMEDAD,Ambos sexos,0
ALBANIA,2023,DISCRIMINACIÓN POR RAZÓN DE ENFERMEDAD,Femenino,0
ALBANIA,2023,DISCRIMINACIÓN POR RAZÓN DE ENFERMEDAD,Masculino,0
ALEMANIA,2023,DISCRIMINACIÓN POR RAZÓN DE ENFERMEDAD,Ambos sexos,0
ALEMANIA,2023,DISCRIMINACIÓN POR RAZÓN DE ENFERMEDAD,Femenino,0
ALEMANIA,2023,DISCRIMINACIÓN POR RAZÓN DE ENFERMEDAD,Masculino,0
ANDORRA,2023,DISCRIMINACIÓN POR RAZÓN DE ENFERMEDAD,Ambos sexos,0
ANDORRA,2023,DISCRIMINACIÓN POR RAZÓN DE ENFERMEDAD,Femenino,0
ANDORRA,2023,DISCRIMINACIÓN POR RAZÓN DE ENFERMEDAD,Masculino,0
ANGOLA,2023,DISCRIMINACIÓN POR RAZÓN DE ENFERMEDAD,Ambos sexos,0
ANGOLA,2023,DISCRIMINACIÓN POR RAZÓN DE ENFERMEDAD,Femenino,0
ANGOLA,2023,DISCRIMINACIÓN POR RAZÓN DE ENFERMEDAD,Masculino,0
ARGELIA,2023,DISCRIMINACIÓN POR RAZÓN DE ENFERMEDAD,Ambos sexos,0
ARGELIA,2023,DISCRIMINACIÓN POR RAZÓN DE ENFERMEDAD,Femenino,0
ARGELIA,2023,DISCRIMINACIÓN POR RAZÓN DE ENFERMEDAD,Masculino,0
ARGENTINA,2023,DISCRIMINACIÓN POR RAZÓN DE ENFERMEDAD,Ambos sexos,0
ARGENTINA,2023,DISCRIMINACIÓN POR RAZÓN DE ENFERMEDAD,Femenino,0
ARGENTINA,2023,DISCRIMINACIÓN POR RAZÓN DE ENFERMEDAD,Masculino,0
ARMENIA,2023,DISCRIMINACIÓN POR RAZÓN DE ENFERMEDAD,Ambos sexos,0
ARMENIA,2023,DISCRIMINACIÓN POR RAZÓN DE ENFERMEDAD,Femenino,0
ARMENIA,2023,DISCRIMINACIÓN POR RAZÓN DE ENFERMEDAD,Masculino,0
BANGLADESH,2023,DISCRIMINACIÓN POR RAZÓN DE ENFERMEDAD,Ambos sexos,0
BANGLADESH,2023,DISCRIMINACIÓN POR RAZÓN DE ENFERMEDAD,Femenino,0
BANGLADESH,2023,DISCRIMINACIÓN POR RAZÓN DE ENFERMEDAD,Masculino,0
BIELORRUSIA,2023,DISCRIMINACIÓN POR RAZÓN DE ENFERMEDAD,Ambos sexos,0
BIELORRUSIA,2023,DISCRIMINACIÓN POR RAZÓN DE ENFERMEDAD,Femenino,0
BIELORRUSIA,2023,DISCRIMINACIÓN POR RAZÓN DE ENFERMEDAD,Masculino,0
BOLIVIA,2023,DISCRIMINACIÓN POR RAZÓN DE ENFERMEDAD,Ambos sexos,0
BOLIVIA,2023,DISCRIMINACIÓN POR RAZÓN DE ENFERMEDAD,Femenino,0
BOLIVIA,2023,DISCRIMINACIÓN POR RAZÓN DE ENFERMEDAD,Masculino,0
BRASIL,2023,DISCRIMINACIÓN POR RAZÓN DE ENFERMEDAD,Ambos sexos,0
BRASIL,2023,DISCRIMINACIÓN POR RAZÓN DE ENFERMEDAD,Femenino,0
BRASIL,2023,DISCRIMINACIÓN POR RAZÓN DE ENFERMEDAD,Masculino,0
BULGARIA,2023,DISCRIMINACIÓN POR RAZÓN DE ENFERMEDAD,Ambos sexos,0
BULGARIA,2023,DISCRIMINACIÓN POR RAZÓN DE ENFERMEDAD,Femenino,0
BULGARIA,2023,DISCRIMINACIÓN POR RAZÓN DE ENFERMEDAD,Masculino,0
BÉLGICA,2023,DISCRIMINACIÓN POR RAZÓN DE ENFERMEDAD,Ambos sexos,0
BÉLGICA,2023,DISCRIMINACIÓN POR RAZÓN DE ENFERMEDAD,Femenino,0
BÉLGICA,2023,DISCRIMINACIÓN POR RAZÓN DE ENFERMEDAD,Masculino,0
CAMERÚN,2023,DISCRIMINACIÓN POR RAZÓN DE ENFERMEDAD,Ambos sexos,0
CAMERÚN,2023,DISCRIMINACIÓN POR RAZÓN DE ENFERMEDAD,Femenino,0
CAMERÚN,2023,DISCRIMINACIÓN POR RAZÓN DE ENFERMEDAD,Masculino,0
CENTRO ÁFRICANA REPÚBLICA,2023,DISCRIMINACIÓN POR RAZÓN DE ENFERMEDAD,Ambos sexos,0
CENTRO ÁFRICANA REPÚBLICA,2023,DISCRIMINACIÓN POR RAZÓN DE ENFERMEDAD,Femenino,0
CENTRO ÁFRICANA REPÚBLICA,2023,DISCRIMINACIÓN POR RAZÓN DE ENFERMEDAD,Masculino,0
CHILE,2023,DISCRIMINACIÓN POR RAZÓN DE ENFERMEDAD,Ambos sexos,0
CHILE,2023,DISCRIMINACIÓN POR RAZÓN DE ENFERMEDAD,Femenino,0
CHILE,2023,DISCRIMINACIÓN POR RAZÓN DE ENFERMEDAD,Masculino,0
CHINA POPULAR,2023,DISCRIMINACIÓN POR RAZÓN DE ENFERMEDAD,Ambos sexos,0
CHINA POPULAR,2023,DISCRIMINACIÓN POR RAZÓN DE ENFERMEDAD,Femenino,0
CHINA POPULAR,2023,DISCRIMINACIÓN POR RAZÓN DE ENFERMEDAD,Masculino,0
COLOMBIA,2023,DISCRIMINACIÓN POR RAZÓN DE ENFERMEDAD,Ambos sexos,0
COLOMBIA,2023,DISCRIMINACIÓN POR RAZÓN DE ENFERMEDAD,Femenino,0
COLOMBIA,2023,DISCRIMINACIÓN POR RAZÓN DE ENFERMEDAD,Masculino,0
CONGO-BRAZZAVILLE,2023,DISCRIMINACIÓN POR RAZÓN DE ENFERMEDAD,Ambos sexos,0
CONGO-BRAZZAVILLE,2023,DISCRIMINACIÓN POR RAZÓN DE ENFERMEDAD,Femenino,0
CONGO-BRAZZAVILLE,2023,DISCRIMINACIÓN POR RAZÓN DE ENFERMEDAD,Masculino,0
COSTA DE MARFIL,2023,DISCRIMINACIÓN POR RAZÓN DE ENFERMEDAD,Ambos sexos,0
COSTA DE MARFIL,2023,DISCRIMINACIÓN POR RAZÓN DE ENFERMEDAD,Femenino,0
COSTA DE MARFIL,2023,DISCRIMINACIÓN POR RAZÓN DE ENFERMEDAD,Masculino,0
CROACIA,2023,DISCRIMINACIÓN POR RAZÓN DE ENFERMEDAD,Ambos sexos,0
CROACIA,2023,DISCRIMINACIÓN POR RAZÓN DE ENFERMEDAD,Femenino,0
CROACIA,2023,DISCRIMINACIÓN POR RAZÓN DE ENFERMEDAD,Masculino,0
CUBA,2023,DISCRIMINACIÓN POR RAZÓN DE ENFERMEDAD,Ambos sexos,0
CUBA,2023,DISCRIMINACIÓN POR RAZÓN DE ENFERMEDAD,Femenino,0
CUBA,2023,DISCRIMINACIÓN POR RAZÓN DE ENFERMEDAD,Masculino,0
ECUADOR,2023,DISCRIMINACIÓN POR RAZÓN DE ENFERMEDAD,Ambos sexos,0
ECUADOR,2023,DISCRIMINACIÓN POR RAZÓN DE ENFERMEDAD,Femenino,0
ECUADOR,2023,DISCRIMINACIÓN POR RAZÓN DE ENFERMEDAD,Masculino,0
EE.UU.,2023,DISCRIMINACIÓN POR RAZÓN DE ENFERMEDAD,Ambos sexos,0
EE.UU.,2023,DISCRIMINACIÓN POR RAZÓN DE ENFERMEDAD,Femenino,0
EE.UU.,2023,DISCRIMINACIÓN POR RAZÓN DE ENFERMEDAD,Masculino,0
EGIPTO,2023,DISCRIMINACIÓN POR RAZÓN DE ENFERMEDAD,Ambos sexos,0
EGIPTO,2023,DISCRIMINACIÓN POR RAZÓN DE ENFERMEDAD,Femenino,0
EGIPTO,2023,DISCRIMINACIÓN POR RAZÓN DE ENFERMEDAD,Masculino,0
EL SALVADOR,2023,DISCRIMINACIÓN POR RAZÓN DE ENFERMEDAD,Ambos sexos,0
EL SALVADOR,2023,DISCRIMINACIÓN POR RAZÓN DE ENFERMEDAD,Femenino,0
EL SALVADOR,2023,DISCRIMINACIÓN POR RAZÓN DE ENFERMEDAD,Masculino,0
ERITREA,2023,DISCRIMINACIÓN POR RAZÓN DE ENFERMEDAD,Ambos sexos,0
ERITREA,2023,DISCRIMINACIÓN POR RAZÓN DE ENFERMEDAD,Femenino,0
ERITREA,2023,DISCRIMINACIÓN POR RAZÓN DE ENFERMEDAD,Masculino,0
ESLOVAQUIA,2023,DISCRIMINACIÓN POR RAZÓN DE ENFERMEDAD,Ambos sexos,0
ESLOVAQUIA,2023,DISCRIMINACIÓN POR RAZÓN DE ENFERMEDAD,Femenino,0
ESLOVAQUIA,2023,DISCRIMINACIÓN POR RAZÓN DE ENFERMEDAD,Masculino,0
ESPAÑA,2023,DISCRIMINACIÓN POR RAZÓN DE ENFERMEDAD,Ambos sexos,3
ESPAÑA,2023,DISCRIMINACIÓN POR RAZÓN DE ENFERMEDAD,Femenino,1
ESPAÑA,2023,DISCRIMINACIÓN POR RAZÓN DE ENFERMEDAD,Masculino,2
ESTONIA,2023,DISCRIMINACIÓN POR RAZÓN DE ENFERMEDAD,Ambos sexos,0
ESTONIA,2023,DISCRIMINACIÓN POR RAZÓN DE ENFERMEDAD,Femenino,0
ESTONIA,2023,DISCRIMINACIÓN POR RAZÓN DE ENFERMEDAD,Masculino,0
FILIPINAS,2023,DISCRIMINACIÓN POR RAZÓN DE ENFERMEDAD,Ambos sexos,0
FILIPINAS,2023,DISCRIMINACIÓN POR RAZÓN DE ENFERMEDAD,Femenino,0
FILIPINAS,2023,DISCRIMINACIÓN POR RAZÓN DE ENFERMEDAD,Masculino,0
FRANCIA,2023,DISCRIMINACIÓN POR RAZÓN DE ENFERMEDAD,Ambos sexos,0
FRANCIA,2023,DISCRIMINACIÓN POR RAZÓN DE ENFERMEDAD,Femenino,0
FRANCIA,2023,DISCRIMINACIÓN POR RAZÓN DE ENFERMEDAD,Masculino,0
GAMBIA,2023,DISCRIMINACIÓN POR RAZÓN DE ENFERMEDAD,Ambos sexos,0
GAMBIA,2023,DISCRIMINACIÓN POR RAZÓN DE ENFERMEDAD,Femenino,0
GAMBIA,2023,DISCRIMINACIÓN POR RAZÓN DE ENFERMEDAD,Masculino,0
GEORGIA,2023,DISCRIMINACIÓN POR RAZÓN DE ENFERMEDAD,Ambos sexos,0
GEORGIA,2023,DISCRIMINACIÓN POR RAZÓN DE ENFERMEDAD,Femenino,0
GEORGIA,2023,DISCRIMINACIÓN POR RAZÓN DE ENFERMEDAD,Masculino,0
GHANA,2023,DISCRIMINACIÓN POR RAZÓN DE ENFERMEDAD,Ambos sexos,0
GHANA,2023,DISCRIMINACIÓN POR RAZÓN DE ENFERMEDAD,Femenino,0
GHANA,2023,DISCRIMINACIÓN POR RAZÓN DE ENFERMEDAD,Masculino,0
GRECIA,2023,DISCRIMINACIÓN POR RAZÓN DE ENFERMEDAD,Ambos sexos,0
GRECIA,2023,DISCRIMINACIÓN POR RAZÓN DE ENFERMEDAD,Femenino,0
GRECIA,2023,DISCRIMINACIÓN POR RAZÓN DE ENFERMEDAD,Masculino,0
GUATEMALA,2023,DISCRIMINACIÓN POR RAZÓN DE ENFERMEDAD,Ambos sexos,0
GUATEMALA,2023,DISCRIMINACIÓN POR RAZÓN DE ENFERMEDAD,Femenino,0
GUATEMALA,2023,DISCRIMINACIÓN POR RAZÓN DE ENFERMEDAD,Masculino,0
GUINEA ECUATORIAL,2023,DISCRIMINACIÓN POR RAZÓN DE ENFERMEDAD,Ambos sexos,0
GUINEA ECUATORIAL,2023,DISCRIMINACIÓN POR RAZÓN DE ENFERMEDAD,Femenino,0
GUINEA ECUATORIAL,2023,DISCRIMINACIÓN POR RAZÓN DE ENFERMEDAD,Masculino,0
GUINEA REP.,2023,DISCRIMINACIÓN POR RAZÓN DE ENFERMEDAD,Ambos sexos,0
GUINEA REP.,2023,DISCRIMINACIÓN POR RAZÓN DE ENFERMEDAD,Femenino,0
GUINEA REP.,2023,DISCRIMINACIÓN POR RAZÓN DE ENFERMEDAD,Masculino,0
HAITI,2023,DISCRIMINACIÓN POR RAZÓN DE ENFERMEDAD,Ambos sexos,0
HAITI,2023,DISCRIMINACIÓN POR RAZÓN DE ENFERMEDAD,Femenino,0
HAITI,2023,DISCRIMINACIÓN POR RAZÓN DE ENFERMEDAD,Masculino,0
HOLANDA,2023,DISCRIMINACIÓN POR RAZÓN DE ENFERMEDAD,Ambos sexos,0
HOLANDA,2023,DISCRIMINACIÓN POR RAZÓN DE ENFERMEDAD,Femenino,0
HOLANDA,2023,DISCRIMINACIÓN POR RAZÓN DE ENFERMEDAD,Masculino,0
HONDURAS,2023,DISCRIMINACIÓN POR RAZÓN DE ENFERMEDAD,Ambos sexos,0
HONDURAS,2023,DISCRIMINACIÓN POR RAZÓN DE ENFERMEDAD,Femenino,0
HONDURAS,2023,DISCRIMINACIÓN POR RAZÓN DE ENFERMEDAD,Masculino,0
INDIA,2023,DISCRIMINACIÓN POR RAZÓN DE ENFERMEDAD,Ambos sexos,0
INDIA,2023,DISCRIMINACIÓN POR RAZÓN DE ENFERMEDAD,Femenino,0
INDIA,2023,DISCRIMINACIÓN POR RAZÓN DE ENFERMEDAD,Masculino,0
IRLANDA,2023,DISCRIMINACIÓN POR RAZÓN DE ENFERMEDAD,Ambos sexos,0
IRLANDA,2023,DISCRIMINACIÓN POR RAZÓN DE ENFERMEDAD,Femenino,0
IRLANDA,2023,DISCRIMINACIÓN POR RAZÓN DE ENFERMEDAD,Masculino,0
IRÁN,2023,DISCRIMINACIÓN POR RAZÓN DE ENFERMEDAD,Ambos sexos,0
IRÁN,2023,DISCRIMINACIÓN POR RAZÓN DE ENFERMEDAD,Femenino,0
IRÁN,2023,DISCRIMINACIÓN POR RAZÓN DE ENFERMEDAD,Masculino,0
ISRAEL,2023,DISCRIMINACIÓN POR RAZÓN DE ENFERMEDAD,Ambos sexos,0
ISRAEL,2023,DISCRIMINACIÓN POR RAZÓN DE ENFERMEDAD,Femenino,0
ISRAEL,2023,DISCRIMINACIÓN POR RAZÓN DE ENFERMEDAD,Masculino,0
ITALIA,2023,DISCRIMINACIÓN POR RAZÓN DE ENFERMEDAD,Ambos sexos,0
ITALIA,2023,DISCRIMINACIÓN POR RAZÓN DE ENFERMEDAD,Femenino,0
ITALIA,2023,DISCRIMINACIÓN POR RAZÓN DE ENFERMEDAD,Masculino,0
LETONIA,2023,DISCRIMINACIÓN POR RAZÓN DE ENFERMEDAD,Ambos sexos,0
LETONIA,2023,DISCRIMINACIÓN POR RAZÓN DE ENFERMEDAD,Femenino,0
LETONIA,2023,DISCRIMINACIÓN POR RAZÓN DE ENFERMEDAD,Masculino,0
LIBERIA,2023,DISCRIMINACIÓN POR RAZÓN DE ENFERMEDAD,Ambos sexos,0
LIBERIA,2023,DISCRIMINACIÓN POR RAZÓN DE ENFERMEDAD,Femenino,0
LIBERIA,2023,DISCRIMINACIÓN POR RAZÓN DE ENFERMEDAD,Masculino,0
LIBIA,2023,DISCRIMINACIÓN POR RAZÓN DE ENFERMEDAD,Ambos sexos,0
LIBIA,2023,DISCRIMINACIÓN POR RAZÓN DE ENFERMEDAD,Femenino,0
LIBIA,2023,DISCRIMINACIÓN POR RAZÓN DE ENFERMEDAD,Masculino,0
LITUANIA,2023,DISCRIMINACIÓN POR RAZÓN DE ENFERMEDAD,Ambos sexos,0
LITUANIA,2023,DISCRIMINACIÓN POR RAZÓN DE ENFERMEDAD,Femenino,0
LITUANIA,2023,DISCRIMINACIÓN POR RAZÓN DE ENFERMEDAD,Masculino,0
LÍBANO,2023,DISCRIMINACIÓN POR RAZÓN DE ENFERMEDAD,Ambos sexos,0
LÍBANO,2023,DISCRIMINACIÓN POR RAZÓN DE ENFERMEDAD,Femenino,0
LÍBANO,2023,DISCRIMINACIÓN POR RAZÓN DE ENFERMEDAD,Masculino,0
MALI,2023,DISCRIMINACIÓN POR RAZÓN DE ENFERMEDAD,Ambos sexos,0
MALI,2023,DISCRIMINACIÓN POR RAZÓN DE ENFERMEDAD,Femenino,0
MALI,2023,DISCRIMINACIÓN POR RAZÓN DE ENFERMEDAD,Masculino,0
MARRUECOS,2023,DISCRIMINACIÓN POR RAZÓN DE ENFERMEDAD,Ambos sexos,1
MARRUECOS,2023,DISCRIMINACIÓN POR RAZÓN DE ENFERMEDAD,Femenino,0
MARRUECOS,2023,DISCRIMINACIÓN POR RAZÓN DE ENFERMEDAD,Masculino,1
MAURITANIA,2023,DISCRIMINACIÓN POR RAZÓN DE ENFERMEDAD,Ambos sexos,0
MAURITANIA,2023,DISCRIMINACIÓN POR RAZÓN DE ENFERMEDAD,Femenino,0
MAURITANIA,2023,DISCRIMINACIÓN POR RAZÓN DE ENFERMEDAD,Masculino,0
MOLDAVIA,2023,DISCRIMINACIÓN POR RAZÓN DE ENFERMEDAD,Ambos sexos,0
MOLDAVIA,2023,DISCRIMINACIÓN POR RAZÓN DE ENFERMEDAD,Femenino,0
MOLDAVIA,2023,DISCRIMINACIÓN POR RAZÓN DE ENFERMEDAD,Masculino,0
MONGOLIA,2023,DISCRIMINACIÓN POR RAZÓN DE ENFERMEDAD,Ambos sexos,0
MONGOLIA,2023,DISCRIMINACIÓN POR RAZÓN DE ENFERMEDAD,Femenino,0
MONGOLIA,2023,DISCRIMINACIÓN POR RAZÓN DE ENFERMEDAD,Masculino,0
NEPAL,2023,DISCRIMINACIÓN POR RAZÓN DE ENFERMEDAD,Ambos sexos,0
NEPAL,2023,DISCRIMINACIÓN POR RAZÓN DE ENFERMEDAD,Femenino,0
NEPAL,2023,DISCRIMINACIÓN POR RAZÓN DE ENFERMEDAD,Masculino,0
NICARAGUA,2023,DISCRIMINACIÓN POR RAZÓN DE ENFERMEDAD,Ambos sexos,0
NICARAGUA,2023,DISCRIMINACIÓN POR RAZÓN DE ENFERMEDAD,Femenino,0
NICARAGUA,2023,DISCRIMINACIÓN POR RAZÓN DE ENFERMEDAD,Masculino,0
NIGERIA,2023,DISCRIMINACIÓN POR RAZÓN DE ENFERMEDAD,Ambos sexos,0
NIGERIA,2023,DISCRIMINACIÓN POR RAZÓN DE ENFERMEDAD,Femenino,0
NIGERIA,2023,DISCRIMINACIÓN POR RAZÓN DE ENFERMEDAD,Masculino,0
NÍGER REP.,2023,DISCRIMINACIÓN POR RAZÓN DE ENFERMEDAD,Ambos sexos,0
NÍGER REP.,2023,DISCRIMINACIÓN POR RAZÓN DE ENFERMEDAD,Femenino,0
NÍGER REP.,2023,DISCRIMINACIÓN POR RAZÓN DE ENFERMEDAD,Masculino,0
PANAMA,2023,DISCRIMINACIÓN POR RAZÓN DE ENFERMEDAD,Ambos sexos,0
PANAMA,2023,DISCRIMINACIÓN POR RAZÓN DE ENFERMEDAD,Femenino,0
PANAMA,2023,DISCRIMINACIÓN POR RAZÓN DE ENFERMEDAD,Masculino,0
PAQUISTÁN,2023,DISCRIMINACIÓN POR RAZÓN DE ENFERMEDAD,Ambos sexos,0
PAQUISTÁN,2023,DISCRIMINACIÓN POR RAZÓN DE ENFERMEDAD,Femenino,0
PAQUISTÁN,2023,DISCRIMINACIÓN POR RAZÓN DE ENFERMEDAD,Masculino,0
PARAGUAY,2023,DISCRIMINACIÓN POR RAZÓN DE ENFERMEDAD,Ambos sexos,0
PARAGUAY,2023,DISCRIMINACIÓN POR RAZÓN DE ENFERMEDAD,Femenino,0
PARAGUAY,2023,DISCRIMINACIÓN POR RAZÓN DE ENFERMEDAD,Masculino,0
PAÍS DESCONOCIDO,2023,DISCRIMINACIÓN POR RAZÓN DE ENFERMEDAD,Ambos sexos,0
PAÍS DESCONOCIDO,2023,DISCRIMINACIÓN POR RAZÓN DE ENFERMEDAD,Femenino,0
PAÍS DESCONOCIDO,2023,DISCRIMINACIÓN POR RAZÓN DE ENFERMEDAD,Masculino,0
PAÍS NO CODIFICADO,2023,DISCRIMINACIÓN POR RAZÓN DE ENFERMEDAD,Ambos sexos,0
PAÍS NO CODIFICADO,2023,DISCRIMINACIÓN POR RAZÓN DE ENFERMEDAD,Femenino,0
PAÍS NO CODIFICADO,2023,DISCRIMINACIÓN POR RAZÓN DE ENFERMEDAD,Masculino,0
PERÚ,2023,DISCRIMINACIÓN POR RAZÓN DE ENFERMEDAD,Ambos sexos,0
PERÚ,2023,DISCRIMINACIÓN POR RAZÓN DE ENFERMEDAD,Femenino,0
PERÚ,2023,DISCRIMINACIÓN POR RAZÓN DE ENFERMEDAD,Masculino,0
POLONIA,2023,DISCRIMINACIÓN POR RAZÓN DE ENFERMEDAD,Ambos sexos,0
POLONIA,2023,DISCRIMINACIÓN POR RAZÓN DE ENFERMEDAD,Femenino,0
POLONIA,2023,DISCRIMINACIÓN POR RAZÓN DE ENFERMEDAD,Masculino,0
PORTUGAL,2023,DISCRIMINACIÓN POR RAZÓN DE ENFERMEDAD,Ambos sexos,0
PORTUGAL,2023,DISCRIMINACIÓN POR RAZÓN DE ENFERMEDAD,Femenino,0
PORTUGAL,2023,DISCRIMINACIÓN POR RAZÓN DE ENFERMEDAD,Masculino,0
REINO UNIDO,2023,DISCRIMINACIÓN POR RAZÓN DE ENFERMEDAD,Ambos sexos,0
REINO UNIDO,2023,DISCRIMINACIÓN POR RAZÓN DE ENFERMEDAD,Femenino,0
REINO UNIDO,2023,DISCRIMINACIÓN POR RAZÓN DE ENFERMEDAD,Masculino,0
REPÚBLICA CHECA,2023,DISCRIMINACIÓN POR RAZÓN DE ENFERMEDAD,Ambos sexos,0
REPÚBLICA CHECA,2023,DISCRIMINACIÓN POR RAZÓN DE ENFERMEDAD,Femenino,0
REPÚBLICA CHECA,2023,DISCRIMINACIÓN POR RAZÓN DE ENFERMEDAD,Masculino,0
REPÚBLICA DOMINICANA,2023,DISCRIMINACIÓN POR RAZÓN DE ENFERMEDAD,Ambos sexos,0
REPÚBLICA DOMINICANA,2023,DISCRIMINACIÓN POR RAZÓN DE ENFERMEDAD,Femenino,0
REPÚBLICA DOMINICANA,2023,DISCRIMINACIÓN POR RAZÓN DE ENFERMEDAD,Masculino,0
RUMANÍA,2023,DISCRIMINACIÓN POR RAZÓN DE ENFERMEDAD,Ambos sexos,0
RUMANÍA,2023,DISCRIMINACIÓN POR RAZÓN DE ENFERMEDAD,Femenino,0
RUMANÍA,2023,DISCRIMINACIÓN POR RAZÓN DE ENFERMEDAD,Masculino,0
RUSIA,2023,DISCRIMINACIÓN POR RAZÓN DE ENFERMEDAD,Ambos sexos,0
RUSIA,2023,DISCRIMINACIÓN POR RAZÓN DE ENFERMEDAD,Femenino,0
RUSIA,2023,DISCRIMINACIÓN POR RAZÓN DE ENFERMEDAD,Masculino,0
SENEGAL,2023,DISCRIMINACIÓN POR RAZÓN DE ENFERMEDAD,Ambos sexos,0
SENEGAL,2023,DISCRIMINACIÓN POR RAZÓN DE ENFERMEDAD,Femenino,0
SENEGAL,2023,DISCRIMINACIÓN POR RAZÓN DE ENFERMEDAD,Masculino,0
SERBIA (YUGOSLAVIA),2023,DISCRIMINACIÓN POR RAZÓN DE ENFERMEDAD,Ambos sexos,0
SERBIA (YUGOSLAVIA),2023,DISCRIMINACIÓN POR RAZÓN DE ENFERMEDAD,Femenino,0
SERBIA (YUGOSLAVIA),2023,DISCRIMINACIÓN POR RAZÓN DE ENFERMEDAD,Masculino,0
SIERRA LEONA,2023,DISCRIMINACIÓN POR RAZÓN DE ENFERMEDAD,Ambos sexos,0
SIERRA LEONA,2023,DISCRIMINACIÓN POR RAZÓN DE ENFERMEDAD,Femenino,0
SIERRA LEONA,2023,DISCRIMINACIÓN POR RAZÓN DE ENFERMEDAD,Masculino,0
SIRIA,2023,DISCRIMINACIÓN POR RAZÓN DE ENFERMEDAD,Ambos sexos,0
SIRIA,2023,DISCRIMINACIÓN POR RAZÓN DE ENFERMEDAD,Femenino,0
SIRIA,2023,DISCRIMINACIÓN POR RAZÓN DE ENFERMEDAD,Masculino,0
SUDÁFRICA R.,2023,DISCRIMINACIÓN POR RAZÓN DE ENFERMEDAD,Ambos sexos,0
SUDÁFRICA R.,2023,DISCRIMINACIÓN POR RAZÓN DE ENFERMEDAD,Femenino,0
SUDÁFRICA R.,2023,DISCRIMINACIÓN POR RAZÓN DE ENFERMEDAD,Masculino,0
SUECIA,2023,DISCRIMINACIÓN POR RAZÓN DE ENFERMEDAD,Ambos sexos,0
SUECIA,2023,DISCRIMINACIÓN POR RAZÓN DE ENFERMEDAD,Femenino,0
SUECIA,2023,DISCRIMINACIÓN POR RAZÓN DE ENFERMEDAD,Masculino,0
SUIZA,2023,DISCRIMINACIÓN POR RAZÓN DE ENFERMEDAD,Ambos sexos,0
SUIZA,2023,DISCRIMINACIÓN POR RAZÓN DE ENFERMEDAD,Femenino,0
SUIZA,2023,DISCRIMINACIÓN POR RAZÓN DE ENFERMEDAD,Masculino,0
TOTAL nacionalidad,2023,DISCRIMINACIÓN POR RAZÓN DE ENFERMEDAD,Ambos sexos,4
TOTAL nacionalidad,2023,DISCRIMINACIÓN POR RAZÓN DE ENFERMEDAD,Femenino,1
TOTAL nacionalidad,2023,DISCRIMINACIÓN POR RAZÓN DE ENFERMEDAD,Masculino,3
TURQUÍA,2023,DISCRIMINACIÓN POR RAZÓN DE ENFERMEDAD,Ambos sexos,0
TURQUÍA,2023,DISCRIMINACIÓN POR RAZÓN DE ENFERMEDAD,Femenino,0
TURQUÍA,2023,DISCRIMINACIÓN POR RAZÓN DE ENFERMEDAD,Masculino,0
TÚNEZ,2023,DISCRIMINACIÓN POR RAZÓN DE ENFERMEDAD,Ambos sexos,0
TÚNEZ,2023,DISCRIMINACIÓN POR RAZÓN DE ENFERMEDAD,Femenino,0
TÚNEZ,2023,DISCRIMINACIÓN POR RAZÓN DE ENFERMEDAD,Masculino,0
UCRANIA,2023,DISCRIMINACIÓN POR RAZÓN DE ENFERMEDAD,Ambos sexos,0
UCRANIA,2023,DISCRIMINACIÓN POR RAZÓN DE ENFERMEDAD,Femenino,0
UCRANIA,2023,DISCRIMINACIÓN POR RAZÓN DE ENFERMEDAD,Masculino,0
URUGUAY,2023,DISCRIMINACIÓN POR RAZÓN DE ENFERMEDAD,Ambos sexos,0
URUGUAY,2023,DISCRIMINACIÓN POR RAZÓN DE ENFERMEDAD,Femenino,0
URUGUAY,2023,DISCRIMINACIÓN POR RAZÓN DE ENFERMEDAD,Masculino,0
VENEZUELA,2023,DISCRIMINACIÓN POR RAZÓN DE ENFERMEDAD,Ambos sexos,0
VENEZUELA,2023,DISCRIMINACIÓN POR RAZÓN DE ENFERMEDAD,Femenino,0
VENEZUELA,2023,DISCRIMINACIÓN POR RAZÓN DE ENFERMEDAD,Masculino,0
ZAMBIA,2023,DISCRIMINACIÓN POR RAZÓN DE ENFERMEDAD,Ambos sexos,0
ZAMBIA,2023,DISCRIMINACIÓN POR RAZÓN DE ENFERMEDAD,Femenino,0
ZAMBIA,2023,DISCRIMINACIÓN POR RAZÓN DE ENFERMEDAD,Masculino,0
ALBANIA,2023,DISCRIMINACIÓN POR RAZÓN DE SEXO/GÉNERO,Ambos sexos,0
ALBANIA,2023,DISCRIMINACIÓN POR RAZÓN DE SEXO/GÉNERO,Femenino,0
ALBANIA,2023,DISCRIMINACIÓN POR RAZÓN DE SEXO/GÉNERO,Masculino,0
ALEMANIA,2023,DISCRIMINACIÓN POR RAZÓN DE SEXO/GÉNERO,Ambos sexos,0
ALEMANIA,2023,DISCRIMINACIÓN POR RAZÓN DE SEXO/GÉNERO,Femenino,0
ALEMANIA,2023,DISCRIMINACIÓN POR RAZÓN DE SEXO/GÉNERO,Masculino,0
ANDORRA,2023,DISCRIMINACIÓN POR RAZÓN DE SEXO/GÉNERO,Ambos sexos,0
ANDORRA,2023,DISCRIMINACIÓN POR RAZÓN DE SEXO/GÉNERO,Femenino,0
ANDORRA,2023,DISCRIMINACIÓN POR RAZÓN DE SEXO/GÉNERO,Masculino,0
ANGOLA,2023,DISCRIMINACIÓN POR RAZÓN DE SEXO/GÉNERO,Ambos sexos,0
ANGOLA,2023,DISCRIMINACIÓN POR RAZÓN DE SEXO/GÉNERO,Femenino,0
ANGOLA,2023,DISCRIMINACIÓN POR RAZÓN DE SEXO/GÉNERO,Masculino,0
ARGELIA,2023,DISCRIMINACIÓN POR RAZÓN DE SEXO/GÉNERO,Ambos sexos,3
ARGELIA,2023,DISCRIMINACIÓN POR RAZÓN DE SEXO/GÉNERO,Femenino,0
ARGELIA,2023,DISCRIMINACIÓN POR RAZÓN DE SEXO/GÉNERO,Masculino,3
ARGENTINA,2023,DISCRIMINACIÓN POR RAZÓN DE SEXO/GÉNERO,Ambos sexos,1
ARGENTINA,2023,DISCRIMINACIÓN POR RAZÓN DE SEXO/GÉNERO,Femenino,0
ARGENTINA,2023,DISCRIMINACIÓN POR RAZÓN DE SEXO/GÉNERO,Masculino,1
ARMENIA,2023,DISCRIMINACIÓN POR RAZÓN DE SEXO/GÉNERO,Ambos sexos,0
ARMENIA,2023,DISCRIMINACIÓN POR RAZÓN DE SEXO/GÉNERO,Femenino,0
ARMENIA,2023,DISCRIMINACIÓN POR RAZÓN DE SEXO/GÉNERO,Masculino,0
BANGLADESH,2023,DISCRIMINACIÓN POR RAZÓN DE SEXO/GÉNERO,Ambos sexos,0
BANGLADESH,2023,DISCRIMINACIÓN POR RAZÓN DE SEXO/GÉNERO,Femenino,0
BANGLADESH,2023,DISCRIMINACIÓN POR RAZÓN DE SEXO/GÉNERO,Masculino,0
BIELORRUSIA,2023,DISCRIMINACIÓN POR RAZÓN DE SEXO/GÉNERO,Ambos sexos,0
BIELORRUSIA,2023,DISCRIMINACIÓN POR RAZÓN DE SEXO/GÉNERO,Femenino,0
BIELORRUSIA,2023,DISCRIMINACIÓN POR RAZÓN DE SEXO/GÉNERO,Masculino,0
BOLIVIA,2023,DISCRIMINACIÓN POR RAZÓN DE SEXO/GÉNERO,Ambos sexos,0
BOLIVIA,2023,DISCRIMINACIÓN POR RAZÓN DE SEXO/GÉNERO,Femenino,0
BOLIVIA,2023,DISCRIMINACIÓN POR RAZÓN DE SEXO/GÉNERO,Masculino,0
BRASIL,2023,DISCRIMINACIÓN POR RAZÓN DE SEXO/GÉNERO,Ambos sexos,0
BRASIL,2023,DISCRIMINACIÓN POR RAZÓN DE SEXO/GÉNERO,Femenino,0
BRASIL,2023,DISCRIMINACIÓN POR RAZÓN DE SEXO/GÉNERO,Masculino,0
BULGARIA,2023,DISCRIMINACIÓN POR RAZÓN DE SEXO/GÉNERO,Ambos sexos,0
BULGARIA,2023,DISCRIMINACIÓN POR RAZÓN DE SEXO/GÉNERO,Femenino,0
BULGARIA,2023,DISCRIMINACIÓN POR RAZÓN DE SEXO/GÉNERO,Masculino,0
BÉLGICA,2023,DISCRIMINACIÓN POR RAZÓN DE SEXO/GÉNERO,Ambos sexos,0
BÉLGICA,2023,DISCRIMINACIÓN POR RAZÓN DE SEXO/GÉNERO,Femenino,0
BÉLGICA,2023,DISCRIMINACIÓN POR RAZÓN DE SEXO/GÉNERO,Masculino,0
CAMERÚN,2023,DISCRIMINACIÓN POR RAZÓN DE SEXO/GÉNERO,Ambos sexos,0
CAMERÚN,2023,DISCRIMINACIÓN POR RAZÓN DE SEXO/GÉNERO,Femenino,0
CAMERÚN,2023,DISCRIMINACIÓN POR RAZÓN DE SEXO/GÉNERO,Masculino,0
CENTRO ÁFRICANA REPÚBLICA,2023,DISCRIMINACIÓN POR RAZÓN DE SEXO/GÉNERO,Ambos sexos,0
CENTRO ÁFRICANA REPÚBLICA,2023,DISCRIMINACIÓN POR RAZÓN DE SEXO/GÉNERO,Femenino,0
CENTRO ÁFRICANA REPÚBLICA,2023,DISCRIMINACIÓN POR RAZÓN DE SEXO/GÉNERO,Masculino,0
CHILE,2023,DISCRIMINACIÓN POR RAZÓN DE SEXO/GÉNERO,Ambos sexos,0
CHILE,2023,DISCRIMINACIÓN POR RAZÓN DE SEXO/GÉNERO,Femenino,0
CHILE,2023,DISCRIMINACIÓN POR RAZÓN DE SEXO/GÉNERO,Masculino,0
CHINA POPULAR,2023,DISCRIMINACIÓN POR RAZÓN DE SEXO/GÉNERO,Ambos sexos,0
CHINA POPULAR,2023,DISCRIMINACIÓN POR RAZÓN DE SEXO/GÉNERO,Femenino,0
CHINA POPULAR,2023,DISCRIMINACIÓN POR RAZÓN DE SEXO/GÉNERO,Masculino,0
COLOMBIA,2023,DISCRIMINACIÓN POR RAZÓN DE SEXO/GÉNERO,Ambos sexos,3
COLOMBIA,2023,DISCRIMINACIÓN POR RAZÓN DE SEXO/GÉNERO,Femenino,2
COLOMBIA,2023,DISCRIMINACIÓN POR RAZÓN DE SEXO/GÉNERO,Masculino,1
CONGO-BRAZZAVILLE,2023,DISCRIMINACIÓN POR RAZÓN DE SEXO/GÉNERO,Ambos sexos,0
CONGO-BRAZZAVILLE,2023,DISCRIMINACIÓN POR RAZÓN DE SEXO/GÉNERO,Femenino,0
CONGO-BRAZZAVILLE,2023,DISCRIMINACIÓN POR RAZÓN DE SEXO/GÉNERO,Masculino,0
COSTA DE MARFIL,2023,DISCRIMINACIÓN POR RAZÓN DE SEXO/GÉNERO,Ambos sexos,0
COSTA DE MARFIL,2023,DISCRIMINACIÓN POR RAZÓN DE SEXO/GÉNERO,Femenino,0
COSTA DE MARFIL,2023,DISCRIMINACIÓN POR RAZÓN DE SEXO/GÉNERO,Masculino,0
CROACIA,2023,DISCRIMINACIÓN POR RAZÓN DE SEXO/GÉNERO,Ambos sexos,0
CROACIA,2023,DISCRIMINACIÓN POR RAZÓN DE SEXO/GÉNERO,Femenino,0
CROACIA,2023,DISCRIMINACIÓN POR RAZÓN DE SEXO/GÉNERO,Masculino,0
CUBA,2023,DISCRIMINACIÓN POR RAZÓN DE SEXO/GÉNERO,Ambos sexos,0
CUBA,2023,DISCRIMINACIÓN POR RAZÓN DE SEXO/GÉNERO,Femenino,0
CUBA,2023,DISCRIMINACIÓN POR RAZÓN DE SEXO/GÉNERO,Masculino,0
ECUADOR,2023,DISCRIMINACIÓN POR RAZÓN DE SEXO/GÉNERO,Ambos sexos,0
ECUADOR,2023,DISCRIMINACIÓN POR RAZÓN DE SEXO/GÉNERO,Femenino,0
ECUADOR,2023,DISCRIMINACIÓN POR RAZÓN DE SEXO/GÉNERO,Masculino,0
EE.UU.,2023,DISCRIMINACIÓN POR RAZÓN DE SEXO/GÉNERO,Ambos sexos,0
EE.UU.,2023,DISCRIMINACIÓN POR RAZÓN DE SEXO/GÉNERO,Femenino,0
EE.UU.,2023,DISCRIMINACIÓN POR RAZÓN DE SEXO/GÉNERO,Masculino,0
EGIPTO,2023,DISCRIMINACIÓN POR RAZÓN DE SEXO/GÉNERO,Ambos sexos,0
EGIPTO,2023,DISCRIMINACIÓN POR RAZÓN DE SEXO/GÉNERO,Femenino,0
EGIPTO,2023,DISCRIMINACIÓN POR RAZÓN DE SEXO/GÉNERO,Masculino,0
EL SALVADOR,2023,DISCRIMINACIÓN POR RAZÓN DE SEXO/GÉNERO,Ambos sexos,1
EL SALVADOR,2023,DISCRIMINACIÓN POR RAZÓN DE SEXO/GÉNERO,Femenino,0
EL SALVADOR,2023,DISCRIMINACIÓN POR RAZÓN DE SEXO/GÉNERO,Masculino,1
ERITREA,2023,DISCRIMINACIÓN POR RAZÓN DE SEXO/GÉNERO,Ambos sexos,0
ERITREA,2023,DISCRIMINACIÓN POR RAZÓN DE SEXO/GÉNERO,Femenino,0
ERITREA,2023,DISCRIMINACIÓN POR RAZÓN DE SEXO/GÉNERO,Masculino,0
ESLOVAQUIA,2023,DISCRIMINACIÓN POR RAZÓN DE SEXO/GÉNERO,Ambos sexos,0
ESLOVAQUIA,2023,DISCRIMINACIÓN POR RAZÓN DE SEXO/GÉNERO,Femenino,0
ESLOVAQUIA,2023,DISCRIMINACIÓN POR RAZÓN DE SEXO/GÉNERO,Masculino,0
ESPAÑA,2023,DISCRIMINACIÓN POR RAZÓN DE SEXO/GÉNERO,Ambos sexos,65
ESPAÑA,2023,DISCRIMINACIÓN POR RAZÓN DE SEXO/GÉNERO,Femenino,14
ESPAÑA,2023,DISCRIMINACIÓN POR RAZÓN DE SEXO/GÉNERO,Masculino,51
ESTONIA,2023,DISCRIMINACIÓN POR RAZÓN DE SEXO/GÉNERO,Ambos sexos,1
ESTONIA,2023,DISCRIMINACIÓN POR RAZÓN DE SEXO/GÉNERO,Femenino,0
ESTONIA,2023,DISCRIMINACIÓN POR RAZÓN DE SEXO/GÉNERO,Masculino,1
FILIPINAS,2023,DISCRIMINACIÓN POR RAZÓN DE SEXO/GÉNERO,Ambos sexos,0
FILIPINAS,2023,DISCRIMINACIÓN POR RAZÓN DE SEXO/GÉNERO,Femenino,0
FILIPINAS,2023,DISCRIMINACIÓN POR RAZÓN DE SEXO/GÉNERO,Masculino,0
FRANCIA,2023,DISCRIMINACIÓN POR RAZÓN DE SEXO/GÉNERO,Ambos sexos,0
FRANCIA,2023,DISCRIMINACIÓN POR RAZÓN DE SEXO/GÉNERO,Femenino,0
FRANCIA,2023,DISCRIMINACIÓN POR RAZÓN DE SEXO/GÉNERO,Masculino,0
GAMBIA,2023,DISCRIMINACIÓN POR RAZÓN DE SEXO/GÉNERO,Ambos sexos,1
GAMBIA,2023,DISCRIMINACIÓN POR RAZÓN DE SEXO/GÉNERO,Femenino,0
GAMBIA,2023,DISCRIMINACIÓN POR RAZÓN DE SEXO/GÉNERO,Masculino,1
GEORGIA,2023,DISCRIMINACIÓN POR RAZÓN DE SEXO/GÉNERO,Ambos sexos,0
GEORGIA,2023,DISCRIMINACIÓN POR RAZÓN DE SEXO/GÉNERO,Femenino,0
GEORGIA,2023,DISCRIMINACIÓN POR RAZÓN DE SEXO/GÉNERO,Masculino,0
GHANA,2023,DISCRIMINACIÓN POR RAZÓN DE SEXO/GÉNERO,Ambos sexos,0
GHANA,2023,DISCRIMINACIÓN POR RAZÓN DE SEXO/GÉNERO,Femenino,0
GHANA,2023,DISCRIMINACIÓN POR RAZÓN DE SEXO/GÉNERO,Masculino,0
GRECIA,2023,DISCRIMINACIÓN POR RAZÓN DE SEXO/GÉNERO,Ambos sexos,0
GRECIA,2023,DISCRIMINACIÓN POR RAZÓN DE SEXO/GÉNERO,Femenino,0
GRECIA,2023,DISCRIMINACIÓN POR RAZÓN DE SEXO/GÉNERO,Masculino,0
GUATEMALA,2023,DISCRIMINACIÓN POR RAZÓN DE SEXO/GÉNERO,Ambos sexos,0
GUATEMALA,2023,DISCRIMINACIÓN POR RAZÓN DE SEXO/GÉNERO,Femenino,0
GUATEMALA,2023,DISCRIMINACIÓN POR RAZÓN DE SEXO/GÉNERO,Masculino,0
GUINEA ECUATORIAL,2023,DISCRIMINACIÓN POR RAZÓN DE SEXO/GÉNERO,Ambos sexos,0
GUINEA ECUATORIAL,2023,DISCRIMINACIÓN POR RAZÓN DE SEXO/GÉNERO,Femenino,0
GUINEA ECUATORIAL,2023,DISCRIMINACIÓN POR RAZÓN DE SEXO/GÉNERO,Masculino,0
GUINEA REP.,2023,DISCRIMINACIÓN POR RAZÓN DE SEXO/GÉNERO,Ambos sexos,0
GUINEA REP.,2023,DISCRIMINACIÓN POR RAZÓN DE SEXO/GÉNERO,Femenino,0
GUINEA REP.,2023,DISCRIMINACIÓN POR RAZÓN DE SEXO/GÉNERO,Masculino,0
HAITI,2023,DISCRIMINACIÓN POR RAZÓN DE SEXO/GÉNERO,Ambos sexos,0
HAITI,2023,DISCRIMINACIÓN POR RAZÓN DE SEXO/GÉNERO,Femenino,0
HAITI,2023,DISCRIMINACIÓN POR RAZÓN DE SEXO/GÉNERO,Masculino,0
HOLANDA,2023,DISCRIMINACIÓN POR RAZÓN DE SEXO/GÉNERO,Ambos sexos,0
HOLANDA,2023,DISCRIMINACIÓN POR RAZÓN DE SEXO/GÉNERO,Femenino,0
HOLANDA,2023,DISCRIMINACIÓN POR RAZÓN DE SEXO/GÉNERO,Masculino,0
HONDURAS,2023,DISCRIMINACIÓN POR RAZÓN DE SEXO/GÉNERO,Ambos sexos,2
HONDURAS,2023,DISCRIMINACIÓN POR RAZÓN DE SEXO/GÉNERO,Femenino,2
HONDURAS,2023,DISCRIMINACIÓN POR RAZÓN DE SEXO/GÉNERO,Masculino,0
INDIA,2023,DISCRIMINACIÓN POR RAZÓN DE SEXO/GÉNERO,Ambos sexos,0
INDIA,2023,DISCRIMINACIÓN POR RAZÓN DE SEXO/GÉNERO,Femenino,0
INDIA,2023,DISCRIMINACIÓN POR RAZÓN DE SEXO/GÉNERO,Masculino,0
IRLANDA,2023,DISCRIMINACIÓN POR RAZÓN DE SEXO/GÉNERO,Ambos sexos,0
IRLANDA,2023,DISCRIMINACIÓN POR RAZÓN DE SEXO/GÉNERO,Femenino,0
IRLANDA,2023,DISCRIMINACIÓN POR RAZÓN DE SEXO/GÉNERO,Masculino,0
IRÁN,2023,DISCRIMINACIÓN POR RAZÓN DE SEXO/GÉNERO,Ambos sexos,0
IRÁN,2023,DISCRIMINACIÓN POR RAZÓN DE SEXO/GÉNERO,Femenino,0
IRÁN,2023,DISCRIMINACIÓN POR RAZÓN DE SEXO/GÉNERO,Masculino,0
ISRAEL,2023,DISCRIMINACIÓN POR RAZÓN DE SEXO/GÉNERO,Ambos sexos,0
ISRAEL,2023,DISCRIMINACIÓN POR RAZÓN DE SEXO/GÉNERO,Femenino,0
ISRAEL,2023,DISCRIMINACIÓN POR RAZÓN DE SEXO/GÉNERO,Masculino,0
ITALIA,2023,DISCRIMINACIÓN POR RAZÓN DE SEXO/GÉNERO,Ambos sexos,0
ITALIA,2023,DISCRIMINACIÓN POR RAZÓN DE SEXO/GÉNERO,Femenino,0
ITALIA,2023,DISCRIMINACIÓN POR RAZÓN DE SEXO/GÉNERO,Masculino,0
LETONIA,2023,DISCRIMINACIÓN POR RAZÓN DE SEXO/GÉNERO,Ambos sexos,0
LETONIA,2023,DISCRIMINACIÓN POR RAZÓN DE SEXO/GÉNERO,Femenino,0
LETONIA,2023,DISCRIMINACIÓN POR RAZÓN DE SEXO/GÉNERO,Masculino,0
LIBERIA,2023,DISCRIMINACIÓN POR RAZÓN DE SEXO/GÉNERO,Ambos sexos,1
LIBERIA,2023,DISCRIMINACIÓN POR RAZÓN DE SEXO/GÉNERO,Femenino,0
LIBERIA,2023,DISCRIMINACIÓN POR RAZÓN DE SEXO/GÉNERO,Masculino,1
LIBIA,2023,DISCRIMINACIÓN POR RAZÓN DE SEXO/GÉNERO,Ambos sexos,0
LIBIA,2023,DISCRIMINACIÓN POR RAZÓN DE SEXO/GÉNERO,Femenino,0
LIBIA,2023,DISCRIMINACIÓN POR RAZÓN DE SEXO/GÉNERO,Masculino,0
LITUANIA,2023,DISCRIMINACIÓN POR RAZÓN DE SEXO/GÉNERO,Ambos sexos,0
LITUANIA,2023,DISCRIMINACIÓN POR RAZÓN DE SEXO/GÉNERO,Femenino,0
LITUANIA,2023,DISCRIMINACIÓN POR RAZÓN DE SEXO/GÉNERO,Masculino,0
LÍBANO,2023,DISCRIMINACIÓN POR RAZÓN DE SEXO/GÉNERO,Ambos sexos,0
LÍBANO,2023,DISCRIMINACIÓN POR RAZÓN DE SEXO/GÉNERO,Femenino,0
LÍBANO,2023,DISCRIMINACIÓN POR RAZÓN DE SEXO/GÉNERO,Masculino,0
MALI,2023,DISCRIMINACIÓN POR RAZÓN DE SEXO/GÉNERO,Ambos sexos,0
MALI,2023,DISCRIMINACIÓN POR RAZÓN DE SEXO/GÉNERO,Femenino,0
MALI,2023,DISCRIMINACIÓN POR RAZÓN DE SEXO/GÉNERO,Masculino,0
MARRUECOS,2023,DISCRIMINACIÓN POR RAZÓN DE SEXO/GÉNERO,Ambos sexos,8
MARRUECOS,2023,DISCRIMINACIÓN POR RAZÓN DE SEXO/GÉNERO,Femenino,0
MARRUECOS,2023,DISCRIMINACIÓN POR RAZÓN DE SEXO/GÉNERO,Masculino,8
MAURITANIA,2023,DISCRIMINACIÓN POR RAZÓN DE SEXO/GÉNERO,Ambos sexos,0
MAURITANIA,2023,DISCRIMINACIÓN POR RAZÓN DE SEXO/GÉNERO,Femenino,0
MAURITANIA,2023,DISCRIMINACIÓN POR RAZÓN DE SEXO/GÉNERO,Masculino,0
MOLDAVIA,2023,DISCRIMINACIÓN POR RAZÓN DE SEXO/GÉNERO,Ambos sexos,0
MOLDAVIA,2023,DISCRIMINACIÓN POR RAZÓN DE SEXO/GÉNERO,Femenino,0
MOLDAVIA,2023,DISCRIMINACIÓN POR RAZÓN DE SEXO/GÉNERO,Masculino,0
MONGOLIA,2023,DISCRIMINACIÓN POR RAZÓN DE SEXO/GÉNERO,Ambos sexos,0
MONGOLIA,2023,DISCRIMINACIÓN POR RAZÓN DE SEXO/GÉNERO,Femenino,0
MONGOLIA,2023,DISCRIMINACIÓN POR RAZÓN DE SEXO/GÉNERO,Masculino,0
NEPAL,2023,DISCRIMINACIÓN POR RAZÓN DE SEXO/GÉNERO,Ambos sexos,0
NEPAL,2023,DISCRIMINACIÓN POR RAZÓN DE SEXO/GÉNERO,Femenino,0
NEPAL,2023,DISCRIMINACIÓN POR RAZÓN DE SEXO/GÉNERO,Masculino,0
NICARAGUA,2023,DISCRIMINACIÓN POR RAZÓN DE SEXO/GÉNERO,Ambos sexos,0
NICARAGUA,2023,DISCRIMINACIÓN POR RAZÓN DE SEXO/GÉNERO,Femenino,0
NICARAGUA,2023,DISCRIMINACIÓN POR RAZÓN DE SEXO/GÉNERO,Masculino,0
NIGERIA,2023,DISCRIMINACIÓN POR RAZÓN DE SEXO/GÉNERO,Ambos sexos,1
NIGERIA,2023,DISCRIMINACIÓN POR RAZÓN DE SEXO/GÉNERO,Femenino,0
NIGERIA,2023,DISCRIMINACIÓN POR RAZÓN DE SEXO/GÉNERO,Masculino,1
NÍGER REP.,2023,DISCRIMINACIÓN POR RAZÓN DE SEXO/GÉNERO,Ambos sexos,0
NÍGER REP.,2023,DISCRIMINACIÓN POR RAZÓN DE SEXO/GÉNERO,Femenino,0
NÍGER REP.,2023,DISCRIMINACIÓN POR RAZÓN DE SEXO/GÉNERO,Masculino,0
PANAMA,2023,DISCRIMINACIÓN POR RAZÓN DE SEXO/GÉNERO,Ambos sexos,0
PANAMA,2023,DISCRIMINACIÓN POR RAZÓN DE SEXO/GÉNERO,Femenino,0
PANAMA,2023,DISCRIMINACIÓN POR RAZÓN DE SEXO/GÉNERO,Masculino,0
PAQUISTÁN,2023,DISCRIMINACIÓN POR RAZÓN DE SEXO/GÉNERO,Ambos sexos,0
PAQUISTÁN,2023,DISCRIMINACIÓN POR RAZÓN DE SEXO/GÉNERO,Femenino,0
PAQUISTÁN,2023,DISCRIMINACIÓN POR RAZÓN DE SEXO/GÉNERO,Masculino,0
PARAGUAY,2023,DISCRIMINACIÓN POR RAZÓN DE SEXO/GÉNERO,Ambos sexos,0
PARAGUAY,2023,DISCRIMINACIÓN POR RAZÓN DE SEXO/GÉNERO,Femenino,0
PARAGUAY,2023,DISCRIMINACIÓN POR RAZÓN DE SEXO/GÉNERO,Masculino,0
PAÍS DESCONOCIDO,2023,DISCRIMINACIÓN POR RAZÓN DE SEXO/GÉNERO,Ambos sexos,6
PAÍS DESCONOCIDO,2023,DISCRIMINACIÓN POR RAZÓN DE SEXO/GÉNERO,Femenino,0
PAÍS DESCONOCIDO,2023,DISCRIMINACIÓN POR RAZÓN DE SEXO/GÉNERO,Masculino,6
PAÍS NO CODIFICADO,2023,DISCRIMINACIÓN POR RAZÓN DE SEXO/GÉNERO,Ambos sexos,0
PAÍS NO CODIFICADO,2023,DISCRIMINACIÓN POR RAZÓN DE SEXO/GÉNERO,Femenino,0
PAÍS NO CODIFICADO,2023,DISCRIMINACIÓN POR RAZÓN DE SEXO/GÉNERO,Masculino,0
PERÚ,2023,DISCRIMINACIÓN POR RAZÓN DE SEXO/GÉNERO,Ambos sexos,4
PERÚ,2023,DISCRIMINACIÓN POR RAZÓN DE SEXO/GÉNERO,Femenino,0
PERÚ,2023,DISCRIMINACIÓN POR RAZÓN DE SEXO/GÉNERO,Masculino,4
POLONIA,2023,DISCRIMINACIÓN POR RAZÓN DE SEXO/GÉNERO,Ambos sexos,0
POLONIA,2023,DISCRIMINACIÓN POR RAZÓN DE SEXO/GÉNERO,Femenino,0
POLONIA,2023,DISCRIMINACIÓN POR RAZÓN DE SEXO/GÉNERO,Masculino,0
PORTUGAL,2023,DISCRIMINACIÓN POR RAZÓN DE SEXO/GÉNERO,Ambos sexos,3
PORTUGAL,2023,DISCRIMINACIÓN POR RAZÓN DE SEXO/GÉNERO,Femenino,3
PORTUGAL,2023,DISCRIMINACIÓN POR RAZÓN DE SEXO/GÉNERO,Masculino,0
REINO UNIDO,2023,DISCRIMINACIÓN POR RAZÓN DE SEXO/GÉNERO,Ambos sexos,2
REINO UNIDO,2023,DISCRIMINACIÓN POR RAZÓN DE SEXO/GÉNERO,Femenino,0
REINO UNIDO,2023,DISCRIMINACIÓN POR RAZÓN DE SEXO/GÉNERO,Masculino,2
REPÚBLICA CHECA,2023,DISCRIMINACIÓN POR RAZÓN DE SEXO/GÉNERO,Ambos sexos,0
REPÚBLICA CHECA,2023,DISCRIMINACIÓN POR RAZÓN DE SEXO/GÉNERO,Femenino,0
REPÚBLICA CHECA,2023,DISCRIMINACIÓN POR RAZÓN DE SEXO/GÉNERO,Masculino,0
REPÚBLICA DOMINICANA,2023,DISCRIMINACIÓN POR RAZÓN DE SEXO/GÉNERO,Ambos sexos,1
REPÚBLICA DOMINICANA,2023,DISCRIMINACIÓN POR RAZÓN DE SEXO/GÉNERO,Femenino,0
REPÚBLICA DOMINICANA,2023,DISCRIMINACIÓN POR RAZÓN DE SEXO/GÉNERO,Masculino,1
RUMANÍA,2023,DISCRIMINACIÓN POR RAZÓN DE SEXO/GÉNERO,Ambos sexos,2
RUMANÍA,2023,DISCRIMINACIÓN POR RAZÓN DE SEXO/GÉNERO,Femenino,1
RUMANÍA,2023,DISCRIMINACIÓN POR RAZÓN DE SEXO/GÉNERO,Masculino,1
RUSIA,2023,DISCRIMINACIÓN POR RAZÓN DE SEXO/GÉNERO,Ambos sexos,0
RUSIA,2023,DISCRIMINACIÓN POR RAZÓN DE SEXO/GÉNERO,Femenino,0
RUSIA,2023,DISCRIMINACIÓN POR RAZÓN DE SEXO/GÉNERO,Masculino,0
SENEGAL,2023,DISCRIMINACIÓN POR RAZÓN DE SEXO/GÉNERO,Ambos sexos,1
SENEGAL,2023,DISCRIMINACIÓN POR RAZÓN DE SEXO/GÉNERO,Femenino,0
SENEGAL,2023,DISCRIMINACIÓN POR RAZÓN DE SEXO/GÉNERO,Masculino,1
SERBIA (YUGOSLAVIA),2023,DISCRIMINACIÓN POR RAZÓN DE SEXO/GÉNERO,Ambos sexos,0
SERBIA (YUGOSLAVIA),2023,DISCRIMINACIÓN POR RAZÓN DE SEXO/GÉNERO,Femenino,0
SERBIA (YUGOSLAVIA),2023,DISCRIMINACIÓN POR RAZÓN DE SEXO/GÉNERO,Masculino,0
SIERRA LEONA,2023,DISCRIMINACIÓN POR RAZÓN DE SEXO/GÉNERO,Ambos sexos,0
SIERRA LEONA,2023,DISCRIMINACIÓN POR RAZÓN DE SEXO/GÉNERO,Femenino,0
SIERRA LEONA,2023,DISCRIMINACIÓN POR RAZÓN DE SEXO/GÉNERO,Masculino,0
SIRIA,2023,DISCRIMINACIÓN POR RAZÓN DE SEXO/GÉNERO,Ambos sexos,0
SIRIA,2023,DISCRIMINACIÓN POR RAZÓN DE SEXO/GÉNERO,Femenino,0
SIRIA,2023,DISCRIMINACIÓN POR RAZÓN DE SEXO/GÉNERO,Masculino,0
SUDÁFRICA R.,2023,DISCRIMINACIÓN POR RAZÓN DE SEXO/GÉNERO,Ambos sexos,1
SUDÁFRICA R.,2023,DISCRIMINACIÓN POR RAZÓN DE SEXO/GÉNERO,Femenino,0
SUDÁFRICA R.,2023,DISCRIMINACIÓN POR RAZÓN DE SEXO/GÉNERO,Masculino,1
SUECIA,2023,DISCRIMINACIÓN POR RAZÓN DE SEXO/GÉNERO,Ambos sexos,0
SUECIA,2023,DISCRIMINACIÓN POR RAZÓN DE SEXO/GÉNERO,Femenino,0
SUECIA,2023,DISCRIMINACIÓN POR RAZÓN DE SEXO/GÉNERO,Masculino,0
SUIZA,2023,DISCRIMINACIÓN POR RAZÓN DE SEXO/GÉNERO,Ambos sexos,0
SUIZA,2023,DISCRIMINACIÓN POR RAZÓN DE SEXO/GÉNERO,Femenino,0
SUIZA,2023,DISCRIMINACIÓN POR RAZÓN DE SEXO/GÉNERO,Masculino,0
TOTAL nacionalidad,2023,DISCRIMINACIÓN POR RAZÓN DE SEXO/GÉNERO,Ambos sexos,107
TOTAL nacionalidad,2023,DISCRIMINACIÓN POR RAZÓN DE SEXO/GÉNERO,Femenino,22
TOTAL nacionalidad,2023,DISCRIMINACIÓN POR RAZÓN DE SEXO/GÉNERO,Masculino,85
TURQUÍA,2023,DISCRIMINACIÓN POR RAZÓN DE SEXO/GÉNERO,Ambos sexos,0
TURQUÍA,2023,DISCRIMINACIÓN POR RAZÓN DE SEXO/GÉNERO,Femenino,0
TURQUÍA,2023,DISCRIMINACIÓN POR RAZÓN DE SEXO/GÉNERO,Masculino,0
TÚNEZ,2023,DISCRIMINACIÓN POR RAZÓN DE SEXO/GÉNERO,Ambos sexos,0
TÚNEZ,2023,DISCRIMINACIÓN POR RAZÓN DE SEXO/GÉNERO,Femenino,0
TÚNEZ,2023,DISCRIMINACIÓN POR RAZÓN DE SEXO/GÉNERO,Masculino,0
UCRANIA,2023,DISCRIMINACIÓN POR RAZÓN DE SEXO/GÉNERO,Ambos sexos,0
UCRANIA,2023,DISCRIMINACIÓN POR RAZÓN DE SEXO/GÉNERO,Femenino,0
UCRANIA,2023,DISCRIMINACIÓN POR RAZÓN DE SEXO/GÉNERO,Masculino,0
URUGUAY,2023,DISCRIMINACIÓN POR RAZÓN DE SEXO/GÉNERO,Ambos sexos,0
URUGUAY,2023,DISCRIMINACIÓN POR RAZÓN DE SEXO/GÉNERO,Femenino,0
URUGUAY,2023,DISCRIMINACIÓN POR RAZÓN DE SEXO/GÉNERO,Masculino,0
VENEZUELA,2023,DISCRIMINACIÓN POR RAZÓN DE SEXO/GÉNERO,Ambos sexos,0
VENEZUELA,2023,DISCRIMINACIÓN POR RAZÓN DE SEXO/GÉNERO,Femenino,0
VENEZUELA,2023,DISCRIMINACIÓN POR RAZÓN DE SEXO/GÉNERO,Masculino,0
ZAMBIA,2023,DISCRIMINACIÓN POR RAZÓN DE SEXO/GÉNERO,Ambos sexos,0
ZAMBIA,2023,DISCRIMINACIÓN POR RAZÓN DE SEXO/GÉNERO,Femenino,0
ZAMBIA,2023,DISCRIMINACIÓN POR RAZÓN DE SEXO/GÉNERO,Masculino,0
ALBANIA,2023,DISFOBIA,Ambos sexos,0
ALBANIA,2023,DISFOBIA,Femenino,0
ALBANIA,2023,DISFOBIA,Masculino,0
ALEMANIA,2023,DISFOBIA,Ambos sexos,0
ALEMANIA,2023,DISFOBIA,Femenino,0
ALEMANIA,2023,DISFOBIA,Masculino,0
ANDORRA,2023,DISFOBIA,Ambos sexos,0
ANDORRA,2023,DISFOBIA,Femenino,0
ANDORRA,2023,DISFOBIA,Masculino,0
ANGOLA,2023,DISFOBIA,Ambos sexos,0
ANGOLA,2023,DISFOBIA,Femenino,0
ANGOLA,2023,DISFOBIA,Masculino,0
ARGELIA,2023,DISFOBIA,Ambos sexos,0
ARGELIA,2023,DISFOBIA,Femenino,0
ARGELIA,2023,DISFOBIA,Masculino,0
ARGENTINA,2023,DISFOBIA,Ambos sexos,0
ARGENTINA,2023,DISFOBIA,Femenino,0
ARGENTINA,2023,DISFOBIA,Masculino,0
ARMENIA,2023,DISFOBIA,Ambos sexos,0
ARMENIA,2023,DISFOBIA,Femenino,0
ARMENIA,2023,DISFOBIA,Masculino,0
BANGLADESH,2023,DISFOBIA,Ambos sexos,0
BANGLADESH,2023,DISFOBIA,Femenino,0
BANGLADESH,2023,DISFOBIA,Masculino,0
BIELORRUSIA,2023,DISFOBIA,Ambos sexos,0
BIELORRUSIA,2023,DISFOBIA,Femenino,0
BIELORRUSIA,2023,DISFOBIA,Masculino,0
BOLIVIA,2023,DISFOBIA,Ambos sexos,0
BOLIVIA,2023,DISFOBIA,Femenino,0
BOLIVIA,2023,DISFOBIA,Masculino,0
BRASIL,2023,DISFOBIA,Ambos sexos,0
BRASIL,2023,DISFOBIA,Femenino,0
BRASIL,2023,DISFOBIA,Masculino,0
BULGARIA,2023,DISFOBIA,Ambos sexos,0
BULGARIA,2023,DISFOBIA,Femenino,0
BULGARIA,2023,DISFOBIA,Masculino,0
BÉLGICA,2023,DISFOBIA,Ambos sexos,0
BÉLGICA,2023,DISFOBIA,Femenino,0
BÉLGICA,2023,DISFOBIA,Masculino,0
CAMERÚN,2023,DISFOBIA,Ambos sexos,0
CAMERÚN,2023,DISFOBIA,Femenino,0
CAMERÚN,2023,DISFOBIA,Masculino,0
CENTRO ÁFRICANA REPÚBLICA,2023,DISFOBIA,Ambos sexos,0
CENTRO ÁFRICANA REPÚBLICA,2023,DISFOBIA,Femenino,0
CENTRO ÁFRICANA REPÚBLICA,2023,DISFOBIA,Masculino,0
CHILE,2023,DISFOBIA,Ambos sexos,0
CHILE,2023,DISFOBIA,Femenino,0
CHILE,2023,DISFOBIA,Masculino,0
CHINA POPULAR,2023,DISFOBIA,Ambos sexos,0
CHINA POPULAR,2023,DISFOBIA,Femenino,0
CHINA POPULAR,2023,DISFOBIA,Masculino,0
COLOMBIA,2023,DISFOBIA,Ambos sexos,1
COLOMBIA,2023,DISFOBIA,Femenino,0
COLOMBIA,2023,DISFOBIA,Masculino,1
CONGO-BRAZZAVILLE,2023,DISFOBIA,Ambos sexos,0
CONGO-BRAZZAVILLE,2023,DISFOBIA,Femenino,0
CONGO-BRAZZAVILLE,2023,DISFOBIA,Masculino,0
COSTA DE MARFIL,2023,DISFOBIA,Ambos sexos,0
COSTA DE MARFIL,2023,DISFOBIA,Femenino,0
COSTA DE MARFIL,2023,DISFOBIA,Masculino,0
CROACIA,2023,DISFOBIA,Ambos sexos,0
CROACIA,2023,DISFOBIA,Femenino,0
CROACIA,2023,DISFOBIA,Masculino,0
CUBA,2023,DISFOBIA,Ambos sexos,0
CUBA,2023,DISFOBIA,Femenino,0
CUBA,2023,DISFOBIA,Masculino,0
ECUADOR,2023,DISFOBIA,Ambos sexos,0
ECUADOR,2023,DISFOBIA,Femenino,0
ECUADOR,2023,DISFOBIA,Masculino,0
EE.UU.,2023,DISFOBIA,Ambos sexos,0
EE.UU.,2023,DISFOBIA,Femenino,0
EE.UU.,2023,DISFOBIA,Masculino,0
EGIPTO,2023,DISFOBIA,Ambos sexos,0
EGIPTO,2023,DISFOBIA,Femenino,0
EGIPTO,2023,DISFOBIA,Masculino,0
EL SALVADOR,2023,DISFOBIA,Ambos sexos,0
EL SALVADOR,2023,DISFOBIA,Femenino,0
EL SALVADOR,2023,DISFOBIA,Masculino,0
ERITREA,2023,DISFOBIA,Ambos sexos,0
ERITREA,2023,DISFOBIA,Femenino,0
ERITREA,2023,DISFOBIA,Masculino,0
ESLOVAQUIA,2023,DISFOBIA,Ambos sexos,0
ESLOVAQUIA,2023,DISFOBIA,Femenino,0
ESLOVAQUIA,2023,DISFOBIA,Masculino,0
ESPAÑA,2023,DISFOBIA,Ambos sexos,38
ESPAÑA,2023,DISFOBIA,Femenino,11
ESPAÑA,2023,DISFOBIA,Masculino,27
ESTONIA,2023,DISFOBIA,Ambos sexos,0
ESTONIA,2023,DISFOBIA,Femenino,0
ESTONIA,2023,DISFOBIA,Masculino,0
FILIPINAS,2023,DISFOBIA,Ambos sexos,0
FILIPINAS,2023,DISFOBIA,Femenino,0
FILIPINAS,2023,DISFOBIA,Masculino,0
FRANCIA,2023,DISFOBIA,Ambos sexos,0
FRANCIA,2023,DISFOBIA,Femenino,0
FRANCIA,2023,DISFOBIA,Masculino,0
GAMBIA,2023,DISFOBIA,Ambos sexos,0
GAMBIA,2023,DISFOBIA,Femenino,0
GAMBIA,2023,DISFOBIA,Masculino,0
GEORGIA,2023,DISFOBIA,Ambos sexos,0
GEORGIA,2023,DISFOBIA,Femenino,0
GEORGIA,2023,DISFOBIA,Masculino,0
GHANA,2023,DISFOBIA,Ambos sexos,0
GHANA,2023,DISFOBIA,Femenino,0
GHANA,2023,DISFOBIA,Masculino,0
GRECIA,2023,DISFOBIA,Ambos sexos,0
GRECIA,2023,DISFOBIA,Femenino,0
GRECIA,2023,DISFOBIA,Masculino,0
GUATEMALA,2023,DISFOBIA,Ambos sexos,0
GUATEMALA,2023,DISFOBIA,Femenino,0
GUATEMALA,2023,DISFOBIA,Masculino,0
GUINEA ECUATORIAL,2023,DISFOBIA,Ambos sexos,0
GUINEA ECUATORIAL,2023,DISFOBIA,Femenino,0
GUINEA ECUATORIAL,2023,DISFOBIA,Masculino,0
GUINEA REP.,2023,DISFOBIA,Ambos sexos,0
GUINEA REP.,2023,DISFOBIA,Femenino,0
GUINEA REP.,2023,DISFOBIA,Masculino,0
HAITI,2023,DISFOBIA,Ambos sexos,0
HAITI,2023,DISFOBIA,Femenino,0
HAITI,2023,DISFOBIA,Masculino,0
HOLANDA,2023,DISFOBIA,Ambos sexos,0
HOLANDA,2023,DISFOBIA,Femenino,0
HOLANDA,2023,DISFOBIA,Masculino,0
HONDURAS,2023,DISFOBIA,Ambos sexos,0
HONDURAS,2023,DISFOBIA,Femenino,0
HONDURAS,2023,DISFOBIA,Masculino,0
INDIA,2023,DISFOBIA,Ambos sexos,0
INDIA,2023,DISFOBIA,Femenino,0
INDIA,2023,DISFOBIA,Masculino,0
IRLANDA,2023,DISFOBIA,Ambos sexos,0
IRLANDA,2023,DISFOBIA,Femenino,0
IRLANDA,2023,DISFOBIA,Masculino,0
IRÁN,2023,DISFOBIA,Ambos sexos,0
IRÁN,2023,DISFOBIA,Femenino,0
IRÁN,2023,DISFOBIA,Masculino,0
ISRAEL,2023,DISFOBIA,Ambos sexos,0
ISRAEL,2023,DISFOBIA,Femenino,0
ISRAEL,2023,DISFOBIA,Masculino,0
ITALIA,2023,DISFOBIA,Ambos sexos,0
ITALIA,2023,DISFOBIA,Femenino,0
ITALIA,2023,DISFOBIA,Masculino,0
LETONIA,2023,DISFOBIA,Ambos sexos,0
LETONIA,2023,DISFOBIA,Femenino,0
LETONIA,2023,DISFOBIA,Masculino,0
LIBERIA,2023,DISFOBIA,Ambos sexos,0
LIBERIA,2023,DISFOBIA,Femenino,0
LIBERIA,2023,DISFOBIA,Masculino,0
LIBIA,2023,DISFOBIA,Ambos sexos,0
LIBIA,2023,DISFOBIA,Femenino,0
LIBIA,2023,DISFOBIA,Masculino,0
LITUANIA,2023,DISFOBIA,Ambos sexos,0
LITUANIA,2023,DISFOBIA,Femenino,0
LITUANIA,2023,DISFOBIA,Masculino,0
LÍBANO,2023,DISFOBIA,Ambos sexos,0
LÍBANO,2023,DISFOBIA,Femenino,0
LÍBANO,2023,DISFOBIA,Masculino,0
MALI,2023,DISFOBIA,Ambos sexos,0
MALI,2023,DISFOBIA,Femenino,0
MALI,2023,DISFOBIA,Masculino,0
MARRUECOS,2023,DISFOBIA,Ambos sexos,0
MARRUECOS,2023,DISFOBIA,Femenino,0
MARRUECOS,2023,DISFOBIA,Masculino,0
MAURITANIA,2023,DISFOBIA,Ambos sexos,0
MAURITANIA,2023,DISFOBIA,Femenino,0
MAURITANIA,2023,DISFOBIA,Masculino,0
MOLDAVIA,2023,DISFOBIA,Ambos sexos,0
MOLDAVIA,2023,DISFOBIA,Femenino,0
MOLDAVIA,2023,DISFOBIA,Masculino,0
MONGOLIA,2023,DISFOBIA,Ambos sexos,0
MONGOLIA,2023,DISFOBIA,Femenino,0
MONGOLIA,2023,DISFOBIA,Masculino,0
NEPAL,2023,DISFOBIA,Ambos sexos,0
NEPAL,2023,DISFOBIA,Femenino,0
NEPAL,2023,DISFOBIA,Masculino,0
NICARAGUA,2023,DISFOBIA,Ambos sexos,0
NICARAGUA,2023,DISFOBIA,Femenino,0
NICARAGUA,2023,DISFOBIA,Masculino,0
NIGERIA,2023,DISFOBIA,Ambos sexos,0
NIGERIA,2023,DISFOBIA,Femenino,0
NIGERIA,2023,DISFOBIA,Masculino,0
NÍGER REP.,2023,DISFOBIA,Ambos sexos,0
NÍGER REP.,2023,DISFOBIA,Femenino,0
NÍGER REP.,2023,DISFOBIA,Masculino,0
PANAMA,2023,DISFOBIA,Ambos sexos,0
PANAMA,2023,DISFOBIA,Femenino,0
PANAMA,2023,DISFOBIA,Masculino,0
PAQUISTÁN,2023,DISFOBIA,Ambos sexos,0
PAQUISTÁN,2023,DISFOBIA,Femenino,0
PAQUISTÁN,2023,DISFOBIA,Masculino,0
PARAGUAY,2023,DISFOBIA,Ambos sexos,0
PARAGUAY,2023,DISFOBIA,Femenino,0
PARAGUAY,2023,DISFOBIA,Masculino,0
PAÍS DESCONOCIDO,2023,DISFOBIA,Ambos sexos,0
PAÍS DESCONOCIDO,2023,DISFOBIA,Femenino,0
PAÍS DESCONOCIDO,2023,DISFOBIA,Masculino,0
PAÍS NO CODIFICADO,2023,DISFOBIA,Ambos sexos,0
PAÍS NO CODIFICADO,2023,DISFOBIA,Femenino,0
PAÍS NO CODIFICADO,2023,DISFOBIA,Masculino,0
PERÚ,2023,DISFOBIA,Ambos sexos,0
PERÚ,2023,DISFOBIA,Femenino,0
PERÚ,2023,DISFOBIA,Masculino,0
POLONIA,2023,DISFOBIA,Ambos sexos,0
POLONIA,2023,DISFOBIA,Femenino,0
POLONIA,2023,DISFOBIA,Masculino,0
PORTUGAL,2023,DISFOBIA,Ambos sexos,0
PORTUGAL,2023,DISFOBIA,Femenino,0
PORTUGAL,2023,DISFOBIA,Masculino,0
REINO UNIDO,2023,DISFOBIA,Ambos sexos,0
REINO UNIDO,2023,DISFOBIA,Femenino,0
REINO UNIDO,2023,DISFOBIA,Masculino,0
REPÚBLICA CHECA,2023,DISFOBIA,Ambos sexos,0
REPÚBLICA CHECA,2023,DISFOBIA,Femenino,0
REPÚBLICA CHECA,2023,DISFOBIA,Masculino,0
REPÚBLICA DOMINICANA,2023,DISFOBIA,Ambos sexos,0
REPÚBLICA DOMINICANA,2023,DISFOBIA,Femenino,0
REPÚBLICA DOMINICANA,2023,DISFOBIA,Masculino,0
RUMANÍA,2023,DISFOBIA,Ambos sexos,3
RUMANÍA,2023,DISFOBIA,Femenino,0
RUMANÍA,2023,DISFOBIA,Masculino,3
RUSIA,2023,DISFOBIA,Ambos sexos,0
RUSIA,2023,DISFOBIA,Femenino,0
RUSIA,2023,DISFOBIA,Masculino,0
SENEGAL,2023,DISFOBIA,Ambos sexos,0
SENEGAL,2023,DISFOBIA,Femenino,0
SENEGAL,2023,DISFOBIA,Masculino,0
SERBIA (YUGOSLAVIA),2023,DISFOBIA,Ambos sexos,0
SERBIA (YUGOSLAVIA),2023,DISFOBIA,Femenino,0
SERBIA (YUGOSLAVIA),2023,DISFOBIA,Masculino,0
SIERRA LEONA,2023,DISFOBIA,Ambos sexos,0
SIERRA LEONA,2023,DISFOBIA,Femenino,0
SIERRA LEONA,2023,DISFOBIA,Masculino,0
SIRIA,2023,DISFOBIA,Ambos sexos,0
SIRIA,2023,DISFOBIA,Femenino,0
SIRIA,2023,DISFOBIA,Masculino,0
SUDÁFRICA R.,2023,DISFOBIA,Ambos sexos,0
SUDÁFRICA R.,2023,DISFOBIA,Femenino,0
SUDÁFRICA R.,2023,DISFOBIA,Masculino,0
SUECIA,2023,DISFOBIA,Ambos sexos,0
SUECIA,2023,DISFOBIA,Femenino,0
SUECIA,2023,DISFOBIA,Masculino,0
SUIZA,2023,DISFOBIA,Ambos sexos,0
SUIZA,2023,DISFOBIA,Femenino,0
SUIZA,2023,DISFOBIA,Masculino,0
TOTAL nacionalidad,2023,DISFOBIA,Ambos sexos,42
TOTAL nacionalidad,2023,DISFOBIA,Femenino,11
TOTAL nacionalidad,2023,DISFOBIA,Masculino,31
TURQUÍA,2023,DISFOBIA,Ambos sexos,0
TURQUÍA,2023,DISFOBIA,Femenino,0
TURQUÍA,2023,DISFOBIA,Masculino,0
TÚNEZ,2023,DISFOBIA,Ambos sexos,0
TÚNEZ,2023,DISFOBIA,Femenino,0
TÚNEZ,2023,DISFOBIA,Masculino,0
UCRANIA,2023,DISFOBIA,Ambos sexos,0
UCRANIA,2023,DISFOBIA,Femenino,0
UCRANIA,2023,DISFOBIA,Masculino,0
URUGUAY,2023,DISFOBIA,Ambos sexos,0
URUGUAY,2023,DISFOBIA,Femenino,0
URUGUAY,2023,DISFOBIA,Masculino,0
VENEZUELA,2023,DISFOBIA,Ambos sexos,0
VENEZUELA,2023,DISFOBIA,Femenino,0
VENEZUELA,2023,DISFOBIA,Masculino,0
ZAMBIA,2023,DISFOBIA,Ambos sexos,0
ZAMBIA,2023,DISFOBIA,Femenino,0
ZAMBIA,2023,DISFOBIA,Masculino,0
ALBANIA,2023,IDEOLOGÍA,Ambos sexos,0
ALBANIA,2023,IDEOLOGÍA,Femenino,0
ALBANIA,2023,IDEOLOGÍA,Masculino,0
ALEMANIA,2023,IDEOLOGÍA,Ambos sexos,1
ALEMANIA,2023,IDEOLOGÍA,Femenino,1
ALEMANIA,2023,IDEOLOGÍA,Masculino,0
ANDORRA,2023,IDEOLOGÍA,Ambos sexos,0
ANDORRA,2023,IDEOLOGÍA,Femenino,0
ANDORRA,2023,IDEOLOGÍA,Masculino,0
ANGOLA,2023,IDEOLOGÍA,Ambos sexos,0
ANGOLA,2023,IDEOLOGÍA,Femenino,0
ANGOLA,2023,IDEOLOGÍA,Masculino,0
ARGELIA,2023,IDEOLOGÍA,Ambos sexos,1
ARGELIA,2023,IDEOLOGÍA,Femenino,1
ARGELIA,2023,IDEOLOGÍA,Masculino,0
ARGENTINA,2023,IDEOLOGÍA,Ambos sexos,0
ARGENTINA,2023,IDEOLOGÍA,Femenino,0
ARGENTINA,2023,IDEOLOGÍA,Masculino,0
ARMENIA,2023,IDEOLOGÍA,Ambos sexos,0
ARMENIA,2023,IDEOLOGÍA,Femenino,0
ARMENIA,2023,IDEOLOGÍA,Masculino,0
BANGLADESH,2023,IDEOLOGÍA,Ambos sexos,0
BANGLADESH,2023,IDEOLOGÍA,Femenino,0
BANGLADESH,2023,IDEOLOGÍA,Masculino,0
BIELORRUSIA,2023,IDEOLOGÍA,Ambos sexos,0
BIELORRUSIA,2023,IDEOLOGÍA,Femenino,0
BIELORRUSIA,2023,IDEOLOGÍA,Masculino,0
BOLIVIA,2023,IDEOLOGÍA,Ambos sexos,0
BOLIVIA,2023,IDEOLOGÍA,Femenino,0
BOLIVIA,2023,IDEOLOGÍA,Masculino,0
BRASIL,2023,IDEOLOGÍA,Ambos sexos,1
BRASIL,2023,IDEOLOGÍA,Femenino,0
BRASIL,2023,IDEOLOGÍA,Masculino,1
BULGARIA,2023,IDEOLOGÍA,Ambos sexos,0
BULGARIA,2023,IDEOLOGÍA,Femenino,0
BULGARIA,2023,IDEOLOGÍA,Masculino,0
BÉLGICA,2023,IDEOLOGÍA,Ambos sexos,0
BÉLGICA,2023,IDEOLOGÍA,Femenino,0
BÉLGICA,2023,IDEOLOGÍA,Masculino,0
CAMERÚN,2023,IDEOLOGÍA,Ambos sexos,0
CAMERÚN,2023,IDEOLOGÍA,Femenino,0
CAMERÚN,2023,IDEOLOGÍA,Masculino,0
CENTRO ÁFRICANA REPÚBLICA,2023,IDEOLOGÍA,Ambos sexos,0
CENTRO ÁFRICANA REPÚBLICA,2023,IDEOLOGÍA,Femenino,0
CENTRO ÁFRICANA REPÚBLICA,2023,IDEOLOGÍA,Masculino,0
CHILE,2023,IDEOLOGÍA,Ambos sexos,0
CHILE,2023,IDEOLOGÍA,Femenino,0
CHILE,2023,IDEOLOGÍA,Masculino,0
CHINA POPULAR,2023,IDEOLOGÍA,Ambos sexos,0
CHINA POPULAR,2023,IDEOLOGÍA,Femenino,0
CHINA POPULAR,2023,IDEOLOGÍA,Masculino,0
COLOMBIA,2023,IDEOLOGÍA,Ambos sexos,0
COLOMBIA,2023,IDEOLOGÍA,Femenino,0
COLOMBIA,2023,IDEOLOGÍA,Masculino,0
CONGO-BRAZZAVILLE,2023,IDEOLOGÍA,Ambos sexos,0
CONGO-BRAZZAVILLE,2023,IDEOLOGÍA,Femenino,0
CONGO-BRAZZAVILLE,2023,IDEOLOGÍA,Masculino,0
COSTA DE MARFIL,2023,IDEOLOGÍA,Ambos sexos,0
COSTA DE MARFIL,2023,IDEOLOGÍA,Femenino,0
COSTA DE MARFIL,2023,IDEOLOGÍA,Masculino,0
CROACIA,2023,IDEOLOGÍA,Ambos sexos,0
CROACIA,2023,IDEOLOGÍA,Femenino,0
CROACIA,2023,IDEOLOGÍA,Masculino,0
CUBA,2023,IDEOLOGÍA,Ambos sexos,0
CUBA,2023,IDEOLOGÍA,Femenino,0
CUBA,2023,IDEOLOGÍA,Masculino,0
ECUADOR,2023,IDEOLOGÍA,Ambos sexos,0
ECUADOR,2023,IDEOLOGÍA,Femenino,0
ECUADOR,2023,IDEOLOGÍA,Masculino,0
EE.UU.,2023,IDEOLOGÍA,Ambos sexos,1
EE.UU.,2023,IDEOLOGÍA,Femenino,0
EE.UU.,2023,IDEOLOGÍA,Masculino,1
EGIPTO,2023,IDEOLOGÍA,Ambos sexos,0
EGIPTO,2023,IDEOLOGÍA,Femenino,0
EGIPTO,2023,IDEOLOGÍA,Masculino,0
EL SALVADOR,2023,IDEOLOGÍA,Ambos sexos,0
EL SALVADOR,2023,IDEOLOGÍA,Femenino,0
EL SALVADOR,2023,IDEOLOGÍA,Masculino,0
ERITREA,2023,IDEOLOGÍA,Ambos sexos,0
ERITREA,2023,IDEOLOGÍA,Femenino,0
ERITREA,2023,IDEOLOGÍA,Masculino,0
ESLOVAQUIA,2023,IDEOLOGÍA,Ambos sexos,0
ESLOVAQUIA,2023,IDEOLOGÍA,Femenino,0
ESLOVAQUIA,2023,IDEOLOGÍA,Masculino,0
ESPAÑA,2023,IDEOLOGÍA,Ambos sexos,113
ESPAÑA,2023,IDEOLOGÍA,Femenino,28
ESPAÑA,2023,IDEOLOGÍA,Masculino,85
ESTONIA,2023,IDEOLOGÍA,Ambos sexos,0
ESTONIA,2023,IDEOLOGÍA,Femenino,0
ESTONIA,2023,IDEOLOGÍA,Masculino,0
FILIPINAS,2023,IDEOLOGÍA,Ambos sexos,0
FILIPINAS,2023,IDEOLOGÍA,Femenino,0
FILIPINAS,2023,IDEOLOGÍA,Masculino,0
FRANCIA,2023,IDEOLOGÍA,Ambos sexos,1
FRANCIA,2023,IDEOLOGÍA,Femenino,1
FRANCIA,2023,IDEOLOGÍA,Masculino,0
GAMBIA,2023,IDEOLOGÍA,Ambos sexos,0
GAMBIA,2023,IDEOLOGÍA,Femenino,0
GAMBIA,2023,IDEOLOGÍA,Masculino,0
GEORGIA,2023,IDEOLOGÍA,Ambos sexos,0
GEORGIA,2023,IDEOLOGÍA,Femenino,0
GEORGIA,2023,IDEOLOGÍA,Masculino,0
GHANA,2023,IDEOLOGÍA,Ambos sexos,0
GHANA,2023,IDEOLOGÍA,Femenino,0
GHANA,2023,IDEOLOGÍA,Masculino,0
GRECIA,2023,IDEOLOGÍA,Ambos sexos,0
GRECIA,2023,IDEOLOGÍA,Femenino,0
GRECIA,2023,IDEOLOGÍA,Masculino,0
GUATEMALA,2023,IDEOLOGÍA,Ambos sexos,0
GUATEMALA,2023,IDEOLOGÍA,Femenino,0
GUATEMALA,2023,IDEOLOGÍA,Masculino,0
GUINEA ECUATORIAL,2023,IDEOLOGÍA,Ambos sexos,0
GUINEA ECUATORIAL,2023,IDEOLOGÍA,Femenino,0
GUINEA ECUATORIAL,2023,IDEOLOGÍA,Masculino,0
GUINEA REP.,2023,IDEOLOGÍA,Ambos sexos,0
GUINEA REP.,2023,IDEOLOGÍA,Femenino,0
GUINEA REP.,2023,IDEOLOGÍA,Masculino,0
HAITI,2023,IDEOLOGÍA,Ambos sexos,0
HAITI,2023,IDEOLOGÍA,Femenino,0
HAITI,2023,IDEOLOGÍA,Masculino,0
HOLANDA,2023,IDEOLOGÍA,Ambos sexos,0
HOLANDA,2023,IDEOLOGÍA,Femenino,0
HOLANDA,2023,IDEOLOGÍA,Masculino,0
HONDURAS,2023,IDEOLOGÍA,Ambos sexos,0
HONDURAS,2023,IDEOLOGÍA,Femenino,0
HONDURAS,2023,IDEOLOGÍA,Masculino,0
INDIA,2023,IDEOLOGÍA,Ambos sexos,0
INDIA,2023,IDEOLOGÍA,Femenino,0
INDIA,2023,IDEOLOGÍA,Masculino,0
IRLANDA,2023,IDEOLOGÍA,Ambos sexos,0
IRLANDA,2023,IDEOLOGÍA,Femenino,0
IRLANDA,2023,IDEOLOGÍA,Masculino,0
IRÁN,2023,IDEOLOGÍA,Ambos sexos,1
IRÁN,2023,IDEOLOGÍA,Femenino,0
IRÁN,2023,IDEOLOGÍA,Masculino,1
ISRAEL,2023,IDEOLOGÍA,Ambos sexos,0
ISRAEL,2023,IDEOLOGÍA,Femenino,0
ISRAEL,2023,IDEOLOGÍA,Masculino,0
ITALIA,2023,IDEOLOGÍA,Ambos sexos,0
ITALIA,2023,IDEOLOGÍA,Femenino,0
ITALIA,2023,IDEOLOGÍA,Masculino,0
LETONIA,2023,IDEOLOGÍA,Ambos sexos,0
LETONIA,2023,IDEOLOGÍA,Femenino,0
LETONIA,2023,IDEOLOGÍA,Masculino,0
LIBERIA,2023,IDEOLOGÍA,Ambos sexos,0
LIBERIA,2023,IDEOLOGÍA,Femenino,0
LIBERIA,2023,IDEOLOGÍA,Masculino,0
LIBIA,2023,IDEOLOGÍA,Ambos sexos,0
LIBIA,2023,IDEOLOGÍA,Femenino,0
LIBIA,2023,IDEOLOGÍA,Masculino,0
LITUANIA,2023,IDEOLOGÍA,Ambos sexos,0
LITUANIA,2023,IDEOLOGÍA,Femenino,0
LITUANIA,2023,IDEOLOGÍA,Masculino,0
LÍBANO,2023,IDEOLOGÍA,Ambos sexos,0
LÍBANO,2023,IDEOLOGÍA,Femenino,0
LÍBANO,2023,IDEOLOGÍA,Masculino,0
MALI,2023,IDEOLOGÍA,Ambos sexos,0
MALI,2023,IDEOLOGÍA,Femenino,0
MALI,2023,IDEOLOGÍA,Masculino,0
MARRUECOS,2023,IDEOLOGÍA,Ambos sexos,0
MARRUECOS,2023,IDEOLOGÍA,Femenino,0
MARRUECOS,2023,IDEOLOGÍA,Masculino,0
MAURITANIA,2023,IDEOLOGÍA,Ambos sexos,0
MAURITANIA,2023,IDEOLOGÍA,Femenino,0
MAURITANIA,2023,IDEOLOGÍA,Masculino,0
MOLDAVIA,2023,IDEOLOGÍA,Ambos sexos,0
MOLDAVIA,2023,IDEOLOGÍA,Femenino,0
MOLDAVIA,2023,IDEOLOGÍA,Masculino,0
MONGOLIA,2023,IDEOLOGÍA,Ambos sexos,0
MONGOLIA,2023,IDEOLOGÍA,Femenino,0
MONGOLIA,2023,IDEOLOGÍA,Masculino,0
NEPAL,2023,IDEOLOGÍA,Ambos sexos,0
NEPAL,2023,IDEOLOGÍA,Femenino,0
NEPAL,2023,IDEOLOGÍA,Masculino,0
NICARAGUA,2023,IDEOLOGÍA,Ambos sexos,0
NICARAGUA,2023,IDEOLOGÍA,Femenino,0
NICARAGUA,2023,IDEOLOGÍA,Masculino,0
NIGERIA,2023,IDEOLOGÍA,Ambos sexos,0
NIGERIA,2023,IDEOLOGÍA,Femenino,0
NIGERIA,2023,IDEOLOGÍA,Masculino,0
NÍGER REP.,2023,IDEOLOGÍA,Ambos sexos,0
NÍGER REP.,2023,IDEOLOGÍA,Femenino,0
NÍGER REP.,2023,IDEOLOGÍA,Masculino,0
PANAMA,2023,IDEOLOGÍA,Ambos sexos,0
PANAMA,2023,IDEOLOGÍA,Femenino,0
PANAMA,2023,IDEOLOGÍA,Masculino,0
PAQUISTÁN,2023,IDEOLOGÍA,Ambos sexos,0
PAQUISTÁN,2023,IDEOLOGÍA,Femenino,0
PAQUISTÁN,2023,IDEOLOGÍA,Masculino,0
PARAGUAY,2023,IDEOLOGÍA,Ambos sexos,0
PARAGUAY,2023,IDEOLOGÍA,Femenino,0
PARAGUAY,2023,IDEOLOGÍA,Masculino,0
PAÍS DESCONOCIDO,2023,IDEOLOGÍA,Ambos sexos,0
PAÍS DESCONOCIDO,2023,IDEOLOGÍA,Femenino,0
PAÍS DESCONOCIDO,2023,IDEOLOGÍA,Masculino,0
PAÍS NO CODIFICADO,2023,IDEOLOGÍA,Ambos sexos,0
PAÍS NO CODIFICADO,2023,IDEOLOGÍA,Femenino,0
PAÍS NO CODIFICADO,2023,IDEOLOGÍA,Masculino,0
PERÚ,2023,IDEOLOGÍA,Ambos sexos,0
PERÚ,2023,IDEOLOGÍA,Femenino,0
PERÚ,2023,IDEOLOGÍA,Masculino,0
POLONIA,2023,IDEOLOGÍA,Ambos sexos,0
POLONIA,2023,IDEOLOGÍA,Femenino,0
POLONIA,2023,IDEOLOGÍA,Masculino,0
PORTUGAL,2023,IDEOLOGÍA,Ambos sexos,1
PORTUGAL,2023,IDEOLOGÍA,Femenino,0
PORTUGAL,2023,IDEOLOGÍA,Masculino,1
REINO UNIDO,2023,IDEOLOGÍA,Ambos sexos,0
REINO UNIDO,2023,IDEOLOGÍA,Femenino,0
REINO UNIDO,2023,IDEOLOGÍA,Masculino,0
REPÚBLICA CHECA,2023,IDEOLOGÍA,Ambos sexos,0
REPÚBLICA CHECA,2023,IDEOLOGÍA,Femenino,0
REPÚBLICA CHECA,2023,IDEOLOGÍA,Masculino,0
REPÚBLICA DOMINICANA,2023,IDEOLOGÍA,Ambos sexos,0
REPÚBLICA DOMINICANA,2023,IDEOLOGÍA,Femenino,0
REPÚBLICA DOMINICANA,2023,IDEOLOGÍA,Masculino,0
RUMANÍA,2023,IDEOLOGÍA,Ambos sexos,0
RUMANÍA,2023,IDEOLOGÍA,Femenino,0
RUMANÍA,2023,IDEOLOGÍA,Masculino,0
RUSIA,2023,IDEOLOGÍA,Ambos sexos,1
RUSIA,2023,IDEOLOGÍA,Femenino,1
RUSIA,2023,IDEOLOGÍA,Masculino,0
SENEGAL,2023,IDEOLOGÍA,Ambos sexos,0
SENEGAL,2023,IDEOLOGÍA,Femenino,0
SENEGAL,2023,IDEOLOGÍA,Masculino,0
SERBIA (YUGOSLAVIA),2023,IDEOLOGÍA,Ambos sexos,0
SERBIA (YUGOSLAVIA),2023,IDEOLOGÍA,Femenino,0
SERBIA (YUGOSLAVIA),2023,IDEOLOGÍA,Masculino,0
SIERRA LEONA,2023,IDEOLOGÍA,Ambos sexos,0
SIERRA LEONA,2023,IDEOLOGÍA,Femenino,0
SIERRA LEONA,2023,IDEOLOGÍA,Masculino,0
SIRIA,2023,IDEOLOGÍA,Ambos sexos,0
SIRIA,2023,IDEOLOGÍA,Femenino,0
SIRIA,2023,IDEOLOGÍA,Masculino,0
SUDÁFRICA R.,2023,IDEOLOGÍA,Ambos sexos,0
SUDÁFRICA R.,2023,IDEOLOGÍA,Femenino,0
SUDÁFRICA R.,2023,IDEOLOGÍA,Masculino,0
SUECIA,2023,IDEOLOGÍA,Ambos sexos,1
SUECIA,2023,IDEOLOGÍA,Femenino,1
SUECIA,2023,IDEOLOGÍA,Masculino,0
SUIZA,2023,IDEOLOGÍA,Ambos sexos,0
SUIZA,2023,IDEOLOGÍA,Femenino,0
SUIZA,2023,IDEOLOGÍA,Masculino,0
TOTAL nacionalidad,2023,IDEOLOGÍA,Ambos sexos,122
TOTAL nacionalidad,2023,IDEOLOGÍA,Femenino,33
TOTAL nacionalidad,2023,IDEOLOGÍA,Masculino,89
TURQUÍA,2023,IDEOLOGÍA,Ambos sexos,0
TURQUÍA,2023,IDEOLOGÍA,Femenino,0
TURQUÍA,2023,IDEOLOGÍA,Masculino,0
TÚNEZ,2023,IDEOLOGÍA,Ambos sexos,0
TÚNEZ,2023,IDEOLOGÍA,Femenino,0
TÚNEZ,2023,IDEOLOGÍA,Masculino,0
UCRANIA,2023,IDEOLOGÍA,Ambos sexos,0
UCRANIA,2023,IDEOLOGÍA,Femenino,0
UCRANIA,2023,IDEOLOGÍA,Masculino,0
URUGUAY,2023,IDEOLOGÍA,Ambos sexos,0
URUGUAY,2023,IDEOLOGÍA,Femenino,0
URUGUAY,2023,IDEOLOGÍA,Masculino,0
VENEZUELA,2023,IDEOLOGÍA,Ambos sexos,0
VENEZUELA,2023,IDEOLOGÍA,Femenino,0
VENEZUELA,2023,IDEOLOGÍA,Masculino,0
ZAMBIA,2023,IDEOLOGÍA,Ambos sexos,0
ZAMBIA,2023,IDEOLOGÍA,Femenino,0
ZAMBIA,2023,IDEOLOGÍA,Masculino,0
ALBANIA,2023,ISLAMOFOBIA,Ambos sexos,0
ALBANIA,2023,ISLAMOFOBIA,Femenino,0
ALBANIA,2023,ISLAMOFOBIA,Masculino,0
ALEMANIA,2023,ISLAMOFOBIA,Ambos sexos,0
ALEMANIA,2023,ISLAMOFOBIA,Femenino,0
ALEMANIA,2023,ISLAMOFOBIA,Masculino,0
ANDORRA,2023,ISLAMOFOBIA,Ambos sexos,0
ANDORRA,2023,ISLAMOFOBIA,Femenino,0
ANDORRA,2023,ISLAMOFOBIA,Masculino,0
ANGOLA,2023,ISLAMOFOBIA,Ambos sexos,0
ANGOLA,2023,ISLAMOFOBIA,Femenino,0
ANGOLA,2023,ISLAMOFOBIA,Masculino,0
ARGELIA,2023,ISLAMOFOBIA,Ambos sexos,0
ARGELIA,2023,ISLAMOFOBIA,Femenino,0
ARGELIA,2023,ISLAMOFOBIA,Masculino,0
ARGENTINA,2023,ISLAMOFOBIA,Ambos sexos,0
ARGENTINA,2023,ISLAMOFOBIA,Femenino,0
ARGENTINA,2023,ISLAMOFOBIA,Masculino,0
ARMENIA,2023,ISLAMOFOBIA,Ambos sexos,0
ARMENIA,2023,ISLAMOFOBIA,Femenino,0
ARMENIA,2023,ISLAMOFOBIA,Masculino,0
BANGLADESH,2023,ISLAMOFOBIA,Ambos sexos,0
BANGLADESH,2023,ISLAMOFOBIA,Femenino,0
BANGLADESH,2023,ISLAMOFOBIA,Masculino,0
BIELORRUSIA,2023,ISLAMOFOBIA,Ambos sexos,0
BIELORRUSIA,2023,ISLAMOFOBIA,Femenino,0
BIELORRUSIA,2023,ISLAMOFOBIA,Masculino,0
BOLIVIA,2023,ISLAMOFOBIA,Ambos sexos,0
BOLIVIA,2023,ISLAMOFOBIA,Femenino,0
BOLIVIA,2023,ISLAMOFOBIA,Masculino,0
BRASIL,2023,ISLAMOFOBIA,Ambos sexos,0
BRASIL,2023,ISLAMOFOBIA,Femenino,0
BRASIL,2023,ISLAMOFOBIA,Masculino,0
BULGARIA,2023,ISLAMOFOBIA,Ambos sexos,0
BULGARIA,2023,ISLAMOFOBIA,Femenino,0
BULGARIA,2023,ISLAMOFOBIA,Masculino,0
BÉLGICA,2023,ISLAMOFOBIA,Ambos sexos,0
BÉLGICA,2023,ISLAMOFOBIA,Femenino,0
BÉLGICA,2023,ISLAMOFOBIA,Masculino,0
CAMERÚN,2023,ISLAMOFOBIA,Ambos sexos,0
CAMERÚN,2023,ISLAMOFOBIA,Femenino,0
CAMERÚN,2023,ISLAMOFOBIA,Masculino,0
CENTRO ÁFRICANA REPÚBLICA,2023,ISLAMOFOBIA,Ambos sexos,0
CENTRO ÁFRICANA REPÚBLICA,2023,ISLAMOFOBIA,Femenino,0
CENTRO ÁFRICANA REPÚBLICA,2023,ISLAMOFOBIA,Masculino,0
CHILE,2023,ISLAMOFOBIA,Ambos sexos,0
CHILE,2023,ISLAMOFOBIA,Femenino,0
CHILE,2023,ISLAMOFOBIA,Masculino,0
CHINA POPULAR,2023,ISLAMOFOBIA,Ambos sexos,0
CHINA POPULAR,2023,ISLAMOFOBIA,Femenino,0
CHINA POPULAR,2023,ISLAMOFOBIA,Masculino,0
COLOMBIA,2023,ISLAMOFOBIA,Ambos sexos,0
COLOMBIA,2023,ISLAMOFOBIA,Femenino,0
COLOMBIA,2023,ISLAMOFOBIA,Masculino,0
CONGO-BRAZZAVILLE,2023,ISLAMOFOBIA,Ambos sexos,0
CONGO-BRAZZAVILLE,2023,ISLAMOFOBIA,Femenino,0
CONGO-BRAZZAVILLE,2023,ISLAMOFOBIA,Masculino,0
COSTA DE MARFIL,2023,ISLAMOFOBIA,Ambos sexos,0
COSTA DE MARFIL,2023,ISLAMOFOBIA,Femenino,0
COSTA DE MARFIL,2023,ISLAMOFOBIA,Masculino,0
CROACIA,2023,ISLAMOFOBIA,Ambos sexos,0
CROACIA,2023,ISLAMOFOBIA,Femenino,0
CROACIA,2023,ISLAMOFOBIA,Masculino,0
CUBA,2023,ISLAMOFOBIA,Ambos sexos,0
CUBA,2023,ISLAMOFOBIA,Femenino,0
CUBA,2023,ISLAMOFOBIA,Masculino,0
ECUADOR,2023,ISLAMOFOBIA,Ambos sexos,0
ECUADOR,2023,ISLAMOFOBIA,Femenino,0
ECUADOR,2023,ISLAMOFOBIA,Masculino,0
EE.UU.,2023,ISLAMOFOBIA,Ambos sexos,0
EE.UU.,2023,ISLAMOFOBIA,Femenino,0
EE.UU.,2023,ISLAMOFOBIA,Masculino,0
EGIPTO,2023,ISLAMOFOBIA,Ambos sexos,0
EGIPTO,2023,ISLAMOFOBIA,Femenino,0
EGIPTO,2023,ISLAMOFOBIA,Masculino,0
EL SALVADOR,2023,ISLAMOFOBIA,Ambos sexos,0
EL SALVADOR,2023,ISLAMOFOBIA,Femenino,0
EL SALVADOR,2023,ISLAMOFOBIA,Masculino,0
ERITREA,2023,ISLAMOFOBIA,Ambos sexos,0
ERITREA,2023,ISLAMOFOBIA,Femenino,0
ERITREA,2023,ISLAMOFOBIA,Masculino,0
ESLOVAQUIA,2023,ISLAMOFOBIA,Ambos sexos,0
ESLOVAQUIA,2023,ISLAMOFOBIA,Femenino,0
ESLOVAQUIA,2023,ISLAMOFOBIA,Masculino,0
ESPAÑA,2023,ISLAMOFOBIA,Ambos sexos,0
ESPAÑA,2023,ISLAMOFOBIA,Femenino,0
ESPAÑA,2023,ISLAMOFOBIA,Masculino,0
ESTONIA,2023,ISLAMOFOBIA,Ambos sexos,0
ESTONIA,2023,ISLAMOFOBIA,Femenino,0
ESTONIA,2023,ISLAMOFOBIA,Masculino,0
FILIPINAS,2023,ISLAMOFOBIA,Ambos sexos,0
FILIPINAS,2023,ISLAMOFOBIA,Femenino,0
FILIPINAS,2023,ISLAMOFOBIA,Masculino,0
FRANCIA,2023,ISLAMOFOBIA,Ambos sexos,0
FRANCIA,2023,ISLAMOFOBIA,Femenino,0
FRANCIA,2023,ISLAMOFOBIA,Masculino,0
GAMBIA,2023,ISLAMOFOBIA,Ambos sexos,0
GAMBIA,2023,ISLAMOFOBIA,Femenino,0
GAMBIA,2023,ISLAMOFOBIA,Masculino,0
GEORGIA,2023,ISLAMOFOBIA,Ambos sexos,0
GEORGIA,2023,ISLAMOFOBIA,Femenino,0
GEORGIA,2023,ISLAMOFOBIA,Masculino,0
GHANA,2023,ISLAMOFOBIA,Ambos sexos,0
GHANA,2023,ISLAMOFOBIA,Femenino,0
GHANA,2023,ISLAMOFOBIA,Masculino,0
GRECIA,2023,ISLAMOFOBIA,Ambos sexos,0
GRECIA,2023,ISLAMOFOBIA,Femenino,0
GRECIA,2023,ISLAMOFOBIA,Masculino,0
GUATEMALA,2023,ISLAMOFOBIA,Ambos sexos,0
GUATEMALA,2023,ISLAMOFOBIA,Femenino,0
GUATEMALA,2023,ISLAMOFOBIA,Masculino,0
GUINEA ECUATORIAL,2023,ISLAMOFOBIA,Ambos sexos,0
GUINEA ECUATORIAL,2023,ISLAMOFOBIA,Femenino,0
GUINEA ECUATORIAL,2023,ISLAMOFOBIA,Masculino,0
GUINEA REP.,2023,ISLAMOFOBIA,Ambos sexos,0
GUINEA REP.,2023,ISLAMOFOBIA,Femenino,0
GUINEA REP.,2023,ISLAMOFOBIA,Masculino,0
HAITI,2023,ISLAMOFOBIA,Ambos sexos,0
HAITI,2023,ISLAMOFOBIA,Femenino,0
HAITI,2023,ISLAMOFOBIA,Masculino,0
HOLANDA,2023,ISLAMOFOBIA,Ambos sexos,0
HOLANDA,2023,ISLAMOFOBIA,Femenino,0
HOLANDA,2023,ISLAMOFOBIA,Masculino,0
HONDURAS,2023,ISLAMOFOBIA,Ambos sexos,0
HONDURAS,2023,ISLAMOFOBIA,Femenino,0
HONDURAS,2023,ISLAMOFOBIA,Masculino,0
INDIA,2023,ISLAMOFOBIA,Ambos sexos,0
INDIA,2023,ISLAMOFOBIA,Femenino,0
INDIA,2023,ISLAMOFOBIA,Masculino,0
IRLANDA,2023,ISLAMOFOBIA,Ambos sexos,0
IRLANDA,2023,ISLAMOFOBIA,Femenino,0
IRLANDA,2023,ISLAMOFOBIA,Masculino,0
IRÁN,2023,ISLAMOFOBIA,Ambos sexos,0
IRÁN,2023,ISLAMOFOBIA,Femenino,0
IRÁN,2023,ISLAMOFOBIA,Masculino,0
ISRAEL,2023,ISLAMOFOBIA,Ambos sexos,0
ISRAEL,2023,ISLAMOFOBIA,Femenino,0
ISRAEL,2023,ISLAMOFOBIA,Masculino,0
ITALIA,2023,ISLAMOFOBIA,Ambos sexos,0
ITALIA,2023,ISLAMOFOBIA,Femenino,0
ITALIA,2023,ISLAMOFOBIA,Masculino,0
LETONIA,2023,ISLAMOFOBIA,Ambos sexos,0
LETONIA,2023,ISLAMOFOBIA,Femenino,0
LETONIA,2023,ISLAMOFOBIA,Masculino,0
LIBERIA,2023,ISLAMOFOBIA,Ambos sexos,0
LIBERIA,2023,ISLAMOFOBIA,Femenino,0
LIBERIA,2023,ISLAMOFOBIA,Masculino,0
LIBIA,2023,ISLAMOFOBIA,Ambos sexos,0
LIBIA,2023,ISLAMOFOBIA,Femenino,0
LIBIA,2023,ISLAMOFOBIA,Masculino,0
LITUANIA,2023,ISLAMOFOBIA,Ambos sexos,0
LITUANIA,2023,ISLAMOFOBIA,Femenino,0
LITUANIA,2023,ISLAMOFOBIA,Masculino,0
LÍBANO,2023,ISLAMOFOBIA,Ambos sexos,0
LÍBANO,2023,ISLAMOFOBIA,Femenino,0
LÍBANO,2023,ISLAMOFOBIA,Masculino,0
MALI,2023,ISLAMOFOBIA,Ambos sexos,0
MALI,2023,ISLAMOFOBIA,Femenino,0
MALI,2023,ISLAMOFOBIA,Masculino,0
MARRUECOS,2023,ISLAMOFOBIA,Ambos sexos,0
MARRUECOS,2023,ISLAMOFOBIA,Femenino,0
MARRUECOS,2023,ISLAMOFOBIA,Masculino,0
MAURITANIA,2023,ISLAMOFOBIA,Ambos sexos,0
MAURITANIA,2023,ISLAMOFOBIA,Femenino,0
MAURITANIA,2023,ISLAMOFOBIA,Masculino,0
MOLDAVIA,2023,ISLAMOFOBIA,Ambos sexos,0
MOLDAVIA,2023,ISLAMOFOBIA,Femenino,0
MOLDAVIA,2023,ISLAMOFOBIA,Masculino,0
MONGOLIA,2023,ISLAMOFOBIA,Ambos sexos,0
MONGOLIA,2023,ISLAMOFOBIA,Femenino,0
MONGOLIA,2023,ISLAMOFOBIA,Masculino,0
NEPAL,2023,ISLAMOFOBIA,Ambos sexos,0
NEPAL,2023,ISLAMOFOBIA,Femenino,0
NEPAL,2023,ISLAMOFOBIA,Masculino,0
NICARAGUA,2023,ISLAMOFOBIA,Ambos sexos,0
NICARAGUA,2023,ISLAMOFOBIA,Femenino,0
NICARAGUA,2023,ISLAMOFOBIA,Masculino,0
NIGERIA,2023,ISLAMOFOBIA,Ambos sexos,0
NIGERIA,2023,ISLAMOFOBIA,Femenino,0
NIGERIA,2023,ISLAMOFOBIA,Masculino,0
NÍGER REP.,2023,ISLAMOFOBIA,Ambos sexos,0
NÍGER REP.,2023,ISLAMOFOBIA,Femenino,0
NÍGER REP.,2023,ISLAMOFOBIA,Masculino,0
PANAMA,2023,ISLAMOFOBIA,Ambos sexos,0
PANAMA,2023,ISLAMOFOBIA,Femenino,0
PANAMA,2023,ISLAMOFOBIA,Masculino,0
PAQUISTÁN,2023,ISLAMOFOBIA,Ambos sexos,0
PAQUISTÁN,2023,ISLAMOFOBIA,Femenino,0
PAQUISTÁN,2023,ISLAMOFOBIA,Masculino,0
PARAGUAY,2023,ISLAMOFOBIA,Ambos sexos,0
PARAGUAY,2023,ISLAMOFOBIA,Femenino,0
PARAGUAY,2023,ISLAMOFOBIA,Masculino,0
PAÍS DESCONOCIDO,2023,ISLAMOFOBIA,Ambos sexos,0
PAÍS DESCONOCIDO,2023,ISLAMOFOBIA,Femenino,0
PAÍS DESCONOCIDO,2023,ISLAMOFOBIA,Masculino,0
PAÍS NO CODIFICADO,2023,ISLAMOFOBIA,Ambos sexos,0
PAÍS NO CODIFICADO,2023,ISLAMOFOBIA,Femenino,0
PAÍS NO CODIFICADO,2023,ISLAMOFOBIA,Masculino,0
PERÚ,2023,ISLAMOFOBIA,Ambos sexos,0
PERÚ,2023,ISLAMOFOBIA,Femenino,0
PERÚ,2023,ISLAMOFOBIA,Masculino,0
POLONIA,2023,ISLAMOFOBIA,Ambos sexos,0
POLONIA,2023,ISLAMOFOBIA,Femenino,0
POLONIA,2023,ISLAMOFOBIA,Masculino,0
PORTUGAL,2023,ISLAMOFOBIA,Ambos sexos,0
PORTUGAL,2023,ISLAMOFOBIA,Femenino,0
PORTUGAL,2023,ISLAMOFOBIA,Masculino,0
REINO UNIDO,2023,ISLAMOFOBIA,Ambos sexos,0
REINO UNIDO,2023,ISLAMOFOBIA,Femenino,0
REINO UNIDO,2023,ISLAMOFOBIA,Masculino,0
REPÚBLICA CHECA,2023,ISLAMOFOBIA,Ambos sexos,0
REPÚBLICA CHECA,2023,ISLAMOFOBIA,Femenino,0
REPÚBLICA CHECA,2023,ISLAMOFOBIA,Masculino,0
REPÚBLICA DOMINICANA,2023,ISLAMOFOBIA,Ambos sexos,0
REPÚBLICA DOMINICANA,2023,ISLAMOFOBIA,Femenino,0
REPÚBLICA DOMINICANA,2023,ISLAMOFOBIA,Masculino,0
RUMANÍA,2023,ISLAMOFOBIA,Ambos sexos,0
RUMANÍA,2023,ISLAMOFOBIA,Femenino,0
RUMANÍA,2023,ISLAMOFOBIA,Masculino,0
RUSIA,2023,ISLAMOFOBIA,Ambos sexos,0
RUSIA,2023,ISLAMOFOBIA,Femenino,0
RUSIA,2023,ISLAMOFOBIA,Masculino,0
SENEGAL,2023,ISLAMOFOBIA,Ambos sexos,0
SENEGAL,2023,ISLAMOFOBIA,Femenino,0
SENEGAL,2023,ISLAMOFOBIA,Masculino,0
SERBIA (YUGOSLAVIA),2023,ISLAMOFOBIA,Ambos sexos,0
SERBIA (YUGOSLAVIA),2023,ISLAMOFOBIA,Femenino,0
SERBIA (YUGOSLAVIA),2023,ISLAMOFOBIA,Masculino,0
SIERRA LEONA,2023,ISLAMOFOBIA,Ambos sexos,0
SIERRA LEONA,2023,ISLAMOFOBIA,Femenino,0
SIERRA LEONA,2023,ISLAMOFOBIA,Masculino,0
SIRIA,2023,ISLAMOFOBIA,Ambos sexos,0
SIRIA,2023,ISLAMOFOBIA,Femenino,0
SIRIA,2023,ISLAMOFOBIA,Masculino,0
SUDÁFRICA R.,2023,ISLAMOFOBIA,Ambos sexos,0
SUDÁFRICA R.,2023,ISLAMOFOBIA,Femenino,0
SUDÁFRICA R.,2023,ISLAMOFOBIA,Masculino,0
SUECIA,2023,ISLAMOFOBIA,Ambos sexos,0
SUECIA,2023,ISLAMOFOBIA,Femenino,0
SUECIA,2023,ISLAMOFOBIA,Masculino,0
SUIZA,2023,ISLAMOFOBIA,Ambos sexos,0
SUIZA,2023,ISLAMOFOBIA,Femenino,0
SUIZA,2023,ISLAMOFOBIA,Masculino,0
TOTAL nacionalidad,2023,ISLAMOFOBIA,Ambos sexos,0
TOTAL nacionalidad,2023,ISLAMOFOBIA,Femenino,0
TOTAL nacionalidad,2023,ISLAMOFOBIA,Masculino,0
TURQUÍA,2023,ISLAMOFOBIA,Ambos sexos,0
TURQUÍA,2023,ISLAMOFOBIA,Femenino,0
TURQUÍA,2023,ISLAMOFOBIA,Masculino,0
TÚNEZ,2023,ISLAMOFOBIA,Ambos sexos,0
TÚNEZ,2023,ISLAMOFOBIA,Femenino,0
TÚNEZ,2023,ISLAMOFOBIA,Masculino,0
UCRANIA,2023,ISLAMOFOBIA,Ambos sexos,0
UCRANIA,2023,ISLAMOFOBIA,Femenino,0
UCRANIA,2023,ISLAMOFOBIA,Masculino,0
URUGUAY,2023,ISLAMOFOBIA,Ambos sexos,0
URUGUAY,2023,ISLAMOFOBIA,Femenino,0
URUGUAY,2023,ISLAMOFOBIA,Masculino,0
VENEZUELA,2023,ISLAMOFOBIA,Ambos sexos,0
VENEZUELA,2023,ISLAMOFOBIA,Femenino,0
VENEZUELA,2023,ISLAMOFOBIA,Masculino,0
ZAMBIA,2023,ISLAMOFOBIA,Ambos sexos,0
ZAMBIA,2023,ISLAMOFOBIA,Femenino,0
ZAMBIA,2023,ISLAMOFOBIA,Masculino,0
ALBANIA,2023,ORIENTACIÓN SEXUAL E IDENTIDAD DE GÉNERO,Ambos sexos,0
ALBANIA,2023,ORIENTACIÓN SEXUAL E IDENTIDAD DE GÉNERO,Femenino,0
ALBANIA,2023,ORIENTACIÓN SEXUAL E IDENTIDAD DE GÉNERO,Masculino,0
ALEMANIA,2023,ORIENTACIÓN SEXUAL E IDENTIDAD DE GÉNERO,Ambos sexos,0
ALEMANIA,2023,ORIENTACIÓN SEXUAL E IDENTIDAD DE GÉNERO,Femenino,0
ALEMANIA,2023,ORIENTACIÓN SEXUAL E IDENTIDAD DE GÉNERO,Masculino,0
ANDORRA,2023,ORIENTACIÓN SEXUAL E IDENTIDAD DE GÉNERO,Ambos sexos,1
ANDORRA,2023,ORIENTACIÓN SEXUAL E IDENTIDAD DE GÉNERO,Femenino,1
ANDORRA,2023,ORIENTACIÓN SEXUAL E IDENTIDAD DE GÉNERO,Masculino,0
ANGOLA,2023,ORIENTACIÓN SEXUAL E IDENTIDAD DE GÉNERO,Ambos sexos,0
ANGOLA,2023,ORIENTACIÓN SEXUAL E IDENTIDAD DE GÉNERO,Femenino,0
ANGOLA,2023,ORIENTACIÓN SEXUAL E IDENTIDAD DE GÉNERO,Masculino,0
ARGELIA,2023,ORIENTACIÓN SEXUAL E IDENTIDAD DE GÉNERO,Ambos sexos,6
ARGELIA,2023,ORIENTACIÓN SEXUAL E IDENTIDAD DE GÉNERO,Femenino,0
ARGELIA,2023,ORIENTACIÓN SEXUAL E IDENTIDAD DE GÉNERO,Masculino,6
ARGENTINA,2023,ORIENTACIÓN SEXUAL E IDENTIDAD DE GÉNERO,Ambos sexos,0
ARGENTINA,2023,ORIENTACIÓN SEXUAL E IDENTIDAD DE GÉNERO,Femenino,0
ARGENTINA,2023,ORIENTACIÓN SEXUAL E IDENTIDAD DE GÉNERO,Masculino,0
ARMENIA,2023,ORIENTACIÓN SEXUAL E IDENTIDAD DE GÉNERO,Ambos sexos,1
ARMENIA,2023,ORIENTACIÓN SEXUAL E IDENTIDAD DE GÉNERO,Femenino,0
ARMENIA,2023,ORIENTACIÓN SEXUAL E IDENTIDAD DE GÉNERO,Masculino,1
BANGLADESH,2023,ORIENTACIÓN SEXUAL E IDENTIDAD DE GÉNERO,Ambos sexos,0
BANGLADESH,2023,ORIENTACIÓN SEXUAL E IDENTIDAD DE GÉNERO,Femenino,0
BANGLADESH,2023,ORIENTACIÓN SEXUAL E IDENTIDAD DE GÉNERO,Masculino,0
BIELORRUSIA,2023,ORIENTACIÓN SEXUAL E IDENTIDAD DE GÉNERO,Ambos sexos,0
BIELORRUSIA,2023,ORIENTACIÓN SEXUAL E IDENTIDAD DE GÉNERO,Femenino,0
BIELORRUSIA,2023,ORIENTACIÓN SEXUAL E IDENTIDAD DE GÉNERO,Masculino,0
BOLIVIA,2023,ORIENTACIÓN SEXUAL E IDENTIDAD DE GÉNERO,Ambos sexos,1
BOLIVIA,2023,ORIENTACIÓN SEXUAL E IDENTIDAD DE GÉNERO,Femenino,1
BOLIVIA,2023,ORIENTACIÓN SEXUAL E IDENTIDAD DE GÉNERO,Masculino,0
BRASIL,2023,ORIENTACIÓN SEXUAL E IDENTIDAD DE GÉNERO,Ambos sexos,0
BRASIL,2023,ORIENTACIÓN SEXUAL E IDENTIDAD DE GÉNERO,Femenino,0
BRASIL,2023,ORIENTACIÓN SEXUAL E IDENTIDAD DE GÉNERO,Masculino,0
BULGARIA,2023,ORIENTACIÓN SEXUAL E IDENTIDAD DE GÉNERO,Ambos sexos,2
BULGARIA,2023,ORIENTACIÓN SEXUAL E IDENTIDAD DE GÉNERO,Femenino,1
BULGARIA,2023,ORIENTACIÓN SEXUAL E IDENTIDAD DE GÉNERO,Masculino,1
BÉLGICA,2023,ORIENTACIÓN SEXUAL E IDENTIDAD DE GÉNERO,Ambos sexos,0
BÉLGICA,2023,ORIENTACIÓN SEXUAL E IDENTIDAD DE GÉNERO,Femenino,0
BÉLGICA,2023,ORIENTACIÓN SEXUAL E IDENTIDAD DE GÉNERO,Masculino,0
CAMERÚN,2023,ORIENTACIÓN SEXUAL E IDENTIDAD DE GÉNERO,Ambos sexos,0
CAMERÚN,2023,ORIENTACIÓN SEXUAL E IDENTIDAD DE GÉNERO,Femenino,0
CAMERÚN,2023,ORIENTACIÓN SEXUAL E IDENTIDAD DE GÉNERO,Masculino,0
CENTRO ÁFRICANA REPÚBLICA,2023,ORIENTACIÓN SEXUAL E IDENTIDAD DE GÉNERO,Ambos sexos,0
CENTRO ÁFRICANA REPÚBLICA,2023,ORIENTACIÓN SEXUAL E IDENTIDAD DE GÉNERO,Femenino,0
CENTRO ÁFRICANA REPÚBLICA,2023,ORIENTACIÓN SEXUAL E IDENTIDAD DE GÉNERO,Masculino,0
CHILE,2023,ORIENTACIÓN SEXUAL E IDENTIDAD DE GÉNERO,Ambos sexos,0
CHILE,2023,ORIENTACIÓN SEXUAL E IDENTIDAD DE GÉNERO,Femenino,0
CHILE,2023,ORIENTACIÓN SEXUAL E IDENTIDAD DE GÉNERO,Masculino,0
CHINA POPULAR,2023,ORIENTACIÓN SEXUAL E IDENTIDAD DE GÉNERO,Ambos sexos,0
CHINA POPULAR,2023,ORIENTACIÓN SEXUAL E IDENTIDAD DE GÉNERO,Femenino,0
CHINA POPULAR,2023,ORIENTACIÓN SEXUAL E IDENTIDAD DE GÉNERO,Masculino,0
COLOMBIA,2023,ORIENTACIÓN SEXUAL E IDENTIDAD DE GÉNERO,Ambos sexos,5
COLOMBIA,2023,ORIENTACIÓN SEXUAL E IDENTIDAD DE GÉNERO,Femenino,0
COLOMBIA,2023,ORIENTACIÓN SEXUAL E IDENTIDAD DE GÉNERO,Masculino,5
CONGO-BRAZZAVILLE,2023,ORIENTACIÓN SEXUAL E IDENTIDAD DE GÉNERO,Ambos sexos,0
CONGO-BRAZZAVILLE,2023,ORIENTACIÓN SEXUAL E IDENTIDAD DE GÉNERO,Femenino,0
CONGO-BRAZZAVILLE,2023,ORIENTACIÓN SEXUAL E IDENTIDAD DE GÉNERO,Masculino,0
COSTA DE MARFIL,2023,ORIENTACIÓN SEXUAL E IDENTIDAD DE GÉNERO,Ambos sexos,0
COSTA DE MARFIL,2023,ORIENTACIÓN SEXUAL E IDENTIDAD DE GÉNERO,Femenino,0
COSTA DE MARFIL,2023,ORIENTACIÓN SEXUAL E IDENTIDAD DE GÉNERO,Masculino,0
CROACIA,2023,ORIENTACIÓN SEXUAL E IDENTIDAD DE GÉNERO,Ambos sexos,0
CROACIA,2023,ORIENTACIÓN SEXUAL E IDENTIDAD DE GÉNERO,Femenino,0
CROACIA,2023,ORIENTACIÓN SEXUAL E IDENTIDAD DE GÉNERO,Masculino,0
CUBA,2023,ORIENTACIÓN SEXUAL E IDENTIDAD DE GÉNERO,Ambos sexos,1
CUBA,2023,ORIENTACIÓN SEXUAL E IDENTIDAD DE GÉNERO,Femenino,0
CUBA,2023,ORIENTACIÓN SEXUAL E IDENTIDAD DE GÉNERO,Masculino,1
ECUADOR,2023,ORIENTACIÓN SEXUAL E IDENTIDAD DE GÉNERO,Ambos sexos,3
ECUADOR,2023,ORIENTACIÓN SEXUAL E IDENTIDAD DE GÉNERO,Femenino,0
ECUADOR,2023,ORIENTACIÓN SEXUAL E IDENTIDAD DE GÉNERO,Masculino,3
EE.UU.,2023,ORIENTACIÓN SEXUAL E IDENTIDAD DE GÉNERO,Ambos sexos,1
EE.UU.,2023,ORIENTACIÓN SEXUAL E IDENTIDAD DE GÉNERO,Femenino,0
EE.UU.,2023,ORIENTACIÓN SEXUAL E IDENTIDAD DE GÉNERO,Masculino,1
EGIPTO,2023,ORIENTACIÓN SEXUAL E IDENTIDAD DE GÉNERO,Ambos sexos,0
EGIPTO,2023,ORIENTACIÓN SEXUAL E IDENTIDAD DE GÉNERO,Femenino,0
EGIPTO,2023,ORIENTACIÓN SEXUAL E IDENTIDAD DE GÉNERO,Masculino,0
EL SALVADOR,2023,ORIENTACIÓN SEXUAL E IDENTIDAD DE GÉNERO,Ambos sexos,0
EL SALVADOR,2023,ORIENTACIÓN SEXUAL E IDENTIDAD DE GÉNERO,Femenino,0
EL SALVADOR,2023,ORIENTACIÓN SEXUAL E IDENTIDAD DE GÉNERO,Masculino,0
ERITREA,2023,ORIENTACIÓN SEXUAL E IDENTIDAD DE GÉNERO,Ambos sexos,0
ERITREA,2023,ORIENTACIÓN SEXUAL E IDENTIDAD DE GÉNERO,Femenino,0
ERITREA,2023,ORIENTACIÓN SEXUAL E IDENTIDAD DE GÉNERO,Masculino,0
ESLOVAQUIA,2023,ORIENTACIÓN SEXUAL E IDENTIDAD DE GÉNERO,Ambos sexos,0
ESLOVAQUIA,2023,ORIENTACIÓN SEXUAL E IDENTIDAD DE GÉNERO,Femenino,0
ESLOVAQUIA,2023,ORIENTACIÓN SEXUAL E IDENTIDAD DE GÉNERO,Masculino,0
ESPAÑA,2023,ORIENTACIÓN SEXUAL E IDENTIDAD DE GÉNERO,Ambos sexos,194
ESPAÑA,2023,ORIENTACIÓN SEXUAL E IDENTIDAD DE GÉNERO,Femenino,28
ESPAÑA,2023,ORIENTACIÓN SEXUAL E IDENTIDAD DE GÉNERO,Masculino,166
ESTONIA,2023,ORIENTACIÓN SEXUAL E IDENTIDAD DE GÉNERO,Ambos sexos,0
ESTONIA,2023,ORIENTACIÓN SEXUAL E IDENTIDAD DE GÉNERO,Femenino,0
ESTONIA,2023,ORIENTACIÓN SEXUAL E IDENTIDAD DE GÉNERO,Masculino,0
FILIPINAS,2023,ORIENTACIÓN SEXUAL E IDENTIDAD DE GÉNERO,Ambos sexos,1
FILIPINAS,2023,ORIENTACIÓN SEXUAL E IDENTIDAD DE GÉNERO,Femenino,1
FILIPINAS,2023,ORIENTACIÓN SEXUAL E IDENTIDAD DE GÉNERO,Masculino,0
FRANCIA,2023,ORIENTACIÓN SEXUAL E IDENTIDAD DE GÉNERO,Ambos sexos,1
FRANCIA,2023,ORIENTACIÓN SEXUAL E IDENTIDAD DE GÉNERO,Femenino,0
FRANCIA,2023,ORIENTACIÓN SEXUAL E IDENTIDAD DE GÉNERO,Masculino,1
GAMBIA,2023,ORIENTACIÓN SEXUAL E IDENTIDAD DE GÉNERO,Ambos sexos,3
GAMBIA,2023,ORIENTACIÓN SEXUAL E IDENTIDAD DE GÉNERO,Femenino,2
GAMBIA,2023,ORIENTACIÓN SEXUAL E IDENTIDAD DE GÉNERO,Masculino,1
GEORGIA,2023,ORIENTACIÓN SEXUAL E IDENTIDAD DE GÉNERO,Ambos sexos,0
GEORGIA,2023,ORIENTACIÓN SEXUAL E IDENTIDAD DE GÉNERO,Femenino,0
GEORGIA,2023,ORIENTACIÓN SEXUAL E IDENTIDAD DE GÉNERO,Masculino,0
GHANA,2023,ORIENTACIÓN SEXUAL E IDENTIDAD DE GÉNERO,Ambos sexos,0
GHANA,2023,ORIENTACIÓN SEXUAL E IDENTIDAD DE GÉNERO,Femenino,0
GHANA,2023,ORIENTACIÓN SEXUAL E IDENTIDAD DE GÉNERO,Masculino,0
GRECIA,2023,ORIENTACIÓN SEXUAL E IDENTIDAD DE GÉNERO,Ambos sexos,0
GRECIA,2023,ORIENTACIÓN SEXUAL E IDENTIDAD DE GÉNERO,Femenino,0
GRECIA,2023,ORIENTACIÓN SEXUAL E IDENTIDAD DE GÉNERO,Masculino,0
GUATEMALA,2023,ORIENTACIÓN SEXUAL E IDENTIDAD DE GÉNERO,Ambos sexos,1
GUATEMALA,2023,ORIENTACIÓN SEXUAL E IDENTIDAD DE GÉNERO,Femenino,1
GUATEMALA,2023,ORIENTACIÓN SEXUAL E IDENTIDAD DE GÉNERO,Masculino,0
GUINEA ECUATORIAL,2023,ORIENTACIÓN SEXUAL E IDENTIDAD DE GÉNERO,Ambos sexos,0
GUINEA ECUATORIAL,2023,ORIENTACIÓN SEXUAL E IDENTIDAD DE GÉNERO,Femenino,0
GUINEA ECUATORIAL,2023,ORIENTACIÓN SEXUAL E IDENTIDAD DE GÉNERO,Masculino,0
GUINEA REP.,2023,ORIENTACIÓN SEXUAL E IDENTIDAD DE GÉNERO,Ambos sexos,2
GUINEA REP.,2023,ORIENTACIÓN SEXUAL E IDENTIDAD DE GÉNERO,Femenino,0
GUINEA REP.,2023,ORIENTACIÓN SEXUAL E IDENTIDAD DE GÉNERO,Masculino,2
HAITI,2023,ORIENTACIÓN SEXUAL E IDENTIDAD DE GÉNERO,Ambos sexos,0
HAITI,2023,ORIENTACIÓN SEXUAL E IDENTIDAD DE GÉNERO,Femenino,0
HAITI,2023,ORIENTACIÓN SEXUAL E IDENTIDAD DE GÉNERO,Masculino,0
HOLANDA,2023,ORIENTACIÓN SEXUAL E IDENTIDAD DE GÉNERO,Ambos sexos,0
HOLANDA,2023,ORIENTACIÓN SEXUAL E IDENTIDAD DE GÉNERO,Femenino,0
HOLANDA,2023,ORIENTACIÓN SEXUAL E IDENTIDAD DE GÉNERO,Masculino,0
HONDURAS,2023,ORIENTACIÓN SEXUAL E IDENTIDAD DE GÉNERO,Ambos sexos,0
HONDURAS,2023,ORIENTACIÓN SEXUAL E IDENTIDAD DE GÉNERO,Femenino,0
HONDURAS,2023,ORIENTACIÓN SEXUAL E IDENTIDAD DE GÉNERO,Masculino,0
INDIA,2023,ORIENTACIÓN SEXUAL E IDENTIDAD DE GÉNERO,Ambos sexos,0
INDIA,2023,ORIENTACIÓN SEXUAL E IDENTIDAD DE GÉNERO,Femenino,0
INDIA,2023,ORIENTACIÓN SEXUAL E IDENTIDAD DE GÉNERO,Masculino,0
IRLANDA,2023,ORIENTACIÓN SEXUAL E IDENTIDAD DE GÉNERO,Ambos sexos,0
IRLANDA,2023,ORIENTACIÓN SEXUAL E IDENTIDAD DE GÉNERO,Femenino,0
IRLANDA,2023,ORIENTACIÓN SEXUAL E IDENTIDAD DE GÉNERO,Masculino,0
IRÁN,2023,ORIENTACIÓN SEXUAL E IDENTIDAD DE GÉNERO,Ambos sexos,0
IRÁN,2023,ORIENTACIÓN SEXUAL E IDENTIDAD DE GÉNERO,Femenino,0
IRÁN,2023,ORIENTACIÓN SEXUAL E IDENTIDAD DE GÉNERO,Masculino,0
ISRAEL,2023,ORIENTACIÓN SEXUAL E IDENTIDAD DE GÉNERO,Ambos sexos,0
ISRAEL,2023,ORIENTACIÓN SEXUAL E IDENTIDAD DE GÉNERO,Femenino,0
ISRAEL,2023,ORIENTACIÓN SEXUAL E IDENTIDAD DE GÉNERO,Masculino,0
ITALIA,2023,ORIENTACIÓN SEXUAL E IDENTIDAD DE GÉNERO,Ambos sexos,0
ITALIA,2023,ORIENTACIÓN SEXUAL E IDENTIDAD DE GÉNERO,Femenino,0
ITALIA,2023,ORIENTACIÓN SEXUAL E IDENTIDAD DE GÉNERO,Masculino,0
LETONIA,2023,ORIENTACIÓN SEXUAL E IDENTIDAD DE GÉNERO,Ambos sexos,0
LETONIA,2023,ORIENTACIÓN SEXUAL E IDENTIDAD DE GÉNERO,Femenino,0
LETONIA,2023,ORIENTACIÓN SEXUAL E IDENTIDAD DE GÉNERO,Masculino,0
LIBERIA,2023,ORIENTACIÓN SEXUAL E IDENTIDAD DE GÉNERO,Ambos sexos,0
LIBERIA,2023,ORIENTACIÓN SEXUAL E IDENTIDAD DE GÉNERO,Femenino,0
LIBERIA,2023,ORIENTACIÓN SEXUAL E IDENTIDAD DE GÉNERO,Masculino,0
LIBIA,2023,ORIENTACIÓN SEXUAL E IDENTIDAD DE GÉNERO,Ambos sexos,0
LIBIA,2023,ORIENTACIÓN SEXUAL E IDENTIDAD DE GÉNERO,Femenino,0
LIBIA,2023,ORIENTACIÓN SEXUAL E IDENTIDAD DE GÉNERO,Masculino,0
LITUANIA,2023,ORIENTACIÓN SEXUAL E IDENTIDAD DE GÉNERO,Ambos sexos,0
LITUANIA,2023,ORIENTACIÓN SEXUAL E IDENTIDAD DE GÉNERO,Femenino,0
LITUANIA,2023,ORIENTACIÓN SEXUAL E IDENTIDAD DE GÉNERO,Masculino,0
LÍBANO,2023,ORIENTACIÓN SEXUAL E IDENTIDAD DE GÉNERO,Ambos sexos,0
LÍBANO,2023,ORIENTACIÓN SEXUAL E IDENTIDAD DE GÉNERO,Femenino,0
LÍBANO,2023,ORIENTACIÓN SEXUAL E IDENTIDAD DE GÉNERO,Masculino,0
MALI,2023,ORIENTACIÓN SEXUAL E IDENTIDAD DE GÉNERO,Ambos sexos,1
MALI,2023,ORIENTACIÓN SEXUAL E IDENTIDAD DE GÉNERO,Femenino,0
MALI,2023,ORIENTACIÓN SEXUAL E IDENTIDAD DE GÉNERO,Masculino,1
MARRUECOS,2023,ORIENTACIÓN SEXUAL E IDENTIDAD DE GÉNERO,Ambos sexos,22
MARRUECOS,2023,ORIENTACIÓN SEXUAL E IDENTIDAD DE GÉNERO,Femenino,5
MARRUECOS,2023,ORIENTACIÓN SEXUAL E IDENTIDAD DE GÉNERO,Masculino,17
MAURITANIA,2023,ORIENTACIÓN SEXUAL E IDENTIDAD DE GÉNERO,Ambos sexos,0
MAURITANIA,2023,ORIENTACIÓN SEXUAL E IDENTIDAD DE GÉNERO,Femenino,0
MAURITANIA,2023,ORIENTACIÓN SEXUAL E IDENTIDAD DE GÉNERO,Masculino,0
MOLDAVIA,2023,ORIENTACIÓN SEXUAL E IDENTIDAD DE GÉNERO,Ambos sexos,0
MOLDAVIA,2023,ORIENTACIÓN SEXUAL E IDENTIDAD DE GÉNERO,Femenino,0
MOLDAVIA,2023,ORIENTACIÓN SEXUAL E IDENTIDAD DE GÉNERO,Masculino,0
MONGOLIA,2023,ORIENTACIÓN SEXUAL E IDENTIDAD DE GÉNERO,Ambos sexos,0
MONGOLIA,2023,ORIENTACIÓN SEXUAL E IDENTIDAD DE GÉNERO,Femenino,0
MONGOLIA,2023,ORIENTACIÓN SEXUAL E IDENTIDAD DE GÉNERO,Masculino,0
NEPAL,2023,ORIENTACIÓN SEXUAL E IDENTIDAD DE GÉNERO,Ambos sexos,0
NEPAL,2023,ORIENTACIÓN SEXUAL E IDENTIDAD DE GÉNERO,Femenino,0
NEPAL,2023,ORIENTACIÓN SEXUAL E IDENTIDAD DE GÉNERO,Masculino,0
NICARAGUA,2023,ORIENTACIÓN SEXUAL E IDENTIDAD DE GÉNERO,Ambos sexos,1
NICARAGUA,2023,ORIENTACIÓN SEXUAL E IDENTIDAD DE GÉNERO,Femenino,0
NICARAGUA,2023,ORIENTACIÓN SEXUAL E IDENTIDAD DE GÉNERO,Masculino,1
NIGERIA,2023,ORIENTACIÓN SEXUAL E IDENTIDAD DE GÉNERO,Ambos sexos,0
NIGERIA,2023,ORIENTACIÓN SEXUAL E IDENTIDAD DE GÉNERO,Femenino,0
NIGERIA,2023,ORIENTACIÓN SEXUAL E IDENTIDAD DE GÉNERO,Masculino,0
NÍGER REP.,2023,ORIENTACIÓN SEXUAL E IDENTIDAD DE GÉNERO,Ambos sexos,0
NÍGER REP.,2023,ORIENTACIÓN SEXUAL E IDENTIDAD DE GÉNERO,Femenino,0
NÍGER REP.,2023,ORIENTACIÓN SEXUAL E IDENTIDAD DE GÉNERO,Masculino,0
PANAMA,2023,ORIENTACIÓN SEXUAL E IDENTIDAD DE GÉNERO,Ambos sexos,1
PANAMA,2023,ORIENTACIÓN SEXUAL E IDENTIDAD DE GÉNERO,Femenino,0
PANAMA,2023,ORIENTACIÓN SEXUAL E IDENTIDAD DE GÉNERO,Masculino,1
PAQUISTÁN,2023,ORIENTACIÓN SEXUAL E IDENTIDAD DE GÉNERO,Ambos sexos,0
PAQUISTÁN,2023,ORIENTACIÓN SEXUAL E IDENTIDAD DE GÉNERO,Femenino,0
PAQUISTÁN,2023,ORIENTACIÓN SEXUAL E IDENTIDAD DE GÉNERO,Masculino,0
PARAGUAY,2023,ORIENTACIÓN SEXUAL E IDENTIDAD DE GÉNERO,Ambos sexos,0
PARAGUAY,2023,ORIENTACIÓN SEXUAL E IDENTIDAD DE GÉNERO,Femenino,0
PARAGUAY,2023,ORIENTACIÓN SEXUAL E IDENTIDAD DE GÉNERO,Masculino,0
PAÍS DESCONOCIDO,2023,ORIENTACIÓN SEXUAL E IDENTIDAD DE GÉNERO,Ambos sexos,0
PAÍS DESCONOCIDO,2023,ORIENTACIÓN SEXUAL E IDENTIDAD DE GÉNERO,Femenino,0
PAÍS DESCONOCIDO,2023,ORIENTACIÓN SEXUAL E IDENTIDAD DE GÉNERO,Masculino,0
PAÍS NO CODIFICADO,2023,ORIENTACIÓN SEXUAL E IDENTIDAD DE GÉNERO,Ambos sexos,0
PAÍS NO CODIFICADO,2023,ORIENTACIÓN SEXUAL E IDENTIDAD DE GÉNERO,Femenino,0
PAÍS NO CODIFICADO,2023,ORIENTACIÓN SEXUAL E IDENTIDAD DE GÉNERO,Masculino,0
PERÚ,2023,ORIENTACIÓN SEXUAL E IDENTIDAD DE GÉNERO,Ambos sexos,3
PERÚ,2023,ORIENTACIÓN SEXUAL E IDENTIDAD DE GÉNERO,Femenino,1
PERÚ,2023,ORIENTACIÓN SEXUAL E IDENTIDAD DE GÉNERO,Masculino,2
POLONIA,2023,ORIENTACIÓN SEXUAL E IDENTIDAD DE GÉNERO,Ambos sexos,0
POLONIA,2023,ORIENTACIÓN SEXUAL E IDENTIDAD DE GÉNERO,Femenino,0
POLONIA,2023,ORIENTACIÓN SEXUAL E IDENTIDAD DE GÉNERO,Masculino,0
PORTUGAL,2023,ORIENTACIÓN SEXUAL E IDENTIDAD DE GÉNERO,Ambos sexos,0
PORTUGAL,2023,ORIENTACIÓN SEXUAL E IDENTIDAD DE GÉNERO,Femenino,0
PORTUGAL,2023,ORIENTACIÓN SEXUAL E IDENTIDAD DE GÉNERO,Masculino,0
REINO UNIDO,2023,ORIENTACIÓN SEXUAL E IDENTIDAD DE GÉNERO,Ambos sexos,0
REINO UNIDO,2023,ORIENTACIÓN SEXUAL E IDENTIDAD DE GÉNERO,Femenino,0
REINO UNIDO,2023,ORIENTACIÓN SEXUAL E IDENTIDAD DE GÉNERO,Masculino,0
REPÚBLICA CHECA,2023,ORIENTACIÓN SEXUAL E IDENTIDAD DE GÉNERO,Ambos sexos,0
REPÚBLICA CHECA,2023,ORIENTACIÓN SEXUAL E IDENTIDAD DE GÉNERO,Femenino,0
REPÚBLICA CHECA,2023,ORIENTACIÓN SEXUAL E IDENTIDAD DE GÉNERO,Masculino,0
REPÚBLICA DOMINICANA,2023,ORIENTACIÓN SEXUAL E IDENTIDAD DE GÉNERO,Ambos sexos,3
REPÚBLICA DOMINICANA,2023,ORIENTACIÓN SEXUAL E IDENTIDAD DE GÉNERO,Femenino,0
REPÚBLICA DOMINICANA,2023,ORIENTACIÓN SEXUAL E IDENTIDAD DE GÉNERO,Masculino,3
RUMANÍA,2023,ORIENTACIÓN SEXUAL E IDENTIDAD DE GÉNERO,Ambos sexos,6
RUMANÍA,2023,ORIENTACIÓN SEXUAL E IDENTIDAD DE GÉNERO,Femenino,3
RUMANÍA,2023,ORIENTACIÓN SEXUAL E IDENTIDAD DE GÉNERO,Masculino,3
RUSIA,2023,ORIENTACIÓN SEXUAL E IDENTIDAD DE GÉNERO,Ambos sexos,1
RUSIA,2023,ORIENTACIÓN SEXUAL E IDENTIDAD DE GÉNERO,Femenino,0
RUSIA,2023,ORIENTACIÓN SEXUAL E IDENTIDAD DE GÉNERO,Masculino,1
SENEGAL,2023,ORIENTACIÓN SEXUAL E IDENTIDAD DE GÉNERO,Ambos sexos,0
SENEGAL,2023,ORIENTACIÓN SEXUAL E IDENTIDAD DE GÉNERO,Femenino,0
SENEGAL,2023,ORIENTACIÓN SEXUAL E IDENTIDAD DE GÉNERO,Masculino,0
SERBIA (YUGOSLAVIA),2023,ORIENTACIÓN SEXUAL E IDENTIDAD DE GÉNERO,Ambos sexos,0
SERBIA (YUGOSLAVIA),2023,ORIENTACIÓN SEXUAL E IDENTIDAD DE GÉNERO,Femenino,0
SERBIA (YUGOSLAVIA),2023,ORIENTACIÓN SEXUAL E IDENTIDAD DE GÉNERO,Masculino,0
SIERRA LEONA,2023,ORIENTACIÓN SEXUAL E IDENTIDAD DE GÉNERO,Ambos sexos,0
SIERRA LEONA,2023,ORIENTACIÓN SEXUAL E IDENTIDAD DE GÉNERO,Femenino,0
SIERRA LEONA,2023,ORIENTACIÓN SEXUAL E IDENTIDAD DE GÉNERO,Masculino,0
SIRIA,2023,ORIENTACIÓN SEXUAL E IDENTIDAD DE GÉNERO,Ambos sexos,0
SIRIA,2023,ORIENTACIÓN SEXUAL E IDENTIDAD DE GÉNERO,Femenino,0
SIRIA,2023,ORIENTACIÓN SEXUAL E IDENTIDAD DE GÉNERO,Masculino,0
SUDÁFRICA R.,2023,ORIENTACIÓN SEXUAL E IDENTIDAD DE GÉNERO,Ambos sexos,0
SUDÁFRICA R.,2023,ORIENTACIÓN SEXUAL E IDENTIDAD DE GÉNERO,Femenino,0
SUDÁFRICA R.,2023,ORIENTACIÓN SEXUAL E IDENTIDAD DE GÉNERO,Masculino,0
SUECIA,2023,ORIENTACIÓN SEXUAL E IDENTIDAD DE GÉNERO,Ambos sexos,0
SUECIA,2023,ORIENTACIÓN SEXUAL E IDENTIDAD DE GÉNERO,Femenino,0
SUECIA,2023,ORIENTACIÓN SEXUAL E IDENTIDAD DE GÉNERO,Masculino,0
SUIZA,2023,ORIENTACIÓN SEXUAL E IDENTIDAD DE GÉNERO,Ambos sexos,0
SUIZA,2023,ORIENTACIÓN SEXUAL E IDENTIDAD DE GÉNERO,Femenino,0
SUIZA,2023,ORIENTACIÓN SEXUAL E IDENTIDAD DE GÉNERO,Masculino,0
TOTAL nacionalidad,2023,ORIENTACIÓN SEXUAL E IDENTIDAD DE GÉNERO,Ambos sexos,269
TOTAL nacionalidad,2023,ORIENTACIÓN SEXUAL E IDENTIDAD DE GÉNERO,Femenino,45
TOTAL nacionalidad,2023,ORIENTACIÓN SEXUAL E IDENTIDAD DE GÉNERO,Masculino,224
TURQUÍA,2023,ORIENTACIÓN SEXUAL E IDENTIDAD DE GÉNERO,Ambos sexos,0
TURQUÍA,2023,ORIENTACIÓN SEXUAL E IDENTIDAD DE GÉNERO,Femenino,0
TURQUÍA,2023,ORIENTACIÓN SEXUAL E IDENTIDAD DE GÉNERO,Masculino,0
TÚNEZ,2023,ORIENTACIÓN SEXUAL E IDENTIDAD DE GÉNERO,Ambos sexos,0
TÚNEZ,2023,ORIENTACIÓN SEXUAL E IDENTIDAD DE GÉNERO,Femenino,0
TÚNEZ,2023,ORIENTACIÓN SEXUAL E IDENTIDAD DE GÉNERO,Masculino,0
UCRANIA,2023,ORIENTACIÓN SEXUAL E IDENTIDAD DE GÉNERO,Ambos sexos,6
UCRANIA,2023,ORIENTACIÓN SEXUAL E IDENTIDAD DE GÉNERO,Femenino,0
UCRANIA,2023,ORIENTACIÓN SEXUAL E IDENTIDAD DE GÉNERO,Masculino,6
URUGUAY,2023,ORIENTACIÓN SEXUAL E IDENTIDAD DE GÉNERO,Ambos sexos,1
URUGUAY,2023,ORIENTACIÓN SEXUAL E IDENTIDAD DE GÉNERO,Femenino,0
URUGUAY,2023,ORIENTACIÓN SEXUAL E IDENTIDAD DE GÉNERO,Masculino,1
VENEZUELA,2023,ORIENTACIÓN SEXUAL E IDENTIDAD DE GÉNERO,Ambos sexos,1
VENEZUELA,2023,ORIENTACIÓN SEXUAL E IDENTIDAD DE GÉNERO,Femenino,1
VENEZUELA,2023,ORIENTACIÓN SEXUAL E IDENTIDAD DE GÉNERO,Masculino,0
ZAMBIA,2023,ORIENTACIÓN SEXUAL E IDENTIDAD DE GÉNERO,Ambos sexos,0
ZAMBIA,2023,ORIENTACIÓN SEXUAL E IDENTIDAD DE GÉNERO,Femenino,0
ZAMBIA,2023,ORIENTACIÓN SEXUAL E IDENTIDAD DE GÉNERO,Masculino,0
ALBANIA,2023,RACISMO/XENOFOBIA,Ambos sexos,0
ALBANIA,2023,RACISMO/XENOFOBIA,Femenino,0
ALBANIA,2023,RACISMO/XENOFOBIA,Masculino,0
ALEMANIA,2023,RACISMO/XENOFOBIA,Ambos sexos,0
ALEMANIA,2023,RACISMO/XENOFOBIA,Femenino,0
ALEMANIA,2023,RACISMO/XENOFOBIA,Masculino,0
ANDORRA,2023,RACISMO/XENOFOBIA,Ambos sexos,0
ANDORRA,2023,RACISMO/XENOFOBIA,Femenino,0
ANDORRA,2023,RACISMO/XENOFOBIA,Masculino,0
ANGOLA,2023,RACISMO/XENOFOBIA,Ambos sexos,0
ANGOLA,2023,RACISMO/XENOFOBIA,Femenino,0
ANGOLA,2023,RACISMO/XENOFOBIA,Masculino,0
ARGELIA,2023,RACISMO/XENOFOBIA,Ambos sexos,2
ARGELIA,2023,RACISMO/XENOFOBIA,Femenino,0
ARGELIA,2023,RACISMO/XENOFOBIA,Masculino,2
ARGENTINA,2023,RACISMO/XENOFOBIA,Ambos sexos,2
ARGENTINA,2023,RACISMO/XENOFOBIA,Femenino,0
ARGENTINA,2023,RACISMO/XENOFOBIA,Masculino,2
ARMENIA,2023,RACISMO/XENOFOBIA,Ambos sexos,0
ARMENIA,2023,RACISMO/XENOFOBIA,Femenino,0
ARMENIA,2023,RACISMO/XENOFOBIA,Masculino,0
BANGLADESH,2023,RACISMO/XENOFOBIA,Ambos sexos,0
BANGLADESH,2023,RACISMO/XENOFOBIA,Femenino,0
BANGLADESH,2023,RACISMO/XENOFOBIA,Masculino,0
BIELORRUSIA,2023,RACISMO/XENOFOBIA,Ambos sexos,0
BIELORRUSIA,2023,RACISMO/XENOFOBIA,Femenino,0
BIELORRUSIA,2023,RACISMO/XENOFOBIA,Masculino,0
BOLIVIA,2023,RACISMO/XENOFOBIA,Ambos sexos,1
BOLIVIA,2023,RACISMO/XENOFOBIA,Femenino,1
BOLIVIA,2023,RACISMO/XENOFOBIA,Masculino,0
BRASIL,2023,RACISMO/XENOFOBIA,Ambos sexos,6
BRASIL,2023,RACISMO/XENOFOBIA,Femenino,6
BRASIL,2023,RACISMO/XENOFOBIA,Masculino,0
BULGARIA,2023,RACISMO/XENOFOBIA,Ambos sexos,0
BULGARIA,2023,RACISMO/XENOFOBIA,Femenino,0
BULGARIA,2023,RACISMO/XENOFOBIA,Masculino,0
BÉLGICA,2023,RACISMO/XENOFOBIA,Ambos sexos,1
BÉLGICA,2023,RACISMO/XENOFOBIA,Femenino,0
BÉLGICA,2023,RACISMO/XENOFOBIA,Masculino,1
CAMERÚN,2023,RACISMO/XENOFOBIA,Ambos sexos,0
CAMERÚN,2023,RACISMO/XENOFOBIA,Femenino,0
CAMERÚN,2023,RACISMO/XENOFOBIA,Masculino,0
CENTRO ÁFRICANA REPÚBLICA,2023,RACISMO/XENOFOBIA,Ambos sexos,0
CENTRO ÁFRICANA REPÚBLICA,2023,RACISMO/XENOFOBIA,Femenino,0
CENTRO ÁFRICANA REPÚBLICA,2023,RACISMO/XENOFOBIA,Masculino,0
CHILE,2023,RACISMO/XENOFOBIA,Ambos sexos,0
CHILE,2023,RACISMO/XENOFOBIA,Femenino,0
CHILE,2023,RACISMO/XENOFOBIA,Masculino,0
CHINA POPULAR,2023,RACISMO/XENOFOBIA,Ambos sexos,0
CHINA POPULAR,2023,RACISMO/XENOFOBIA,Femenino,0
CHINA POPULAR,2023,RACISMO/XENOFOBIA,Masculino,0
COLOMBIA,2023,RACISMO/XENOFOBIA,Ambos sexos,11
COLOMBIA,2023,RACISMO/XENOFOBIA,Femenino,4
COLOMBIA,2023,RACISMO/XENOFOBIA,Masculino,7
CONGO-BRAZZAVILLE,2023,RACISMO/XENOFOBIA,Ambos sexos,0
CONGO-BRAZZAVILLE,2023,RACISMO/XENOFOBIA,Femenino,0
CONGO-BRAZZAVILLE,2023,RACISMO/XENOFOBIA,Masculino,0
COSTA DE MARFIL,2023,RACISMO/XENOFOBIA,Ambos sexos,0
COSTA DE MARFIL,2023,RACISMO/XENOFOBIA,Femenino,0
COSTA DE MARFIL,2023,RACISMO/XENOFOBIA,Masculino,0
CROACIA,2023,RACISMO/XENOFOBIA,Ambos sexos,0
CROACIA,2023,RACISMO/XENOFOBIA,Femenino,0
CROACIA,2023,RACISMO/XENOFOBIA,Masculino,0
CUBA,2023,RACISMO/XENOFOBIA,Ambos sexos,1
CUBA,2023,RACISMO/XENOFOBIA,Femenino,1
CUBA,2023,RACISMO/XENOFOBIA,Masculino,0
ECUADOR,2023,RACISMO/XENOFOBIA,Ambos sexos,4
ECUADOR,2023,RACISMO/XENOFOBIA,Femenino,1
ECUADOR,2023,RACISMO/XENOFOBIA,Masculino,3
EE.UU.,2023,RACISMO/XENOFOBIA,Ambos sexos,0
EE.UU.,2023,RACISMO/XENOFOBIA,Femenino,0
EE.UU.,2023,RACISMO/XENOFOBIA,Masculino,0
EGIPTO,2023,RACISMO/XENOFOBIA,Ambos sexos,0
EGIPTO,2023,RACISMO/XENOFOBIA,Femenino,0
EGIPTO,2023,RACISMO/XENOFOBIA,Masculino,0
EL SALVADOR,2023,RACISMO/XENOFOBIA,Ambos sexos,0
EL SALVADOR,2023,RACISMO/XENOFOBIA,Femenino,0
EL SALVADOR,2023,RACISMO/XENOFOBIA,Masculino,0
ERITREA,2023,RACISMO/XENOFOBIA,Ambos sexos,0
ERITREA,2023,RACISMO/XENOFOBIA,Femenino,0
ERITREA,2023,RACISMO/XENOFOBIA,Masculino,0
ESLOVAQUIA,2023,RACISMO/XENOFOBIA,Ambos sexos,0
ESLOVAQUIA,2023,RACISMO/XENOFOBIA,Femenino,0
ESLOVAQUIA,2023,RACISMO/XENOFOBIA,Masculino,0
ESPAÑA,2023,RACISMO/XENOFOBIA,Ambos sexos,444
ESPAÑA,2023,RACISMO/XENOFOBIA,Femenino,105
ESPAÑA,2023,RACISMO/XENOFOBIA,Masculino,339
ESTONIA,2023,RACISMO/XENOFOBIA,Ambos sexos,0
ESTONIA,2023,RACISMO/XENOFOBIA,Femenino,0
ESTONIA,2023,RACISMO/XENOFOBIA,Masculino,0
FILIPINAS,2023,RACISMO/XENOFOBIA,Ambos sexos,0
FILIPINAS,2023,RACISMO/XENOFOBIA,Femenino,0
FILIPINAS,2023,RACISMO/XENOFOBIA,Masculino,0
FRANCIA,2023,RACISMO/XENOFOBIA,Ambos sexos,3
FRANCIA,2023,RACISMO/XENOFOBIA,Femenino,1
FRANCIA,2023,RACISMO/XENOFOBIA,Masculino,2
GAMBIA,2023,RACISMO/XENOFOBIA,Ambos sexos,0
GAMBIA,2023,RACISMO/XENOFOBIA,Femenino,0
GAMBIA,2023,RACISMO/XENOFOBIA,Masculino,0
GEORGIA,2023,RACISMO/XENOFOBIA,Ambos sexos,0
GEORGIA,2023,RACISMO/XENOFOBIA,Femenino,0
GEORGIA,2023,RACISMO/XENOFOBIA,Masculino,0
GHANA,2023,RACISMO/XENOFOBIA,Ambos sexos,0
GHANA,2023,RACISMO/XENOFOBIA,Femenino,0
GHANA,2023,RACISMO/XENOFOBIA,Masculino,0
GRECIA,2023,RACISMO/XENOFOBIA,Ambos sexos,0
GRECIA,2023,RACISMO/XENOFOBIA,Femenino,0
GRECIA,2023,RACISMO/XENOFOBIA,Masculino,0
GUATEMALA,2023,RACISMO/XENOFOBIA,Ambos sexos,0
GUATEMALA,2023,RACISMO/XENOFOBIA,Femenino,0
GUATEMALA,2023,RACISMO/XENOFOBIA,Masculino,0
GUINEA ECUATORIAL,2023,RACISMO/XENOFOBIA,Ambos sexos,0
GUINEA ECUATORIAL,2023,RACISMO/XENOFOBIA,Femenino,0
GUINEA ECUATORIAL,2023,RACISMO/XENOFOBIA,Masculino,0
GUINEA REP.,2023,RACISMO/XENOFOBIA,Ambos sexos,0
GUINEA REP.,2023,RACISMO/XENOFOBIA,Femenino,0
GUINEA REP.,2023,RACISMO/XENOFOBIA,Masculino,0
HAITI,2023,RACISMO/XENOFOBIA,Ambos sexos,1
HAITI,2023,RACISMO/XENOFOBIA,Femenino,0
HAITI,2023,RACISMO/XENOFOBIA,Masculino,1
HOLANDA,2023,RACISMO/XENOFOBIA,Ambos sexos,0
HOLANDA,2023,RACISMO/XENOFOBIA,Femenino,0
HOLANDA,2023,RACISMO/XENOFOBIA,Masculino,0
HONDURAS,2023,RACISMO/XENOFOBIA,Ambos sexos,3
HONDURAS,2023,RACISMO/XENOFOBIA,Femenino,0
HONDURAS,2023,RACISMO/XENOFOBIA,Masculino,3
INDIA,2023,RACISMO/XENOFOBIA,Ambos sexos,0
INDIA,2023,RACISMO/XENOFOBIA,Femenino,0
INDIA,2023,RACISMO/XENOFOBIA,Masculino,0
IRLANDA,2023,RACISMO/XENOFOBIA,Ambos sexos,0
IRLANDA,2023,RACISMO/XENOFOBIA,Femenino,0
IRLANDA,2023,RACISMO/XENOFOBIA,Masculino,0
IRÁN,2023,RACISMO/XENOFOBIA,Ambos sexos,0
IRÁN,2023,RACISMO/XENOFOBIA,Femenino,0
IRÁN,2023,RACISMO/XENOFOBIA,Masculino,0
ISRAEL,2023,RACISMO/XENOFOBIA,Ambos sexos,0
ISRAEL,2023,RACISMO/XENOFOBIA,Femenino,0
ISRAEL,2023,RACISMO/XENOFOBIA,Masculino,0
ITALIA,2023,RACISMO/XENOFOBIA,Ambos sexos,0
ITALIA,2023,RACISMO/XENOFOBIA,Femenino,0
ITALIA,2023,RACISMO/XENOFOBIA,Masculino,0
LETONIA,2023,RACISMO/XENOFOBIA,Ambos sexos,1
LETONIA,2023,RACISMO/XENOFOBIA,Femenino,1
LETONIA,2023,RACISMO/XENOFOBIA,Masculino,0
LIBERIA,2023,RACISMO/XENOFOBIA,Ambos sexos,0
LIBERIA,2023,RACISMO/XENOFOBIA,Femenino,0
LIBERIA,2023,RACISMO/XENOFOBIA,Masculino,0
LIBIA,2023,RACISMO/XENOFOBIA,Ambos sexos,0
LIBIA,2023,RACISMO/XENOFOBIA,Femenino,0
LIBIA,2023,RACISMO/XENOFOBIA,Masculino,0
LITUANIA,2023,RACISMO/XENOFOBIA,Ambos sexos,0
LITUANIA,2023,RACISMO/XENOFOBIA,Femenino,0
LITUANIA,2023,RACISMO/XENOFOBIA,Masculino,0
LÍBANO,2023,RACISMO/XENOFOBIA,Ambos sexos,1
LÍBANO,2023,RACISMO/XENOFOBIA,Femenino,0
LÍBANO,2023,RACISMO/XENOFOBIA,Masculino,1
MALI,2023,RACISMO/XENOFOBIA,Ambos sexos,0
MALI,2023,RACISMO/XENOFOBIA,Femenino,0
MALI,2023,RACISMO/XENOFOBIA,Masculino,0
MARRUECOS,2023,RACISMO/XENOFOBIA,Ambos sexos,20
MARRUECOS,2023,RACISMO/XENOFOBIA,Femenino,3
MARRUECOS,2023,RACISMO/XENOFOBIA,Masculino,17
MAURITANIA,2023,RACISMO/XENOFOBIA,Ambos sexos,0
MAURITANIA,2023,RACISMO/XENOFOBIA,Femenino,0
MAURITANIA,2023,RACISMO/XENOFOBIA,Masculino,0
MOLDAVIA,2023,RACISMO/XENOFOBIA,Ambos sexos,1
MOLDAVIA,2023,RACISMO/XENOFOBIA,Femenino,1
MOLDAVIA,2023,RACISMO/XENOFOBIA,Masculino,0
MONGOLIA,2023,RACISMO/XENOFOBIA,Ambos sexos,0
MONGOLIA,2023,RACISMO/XENOFOBIA,Femenino,0
MONGOLIA,2023,RACISMO/XENOFOBIA,Masculino,0
NEPAL,2023,RACISMO/XENOFOBIA,Ambos sexos,0
NEPAL,2023,RACISMO/XENOFOBIA,Femenino,0
NEPAL,2023,RACISMO/XENOFOBIA,Masculino,0
NICARAGUA,2023,RACISMO/XENOFOBIA,Ambos sexos,2
NICARAGUA,2023,RACISMO/XENOFOBIA,Femenino,0
NICARAGUA,2023,RACISMO/XENOFOBIA,Masculino,2
NIGERIA,2023,RACISMO/XENOFOBIA,Ambos sexos,1
NIGERIA,2023,RACISMO/XENOFOBIA,Femenino,1
NIGERIA,2023,RACISMO/XENOFOBIA,Masculino,0
NÍGER REP.,2023,RACISMO/XENOFOBIA,Ambos sexos,0
NÍGER REP.,2023,RACISMO/XENOFOBIA,Femenino,0
NÍGER REP.,2023,RACISMO/XENOFOBIA,Masculino,0
PANAMA,2023,RACISMO/XENOFOBIA,Ambos sexos,0
PANAMA,2023,RACISMO/XENOFOBIA,Femenino,0
PANAMA,2023,RACISMO/XENOFOBIA,Masculino,0
PAQUISTÁN,2023,RACISMO/XENOFOBIA,Ambos sexos,1
PAQUISTÁN,2023,RACISMO/XENOFOBIA,Femenino,0
PAQUISTÁN,2023,RACISMO/XENOFOBIA,Masculino,1
PARAGUAY,2023,RACISMO/XENOFOBIA,Ambos sexos,0
PARAGUAY,2023,RACISMO/XENOFOBIA,Femenino,0
PARAGUAY,2023,RACISMO/XENOFOBIA,Masculino,0
PAÍS DESCONOCIDO,2023,RACISMO/XENOFOBIA,Ambos sexos,0
PAÍS DESCONOCIDO,2023,RACISMO/XENOFOBIA,Femenino,0
PAÍS DESCONOCIDO,2023,RACISMO/XENOFOBIA,Masculino,0
PAÍS NO CODIFICADO,2023,RACISMO/XENOFOBIA,Ambos sexos,0
PAÍS NO CODIFICADO,2023,RACISMO/XENOFOBIA,Femenino,0
PAÍS NO CODIFICADO,2023,RACISMO/XENOFOBIA,Masculino,0
PERÚ,2023,RACISMO/XENOFOBIA,Ambos sexos,2
PERÚ,2023,RACISMO/XENOFOBIA,Femenino,1
PERÚ,2023,RACISMO/XENOFOBIA,Masculino,1
POLONIA,2023,RACISMO/XENOFOBIA,Ambos sexos,2
POLONIA,2023,RACISMO/XENOFOBIA,Femenino,0
POLONIA,2023,RACISMO/XENOFOBIA,Masculino,2
PORTUGAL,2023,RACISMO/XENOFOBIA,Ambos sexos,0
PORTUGAL,2023,RACISMO/XENOFOBIA,Femenino,0
PORTUGAL,2023,RACISMO/XENOFOBIA,Masculino,0
REINO UNIDO,2023,RACISMO/XENOFOBIA,Ambos sexos,2
REINO UNIDO,2023,RACISMO/XENOFOBIA,Femenino,0
REINO UNIDO,2023,RACISMO/XENOFOBIA,Masculino,2
REPÚBLICA CHECA,2023,RACISMO/XENOFOBIA,Ambos sexos,0
REPÚBLICA CHECA,2023,RACISMO/XENOFOBIA,Femenino,0
REPÚBLICA CHECA,2023,RACISMO/XENOFOBIA,Masculino,0
REPÚBLICA DOMINICANA,2023,RACISMO/XENOFOBIA,Ambos sexos,4
REPÚBLICA DOMINICANA,2023,RACISMO/XENOFOBIA,Femenino,3
REPÚBLICA DOMINICANA,2023,RACISMO/XENOFOBIA,Masculino,1
RUMANÍA,2023,RACISMO/XENOFOBIA,Ambos sexos,7
RUMANÍA,2023,RACISMO/XENOFOBIA,Femenino,3
RUMANÍA,2023,RACISMO/XENOFOBIA,Masculino,4
RUSIA,2023,RACISMO/XENOFOBIA,Ambos sexos,3
RUSIA,2023,RACISMO/XENOFOBIA,Femenino,2
RUSIA,2023,RACISMO/XENOFOBIA,Masculino,1
SENEGAL,2023,RACISMO/XENOFOBIA,Ambos sexos,1
SENEGAL,2023,RACISMO/XENOFOBIA,Femenino,0
SENEGAL,2023,RACISMO/XENOFOBIA,Masculino,1
SERBIA (YUGOSLAVIA),2023,RACISMO/XENOFOBIA,Ambos sexos,0
SERBIA (YUGOSLAVIA),2023,RACISMO/XENOFOBIA,Femenino,0
SERBIA (YUGOSLAVIA),2023,RACISMO/XENOFOBIA,Masculino,0
SIERRA LEONA,2023,RACISMO/XENOFOBIA,Ambos sexos,0
SIERRA LEONA,2023,RACISMO/XENOFOBIA,Femenino,0
SIERRA LEONA,2023,RACISMO/XENOFOBIA,Masculino,0
SIRIA,2023,RACISMO/XENOFOBIA,Ambos sexos,0
SIRIA,2023,RACISMO/XENOFOBIA,Femenino,0
SIRIA,2023,RACISMO/XENOFOBIA,Masculino,0
SUDÁFRICA R.,2023,RACISMO/XENOFOBIA,Ambos sexos,0
SUDÁFRICA R.,2023,RACISMO/XENOFOBIA,Femenino,0
SUDÁFRICA R.,2023,RACISMO/XENOFOBIA,Masculino,0
SUECIA,2023,RACISMO/XENOFOBIA,Ambos sexos,0
SUECIA,2023,RACISMO/XENOFOBIA,Femenino,0
SUECIA,2023,RACISMO/XENOFOBIA,Masculino,0
SUIZA,2023,RACISMO/XENOFOBIA,Ambos sexos,1
SUIZA,2023,RACISMO/XENOFOBIA,Femenino,0
SUIZA,2023,RACISMO/XENOFOBIA,Masculino,1
TOTAL nacionalidad,2023,RACISMO/XENOFOBIA,Ambos sexos,545
TOTAL nacionalidad,2023,RACISMO/XENOFOBIA,Femenino,135
TOTAL nacionalidad,2023,RACISMO/XENOFOBIA,Masculino,410
TURQUÍA,2023,RACISMO/XENOFOBIA,Ambos sexos,0
TURQUÍA,2023,RACISMO/XENOFOBIA,Femenino,0
TURQUÍA,2023,RACISMO/XENOFOBIA,Masculino,0
TÚNEZ,2023,RACISMO/XENOFOBIA,Ambos sexos,0
TÚNEZ,2023,RACISMO/XENOFOBIA,Femenino,0
TÚNEZ,2023,RACISMO/XENOFOBIA,Masculino,0
UCRANIA,2023,RACISMO/XENOFOBIA,Ambos sexos,4
UCRANIA,2023,RACISMO/XENOFOBIA,Femenino,1
UCRANIA,2023,RACISMO/XENOFOBIA,Masculino,3
URUGUAY,2023,RACISMO/XENOFOBIA,Ambos sexos,0
URUGUAY,2023,RACISMO/XENOFOBIA,Femenino,0
URUGUAY,2023,RACISMO/XENOFOBIA,Masculino,0
VENEZUELA,2023,RACISMO/XENOFOBIA,Ambos sexos,13
VENEZUELA,2023,RACISMO/XENOFOBIA,Femenino,0
VENEZUELA,2023,RACISMO/XENOFOBIA,Masculino,13
ZAMBIA,2023,RACISMO/XENOFOBIA,Ambos sexos,0
ZAMBIA,2023,RACISMO/XENOFOBIA,Femenino,0
ZAMBIA,2023,RACISMO/XENOFOBIA,Masculino,0
ALBANIA,2023,TOTAL ámbito,Ambos sexos,0
ALBANIA,2023,TOTAL ámbito,Femenino,0
ALBANIA,2023,TOTAL ámbito,Masculino,0
ALEMANIA,2023,TOTAL ámbito,Ambos sexos,1
ALEMANIA,2023,TOTAL ámbito,Femenino,1
ALEMANIA,2023,TOTAL ámbito,Masculino,0
ANDORRA,2023,TOTAL ámbito,Ambos sexos,1
ANDORRA,2023,TOTAL ámbito,Femenino,1
ANDORRA,2023,TOTAL ámbito,Masculino,0
ANGOLA,2023,TOTAL ámbito,Ambos sexos,0
ANGOLA,2023,TOTAL ámbito,Femenino,0
ANGOLA,2023,TOTAL ámbito,Masculino,0
ARGELIA,2023,TOTAL ámbito,Ambos sexos,13
ARGELIA,2023,TOTAL ámbito,Femenino,1
ARGELIA,2023,TOTAL ámbito,Masculino,12
ARGENTINA,2023,TOTAL ámbito,Ambos sexos,3
ARGENTINA,2023,TOTAL ámbito,Femenino,0
ARGENTINA,2023,TOTAL ámbito,Masculino,3
ARMENIA,2023,TOTAL ámbito,Ambos sexos,1
ARMENIA,2023,TOTAL ámbito,Femenino,0
ARMENIA,2023,TOTAL ámbito,Masculino,1
BANGLADESH,2023,TOTAL ámbito,Ambos sexos,0
BANGLADESH,2023,TOTAL ámbito,Femenino,0
BANGLADESH,2023,TOTAL ámbito,Masculino,0
BIELORRUSIA,2023,TOTAL ámbito,Ambos sexos,0
BIELORRUSIA,2023,TOTAL ámbito,Femenino,0
BIELORRUSIA,2023,TOTAL ámbito,Masculino,0
BOLIVIA,2023,TOTAL ámbito,Ambos sexos,2
BOLIVIA,2023,TOTAL ámbito,Femenino,2
BOLIVIA,2023,TOTAL ámbito,Masculino,0
BRASIL,2023,TOTAL ámbito,Ambos sexos,7
BRASIL,2023,TOTAL ámbito,Femenino,6
BRASIL,2023,TOTAL ámbito,Masculino,1
BULGARIA,2023,TOTAL ámbito,Ambos sexos,2
BULGARIA,2023,TOTAL ámbito,Femenino,1
BULGARIA,2023,TOTAL ámbito,Masculino,1
BÉLGICA,2023,TOTAL ámbito,Ambos sexos,1
BÉLGICA,2023,TOTAL ámbito,Femenino,0
BÉLGICA,2023,TOTAL ámbito,Masculino,1
CAMERÚN,2023,TOTAL ámbito,Ambos sexos,0
CAMERÚN,2023,TOTAL ámbito,Femenino,0
CAMERÚN,2023,TOTAL ámbito,Masculino,0
CENTRO ÁFRICANA REPÚBLICA,2023,TOTAL ámbito,Ambos sexos,0
CENTRO ÁFRICANA REPÚBLICA,2023,TOTAL ámbito,Femenino,0
CENTRO ÁFRICANA REPÚBLICA,2023,TOTAL ámbito,Masculino,0
CHILE,2023,TOTAL ámbito,Ambos sexos,0
CHILE,2023,TOTAL ámbito,Femenino,0
CHILE,2023,TOTAL ámbito,Masculino,0
CHINA POPULAR,2023,TOTAL ámbito,Ambos sexos,0
CHINA POPULAR,2023,TOTAL ámbito,Femenino,0
CHINA POPULAR,2023,TOTAL ámbito,Masculino,0
COLOMBIA,2023,TOTAL ámbito,Ambos sexos,21
COLOMBIA,2023,TOTAL ámbito,Femenino,6
COLOMBIA,2023,TOTAL ámbito,Masculino,15
CONGO-BRAZZAVILLE,2023,TOTAL ámbito,Ambos sexos,0
CONGO-BRAZZAVILLE,2023,TOTAL ámbito,Femenino,0
CONGO-BRAZZAVILLE,2023,TOTAL ámbito,Masculino,0
COSTA DE MARFIL,2023,TOTAL ámbito,Ambos sexos,0
COSTA DE MARFIL,2023,TOTAL ámbito,Femenino,0
COSTA DE MARFIL,2023,TOTAL ámbito,Masculino,0
CROACIA,2023,TOTAL ámbito,Ambos sexos,0
CROACIA,2023,TOTAL ámbito,Femenino,0
CROACIA,2023,TOTAL ámbito,Masculino,0
CUBA,2023,TOTAL ámbito,Ambos sexos,2
CUBA,2023,TOTAL ámbito,Femenino,1
CUBA,2023,TOTAL ámbito,Masculino,1
ECUADOR,2023,TOTAL ámbito,Ambos sexos,7
ECUADOR,2023,TOTAL ámbito,Femenino,1
ECUADOR,2023,TOTAL ámbito,Masculino,6
EE.UU.,2023,TOTAL ámbito,Ambos sexos,2
EE.UU.,2023,TOTAL ámbito,Femenino,0
EE.UU.,2023,TOTAL ámbito,Masculino,2
EGIPTO,2023,TOTAL ámbito,Ambos sexos,0
EGIPTO,2023,TOTAL ámbito,Femenino,0
EGIPTO,2023,TOTAL ámbito,Masculino,0
EL SALVADOR,2023,TOTAL ámbito,Ambos sexos,1
EL SALVADOR,2023,TOTAL ámbito,Femenino,0
EL SALVADOR,2023,TOTAL ámbito,Masculino,1
ERITREA,2023,TOTAL ámbito,Ambos sexos,0
ERITREA,2023,TOTAL ámbito,Femenino,0
ERITREA,2023,TOTAL ámbito,Masculino,0
ESLOVAQUIA,2023,TOTAL ámbito,Ambos sexos,0
ESLOVAQUIA,2023,TOTAL ámbito,Femenino,0
ESLOVAQUIA,2023,TOTAL ámbito,Masculino,0
ESPAÑA,2023,TOTAL ámbito,Ambos sexos,914
ESPAÑA,2023,TOTAL ámbito,Femenino,196
ESPAÑA,2023,TOTAL ámbito,Masculino,718
ESTONIA,2023,TOTAL ámbito,Ambos sexos,1
ESTONIA,2023,TOTAL ámbito,Femenino,0
ESTONIA,2023,TOTAL ámbito,Masculino,1
FILIPINAS,2023,TOTAL ámbito,Ambos sexos,1
FILIPINAS,2023,TOTAL ámbito,Femenino,1
FILIPINAS,2023,TOTAL ámbito,Masculino,0
FRANCIA,2023,TOTAL ámbito,Ambos sexos,5
FRANCIA,2023,TOTAL ámbito,Femenino,2
FRANCIA,2023,TOTAL ámbito,Masculino,3
GAMBIA,2023,TOTAL ámbito,Ambos sexos,4
GAMBIA,2023,TOTAL ámbito,Femenino,2
GAMBIA,2023,TOTAL ámbito,Masculino,2
GEORGIA,2023,TOTAL ámbito,Ambos sexos,0
GEORGIA,2023,TOTAL ámbito,Femenino,0
GEORGIA,2023,TOTAL ámbito,Masculino,0
GHANA,2023,TOTAL ámbito,Ambos sexos,0
GHANA,2023,TOTAL ámbito,Femenino,0
GHANA,2023,TOTAL ámbito,Masculino,0
GRECIA,2023,TOTAL ámbito,Ambos sexos,0
GRECIA,2023,TOTAL ámbito,Femenino,0
GRECIA,2023,TOTAL ámbito,Masculino,0
GUATEMALA,2023,TOTAL ámbito,Ambos sexos,1
GUATEMALA,2023,TOTAL ámbito,Femenino,1
GUATEMALA,2023,TOTAL ámbito,Masculino,0
GUINEA ECUATORIAL,2023,TOTAL ámbito,Ambos sexos,0
GUINEA ECUATORIAL,2023,TOTAL ámbito,Femenino,0
GUINEA ECUATORIAL,2023,TOTAL ámbito,Masculino,0
GUINEA REP.,2023,TOTAL ámbito,Ambos sexos,2
GUINEA REP.,2023,TOTAL ámbito,Femenino,0
GUINEA REP.,2023,TOTAL ámbito,Masculino,2
HAITI,2023,TOTAL ámbito,Ambos sexos,1
HAITI,2023,TOTAL ámbito,Femenino,0
HAITI,2023,TOTAL ámbito,Masculino,1
HOLANDA,2023,TOTAL ámbito,Ambos sexos,0
HOLANDA,2023,TOTAL ámbito,Femenino,0
HOLANDA,2023,TOTAL ámbito,Masculino,0
HONDURAS,2023,TOTAL ámbito,Ambos sexos,5
HONDURAS,2023,TOTAL ámbito,Femenino,2
HONDURAS,2023,TOTAL ámbito,Masculino,3
INDIA,2023,TOTAL ámbito,Ambos sexos,0
INDIA,2023,TOTAL ámbito,Femenino,0
INDIA,2023,TOTAL ámbito,Masculino,0
IRLANDA,2023,TOTAL ámbito,Ambos sexos,0
IRLANDA,2023,TOTAL ámbito,Femenino,0
IRLANDA,2023,TOTAL ámbito,Masculino,0
IRÁN,2023,TOTAL ámbito,Ambos sexos,1
IRÁN,2023,TOTAL ámbito,Femenino,0
IRÁN,2023,TOTAL ámbito,Masculino,1
ISRAEL,2023,TOTAL ámbito,Ambos sexos,0
ISRAEL,2023,TOTAL ámbito,Femenino,0
ISRAEL,2023,TOTAL ámbito,Masculino,0
ITALIA,2023,TOTAL ámbito,Ambos sexos,0
ITALIA,2023,TOTAL ámbito,Femenino,0
ITALIA,2023,TOTAL ámbito,Masculino,0
LETONIA,2023,TOTAL ámbito,Ambos sexos,1
LETONIA,2023,TOTAL ámbito,Femenino,1
LETONIA,2023,TOTAL ámbito,Masculino,0
LIBERIA,2023,TOTAL ámbito,Ambos sexos,1
LIBERIA,2023,TOTAL ámbito,Femenino,0
LIBERIA,2023,TOTAL ámbito,Masculino,1
LIBIA,2023,TOTAL ámbito,Ambos sexos,0
LIBIA,2023,TOTAL ámbito,Femenino,0
LIBIA,2023,TOTAL ámbito,Masculino,0
LITUANIA,2023,TOTAL ámbito,Ambos sexos,0
LITUANIA,2023,TOTAL ámbito,Femenino,0
LITUANIA,2023,TOTAL ámbito,Masculino,0
LÍBANO,2023,TOTAL ámbito,Ambos sexos,1
LÍBANO,2023,TOTAL ámbito,Femenino,0
LÍBANO,2023,TOTAL ámbito,Masculino,1
MALI,2023,TOTAL ámbito,Ambos sexos,1
MALI,2023,TOTAL ámbito,Femenino,0
MALI,2023,TOTAL ámbito,Masculino,1
MARRUECOS,2023,TOTAL ámbito,Ambos sexos,55
MARRUECOS,2023,TOTAL ámbito,Femenino,8
MARRUECOS,2023,TOTAL ámbito,Masculino,47
MAURITANIA,2023,TOTAL ámbito,Ambos sexos,0
MAURITANIA,2023,TOTAL ámbito,Femenino,0
MAURITANIA,2023,TOTAL ámbito,Masculino,0
MOLDAVIA,2023,TOTAL ámbito,Ambos sexos,1
MOLDAVIA,2023,TOTAL ámbito,Femenino,1
MOLDAVIA,2023,TOTAL ámbito,Masculino,0
MONGOLIA,2023,TOTAL ámbito,Ambos sexos,0
MONGOLIA,2023,TOTAL ámbito,Femenino,0
MONGOLIA,2023,TOTAL ámbito,Masculino,0
NEPAL,2023,TOTAL ámbito,Ambos sexos,0
NEPAL,2023,TOTAL ámbito,Femenino,0
NEPAL,2023,TOTAL ámbito,Masculino,0
NICARAGUA,2023,TOTAL ámbito,Ambos sexos,3
NICARAGUA,2023,TOTAL ámbito,Femenino,0
NICARAGUA,2023,TOTAL ámbito,Masculino,3
NIGERIA,2023,TOTAL ámbito,Ambos sexos,2
NIGERIA,2023,TOTAL ámbito,Femenino,1
NIGERIA,2023,TOTAL ámbito,Masculino,1
NÍGER REP.,2023,TOTAL ámbito,Ambos sexos,0
NÍGER REP.,2023,TOTAL ámbito,Femenino,0
NÍGER REP.,2023,TOTAL ámbito,Masculino,0
PANAMA,2023,TOTAL ámbito,Ambos sexos,1
PANAMA,2023,TOTAL ámbito,Femenino,0
PANAMA,2023,TOTAL ámbito,Masculino,1
PAQUISTÁN,2023,TOTAL ámbito,Ambos sexos,5
PAQUISTÁN,2023,TOTAL ámbito,Femenino,1
PAQUISTÁN,2023,TOTAL ámbito,Masculino,4
PARAGUAY,2023,TOTAL ámbito,Ambos sexos,0
PARAGUAY,2023,TOTAL ámbito,Femenino,0
PARAGUAY,2023,TOTAL ámbito,Masculino,0
PAÍS DESCONOCIDO,2023,TOTAL ámbito,Ambos sexos,8
PAÍS DESCONOCIDO,2023,TOTAL ámbito,Femenino,0
PAÍS DESCONOCIDO,2023,TOTAL ámbito,Masculino,8
PAÍS NO CODIFICADO,2023,TOTAL ámbito,Ambos sexos,0
PAÍS NO CODIFICADO,2023,TOTAL ámbito,Femenino,0
PAÍS NO CODIFICADO,2023,TOTAL ámbito,Masculino,0
PERÚ,2023,TOTAL ámbito,Ambos sexos,10
PERÚ,2023,TOTAL ámbito,Femenino,2
PERÚ,2023,TOTAL ámbito,Masculino,8
POLONIA,2023,TOTAL ámbito,Ambos sexos,2
POLONIA,2023,TOTAL ámbito,Femenino,0
POLONIA,2023,TOTAL ámbito,Masculino,2
PORTUGAL,2023,TOTAL ámbito,Ambos sexos,4
PORTUGAL,2023,TOTAL ámbito,Femenino,3
PORTUGAL,2023,TOTAL ámbito,Masculino,1
REINO UNIDO,2023,TOTAL ámbito,Ambos sexos,4
REINO UNIDO,2023,TOTAL ámbito,Femenino,0
REINO UNIDO,2023,TOTAL ámbito,Masculino,4
REPÚBLICA CHECA,2023,TOTAL ámbito,Ambos sexos,0
REPÚBLICA CHECA,2023,TOTAL ámbito,Femenino,0
REPÚBLICA CHECA,2023,TOTAL ámbito,Masculino,0
REPÚBLICA DOMINICANA,2023,TOTAL ámbito,Ambos sexos,8
REPÚBLICA DOMINICANA,2023,TOTAL ámbito,Femenino,3
REPÚBLICA DOMINICANA,2023,TOTAL ámbito,Masculino,5
RUMANÍA,2023,TOTAL ámbito,Ambos sexos,18
RUMANÍA,2023,TOTAL ámbito,Femenino,7
RUMANÍA,2023,TOTAL ámbito,Masculino,11
RUSIA,2023,TOTAL ámbito,Ambos sexos,5
RUSIA,2023,TOTAL ámbito,Femenino,3
RUSIA,2023,TOTAL ámbito,Masculino,2
SENEGAL,2023,TOTAL ámbito,Ambos sexos,2
SENEGAL,2023,TOTAL ámbito,Femenino,0
SENEGAL,2023,TOTAL ámbito,Masculino,2
SERBIA (YUGOSLAVIA),2023,TOTAL ámbito,Ambos sexos,0
SERBIA (YUGOSLAVIA),2023,TOTAL ámbito,Femenino,0
SERBIA (YUGOSLAVIA),2023,TOTAL ámbito,Masculino,0
SIERRA LEONA,2023,TOTAL ámbito,Ambos sexos,0
SIERRA LEONA,2023,TOTAL ámbito,Femenino,0
SIERRA LEONA,2023,TOTAL ámbito,Masculino,0
SIRIA,2023,TOTAL ámbito,Ambos sexos,0
SIRIA,2023,TOTAL ámbito,Femenino,0
SIRIA,2023,TOTAL ámbito,Masculino,0
SUDÁFRICA R.,2023,TOTAL ámbito,Ambos sexos,1
SUDÁFRICA R.,2023,TOTAL ámbito,Femenino,0
SUDÁFRICA R.,2023,TOTAL ámbito,Masculino,1
SUECIA,2023,TOTAL ámbito,Ambos sexos,1
SUECIA,2023,TOTAL ámbito,Femenino,1
SUECIA,2023,TOTAL ámbito,Masculino,0
SUIZA,2023,TOTAL ámbito,Ambos sexos,1
SUIZA,2023,TOTAL ámbito,Femenino,0
SUIZA,2023,TOTAL ámbito,Masculino,1
TOTAL nacionalidad,2023,TOTAL ámbito,Ambos sexos,1161
TOTAL nacionalidad,2023,TOTAL ámbito,Femenino,258
TOTAL nacionalidad,2023,TOTAL ámbito,Masculino,903
TURQUÍA,2023,TOTAL ámbito,Ambos sexos,1
TURQUÍA,2023,TOTAL ámbito,Femenino,0
TURQUÍA,2023,TOTAL ámbito,Masculino,1
TÚNEZ,2023,TOTAL ámbito,Ambos sexos,0
TÚNEZ,2023,TOTAL ámbito,Femenino,0
TÚNEZ,2023,TOTAL ámbito,Masculino,0
UCRANIA,2023,TOTAL ámbito,Ambos sexos,10
UCRANIA,2023,TOTAL ámbito,Femenino,1
UCRANIA,2023,TOTAL ámbito,Masculino,9
URUGUAY,2023,TOTAL ámbito,Ambos sexos,1
URUGUAY,2023,TOTAL ámbito,Femenino,0
URUGUAY,2023,TOTAL ámbito,Masculino,1
VENEZUELA,2023,TOTAL ámbito,Ambos sexos,15
VENEZUELA,2023,TOTAL ámbito,Femenino,2
VENEZUELA,2023,TOTAL ámbito,Masculino,13
ZAMBIA,2023,TOTAL ámbito,Ambos sexos,0
ZAMBIA,2023,TOTAL ámbito,Femenino,0
ZAMBIA,2023,TOTAL ámbito,Masculino,0
ALBANIA,2024,ANTIGITANISMO,Ambos sexos,0
ALBANIA,2024,ANTIGITANISMO,Femenino,0
ALBANIA,2024,ANTIGITANISMO,Masculino,0
ALEMANIA,2024,ANTIGITANISMO,Ambos sexos,0
ALEMANIA,2024,ANTIGITANISMO,Femenino,0
ALEMANIA,2024,ANTIGITANISMO,Masculino,0
ANDORRA,2024,ANTIGITANISMO,Ambos sexos,0
ANDORRA,2024,ANTIGITANISMO,Femenino,0
ANDORRA,2024,ANTIGITANISMO,Masculino,0
ANGOLA,2024,ANTIGITANISMO,Ambos sexos,0
ANGOLA,2024,ANTIGITANISMO,Femenino,0
ANGOLA,2024,ANTIGITANISMO,Masculino,0
ARGELIA,2024,ANTIGITANISMO,Ambos sexos,0
ARGELIA,2024,ANTIGITANISMO,Femenino,0
ARGELIA,2024,ANTIGITANISMO,Masculino,0
ARGENTINA,2024,ANTIGITANISMO,Ambos sexos,0
ARGENTINA,2024,ANTIGITANISMO,Femenino,0
ARGENTINA,2024,ANTIGITANISMO,Masculino,0
ARMENIA,2024,ANTIGITANISMO,Ambos sexos,0
ARMENIA,2024,ANTIGITANISMO,Femenino,0
ARMENIA,2024,ANTIGITANISMO,Masculino,0
BANGLADESH,2024,ANTIGITANISMO,Ambos sexos,0
BANGLADESH,2024,ANTIGITANISMO,Femenino,0
BANGLADESH,2024,ANTIGITANISMO,Masculino,0
BIELORRUSIA,2024,ANTIGITANISMO,Ambos sexos,0
BIELORRUSIA,2024,ANTIGITANISMO,Femenino,0
BIELORRUSIA,2024,ANTIGITANISMO,Masculino,0
BOLIVIA,2024,ANTIGITANISMO,Ambos sexos,0
BOLIVIA,2024,ANTIGITANISMO,Femenino,0
BOLIVIA,2024,ANTIGITANISMO,Masculino,0
BRASIL,2024,ANTIGITANISMO,Ambos sexos,0
BRASIL,2024,ANTIGITANISMO,Femenino,0
BRASIL,2024,ANTIGITANISMO,Masculino,0
BULGARIA,2024,ANTIGITANISMO,Ambos sexos,0
BULGARIA,2024,ANTIGITANISMO,Femenino,0
BULGARIA,2024,ANTIGITANISMO,Masculino,0
BÉLGICA,2024,ANTIGITANISMO,Ambos sexos,0
BÉLGICA,2024,ANTIGITANISMO,Femenino,0
BÉLGICA,2024,ANTIGITANISMO,Masculino,0
CAMERÚN,2024,ANTIGITANISMO,Ambos sexos,0
CAMERÚN,2024,ANTIGITANISMO,Femenino,0
CAMERÚN,2024,ANTIGITANISMO,Masculino,0
CENTRO ÁFRICANA REPÚBLICA,2024,ANTIGITANISMO,Ambos sexos,0
CENTRO ÁFRICANA REPÚBLICA,2024,ANTIGITANISMO,Femenino,0
CENTRO ÁFRICANA REPÚBLICA,2024,ANTIGITANISMO,Masculino,0
CHILE,2024,ANTIGITANISMO,Ambos sexos,0
CHILE,2024,ANTIGITANISMO,Femenino,0
CHILE,2024,ANTIGITANISMO,Masculino,0
CHINA POPULAR,2024,ANTIGITANISMO,Ambos sexos,0
CHINA POPULAR,2024,ANTIGITANISMO,Femenino,0
CHINA POPULAR,2024,ANTIGITANISMO,Masculino,0
COLOMBIA,2024,ANTIGITANISMO,Ambos sexos,0
COLOMBIA,2024,ANTIGITANISMO,Femenino,0
COLOMBIA,2024,ANTIGITANISMO,Masculino,0
CONGO-BRAZZAVILLE,2024,ANTIGITANISMO,Ambos sexos,0
CONGO-BRAZZAVILLE,2024,ANTIGITANISMO,Femenino,0
CONGO-BRAZZAVILLE,2024,ANTIGITANISMO,Masculino,0
COSTA DE MARFIL,2024,ANTIGITANISMO,Ambos sexos,0
COSTA DE MARFIL,2024,ANTIGITANISMO,Femenino,0
COSTA DE MARFIL,2024,ANTIGITANISMO,Masculino,0
CROACIA,2024,ANTIGITANISMO,Ambos sexos,0
CROACIA,2024,ANTIGITANISMO,Femenino,0
CROACIA,2024,ANTIGITANISMO,Masculino,0
CUBA,2024,ANTIGITANISMO,Ambos sexos,0
CUBA,2024,ANTIGITANISMO,Femenino,0
CUBA,2024,ANTIGITANISMO,Masculino,0
ECUADOR,2024,ANTIGITANISMO,Ambos sexos,0
ECUADOR,2024,ANTIGITANISMO,Femenino,0
ECUADOR,2024,ANTIGITANISMO,Masculino,0
EE.UU.,2024,ANTIGITANISMO,Ambos sexos,0
EE.UU.,2024,ANTIGITANISMO,Femenino,0
EE.UU.,2024,ANTIGITANISMO,Masculino,0
EGIPTO,2024,ANTIGITANISMO,Ambos sexos,0
EGIPTO,2024,ANTIGITANISMO,Femenino,0
EGIPTO,2024,ANTIGITANISMO,Masculino,0
EL SALVADOR,2024,ANTIGITANISMO,Ambos sexos,0
EL SALVADOR,2024,ANTIGITANISMO,Femenino,0
EL SALVADOR,2024,ANTIGITANISMO,Masculino,0
ERITREA,2024,ANTIGITANISMO,Ambos sexos,0
ERITREA,2024,ANTIGITANISMO,Femenino,0
ERITREA,2024,ANTIGITANISMO,Masculino,0
ESLOVAQUIA,2024,ANTIGITANISMO,Ambos sexos,0
ESLOVAQUIA,2024,ANTIGITANISMO,Femenino,0
ESLOVAQUIA,2024,ANTIGITANISMO,Masculino,0
ESPAÑA,2024,ANTIGITANISMO,Ambos sexos,7
ESPAÑA,2024,ANTIGITANISMO,Femenino,0
ESPAÑA,2024,ANTIGITANISMO,Masculino,7
ESTONIA,2024,ANTIGITANISMO,Ambos sexos,0
ESTONIA,2024,ANTIGITANISMO,Femenino,0
ESTONIA,2024,ANTIGITANISMO,Masculino,0
FILIPINAS,2024,ANTIGITANISMO,Ambos sexos,0
FILIPINAS,2024,ANTIGITANISMO,Femenino,0
FILIPINAS,2024,ANTIGITANISMO,Masculino,0
FRANCIA,2024,ANTIGITANISMO,Ambos sexos,0
FRANCIA,2024,ANTIGITANISMO,Femenino,0
FRANCIA,2024,ANTIGITANISMO,Masculino,0
GAMBIA,2024,ANTIGITANISMO,Ambos sexos,0
GAMBIA,2024,ANTIGITANISMO,Femenino,0
GAMBIA,2024,ANTIGITANISMO,Masculino,0
GEORGIA,2024,ANTIGITANISMO,Ambos sexos,0
GEORGIA,2024,ANTIGITANISMO,Femenino,0
GEORGIA,2024,ANTIGITANISMO,Masculino,0
GHANA,2024,ANTIGITANISMO,Ambos sexos,0
GHANA,2024,ANTIGITANISMO,Femenino,0
GHANA,2024,ANTIGITANISMO,Masculino,0
GRECIA,2024,ANTIGITANISMO,Ambos sexos,0
GRECIA,2024,ANTIGITANISMO,Femenino,0
GRECIA,2024,ANTIGITANISMO,Masculino,0
GUATEMALA,2024,ANTIGITANISMO,Ambos sexos,0
GUATEMALA,2024,ANTIGITANISMO,Femenino,0
GUATEMALA,2024,ANTIGITANISMO,Masculino,0
GUINEA ECUATORIAL,2024,ANTIGITANISMO,Ambos sexos,0
GUINEA ECUATORIAL,2024,ANTIGITANISMO,Femenino,0
GUINEA ECUATORIAL,2024,ANTIGITANISMO,Masculino,0
GUINEA REP.,2024,ANTIGITANISMO,Ambos sexos,0
GUINEA REP.,2024,ANTIGITANISMO,Femenino,0
GUINEA REP.,2024,ANTIGITANISMO,Masculino,0
HAITI,2024,ANTIGITANISMO,Ambos sexos,0
HAITI,2024,ANTIGITANISMO,Femenino,0
HAITI,2024,ANTIGITANISMO,Masculino,0
HOLANDA,2024,ANTIGITANISMO,Ambos sexos,0
HOLANDA,2024,ANTIGITANISMO,Femenino,0
HOLANDA,2024,ANTIGITANISMO,Masculino,0
HONDURAS,2024,ANTIGITANISMO,Ambos sexos,0
HONDURAS,2024,ANTIGITANISMO,Femenino,0
HONDURAS,2024,ANTIGITANISMO,Masculino,0
INDIA,2024,ANTIGITANISMO,Ambos sexos,0
INDIA,2024,ANTIGITANISMO,Femenino,0
INDIA,2024,ANTIGITANISMO,Masculino,0
IRLANDA,2024,ANTIGITANISMO,Ambos sexos,0
IRLANDA,2024,ANTIGITANISMO,Femenino,0
IRLANDA,2024,ANTIGITANISMO,Masculino,0
IRÁN,2024,ANTIGITANISMO,Ambos sexos,0
IRÁN,2024,ANTIGITANISMO,Femenino,0
IRÁN,2024,ANTIGITANISMO,Masculino,0
ISRAEL,2024,ANTIGITANISMO,Ambos sexos,0
ISRAEL,2024,ANTIGITANISMO,Femenino,0
ISRAEL,2024,ANTIGITANISMO,Masculino,0
ITALIA,2024,ANTIGITANISMO,Ambos sexos,0
ITALIA,2024,ANTIGITANISMO,Femenino,0
ITALIA,2024,ANTIGITANISMO,Masculino,0
LETONIA,2024,ANTIGITANISMO,Ambos sexos,0
LETONIA,2024,ANTIGITANISMO,Femenino,0
LETONIA,2024,ANTIGITANISMO,Masculino,0
LIBERIA,2024,ANTIGITANISMO,Ambos sexos,0
LIBERIA,2024,ANTIGITANISMO,Femenino,0
LIBERIA,2024,ANTIGITANISMO,Masculino,0
LIBIA,2024,ANTIGITANISMO,Ambos sexos,0
LIBIA,2024,ANTIGITANISMO,Femenino,0
LIBIA,2024,ANTIGITANISMO,Masculino,0
LITUANIA,2024,ANTIGITANISMO,Ambos sexos,0
LITUANIA,2024,ANTIGITANISMO,Femenino,0
LITUANIA,2024,ANTIGITANISMO,Masculino,0
LÍBANO,2024,ANTIGITANISMO,Ambos sexos,0
LÍBANO,2024,ANTIGITANISMO,Femenino,0
LÍBANO,2024,ANTIGITANISMO,Masculino,0
MALI,2024,ANTIGITANISMO,Ambos sexos,0
MALI,2024,ANTIGITANISMO,Femenino,0
MALI,2024,ANTIGITANISMO,Masculino,0
MARRUECOS,2024,ANTIGITANISMO,Ambos sexos,2
MARRUECOS,2024,ANTIGITANISMO,Femenino,0
MARRUECOS,2024,ANTIGITANISMO,Masculino,2
MAURITANIA,2024,ANTIGITANISMO,Ambos sexos,0
MAURITANIA,2024,ANTIGITANISMO,Femenino,0
MAURITANIA,2024,ANTIGITANISMO,Masculino,0
MOLDAVIA,2024,ANTIGITANISMO,Ambos sexos,0
MOLDAVIA,2024,ANTIGITANISMO,Femenino,0
MOLDAVIA,2024,ANTIGITANISMO,Masculino,0
MONGOLIA,2024,ANTIGITANISMO,Ambos sexos,0
MONGOLIA,2024,ANTIGITANISMO,Femenino,0
MONGOLIA,2024,ANTIGITANISMO,Masculino,0
NEPAL,2024,ANTIGITANISMO,Ambos sexos,0
NEPAL,2024,ANTIGITANISMO,Femenino,0
NEPAL,2024,ANTIGITANISMO,Masculino,0
NICARAGUA,2024,ANTIGITANISMO,Ambos sexos,0
NICARAGUA,2024,ANTIGITANISMO,Femenino,0
NICARAGUA,2024,ANTIGITANISMO,Masculino,0
NIGERIA,2024,ANTIGITANISMO,Ambos sexos,0
NIGERIA,2024,ANTIGITANISMO,Femenino,0
NIGERIA,2024,ANTIGITANISMO,Masculino,0
NÍGER REP.,2024,ANTIGITANISMO,Ambos sexos,0
NÍGER REP.,2024,ANTIGITANISMO,Femenino,0
NÍGER REP.,2024,ANTIGITANISMO,Masculino,0
PANAMA,2024,ANTIGITANISMO,Ambos sexos,0
PANAMA,2024,ANTIGITANISMO,Femenino,0
PANAMA,2024,ANTIGITANISMO,Masculino,0
PAQUISTÁN,2024,ANTIGITANISMO,Ambos sexos,0
PAQUISTÁN,2024,ANTIGITANISMO,Femenino,0
PAQUISTÁN,2024,ANTIGITANISMO,Masculino,0
PARAGUAY,2024,ANTIGITANISMO,Ambos sexos,0
PARAGUAY,2024,ANTIGITANISMO,Femenino,0
PARAGUAY,2024,ANTIGITANISMO,Masculino,0
PAÍS DESCONOCIDO,2024,ANTIGITANISMO,Ambos sexos,0
PAÍS DESCONOCIDO,2024,ANTIGITANISMO,Femenino,0
PAÍS DESCONOCIDO,2024,ANTIGITANISMO,Masculino,0
PAÍS NO CODIFICADO,2024,ANTIGITANISMO,Ambos sexos,0
PAÍS NO CODIFICADO,2024,ANTIGITANISMO,Femenino,0
PAÍS NO CODIFICADO,2024,ANTIGITANISMO,Masculino,0
PERÚ,2024,ANTIGITANISMO,Ambos sexos,0
PERÚ,2024,ANTIGITANISMO,Femenino,0
PERÚ,2024,ANTIGITANISMO,Masculino,0
POLONIA,2024,ANTIGITANISMO,Ambos sexos,0
POLONIA,2024,ANTIGITANISMO,Femenino,0
POLONIA,2024,ANTIGITANISMO,Masculino,0
PORTUGAL,2024,ANTIGITANISMO,Ambos sexos,0
PORTUGAL,2024,ANTIGITANISMO,Femenino,0
PORTUGAL,2024,ANTIGITANISMO,Masculino,0
REINO UNIDO,2024,ANTIGITANISMO,Ambos sexos,0
REINO UNIDO,2024,ANTIGITANISMO,Femenino,0
REINO UNIDO,2024,ANTIGITANISMO,Masculino,0
REPÚBLICA CHECA,2024,ANTIGITANISMO,Ambos sexos,0
REPÚBLICA CHECA,2024,ANTIGITANISMO,Femenino,0
REPÚBLICA CHECA,2024,ANTIGITANISMO,Masculino,0
REPÚBLICA DOMINICANA,2024,ANTIGITANISMO,Ambos sexos,0
REPÚBLICA DOMINICANA,2024,ANTIGITANISMO,Femenino,0
REPÚBLICA DOMINICANA,2024,ANTIGITANISMO,Masculino,0
RUMANÍA,2024,ANTIGITANISMO,Ambos sexos,0
RUMANÍA,2024,ANTIGITANISMO,Femenino,0
RUMANÍA,2024,ANTIGITANISMO,Masculino,0
RUSIA,2024,ANTIGITANISMO,Ambos sexos,0
RUSIA,2024,ANTIGITANISMO,Femenino,0
RUSIA,2024,ANTIGITANISMO,Masculino,0
SENEGAL,2024,ANTIGITANISMO,Ambos sexos,0
SENEGAL,2024,ANTIGITANISMO,Femenino,0
SENEGAL,2024,ANTIGITANISMO,Masculino,0
SERBIA (YUGOSLAVIA),2024,ANTIGITANISMO,Ambos sexos,0
SERBIA (YUGOSLAVIA),2024,ANTIGITANISMO,Femenino,0
SERBIA (YUGOSLAVIA),2024,ANTIGITANISMO,Masculino,0
SIERRA LEONA,2024,ANTIGITANISMO,Ambos sexos,0
SIERRA LEONA,2024,ANTIGITANISMO,Femenino,0
SIERRA LEONA,2024,ANTIGITANISMO,Masculino,0
SIRIA,2024,ANTIGITANISMO,Ambos sexos,0
SIRIA,2024,ANTIGITANISMO,Femenino,0
SIRIA,2024,ANTIGITANISMO,Masculino,0
SUDÁFRICA R.,2024,ANTIGITANISMO,Ambos sexos,0
SUDÁFRICA R.,2024,ANTIGITANISMO,Femenino,0
SUDÁFRICA R.,2024,ANTIGITANISMO,Masculino,0
SUECIA,2024,ANTIGITANISMO,Ambos sexos,0
SUECIA,2024,ANTIGITANISMO,Femenino,0
SUECIA,2024,ANTIGITANISMO,Masculino,0
SUIZA,2024,ANTIGITANISMO,Ambos sexos,0
SUIZA,2024,ANTIGITANISMO,Femenino,0
SUIZA,2024,ANTIGITANISMO,Masculino,0
TOTAL nacionalidad,2024,ANTIGITANISMO,Ambos sexos,9
TOTAL nacionalidad,2024,ANTIGITANISMO,Femenino,0
TOTAL nacionalidad,2024,ANTIGITANISMO,Masculino,9
TURQUÍA,2024,ANTIGITANISMO,Ambos sexos,0
TURQUÍA,2024,ANTIGITANISMO,Femenino,0
TURQUÍA,2024,ANTIGITANISMO,Masculino,0
TÚNEZ,2024,ANTIGITANISMO,Ambos sexos,0
TÚNEZ,2024,ANTIGITANISMO,Femenino,0
TÚNEZ,2024,ANTIGITANISMO,Masculino,0
UCRANIA,2024,ANTIGITANISMO,Ambos sexos,0
UCRANIA,2024,ANTIGITANISMO,Femenino,0
UCRANIA,2024,ANTIGITANISMO,Masculino,0
URUGUAY,2024,ANTIGITANISMO,Ambos sexos,0
URUGUAY,2024,ANTIGITANISMO,Femenino,0
URUGUAY,2024,ANTIGITANISMO,Masculino,0
VENEZUELA,2024,ANTIGITANISMO,Ambos sexos,0
VENEZUELA,2024,ANTIGITANISMO,Femenino,0
VENEZUELA,2024,ANTIGITANISMO,Masculino,0
ZAMBIA,2024,ANTIGITANISMO,Ambos sexos,0
ZAMBIA,2024,ANTIGITANISMO,Femenino,0
ZAMBIA,2024,ANTIGITANISMO,Masculino,0
ALBANIA,2024,ANTISEMITISMO,Ambos sexos,0
ALBANIA,2024,ANTISEMITISMO,Femenino,0
ALBANIA,2024,ANTISEMITISMO,Masculino,0
ALEMANIA,2024,ANTISEMITISMO,Ambos sexos,0
ALEMANIA,2024,ANTISEMITISMO,Femenino,0
ALEMANIA,2024,ANTISEMITISMO,Masculino,0
ANDORRA,2024,ANTISEMITISMO,Ambos sexos,0
ANDORRA,2024,ANTISEMITISMO,Femenino,0
ANDORRA,2024,ANTISEMITISMO,Masculino,0
ANGOLA,2024,ANTISEMITISMO,Ambos sexos,0
ANGOLA,2024,ANTISEMITISMO,Femenino,0
ANGOLA,2024,ANTISEMITISMO,Masculino,0
ARGELIA,2024,ANTISEMITISMO,Ambos sexos,1
ARGELIA,2024,ANTISEMITISMO,Femenino,0
ARGELIA,2024,ANTISEMITISMO,Masculino,1
ARGENTINA,2024,ANTISEMITISMO,Ambos sexos,0
ARGENTINA,2024,ANTISEMITISMO,Femenino,0
ARGENTINA,2024,ANTISEMITISMO,Masculino,0
ARMENIA,2024,ANTISEMITISMO,Ambos sexos,0
ARMENIA,2024,ANTISEMITISMO,Femenino,0
ARMENIA,2024,ANTISEMITISMO,Masculino,0
BANGLADESH,2024,ANTISEMITISMO,Ambos sexos,0
BANGLADESH,2024,ANTISEMITISMO,Femenino,0
BANGLADESH,2024,ANTISEMITISMO,Masculino,0
BIELORRUSIA,2024,ANTISEMITISMO,Ambos sexos,0
BIELORRUSIA,2024,ANTISEMITISMO,Femenino,0
BIELORRUSIA,2024,ANTISEMITISMO,Masculino,0
BOLIVIA,2024,ANTISEMITISMO,Ambos sexos,0
BOLIVIA,2024,ANTISEMITISMO,Femenino,0
BOLIVIA,2024,ANTISEMITISMO,Masculino,0
BRASIL,2024,ANTISEMITISMO,Ambos sexos,0
BRASIL,2024,ANTISEMITISMO,Femenino,0
BRASIL,2024,ANTISEMITISMO,Masculino,0
BULGARIA,2024,ANTISEMITISMO,Ambos sexos,0
BULGARIA,2024,ANTISEMITISMO,Femenino,0
BULGARIA,2024,ANTISEMITISMO,Masculino,0
BÉLGICA,2024,ANTISEMITISMO,Ambos sexos,0
BÉLGICA,2024,ANTISEMITISMO,Femenino,0
BÉLGICA,2024,ANTISEMITISMO,Masculino,0
CAMERÚN,2024,ANTISEMITISMO,Ambos sexos,0
CAMERÚN,2024,ANTISEMITISMO,Femenino,0
CAMERÚN,2024,ANTISEMITISMO,Masculino,0
CENTRO ÁFRICANA REPÚBLICA,2024,ANTISEMITISMO,Ambos sexos,0
CENTRO ÁFRICANA REPÚBLICA,2024,ANTISEMITISMO,Femenino,0
CENTRO ÁFRICANA REPÚBLICA,2024,ANTISEMITISMO,Masculino,0
CHILE,2024,ANTISEMITISMO,Ambos sexos,0
CHILE,2024,ANTISEMITISMO,Femenino,0
CHILE,2024,ANTISEMITISMO,Masculino,0
CHINA POPULAR,2024,ANTISEMITISMO,Ambos sexos,0
CHINA POPULAR,2024,ANTISEMITISMO,Femenino,0
CHINA POPULAR,2024,ANTISEMITISMO,Masculino,0
COLOMBIA,2024,ANTISEMITISMO,Ambos sexos,0
COLOMBIA,2024,ANTISEMITISMO,Femenino,0
COLOMBIA,2024,ANTISEMITISMO,Masculino,0
CONGO-BRAZZAVILLE,2024,ANTISEMITISMO,Ambos sexos,0
CONGO-BRAZZAVILLE,2024,ANTISEMITISMO,Femenino,0
CONGO-BRAZZAVILLE,2024,ANTISEMITISMO,Masculino,0
COSTA DE MARFIL,2024,ANTISEMITISMO,Ambos sexos,0
COSTA DE MARFIL,2024,ANTISEMITISMO,Femenino,0
COSTA DE MARFIL,2024,ANTISEMITISMO,Masculino,0
CROACIA,2024,ANTISEMITISMO,Ambos sexos,0
CROACIA,2024,ANTISEMITISMO,Femenino,0
CROACIA,2024,ANTISEMITISMO,Masculino,0
CUBA,2024,ANTISEMITISMO,Ambos sexos,0
CUBA,2024,ANTISEMITISMO,Femenino,0
CUBA,2024,ANTISEMITISMO,Masculino,0
ECUADOR,2024,ANTISEMITISMO,Ambos sexos,0
ECUADOR,2024,ANTISEMITISMO,Femenino,0
ECUADOR,2024,ANTISEMITISMO,Masculino,0
EE.UU.,2024,ANTISEMITISMO,Ambos sexos,0
EE.UU.,2024,ANTISEMITISMO,Femenino,0
EE.UU.,2024,ANTISEMITISMO,Masculino,0
EGIPTO,2024,ANTISEMITISMO,Ambos sexos,0
EGIPTO,2024,ANTISEMITISMO,Femenino,0
EGIPTO,2024,ANTISEMITISMO,Masculino,0
EL SALVADOR,2024,ANTISEMITISMO,Ambos sexos,0
EL SALVADOR,2024,ANTISEMITISMO,Femenino,0
EL SALVADOR,2024,ANTISEMITISMO,Masculino,0
ERITREA,2024,ANTISEMITISMO,Ambos sexos,0
ERITREA,2024,ANTISEMITISMO,Femenino,0
ERITREA,2024,ANTISEMITISMO,Masculino,0
ESLOVAQUIA,2024,ANTISEMITISMO,Ambos sexos,0
ESLOVAQUIA,2024,ANTISEMITISMO,Femenino,0
ESLOVAQUIA,2024,ANTISEMITISMO,Masculino,0
ESPAÑA,2024,ANTISEMITISMO,Ambos sexos,6
ESPAÑA,2024,ANTISEMITISMO,Femenino,0
ESPAÑA,2024,ANTISEMITISMO,Masculino,6
ESTONIA,2024,ANTISEMITISMO,Ambos sexos,0
ESTONIA,2024,ANTISEMITISMO,Femenino,0
ESTONIA,2024,ANTISEMITISMO,Masculino,0
FILIPINAS,2024,ANTISEMITISMO,Ambos sexos,0
FILIPINAS,2024,ANTISEMITISMO,Femenino,0
FILIPINAS,2024,ANTISEMITISMO,Masculino,0
FRANCIA,2024,ANTISEMITISMO,Ambos sexos,0
FRANCIA,2024,ANTISEMITISMO,Femenino,0
FRANCIA,2024,ANTISEMITISMO,Masculino,0
GAMBIA,2024,ANTISEMITISMO,Ambos sexos,0
GAMBIA,2024,ANTISEMITISMO,Femenino,0
GAMBIA,2024,ANTISEMITISMO,Masculino,0
GEORGIA,2024,ANTISEMITISMO,Ambos sexos,0
GEORGIA,2024,ANTISEMITISMO,Femenino,0
GEORGIA,2024,ANTISEMITISMO,Masculino,0
GHANA,2024,ANTISEMITISMO,Ambos sexos,0
GHANA,2024,ANTISEMITISMO,Femenino,0
GHANA,2024,ANTISEMITISMO,Masculino,0
GRECIA,2024,ANTISEMITISMO,Ambos sexos,0
GRECIA,2024,ANTISEMITISMO,Femenino,0
GRECIA,2024,ANTISEMITISMO,Masculino,0
GUATEMALA,2024,ANTISEMITISMO,Ambos sexos,0
GUATEMALA,2024,ANTISEMITISMO,Femenino,0
GUATEMALA,2024,ANTISEMITISMO,Masculino,0
GUINEA ECUATORIAL,2024,ANTISEMITISMO,Ambos sexos,0
GUINEA ECUATORIAL,2024,ANTISEMITISMO,Femenino,0
GUINEA ECUATORIAL,2024,ANTISEMITISMO,Masculino,0
GUINEA REP.,2024,ANTISEMITISMO,Ambos sexos,0
GUINEA REP.,2024,ANTISEMITISMO,Femenino,0
GUINEA REP.,2024,ANTISEMITISMO,Masculino,0
HAITI,2024,ANTISEMITISMO,Ambos sexos,0
HAITI,2024,ANTISEMITISMO,Femenino,0
HAITI,2024,ANTISEMITISMO,Masculino,0
HOLANDA,2024,ANTISEMITISMO,Ambos sexos,0
HOLANDA,2024,ANTISEMITISMO,Femenino,0
HOLANDA,2024,ANTISEMITISMO,Masculino,0
HONDURAS,2024,ANTISEMITISMO,Ambos sexos,0
HONDURAS,2024,ANTISEMITISMO,Femenino,0
HONDURAS,2024,ANTISEMITISMO,Masculino,0
INDIA,2024,ANTISEMITISMO,Ambos sexos,0
INDIA,2024,ANTISEMITISMO,Femenino,0
INDIA,2024,ANTISEMITISMO,Masculino,0
IRLANDA,2024,ANTISEMITISMO,Ambos sexos,0
IRLANDA,2024,ANTISEMITISMO,Femenino,0
IRLANDA,2024,ANTISEMITISMO,Masculino,0
IRÁN,2024,ANTISEMITISMO,Ambos sexos,0
IRÁN,2024,ANTISEMITISMO,Femenino,0
IRÁN,2024,ANTISEMITISMO,Masculino,0
ISRAEL,2024,ANTISEMITISMO,Ambos sexos,0
ISRAEL,2024,ANTISEMITISMO,Femenino,0
ISRAEL,2024,ANTISEMITISMO,Masculino,0
ITALIA,2024,ANTISEMITISMO,Ambos sexos,0
ITALIA,2024,ANTISEMITISMO,Femenino,0
ITALIA,2024,ANTISEMITISMO,Masculino,0
LETONIA,2024,ANTISEMITISMO,Ambos sexos,0
LETONIA,2024,ANTISEMITISMO,Femenino,0
LETONIA,2024,ANTISEMITISMO,Masculino,0
LIBERIA,2024,ANTISEMITISMO,Ambos sexos,0
LIBERIA,2024,ANTISEMITISMO,Femenino,0
LIBERIA,2024,ANTISEMITISMO,Masculino,0
LIBIA,2024,ANTISEMITISMO,Ambos sexos,0
LIBIA,2024,ANTISEMITISMO,Femenino,0
LIBIA,2024,ANTISEMITISMO,Masculino,0
LITUANIA,2024,ANTISEMITISMO,Ambos sexos,0
LITUANIA,2024,ANTISEMITISMO,Femenino,0
LITUANIA,2024,ANTISEMITISMO,Masculino,0
LÍBANO,2024,ANTISEMITISMO,Ambos sexos,1
LÍBANO,2024,ANTISEMITISMO,Femenino,0
LÍBANO,2024,ANTISEMITISMO,Masculino,1
MALI,2024,ANTISEMITISMO,Ambos sexos,0
MALI,2024,ANTISEMITISMO,Femenino,0
MALI,2024,ANTISEMITISMO,Masculino,0
MARRUECOS,2024,ANTISEMITISMO,Ambos sexos,0
MARRUECOS,2024,ANTISEMITISMO,Femenino,0
MARRUECOS,2024,ANTISEMITISMO,Masculino,0
MAURITANIA,2024,ANTISEMITISMO,Ambos sexos,0
MAURITANIA,2024,ANTISEMITISMO,Femenino,0
MAURITANIA,2024,ANTISEMITISMO,Masculino,0
MOLDAVIA,2024,ANTISEMITISMO,Ambos sexos,0
MOLDAVIA,2024,ANTISEMITISMO,Femenino,0
MOLDAVIA,2024,ANTISEMITISMO,Masculino,0
MONGOLIA,2024,ANTISEMITISMO,Ambos sexos,0
MONGOLIA,2024,ANTISEMITISMO,Femenino,0
MONGOLIA,2024,ANTISEMITISMO,Masculino,0
NEPAL,2024,ANTISEMITISMO,Ambos sexos,0
NEPAL,2024,ANTISEMITISMO,Femenino,0
NEPAL,2024,ANTISEMITISMO,Masculino,0
NICARAGUA,2024,ANTISEMITISMO,Ambos sexos,0
NICARAGUA,2024,ANTISEMITISMO,Femenino,0
NICARAGUA,2024,ANTISEMITISMO,Masculino,0
NIGERIA,2024,ANTISEMITISMO,Ambos sexos,0
NIGERIA,2024,ANTISEMITISMO,Femenino,0
NIGERIA,2024,ANTISEMITISMO,Masculino,0
NÍGER REP.,2024,ANTISEMITISMO,Ambos sexos,0
NÍGER REP.,2024,ANTISEMITISMO,Femenino,0
NÍGER REP.,2024,ANTISEMITISMO,Masculino,0
PANAMA,2024,ANTISEMITISMO,Ambos sexos,0
PANAMA,2024,ANTISEMITISMO,Femenino,0
PANAMA,2024,ANTISEMITISMO,Masculino,0
PAQUISTÁN,2024,ANTISEMITISMO,Ambos sexos,0
PAQUISTÁN,2024,ANTISEMITISMO,Femenino,0
PAQUISTÁN,2024,ANTISEMITISMO,Masculino,0
PARAGUAY,2024,ANTISEMITISMO,Ambos sexos,0
PARAGUAY,2024,ANTISEMITISMO,Femenino,0
PARAGUAY,2024,ANTISEMITISMO,Masculino,0
PAÍS DESCONOCIDO,2024,ANTISEMITISMO,Ambos sexos,0
PAÍS DESCONOCIDO,2024,ANTISEMITISMO,Femenino,0
PAÍS DESCONOCIDO,2024,ANTISEMITISMO,Masculino,0
PAÍS NO CODIFICADO,2024,ANTISEMITISMO,Ambos sexos,1
PAÍS NO CODIFICADO,2024,ANTISEMITISMO,Femenino,0
PAÍS NO CODIFICADO,2024,ANTISEMITISMO,Masculino,1
PERÚ,2024,ANTISEMITISMO,Ambos sexos,0
PERÚ,2024,ANTISEMITISMO,Femenino,0
PERÚ,2024,ANTISEMITISMO,Masculino,0
POLONIA,2024,ANTISEMITISMO,Ambos sexos,0
POLONIA,2024,ANTISEMITISMO,Femenino,0
POLONIA,2024,ANTISEMITISMO,Masculino,0
PORTUGAL,2024,ANTISEMITISMO,Ambos sexos,0
PORTUGAL,2024,ANTISEMITISMO,Femenino,0
PORTUGAL,2024,ANTISEMITISMO,Masculino,0
REINO UNIDO,2024,ANTISEMITISMO,Ambos sexos,0
REINO UNIDO,2024,ANTISEMITISMO,Femenino,0
REINO UNIDO,2024,ANTISEMITISMO,Masculino,0
REPÚBLICA CHECA,2024,ANTISEMITISMO,Ambos sexos,0
REPÚBLICA CHECA,2024,ANTISEMITISMO,Femenino,0
REPÚBLICA CHECA,2024,ANTISEMITISMO,Masculino,0
REPÚBLICA DOMINICANA,2024,ANTISEMITISMO,Ambos sexos,0
REPÚBLICA DOMINICANA,2024,ANTISEMITISMO,Femenino,0
REPÚBLICA DOMINICANA,2024,ANTISEMITISMO,Masculino,0
RUMANÍA,2024,ANTISEMITISMO,Ambos sexos,1
RUMANÍA,2024,ANTISEMITISMO,Femenino,0
RUMANÍA,2024,ANTISEMITISMO,Masculino,1
RUSIA,2024,ANTISEMITISMO,Ambos sexos,0
RUSIA,2024,ANTISEMITISMO,Femenino,0
RUSIA,2024,ANTISEMITISMO,Masculino,0
SENEGAL,2024,ANTISEMITISMO,Ambos sexos,0
SENEGAL,2024,ANTISEMITISMO,Femenino,0
SENEGAL,2024,ANTISEMITISMO,Masculino,0
SERBIA (YUGOSLAVIA),2024,ANTISEMITISMO,Ambos sexos,0
SERBIA (YUGOSLAVIA),2024,ANTISEMITISMO,Femenino,0
SERBIA (YUGOSLAVIA),2024,ANTISEMITISMO,Masculino,0
SIERRA LEONA,2024,ANTISEMITISMO,Ambos sexos,0
SIERRA LEONA,2024,ANTISEMITISMO,Femenino,0
SIERRA LEONA,2024,ANTISEMITISMO,Masculino,0
SIRIA,2024,ANTISEMITISMO,Ambos sexos,1
SIRIA,2024,ANTISEMITISMO,Femenino,0
SIRIA,2024,ANTISEMITISMO,Masculino,1
SUDÁFRICA R.,2024,ANTISEMITISMO,Ambos sexos,0
SUDÁFRICA R.,2024,ANTISEMITISMO,Femenino,0
SUDÁFRICA R.,2024,ANTISEMITISMO,Masculino,0
SUECIA,2024,ANTISEMITISMO,Ambos sexos,0
SUECIA,2024,ANTISEMITISMO,Femenino,0
SUECIA,2024,ANTISEMITISMO,Masculino,0
SUIZA,2024,ANTISEMITISMO,Ambos sexos,0
SUIZA,2024,ANTISEMITISMO,Femenino,0
SUIZA,2024,ANTISEMITISMO,Masculino,0
TOTAL nacionalidad,2024,ANTISEMITISMO,Ambos sexos,11
TOTAL nacionalidad,2024,ANTISEMITISMO,Femenino,0
TOTAL nacionalidad,2024,ANTISEMITISMO,Masculino,11
TURQUÍA,2024,ANTISEMITISMO,Ambos sexos,0
TURQUÍA,2024,ANTISEMITISMO,Femenino,0
TURQUÍA,2024,ANTISEMITISMO,Masculino,0
TÚNEZ,2024,ANTISEMITISMO,Ambos sexos,0
TÚNEZ,2024,ANTISEMITISMO,Femenino,0
TÚNEZ,2024,ANTISEMITISMO,Masculino,0
UCRANIA,2024,ANTISEMITISMO,Ambos sexos,0
UCRANIA,2024,ANTISEMITISMO,Femenino,0
UCRANIA,2024,ANTISEMITISMO,Masculino,0
URUGUAY,2024,ANTISEMITISMO,Ambos sexos,0
URUGUAY,2024,ANTISEMITISMO,Femenino,0
URUGUAY,2024,ANTISEMITISMO,Masculino,0
VENEZUELA,2024,ANTISEMITISMO,Ambos sexos,0
VENEZUELA,2024,ANTISEMITISMO,Femenino,0
VENEZUELA,2024,ANTISEMITISMO,Masculino,0
ZAMBIA,2024,ANTISEMITISMO,Ambos sexos,0
ZAMBIA,2024,ANTISEMITISMO,Femenino,0
ZAMBIA,2024,ANTISEMITISMO,Masculino,0
ALBANIA,2024,APOROFOBIA,Ambos sexos,0
ALBANIA,2024,APOROFOBIA,Femenino,0
ALBANIA,2024,APOROFOBIA,Masculino,0
ALEMANIA,2024,APOROFOBIA,Ambos sexos,0
ALEMANIA,2024,APOROFOBIA,Femenino,0
ALEMANIA,2024,APOROFOBIA,Masculino,0
ANDORRA,2024,APOROFOBIA,Ambos sexos,0
ANDORRA,2024,APOROFOBIA,Femenino,0
ANDORRA,2024,APOROFOBIA,Masculino,0
ANGOLA,2024,APOROFOBIA,Ambos sexos,0
ANGOLA,2024,APOROFOBIA,Femenino,0
ANGOLA,2024,APOROFOBIA,Masculino,0
ARGELIA,2024,APOROFOBIA,Ambos sexos,0
ARGELIA,2024,APOROFOBIA,Femenino,0
ARGELIA,2024,APOROFOBIA,Masculino,0
ARGENTINA,2024,APOROFOBIA,Ambos sexos,0
ARGENTINA,2024,APOROFOBIA,Femenino,0
ARGENTINA,2024,APOROFOBIA,Masculino,0
ARMENIA,2024,APOROFOBIA,Ambos sexos,0
ARMENIA,2024,APOROFOBIA,Femenino,0
ARMENIA,2024,APOROFOBIA,Masculino,0
BANGLADESH,2024,APOROFOBIA,Ambos sexos,0
BANGLADESH,2024,APOROFOBIA,Femenino,0
BANGLADESH,2024,APOROFOBIA,Masculino,0
BIELORRUSIA,2024,APOROFOBIA,Ambos sexos,0
BIELORRUSIA,2024,APOROFOBIA,Femenino,0
BIELORRUSIA,2024,APOROFOBIA,Masculino,0
BOLIVIA,2024,APOROFOBIA,Ambos sexos,0
BOLIVIA,2024,APOROFOBIA,Femenino,0
BOLIVIA,2024,APOROFOBIA,Masculino,0
BRASIL,2024,APOROFOBIA,Ambos sexos,0
BRASIL,2024,APOROFOBIA,Femenino,0
BRASIL,2024,APOROFOBIA,Masculino,0
BULGARIA,2024,APOROFOBIA,Ambos sexos,0
BULGARIA,2024,APOROFOBIA,Femenino,0
BULGARIA,2024,APOROFOBIA,Masculino,0
BÉLGICA,2024,APOROFOBIA,Ambos sexos,0
BÉLGICA,2024,APOROFOBIA,Femenino,0
BÉLGICA,2024,APOROFOBIA,Masculino,0
CAMERÚN,2024,APOROFOBIA,Ambos sexos,0
CAMERÚN,2024,APOROFOBIA,Femenino,0
CAMERÚN,2024,APOROFOBIA,Masculino,0
CENTRO ÁFRICANA REPÚBLICA,2024,APOROFOBIA,Ambos sexos,0
CENTRO ÁFRICANA REPÚBLICA,2024,APOROFOBIA,Femenino,0
CENTRO ÁFRICANA REPÚBLICA,2024,APOROFOBIA,Masculino,0
CHILE,2024,APOROFOBIA,Ambos sexos,0
CHILE,2024,APOROFOBIA,Femenino,0
CHILE,2024,APOROFOBIA,Masculino,0
CHINA POPULAR,2024,APOROFOBIA,Ambos sexos,0
CHINA POPULAR,2024,APOROFOBIA,Femenino,0
CHINA POPULAR,2024,APOROFOBIA,Masculino,0
COLOMBIA,2024,APOROFOBIA,Ambos sexos,0
COLOMBIA,2024,APOROFOBIA,Femenino,0
COLOMBIA,2024,APOROFOBIA,Masculino,0
CONGO-BRAZZAVILLE,2024,APOROFOBIA,Ambos sexos,0
CONGO-BRAZZAVILLE,2024,APOROFOBIA,Femenino,0
CONGO-BRAZZAVILLE,2024,APOROFOBIA,Masculino,0
COSTA DE MARFIL,2024,APOROFOBIA,Ambos sexos,0
COSTA DE MARFIL,2024,APOROFOBIA,Femenino,0
COSTA DE MARFIL,2024,APOROFOBIA,Masculino,0
CROACIA,2024,APOROFOBIA,Ambos sexos,0
CROACIA,2024,APOROFOBIA,Femenino,0
CROACIA,2024,APOROFOBIA,Masculino,0
CUBA,2024,APOROFOBIA,Ambos sexos,0
CUBA,2024,APOROFOBIA,Femenino,0
CUBA,2024,APOROFOBIA,Masculino,0
ECUADOR,2024,APOROFOBIA,Ambos sexos,0
ECUADOR,2024,APOROFOBIA,Femenino,0
ECUADOR,2024,APOROFOBIA,Masculino,0
EE.UU.,2024,APOROFOBIA,Ambos sexos,0
EE.UU.,2024,APOROFOBIA,Femenino,0
EE.UU.,2024,APOROFOBIA,Masculino,0
EGIPTO,2024,APOROFOBIA,Ambos sexos,0
EGIPTO,2024,APOROFOBIA,Femenino,0
EGIPTO,2024,APOROFOBIA,Masculino,0
EL SALVADOR,2024,APOROFOBIA,Ambos sexos,0
EL SALVADOR,2024,APOROFOBIA,Femenino,0
EL SALVADOR,2024,APOROFOBIA,Masculino,0
ERITREA,2024,APOROFOBIA,Ambos sexos,0
ERITREA,2024,APOROFOBIA,Femenino,0
ERITREA,2024,APOROFOBIA,Masculino,0
ESLOVAQUIA,2024,APOROFOBIA,Ambos sexos,0
ESLOVAQUIA,2024,APOROFOBIA,Femenino,0
ESLOVAQUIA,2024,APOROFOBIA,Masculino,0
ESPAÑA,2024,APOROFOBIA,Ambos sexos,20
ESPAÑA,2024,APOROFOBIA,Femenino,3
ESPAÑA,2024,APOROFOBIA,Masculino,17
ESTONIA,2024,APOROFOBIA,Ambos sexos,0
ESTONIA,2024,APOROFOBIA,Femenino,0
ESTONIA,2024,APOROFOBIA,Masculino,0
FILIPINAS,2024,APOROFOBIA,Ambos sexos,0
FILIPINAS,2024,APOROFOBIA,Femenino,0
FILIPINAS,2024,APOROFOBIA,Masculino,0
FRANCIA,2024,APOROFOBIA,Ambos sexos,0
FRANCIA,2024,APOROFOBIA,Femenino,0
FRANCIA,2024,APOROFOBIA,Masculino,0
GAMBIA,2024,APOROFOBIA,Ambos sexos,0
GAMBIA,2024,APOROFOBIA,Femenino,0
GAMBIA,2024,APOROFOBIA,Masculino,0
GEORGIA,2024,APOROFOBIA,Ambos sexos,0
GEORGIA,2024,APOROFOBIA,Femenino,0
GEORGIA,2024,APOROFOBIA,Masculino,0
GHANA,2024,APOROFOBIA,Ambos sexos,0
GHANA,2024,APOROFOBIA,Femenino,0
GHANA,2024,APOROFOBIA,Masculino,0
GRECIA,2024,APOROFOBIA,Ambos sexos,0
GRECIA,2024,APOROFOBIA,Femenino,0
GRECIA,2024,APOROFOBIA,Masculino,0
GUATEMALA,2024,APOROFOBIA,Ambos sexos,0
GUATEMALA,2024,APOROFOBIA,Femenino,0
GUATEMALA,2024,APOROFOBIA,Masculino,0
GUINEA ECUATORIAL,2024,APOROFOBIA,Ambos sexos,0
GUINEA ECUATORIAL,2024,APOROFOBIA,Femenino,0
GUINEA ECUATORIAL,2024,APOROFOBIA,Masculino,0
GUINEA REP.,2024,APOROFOBIA,Ambos sexos,0
GUINEA REP.,2024,APOROFOBIA,Femenino,0
GUINEA REP.,2024,APOROFOBIA,Masculino,0
HAITI,2024,APOROFOBIA,Ambos sexos,0
HAITI,2024,APOROFOBIA,Femenino,0
HAITI,2024,APOROFOBIA,Masculino,0
HOLANDA,2024,APOROFOBIA,Ambos sexos,0
HOLANDA,2024,APOROFOBIA,Femenino,0
HOLANDA,2024,APOROFOBIA,Masculino,0
HONDURAS,2024,APOROFOBIA,Ambos sexos,0
HONDURAS,2024,APOROFOBIA,Femenino,0
HONDURAS,2024,APOROFOBIA,Masculino,0
INDIA,2024,APOROFOBIA,Ambos sexos,0
INDIA,2024,APOROFOBIA,Femenino,0
INDIA,2024,APOROFOBIA,Masculino,0
IRLANDA,2024,APOROFOBIA,Ambos sexos,0
IRLANDA,2024,APOROFOBIA,Femenino,0
IRLANDA,2024,APOROFOBIA,Masculino,0
IRÁN,2024,APOROFOBIA,Ambos sexos,0
IRÁN,2024,APOROFOBIA,Femenino,0
IRÁN,2024,APOROFOBIA,Masculino,0
ISRAEL,2024,APOROFOBIA,Ambos sexos,0
ISRAEL,2024,APOROFOBIA,Femenino,0
ISRAEL,2024,APOROFOBIA,Masculino,0
ITALIA,2024,APOROFOBIA,Ambos sexos,0
ITALIA,2024,APOROFOBIA,Femenino,0
ITALIA,2024,APOROFOBIA,Masculino,0
LETONIA,2024,APOROFOBIA,Ambos sexos,0
LETONIA,2024,APOROFOBIA,Femenino,0
LETONIA,2024,APOROFOBIA,Masculino,0
LIBERIA,2024,APOROFOBIA,Ambos sexos,0
LIBERIA,2024,APOROFOBIA,Femenino,0
LIBERIA,2024,APOROFOBIA,Masculino,0
LIBIA,2024,APOROFOBIA,Ambos sexos,0
LIBIA,2024,APOROFOBIA,Femenino,0
LIBIA,2024,APOROFOBIA,Masculino,0
LITUANIA,2024,APOROFOBIA,Ambos sexos,0
LITUANIA,2024,APOROFOBIA,Femenino,0
LITUANIA,2024,APOROFOBIA,Masculino,0
LÍBANO,2024,APOROFOBIA,Ambos sexos,0
LÍBANO,2024,APOROFOBIA,Femenino,0
LÍBANO,2024,APOROFOBIA,Masculino,0
MALI,2024,APOROFOBIA,Ambos sexos,0
MALI,2024,APOROFOBIA,Femenino,0
MALI,2024,APOROFOBIA,Masculino,0
MARRUECOS,2024,APOROFOBIA,Ambos sexos,0
MARRUECOS,2024,APOROFOBIA,Femenino,0
MARRUECOS,2024,APOROFOBIA,Masculino,0
MAURITANIA,2024,APOROFOBIA,Ambos sexos,0
MAURITANIA,2024,APOROFOBIA,Femenino,0
MAURITANIA,2024,APOROFOBIA,Masculino,0
MOLDAVIA,2024,APOROFOBIA,Ambos sexos,0
MOLDAVIA,2024,APOROFOBIA,Femenino,0
MOLDAVIA,2024,APOROFOBIA,Masculino,0
MONGOLIA,2024,APOROFOBIA,Ambos sexos,0
MONGOLIA,2024,APOROFOBIA,Femenino,0
MONGOLIA,2024,APOROFOBIA,Masculino,0
NEPAL,2024,APOROFOBIA,Ambos sexos,0
NEPAL,2024,APOROFOBIA,Femenino,0
NEPAL,2024,APOROFOBIA,Masculino,0
NICARAGUA,2024,APOROFOBIA,Ambos sexos,0
NICARAGUA,2024,APOROFOBIA,Femenino,0
NICARAGUA,2024,APOROFOBIA,Masculino,0
NIGERIA,2024,APOROFOBIA,Ambos sexos,0
NIGERIA,2024,APOROFOBIA,Femenino,0
NIGERIA,2024,APOROFOBIA,Masculino,0
NÍGER REP.,2024,APOROFOBIA,Ambos sexos,0
NÍGER REP.,2024,APOROFOBIA,Femenino,0
NÍGER REP.,2024,APOROFOBIA,Masculino,0
PANAMA,2024,APOROFOBIA,Ambos sexos,0
PANAMA,2024,APOROFOBIA,Femenino,0
PANAMA,2024,APOROFOBIA,Masculino,0
PAQUISTÁN,2024,APOROFOBIA,Ambos sexos,0
PAQUISTÁN,2024,APOROFOBIA,Femenino,0
PAQUISTÁN,2024,APOROFOBIA,Masculino,0
PARAGUAY,2024,APOROFOBIA,Ambos sexos,0
PARAGUAY,2024,APOROFOBIA,Femenino,0
PARAGUAY,2024,APOROFOBIA,Masculino,0
PAÍS DESCONOCIDO,2024,APOROFOBIA,Ambos sexos,0
PAÍS DESCONOCIDO,2024,APOROFOBIA,Femenino,0
PAÍS DESCONOCIDO,2024,APOROFOBIA,Masculino,0
PAÍS NO CODIFICADO,2024,APOROFOBIA,Ambos sexos,0
PAÍS NO CODIFICADO,2024,APOROFOBIA,Femenino,0
PAÍS NO CODIFICADO,2024,APOROFOBIA,Masculino,0
PERÚ,2024,APOROFOBIA,Ambos sexos,0
PERÚ,2024,APOROFOBIA,Femenino,0
PERÚ,2024,APOROFOBIA,Masculino,0
POLONIA,2024,APOROFOBIA,Ambos sexos,0
POLONIA,2024,APOROFOBIA,Femenino,0
POLONIA,2024,APOROFOBIA,Masculino,0
PORTUGAL,2024,APOROFOBIA,Ambos sexos,0
PORTUGAL,2024,APOROFOBIA,Femenino,0
PORTUGAL,2024,APOROFOBIA,Masculino,0
REINO UNIDO,2024,APOROFOBIA,Ambos sexos,0
REINO UNIDO,2024,APOROFOBIA,Femenino,0
REINO UNIDO,2024,APOROFOBIA,Masculino,0
REPÚBLICA CHECA,2024,APOROFOBIA,Ambos sexos,0
REPÚBLICA CHECA,2024,APOROFOBIA,Femenino,0
REPÚBLICA CHECA,2024,APOROFOBIA,Masculino,0
REPÚBLICA DOMINICANA,2024,APOROFOBIA,Ambos sexos,0
REPÚBLICA DOMINICANA,2024,APOROFOBIA,Femenino,0
REPÚBLICA DOMINICANA,2024,APOROFOBIA,Masculino,0
RUMANÍA,2024,APOROFOBIA,Ambos sexos,0
RUMANÍA,2024,APOROFOBIA,Femenino,0
RUMANÍA,2024,APOROFOBIA,Masculino,0
RUSIA,2024,APOROFOBIA,Ambos sexos,0
RUSIA,2024,APOROFOBIA,Femenino,0
RUSIA,2024,APOROFOBIA,Masculino,0
SENEGAL,2024,APOROFOBIA,Ambos sexos,0
SENEGAL,2024,APOROFOBIA,Femenino,0
SENEGAL,2024,APOROFOBIA,Masculino,0
SERBIA (YUGOSLAVIA),2024,APOROFOBIA,Ambos sexos,0
SERBIA (YUGOSLAVIA),2024,APOROFOBIA,Femenino,0
SERBIA (YUGOSLAVIA),2024,APOROFOBIA,Masculino,0
SIERRA LEONA,2024,APOROFOBIA,Ambos sexos,0
SIERRA LEONA,2024,APOROFOBIA,Femenino,0
SIERRA LEONA,2024,APOROFOBIA,Masculino,0
SIRIA,2024,APOROFOBIA,Ambos sexos,0
SIRIA,2024,APOROFOBIA,Femenino,0
SIRIA,2024,APOROFOBIA,Masculino,0
SUDÁFRICA R.,2024,APOROFOBIA,Ambos sexos,0
SUDÁFRICA R.,2024,APOROFOBIA,Femenino,0
SUDÁFRICA R.,2024,APOROFOBIA,Masculino,0
SUECIA,2024,APOROFOBIA,Ambos sexos,0
SUECIA,2024,APOROFOBIA,Femenino,0
SUECIA,2024,APOROFOBIA,Masculino,0
SUIZA,2024,APOROFOBIA,Ambos sexos,0
SUIZA,2024,APOROFOBIA,Femenino,0
SUIZA,2024,APOROFOBIA,Masculino,0
TOTAL nacionalidad,2024,APOROFOBIA,Ambos sexos,20
TOTAL nacionalidad,2024,APOROFOBIA,Femenino,3
TOTAL nacionalidad,2024,APOROFOBIA,Masculino,17
TURQUÍA,2024,APOROFOBIA,Ambos sexos,0
TURQUÍA,2024,APOROFOBIA,Femenino,0
TURQUÍA,2024,APOROFOBIA,Masculino,0
TÚNEZ,2024,APOROFOBIA,Ambos sexos,0
TÚNEZ,2024,APOROFOBIA,Femenino,0
TÚNEZ,2024,APOROFOBIA,Masculino,0
UCRANIA,2024,APOROFOBIA,Ambos sexos,0
UCRANIA,2024,APOROFOBIA,Femenino,0
UCRANIA,2024,APOROFOBIA,Masculino,0
URUGUAY,2024,APOROFOBIA,Ambos sexos,0
URUGUAY,2024,APOROFOBIA,Femenino,0
URUGUAY,2024,APOROFOBIA,Masculino,0
VENEZUELA,2024,APOROFOBIA,Ambos sexos,0
VENEZUELA,2024,APOROFOBIA,Femenino,0
VENEZUELA,2024,APOROFOBIA,Masculino,0
ZAMBIA,2024,APOROFOBIA,Ambos sexos,0
ZAMBIA,2024,APOROFOBIA,Femenino,0
ZAMBIA,2024,APOROFOBIA,Masculino,0
ALBANIA,2024,CREENCIAS O PRÁCTICAS RELIGIOSAS,Ambos sexos,0
ALBANIA,2024,CREENCIAS O PRÁCTICAS RELIGIOSAS,Femenino,0
ALBANIA,2024,CREENCIAS O PRÁCTICAS RELIGIOSAS,Masculino,0
ALEMANIA,2024,CREENCIAS O PRÁCTICAS RELIGIOSAS,Ambos sexos,0
ALEMANIA,2024,CREENCIAS O PRÁCTICAS RELIGIOSAS,Femenino,0
ALEMANIA,2024,CREENCIAS O PRÁCTICAS RELIGIOSAS,Masculino,0
ANDORRA,2024,CREENCIAS O PRÁCTICAS RELIGIOSAS,Ambos sexos,0
ANDORRA,2024,CREENCIAS O PRÁCTICAS RELIGIOSAS,Femenino,0
ANDORRA,2024,CREENCIAS O PRÁCTICAS RELIGIOSAS,Masculino,0
ANGOLA,2024,CREENCIAS O PRÁCTICAS RELIGIOSAS,Ambos sexos,0
ANGOLA,2024,CREENCIAS O PRÁCTICAS RELIGIOSAS,Femenino,0
ANGOLA,2024,CREENCIAS O PRÁCTICAS RELIGIOSAS,Masculino,0
ARGELIA,2024,CREENCIAS O PRÁCTICAS RELIGIOSAS,Ambos sexos,1
ARGELIA,2024,CREENCIAS O PRÁCTICAS RELIGIOSAS,Femenino,0
ARGELIA,2024,CREENCIAS O PRÁCTICAS RELIGIOSAS,Masculino,1
ARGENTINA,2024,CREENCIAS O PRÁCTICAS RELIGIOSAS,Ambos sexos,0
ARGENTINA,2024,CREENCIAS O PRÁCTICAS RELIGIOSAS,Femenino,0
ARGENTINA,2024,CREENCIAS O PRÁCTICAS RELIGIOSAS,Masculino,0
ARMENIA,2024,CREENCIAS O PRÁCTICAS RELIGIOSAS,Ambos sexos,0
ARMENIA,2024,CREENCIAS O PRÁCTICAS RELIGIOSAS,Femenino,0
ARMENIA,2024,CREENCIAS O PRÁCTICAS RELIGIOSAS,Masculino,0
BANGLADESH,2024,CREENCIAS O PRÁCTICAS RELIGIOSAS,Ambos sexos,0
BANGLADESH,2024,CREENCIAS O PRÁCTICAS RELIGIOSAS,Femenino,0
BANGLADESH,2024,CREENCIAS O PRÁCTICAS RELIGIOSAS,Masculino,0
BIELORRUSIA,2024,CREENCIAS O PRÁCTICAS RELIGIOSAS,Ambos sexos,0
BIELORRUSIA,2024,CREENCIAS O PRÁCTICAS RELIGIOSAS,Femenino,0
BIELORRUSIA,2024,CREENCIAS O PRÁCTICAS RELIGIOSAS,Masculino,0
BOLIVIA,2024,CREENCIAS O PRÁCTICAS RELIGIOSAS,Ambos sexos,0
BOLIVIA,2024,CREENCIAS O PRÁCTICAS RELIGIOSAS,Femenino,0
BOLIVIA,2024,CREENCIAS O PRÁCTICAS RELIGIOSAS,Masculino,0
BRASIL,2024,CREENCIAS O PRÁCTICAS RELIGIOSAS,Ambos sexos,0
BRASIL,2024,CREENCIAS O PRÁCTICAS RELIGIOSAS,Femenino,0
BRASIL,2024,CREENCIAS O PRÁCTICAS RELIGIOSAS,Masculino,0
BULGARIA,2024,CREENCIAS O PRÁCTICAS RELIGIOSAS,Ambos sexos,0
BULGARIA,2024,CREENCIAS O PRÁCTICAS RELIGIOSAS,Femenino,0
BULGARIA,2024,CREENCIAS O PRÁCTICAS RELIGIOSAS,Masculino,0
BÉLGICA,2024,CREENCIAS O PRÁCTICAS RELIGIOSAS,Ambos sexos,0
BÉLGICA,2024,CREENCIAS O PRÁCTICAS RELIGIOSAS,Femenino,0
BÉLGICA,2024,CREENCIAS O PRÁCTICAS RELIGIOSAS,Masculino,0
CAMERÚN,2024,CREENCIAS O PRÁCTICAS RELIGIOSAS,Ambos sexos,0
CAMERÚN,2024,CREENCIAS O PRÁCTICAS RELIGIOSAS,Femenino,0
CAMERÚN,2024,CREENCIAS O PRÁCTICAS RELIGIOSAS,Masculino,0
CENTRO ÁFRICANA REPÚBLICA,2024,CREENCIAS O PRÁCTICAS RELIGIOSAS,Ambos sexos,0
CENTRO ÁFRICANA REPÚBLICA,2024,CREENCIAS O PRÁCTICAS RELIGIOSAS,Femenino,0
CENTRO ÁFRICANA REPÚBLICA,2024,CREENCIAS O PRÁCTICAS RELIGIOSAS,Masculino,0
CHILE,2024,CREENCIAS O PRÁCTICAS RELIGIOSAS,Ambos sexos,0
CHILE,2024,CREENCIAS O PRÁCTICAS RELIGIOSAS,Femenino,0
CHILE,2024,CREENCIAS O PRÁCTICAS RELIGIOSAS,Masculino,0
CHINA POPULAR,2024,CREENCIAS O PRÁCTICAS RELIGIOSAS,Ambos sexos,0
CHINA POPULAR,2024,CREENCIAS O PRÁCTICAS RELIGIOSAS,Femenino,0
CHINA POPULAR,2024,CREENCIAS O PRÁCTICAS RELIGIOSAS,Masculino,0
COLOMBIA,2024,CREENCIAS O PRÁCTICAS RELIGIOSAS,Ambos sexos,0
COLOMBIA,2024,CREENCIAS O PRÁCTICAS RELIGIOSAS,Femenino,0
COLOMBIA,2024,CREENCIAS O PRÁCTICAS RELIGIOSAS,Masculino,0
CONGO-BRAZZAVILLE,2024,CREENCIAS O PRÁCTICAS RELIGIOSAS,Ambos sexos,0
CONGO-BRAZZAVILLE,2024,CREENCIAS O PRÁCTICAS RELIGIOSAS,Femenino,0
CONGO-BRAZZAVILLE,2024,CREENCIAS O PRÁCTICAS RELIGIOSAS,Masculino,0
COSTA DE MARFIL,2024,CREENCIAS O PRÁCTICAS RELIGIOSAS,Ambos sexos,0
COSTA DE MARFIL,2024,CREENCIAS O PRÁCTICAS RELIGIOSAS,Femenino,0
COSTA DE MARFIL,2024,CREENCIAS O PRÁCTICAS RELIGIOSAS,Masculino,0
CROACIA,2024,CREENCIAS O PRÁCTICAS RELIGIOSAS,Ambos sexos,0
CROACIA,2024,CREENCIAS O PRÁCTICAS RELIGIOSAS,Femenino,0
CROACIA,2024,CREENCIAS O PRÁCTICAS RELIGIOSAS,Masculino,0
CUBA,2024,CREENCIAS O PRÁCTICAS RELIGIOSAS,Ambos sexos,0
CUBA,2024,CREENCIAS O PRÁCTICAS RELIGIOSAS,Femenino,0
CUBA,2024,CREENCIAS O PRÁCTICAS RELIGIOSAS,Masculino,0
ECUADOR,2024,CREENCIAS O PRÁCTICAS RELIGIOSAS,Ambos sexos,0
ECUADOR,2024,CREENCIAS O PRÁCTICAS RELIGIOSAS,Femenino,0
ECUADOR,2024,CREENCIAS O PRÁCTICAS RELIGIOSAS,Masculino,0
EE.UU.,2024,CREENCIAS O PRÁCTICAS RELIGIOSAS,Ambos sexos,0
EE.UU.,2024,CREENCIAS O PRÁCTICAS RELIGIOSAS,Femenino,0
EE.UU.,2024,CREENCIAS O PRÁCTICAS RELIGIOSAS,Masculino,0
EGIPTO,2024,CREENCIAS O PRÁCTICAS RELIGIOSAS,Ambos sexos,0
EGIPTO,2024,CREENCIAS O PRÁCTICAS RELIGIOSAS,Femenino,0
EGIPTO,2024,CREENCIAS O PRÁCTICAS RELIGIOSAS,Masculino,0
EL SALVADOR,2024,CREENCIAS O PRÁCTICAS RELIGIOSAS,Ambos sexos,0
EL SALVADOR,2024,CREENCIAS O PRÁCTICAS RELIGIOSAS,Femenino,0
EL SALVADOR,2024,CREENCIAS O PRÁCTICAS RELIGIOSAS,Masculino,0
ERITREA,2024,CREENCIAS O PRÁCTICAS RELIGIOSAS,Ambos sexos,0
ERITREA,2024,CREENCIAS O PRÁCTICAS RELIGIOSAS,Femenino,0
ERITREA,2024,CREENCIAS O PRÁCTICAS RELIGIOSAS,Masculino,0
ESLOVAQUIA,2024,CREENCIAS O PRÁCTICAS RELIGIOSAS,Ambos sexos,0
ESLOVAQUIA,2024,CREENCIAS O PRÁCTICAS RELIGIOSAS,Femenino,0
ESLOVAQUIA,2024,CREENCIAS O PRÁCTICAS RELIGIOSAS,Masculino,0
ESPAÑA,2024,CREENCIAS O PRÁCTICAS RELIGIOSAS,Ambos sexos,12
ESPAÑA,2024,CREENCIAS O PRÁCTICAS RELIGIOSAS,Femenino,1
ESPAÑA,2024,CREENCIAS O PRÁCTICAS RELIGIOSAS,Masculino,11
ESTONIA,2024,CREENCIAS O PRÁCTICAS RELIGIOSAS,Ambos sexos,0
ESTONIA,2024,CREENCIAS O PRÁCTICAS RELIGIOSAS,Femenino,0
ESTONIA,2024,CREENCIAS O PRÁCTICAS RELIGIOSAS,Masculino,0
FILIPINAS,2024,CREENCIAS O PRÁCTICAS RELIGIOSAS,Ambos sexos,0
FILIPINAS,2024,CREENCIAS O PRÁCTICAS RELIGIOSAS,Femenino,0
FILIPINAS,2024,CREENCIAS O PRÁCTICAS RELIGIOSAS,Masculino,0
FRANCIA,2024,CREENCIAS O PRÁCTICAS RELIGIOSAS,Ambos sexos,0
FRANCIA,2024,CREENCIAS O PRÁCTICAS RELIGIOSAS,Femenino,0
FRANCIA,2024,CREENCIAS O PRÁCTICAS RELIGIOSAS,Masculino,0
GAMBIA,2024,CREENCIAS O PRÁCTICAS RELIGIOSAS,Ambos sexos,2
GAMBIA,2024,CREENCIAS O PRÁCTICAS RELIGIOSAS,Femenino,0
GAMBIA,2024,CREENCIAS O PRÁCTICAS RELIGIOSAS,Masculino,2
GEORGIA,2024,CREENCIAS O PRÁCTICAS RELIGIOSAS,Ambos sexos,0
GEORGIA,2024,CREENCIAS O PRÁCTICAS RELIGIOSAS,Femenino,0
GEORGIA,2024,CREENCIAS O PRÁCTICAS RELIGIOSAS,Masculino,0
GHANA,2024,CREENCIAS O PRÁCTICAS RELIGIOSAS,Ambos sexos,0
GHANA,2024,CREENCIAS O PRÁCTICAS RELIGIOSAS,Femenino,0
GHANA,2024,CREENCIAS O PRÁCTICAS RELIGIOSAS,Masculino,0
GRECIA,2024,CREENCIAS O PRÁCTICAS RELIGIOSAS,Ambos sexos,0
GRECIA,2024,CREENCIAS O PRÁCTICAS RELIGIOSAS,Femenino,0
GRECIA,2024,CREENCIAS O PRÁCTICAS RELIGIOSAS,Masculino,0
GUATEMALA,2024,CREENCIAS O PRÁCTICAS RELIGIOSAS,Ambos sexos,0
GUATEMALA,2024,CREENCIAS O PRÁCTICAS RELIGIOSAS,Femenino,0
GUATEMALA,2024,CREENCIAS O PRÁCTICAS RELIGIOSAS,Masculino,0
GUINEA ECUATORIAL,2024,CREENCIAS O PRÁCTICAS RELIGIOSAS,Ambos sexos,0
GUINEA ECUATORIAL,2024,CREENCIAS O PRÁCTICAS RELIGIOSAS,Femenino,0
GUINEA ECUATORIAL,2024,CREENCIAS O PRÁCTICAS RELIGIOSAS,Masculino,0
GUINEA REP.,2024,CREENCIAS O PRÁCTICAS RELIGIOSAS,Ambos sexos,0
GUINEA REP.,2024,CREENCIAS O PRÁCTICAS RELIGIOSAS,Femenino,0
GUINEA REP.,2024,CREENCIAS O PRÁCTICAS RELIGIOSAS,Masculino,0
HAITI,2024,CREENCIAS O PRÁCTICAS RELIGIOSAS,Ambos sexos,0
HAITI,2024,CREENCIAS O PRÁCTICAS RELIGIOSAS,Femenino,0
HAITI,2024,CREENCIAS O PRÁCTICAS RELIGIOSAS,Masculino,0
HOLANDA,2024,CREENCIAS O PRÁCTICAS RELIGIOSAS,Ambos sexos,0
HOLANDA,2024,CREENCIAS O PRÁCTICAS RELIGIOSAS,Femenino,0
HOLANDA,2024,CREENCIAS O PRÁCTICAS RELIGIOSAS,Masculino,0
HONDURAS,2024,CREENCIAS O PRÁCTICAS RELIGIOSAS,Ambos sexos,0
HONDURAS,2024,CREENCIAS O PRÁCTICAS RELIGIOSAS,Femenino,0
HONDURAS,2024,CREENCIAS O PRÁCTICAS RELIGIOSAS,Masculino,0
INDIA,2024,CREENCIAS O PRÁCTICAS RELIGIOSAS,Ambos sexos,0
INDIA,2024,CREENCIAS O PRÁCTICAS RELIGIOSAS,Femenino,0
INDIA,2024,CREENCIAS O PRÁCTICAS RELIGIOSAS,Masculino,0
IRLANDA,2024,CREENCIAS O PRÁCTICAS RELIGIOSAS,Ambos sexos,0
IRLANDA,2024,CREENCIAS O PRÁCTICAS RELIGIOSAS,Femenino,0
IRLANDA,2024,CREENCIAS O PRÁCTICAS RELIGIOSAS,Masculino,0
IRÁN,2024,CREENCIAS O PRÁCTICAS RELIGIOSAS,Ambos sexos,0
IRÁN,2024,CREENCIAS O PRÁCTICAS RELIGIOSAS,Femenino,0
IRÁN,2024,CREENCIAS O PRÁCTICAS RELIGIOSAS,Masculino,0
ISRAEL,2024,CREENCIAS O PRÁCTICAS RELIGIOSAS,Ambos sexos,0
ISRAEL,2024,CREENCIAS O PRÁCTICAS RELIGIOSAS,Femenino,0
ISRAEL,2024,CREENCIAS O PRÁCTICAS RELIGIOSAS,Masculino,0
ITALIA,2024,CREENCIAS O PRÁCTICAS RELIGIOSAS,Ambos sexos,1
ITALIA,2024,CREENCIAS O PRÁCTICAS RELIGIOSAS,Femenino,0
ITALIA,2024,CREENCIAS O PRÁCTICAS RELIGIOSAS,Masculino,1
LETONIA,2024,CREENCIAS O PRÁCTICAS RELIGIOSAS,Ambos sexos,0
LETONIA,2024,CREENCIAS O PRÁCTICAS RELIGIOSAS,Femenino,0
LETONIA,2024,CREENCIAS O PRÁCTICAS RELIGIOSAS,Masculino,0
LIBERIA,2024,CREENCIAS O PRÁCTICAS RELIGIOSAS,Ambos sexos,0
LIBERIA,2024,CREENCIAS O PRÁCTICAS RELIGIOSAS,Femenino,0
LIBERIA,2024,CREENCIAS O PRÁCTICAS RELIGIOSAS,Masculino,0
LIBIA,2024,CREENCIAS O PRÁCTICAS RELIGIOSAS,Ambos sexos,0
LIBIA,2024,CREENCIAS O PRÁCTICAS RELIGIOSAS,Femenino,0
LIBIA,2024,CREENCIAS O PRÁCTICAS RELIGIOSAS,Masculino,0
LITUANIA,2024,CREENCIAS O PRÁCTICAS RELIGIOSAS,Ambos sexos,0
LITUANIA,2024,CREENCIAS O PRÁCTICAS RELIGIOSAS,Femenino,0
LITUANIA,2024,CREENCIAS O PRÁCTICAS RELIGIOSAS,Masculino,0
LÍBANO,2024,CREENCIAS O PRÁCTICAS RELIGIOSAS,Ambos sexos,0
LÍBANO,2024,CREENCIAS O PRÁCTICAS RELIGIOSAS,Femenino,0
LÍBANO,2024,CREENCIAS O PRÁCTICAS RELIGIOSAS,Masculino,0
MALI,2024,CREENCIAS O PRÁCTICAS RELIGIOSAS,Ambos sexos,0
MALI,2024,CREENCIAS O PRÁCTICAS RELIGIOSAS,Femenino,0
MALI,2024,CREENCIAS O PRÁCTICAS RELIGIOSAS,Masculino,0
MARRUECOS,2024,CREENCIAS O PRÁCTICAS RELIGIOSAS,Ambos sexos,2
MARRUECOS,2024,CREENCIAS O PRÁCTICAS RELIGIOSAS,Femenino,0
MARRUECOS,2024,CREENCIAS O PRÁCTICAS RELIGIOSAS,Masculino,2
MAURITANIA,2024,CREENCIAS O PRÁCTICAS RELIGIOSAS,Ambos sexos,0
MAURITANIA,2024,CREENCIAS O PRÁCTICAS RELIGIOSAS,Femenino,0
MAURITANIA,2024,CREENCIAS O PRÁCTICAS RELIGIOSAS,Masculino,0
MOLDAVIA,2024,CREENCIAS O PRÁCTICAS RELIGIOSAS,Ambos sexos,0
MOLDAVIA,2024,CREENCIAS O PRÁCTICAS RELIGIOSAS,Femenino,0
MOLDAVIA,2024,CREENCIAS O PRÁCTICAS RELIGIOSAS,Masculino,0
MONGOLIA,2024,CREENCIAS O PRÁCTICAS RELIGIOSAS,Ambos sexos,0
MONGOLIA,2024,CREENCIAS O PRÁCTICAS RELIGIOSAS,Femenino,0
MONGOLIA,2024,CREENCIAS O PRÁCTICAS RELIGIOSAS,Masculino,0
NEPAL,2024,CREENCIAS O PRÁCTICAS RELIGIOSAS,Ambos sexos,0
NEPAL,2024,CREENCIAS O PRÁCTICAS RELIGIOSAS,Femenino,0
NEPAL,2024,CREENCIAS O PRÁCTICAS RELIGIOSAS,Masculino,0
NICARAGUA,2024,CREENCIAS O PRÁCTICAS RELIGIOSAS,Ambos sexos,0
NICARAGUA,2024,CREENCIAS O PRÁCTICAS RELIGIOSAS,Femenino,0
NICARAGUA,2024,CREENCIAS O PRÁCTICAS RELIGIOSAS,Masculino,0
NIGERIA,2024,CREENCIAS O PRÁCTICAS RELIGIOSAS,Ambos sexos,0
NIGERIA,2024,CREENCIAS O PRÁCTICAS RELIGIOSAS,Femenino,0
NIGERIA,2024,CREENCIAS O PRÁCTICAS RELIGIOSAS,Masculino,0
NÍGER REP.,2024,CREENCIAS O PRÁCTICAS RELIGIOSAS,Ambos sexos,0
NÍGER REP.,2024,CREENCIAS O PRÁCTICAS RELIGIOSAS,Femenino,0
NÍGER REP.,2024,CREENCIAS O PRÁCTICAS RELIGIOSAS,Masculino,0
PANAMA,2024,CREENCIAS O PRÁCTICAS RELIGIOSAS,Ambos sexos,0
PANAMA,2024,CREENCIAS O PRÁCTICAS RELIGIOSAS,Femenino,0
PANAMA,2024,CREENCIAS O PRÁCTICAS RELIGIOSAS,Masculino,0
PAQUISTÁN,2024,CREENCIAS O PRÁCTICAS RELIGIOSAS,Ambos sexos,0
PAQUISTÁN,2024,CREENCIAS O PRÁCTICAS RELIGIOSAS,Femenino,0
PAQUISTÁN,2024,CREENCIAS O PRÁCTICAS RELIGIOSAS,Masculino,0
PARAGUAY,2024,CREENCIAS O PRÁCTICAS RELIGIOSAS,Ambos sexos,0
PARAGUAY,2024,CREENCIAS O PRÁCTICAS RELIGIOSAS,Femenino,0
PARAGUAY,2024,CREENCIAS O PRÁCTICAS RELIGIOSAS,Masculino,0
PAÍS DESCONOCIDO,2024,CREENCIAS O PRÁCTICAS RELIGIOSAS,Ambos sexos,1
PAÍS DESCONOCIDO,2024,CREENCIAS O PRÁCTICAS RELIGIOSAS,Femenino,0
PAÍS DESCONOCIDO,2024,CREENCIAS O PRÁCTICAS RELIGIOSAS,Masculino,1
PAÍS NO CODIFICADO,2024,CREENCIAS O PRÁCTICAS RELIGIOSAS,Ambos sexos,0
PAÍS NO CODIFICADO,2024,CREENCIAS O PRÁCTICAS RELIGIOSAS,Femenino,0
PAÍS NO CODIFICADO,2024,CREENCIAS O PRÁCTICAS RELIGIOSAS,Masculino,0
PERÚ,2024,CREENCIAS O PRÁCTICAS RELIGIOSAS,Ambos sexos,0
PERÚ,2024,CREENCIAS O PRÁCTICAS RELIGIOSAS,Femenino,0
PERÚ,2024,CREENCIAS O PRÁCTICAS RELIGIOSAS,Masculino,0
POLONIA,2024,CREENCIAS O PRÁCTICAS RELIGIOSAS,Ambos sexos,1
POLONIA,2024,CREENCIAS O PRÁCTICAS RELIGIOSAS,Femenino,0
POLONIA,2024,CREENCIAS O PRÁCTICAS RELIGIOSAS,Masculino,1
PORTUGAL,2024,CREENCIAS O PRÁCTICAS RELIGIOSAS,Ambos sexos,0
PORTUGAL,2024,CREENCIAS O PRÁCTICAS RELIGIOSAS,Femenino,0
PORTUGAL,2024,CREENCIAS O PRÁCTICAS RELIGIOSAS,Masculino,0
REINO UNIDO,2024,CREENCIAS O PRÁCTICAS RELIGIOSAS,Ambos sexos,0
REINO UNIDO,2024,CREENCIAS O PRÁCTICAS RELIGIOSAS,Femenino,0
REINO UNIDO,2024,CREENCIAS O PRÁCTICAS RELIGIOSAS,Masculino,0
REPÚBLICA CHECA,2024,CREENCIAS O PRÁCTICAS RELIGIOSAS,Ambos sexos,0
REPÚBLICA CHECA,2024,CREENCIAS O PRÁCTICAS RELIGIOSAS,Femenino,0
REPÚBLICA CHECA,2024,CREENCIAS O PRÁCTICAS RELIGIOSAS,Masculino,0
REPÚBLICA DOMINICANA,2024,CREENCIAS O PRÁCTICAS RELIGIOSAS,Ambos sexos,0
REPÚBLICA DOMINICANA,2024,CREENCIAS O PRÁCTICAS RELIGIOSAS,Femenino,0
REPÚBLICA DOMINICANA,2024,CREENCIAS O PRÁCTICAS RELIGIOSAS,Masculino,0
RUMANÍA,2024,CREENCIAS O PRÁCTICAS RELIGIOSAS,Ambos sexos,0
RUMANÍA,2024,CREENCIAS O PRÁCTICAS RELIGIOSAS,Femenino,0
RUMANÍA,2024,CREENCIAS O PRÁCTICAS RELIGIOSAS,Masculino,0
RUSIA,2024,CREENCIAS O PRÁCTICAS RELIGIOSAS,Ambos sexos,0
RUSIA,2024,CREENCIAS O PRÁCTICAS RELIGIOSAS,Femenino,0
RUSIA,2024,CREENCIAS O PRÁCTICAS RELIGIOSAS,Masculino,0
SENEGAL,2024,CREENCIAS O PRÁCTICAS RELIGIOSAS,Ambos sexos,1
SENEGAL,2024,CREENCIAS O PRÁCTICAS RELIGIOSAS,Femenino,0
SENEGAL,2024,CREENCIAS O PRÁCTICAS RELIGIOSAS,Masculino,1
SERBIA (YUGOSLAVIA),2024,CREENCIAS O PRÁCTICAS RELIGIOSAS,Ambos sexos,0
SERBIA (YUGOSLAVIA),2024,CREENCIAS O PRÁCTICAS RELIGIOSAS,Femenino,0
SERBIA (YUGOSLAVIA),2024,CREENCIAS O PRÁCTICAS RELIGIOSAS,Masculino,0
SIERRA LEONA,2024,CREENCIAS O PRÁCTICAS RELIGIOSAS,Ambos sexos,0
SIERRA LEONA,2024,CREENCIAS O PRÁCTICAS RELIGIOSAS,Femenino,0
SIERRA LEONA,2024,CREENCIAS O PRÁCTICAS RELIGIOSAS,Masculino,0
SIRIA,2024,CREENCIAS O PRÁCTICAS RELIGIOSAS,Ambos sexos,0
SIRIA,2024,CREENCIAS O PRÁCTICAS RELIGIOSAS,Femenino,0
SIRIA,2024,CREENCIAS O PRÁCTICAS RELIGIOSAS,Masculino,0
SUDÁFRICA R.,2024,CREENCIAS O PRÁCTICAS RELIGIOSAS,Ambos sexos,0
SUDÁFRICA R.,2024,CREENCIAS O PRÁCTICAS RELIGIOSAS,Femenino,0
SUDÁFRICA R.,2024,CREENCIAS O PRÁCTICAS RELIGIOSAS,Masculino,0
SUECIA,2024,CREENCIAS O PRÁCTICAS RELIGIOSAS,Ambos sexos,0
SUECIA,2024,CREENCIAS O PRÁCTICAS RELIGIOSAS,Femenino,0
SUECIA,2024,CREENCIAS O PRÁCTICAS RELIGIOSAS,Masculino,0
SUIZA,2024,CREENCIAS O PRÁCTICAS RELIGIOSAS,Ambos sexos,0
SUIZA,2024,CREENCIAS O PRÁCTICAS RELIGIOSAS,Femenino,0
SUIZA,2024,CREENCIAS O PRÁCTICAS RELIGIOSAS,Masculino,0
TOTAL nacionalidad,2024,CREENCIAS O PRÁCTICAS RELIGIOSAS,Ambos sexos,21
TOTAL nacionalidad,2024,CREENCIAS O PRÁCTICAS RELIGIOSAS,Femenino,1
TOTAL nacionalidad,2024,CREENCIAS O PRÁCTICAS RELIGIOSAS,Masculino,20
TURQUÍA,2024,CREENCIAS O PRÁCTICAS RELIGIOSAS,Ambos sexos,0
TURQUÍA,2024,CREENCIAS O PRÁCTICAS RELIGIOSAS,Femenino,0
TURQUÍA,2024,CREENCIAS O PRÁCTICAS RELIGIOSAS,Masculino,0
TÚNEZ,2024,CREENCIAS O PRÁCTICAS RELIGIOSAS,Ambos sexos,0
TÚNEZ,2024,CREENCIAS O PRÁCTICAS RELIGIOSAS,Femenino,0
TÚNEZ,2024,CREENCIAS O PRÁCTICAS RELIGIOSAS,Masculino,0
UCRANIA,2024,CREENCIAS O PRÁCTICAS RELIGIOSAS,Ambos sexos,0
UCRANIA,2024,CREENCIAS O PRÁCTICAS RELIGIOSAS,Femenino,0
UCRANIA,2024,CREENCIAS O PRÁCTICAS RELIGIOSAS,Masculino,0
URUGUAY,2024,CREENCIAS O PRÁCTICAS RELIGIOSAS,Ambos sexos,0
URUGUAY,2024,CREENCIAS O PRÁCTICAS RELIGIOSAS,Femenino,0
URUGUAY,2024,CREENCIAS O PRÁCTICAS RELIGIOSAS,Masculino,0
VENEZUELA,2024,CREENCIAS O PRÁCTICAS RELIGIOSAS,Ambos sexos,0
VENEZUELA,2024,CREENCIAS O PRÁCTICAS RELIGIOSAS,Femenino,0
VENEZUELA,2024,CREENCIAS O PRÁCTICAS RELIGIOSAS,Masculino,0
ZAMBIA,2024,CREENCIAS O PRÁCTICAS RELIGIOSAS,Ambos sexos,0
ZAMBIA,2024,CREENCIAS O PRÁCTICAS RELIGIOSAS,Femenino,0
ZAMBIA,2024,CREENCIAS O PRÁCTICAS RELIGIOSAS,Masculino,0
ALBANIA,2024,DISCRIMINACIÓN GENERACIONAL,Ambos sexos,0
ALBANIA,2024,DISCRIMINACIÓN GENERACIONAL,Femenino,0
ALBANIA,2024,DISCRIMINACIÓN GENERACIONAL,Masculino,0
ALEMANIA,2024,DISCRIMINACIÓN GENERACIONAL,Ambos sexos,0
ALEMANIA,2024,DISCRIMINACIÓN GENERACIONAL,Femenino,0
ALEMANIA,2024,DISCRIMINACIÓN GENERACIONAL,Masculino,0
ANDORRA,2024,DISCRIMINACIÓN GENERACIONAL,Ambos sexos,0
ANDORRA,2024,DISCRIMINACIÓN GENERACIONAL,Femenino,0
ANDORRA,2024,DISCRIMINACIÓN GENERACIONAL,Masculino,0
ANGOLA,2024,DISCRIMINACIÓN GENERACIONAL,Ambos sexos,0
ANGOLA,2024,DISCRIMINACIÓN GENERACIONAL,Femenino,0
ANGOLA,2024,DISCRIMINACIÓN GENERACIONAL,Masculino,0
ARGELIA,2024,DISCRIMINACIÓN GENERACIONAL,Ambos sexos,0
ARGELIA,2024,DISCRIMINACIÓN GENERACIONAL,Femenino,0
ARGELIA,2024,DISCRIMINACIÓN GENERACIONAL,Masculino,0
ARGENTINA,2024,DISCRIMINACIÓN GENERACIONAL,Ambos sexos,0
ARGENTINA,2024,DISCRIMINACIÓN GENERACIONAL,Femenino,0
ARGENTINA,2024,DISCRIMINACIÓN GENERACIONAL,Masculino,0
ARMENIA,2024,DISCRIMINACIÓN GENERACIONAL,Ambos sexos,0
ARMENIA,2024,DISCRIMINACIÓN GENERACIONAL,Femenino,0
ARMENIA,2024,DISCRIMINACIÓN GENERACIONAL,Masculino,0
BANGLADESH,2024,DISCRIMINACIÓN GENERACIONAL,Ambos sexos,0
BANGLADESH,2024,DISCRIMINACIÓN GENERACIONAL,Femenino,0
BANGLADESH,2024,DISCRIMINACIÓN GENERACIONAL,Masculino,0
BIELORRUSIA,2024,DISCRIMINACIÓN GENERACIONAL,Ambos sexos,0
BIELORRUSIA,2024,DISCRIMINACIÓN GENERACIONAL,Femenino,0
BIELORRUSIA,2024,DISCRIMINACIÓN GENERACIONAL,Masculino,0
BOLIVIA,2024,DISCRIMINACIÓN GENERACIONAL,Ambos sexos,0
BOLIVIA,2024,DISCRIMINACIÓN GENERACIONAL,Femenino,0
BOLIVIA,2024,DISCRIMINACIÓN GENERACIONAL,Masculino,0
BRASIL,2024,DISCRIMINACIÓN GENERACIONAL,Ambos sexos,0
BRASIL,2024,DISCRIMINACIÓN GENERACIONAL,Femenino,0
BRASIL,2024,DISCRIMINACIÓN GENERACIONAL,Masculino,0
BULGARIA,2024,DISCRIMINACIÓN GENERACIONAL,Ambos sexos,0
BULGARIA,2024,DISCRIMINACIÓN GENERACIONAL,Femenino,0
BULGARIA,2024,DISCRIMINACIÓN GENERACIONAL,Masculino,0
BÉLGICA,2024,DISCRIMINACIÓN GENERACIONAL,Ambos sexos,0
BÉLGICA,2024,DISCRIMINACIÓN GENERACIONAL,Femenino,0
BÉLGICA,2024,DISCRIMINACIÓN GENERACIONAL,Masculino,0
CAMERÚN,2024,DISCRIMINACIÓN GENERACIONAL,Ambos sexos,0
CAMERÚN,2024,DISCRIMINACIÓN GENERACIONAL,Femenino,0
CAMERÚN,2024,DISCRIMINACIÓN GENERACIONAL,Masculino,0
CENTRO ÁFRICANA REPÚBLICA,2024,DISCRIMINACIÓN GENERACIONAL,Ambos sexos,0
CENTRO ÁFRICANA REPÚBLICA,2024,DISCRIMINACIÓN GENERACIONAL,Femenino,0
CENTRO ÁFRICANA REPÚBLICA,2024,DISCRIMINACIÓN GENERACIONAL,Masculino,0
CHILE,2024,DISCRIMINACIÓN GENERACIONAL,Ambos sexos,0
CHILE,2024,DISCRIMINACIÓN GENERACIONAL,Femenino,0
CHILE,2024,DISCRIMINACIÓN GENERACIONAL,Masculino,0
CHINA POPULAR,2024,DISCRIMINACIÓN GENERACIONAL,Ambos sexos,0
CHINA POPULAR,2024,DISCRIMINACIÓN GENERACIONAL,Femenino,0
CHINA POPULAR,2024,DISCRIMINACIÓN GENERACIONAL,Masculino,0
COLOMBIA,2024,DISCRIMINACIÓN GENERACIONAL,Ambos sexos,0
COLOMBIA,2024,DISCRIMINACIÓN GENERACIONAL,Femenino,0
COLOMBIA,2024,DISCRIMINACIÓN GENERACIONAL,Masculino,0
CONGO-BRAZZAVILLE,2024,DISCRIMINACIÓN GENERACIONAL,Ambos sexos,0
CONGO-BRAZZAVILLE,2024,DISCRIMINACIÓN GENERACIONAL,Femenino,0
CONGO-BRAZZAVILLE,2024,DISCRIMINACIÓN GENERACIONAL,Masculino,0
COSTA DE MARFIL,2024,DISCRIMINACIÓN GENERACIONAL,Ambos sexos,0
COSTA DE MARFIL,2024,DISCRIMINACIÓN GENERACIONAL,Femenino,0
COSTA DE MARFIL,2024,DISCRIMINACIÓN GENERACIONAL,Masculino,0
CROACIA,2024,DISCRIMINACIÓN GENERACIONAL,Ambos sexos,0
CROACIA,2024,DISCRIMINACIÓN GENERACIONAL,Femenino,0
CROACIA,2024,DISCRIMINACIÓN GENERACIONAL,Masculino,0
CUBA,2024,DISCRIMINACIÓN GENERACIONAL,Ambos sexos,0
CUBA,2024,DISCRIMINACIÓN GENERACIONAL,Femenino,0
CUBA,2024,DISCRIMINACIÓN GENERACIONAL,Masculino,0
ECUADOR,2024,DISCRIMINACIÓN GENERACIONAL,Ambos sexos,0
ECUADOR,2024,DISCRIMINACIÓN GENERACIONAL,Femenino,0
ECUADOR,2024,DISCRIMINACIÓN GENERACIONAL,Masculino,0
EE.UU.,2024,DISCRIMINACIÓN GENERACIONAL,Ambos sexos,0
EE.UU.,2024,DISCRIMINACIÓN GENERACIONAL,Femenino,0
EE.UU.,2024,DISCRIMINACIÓN GENERACIONAL,Masculino,0
EGIPTO,2024,DISCRIMINACIÓN GENERACIONAL,Ambos sexos,0
EGIPTO,2024,DISCRIMINACIÓN GENERACIONAL,Femenino,0
EGIPTO,2024,DISCRIMINACIÓN GENERACIONAL,Masculino,0
EL SALVADOR,2024,DISCRIMINACIÓN GENERACIONAL,Ambos sexos,0
EL SALVADOR,2024,DISCRIMINACIÓN GENERACIONAL,Femenino,0
EL SALVADOR,2024,DISCRIMINACIÓN GENERACIONAL,Masculino,0
ERITREA,2024,DISCRIMINACIÓN GENERACIONAL,Ambos sexos,0
ERITREA,2024,DISCRIMINACIÓN GENERACIONAL,Femenino,0
ERITREA,2024,DISCRIMINACIÓN GENERACIONAL,Masculino,0
ESLOVAQUIA,2024,DISCRIMINACIÓN GENERACIONAL,Ambos sexos,0
ESLOVAQUIA,2024,DISCRIMINACIÓN GENERACIONAL,Femenino,0
ESLOVAQUIA,2024,DISCRIMINACIÓN GENERACIONAL,Masculino,0
ESPAÑA,2024,DISCRIMINACIÓN GENERACIONAL,Ambos sexos,5
ESPAÑA,2024,DISCRIMINACIÓN GENERACIONAL,Femenino,1
ESPAÑA,2024,DISCRIMINACIÓN GENERACIONAL,Masculino,4
ESTONIA,2024,DISCRIMINACIÓN GENERACIONAL,Ambos sexos,0
ESTONIA,2024,DISCRIMINACIÓN GENERACIONAL,Femenino,0
ESTONIA,2024,DISCRIMINACIÓN GENERACIONAL,Masculino,0
FILIPINAS,2024,DISCRIMINACIÓN GENERACIONAL,Ambos sexos,0
FILIPINAS,2024,DISCRIMINACIÓN GENERACIONAL,Femenino,0
FILIPINAS,2024,DISCRIMINACIÓN GENERACIONAL,Masculino,0
FRANCIA,2024,DISCRIMINACIÓN GENERACIONAL,Ambos sexos,0
FRANCIA,2024,DISCRIMINACIÓN GENERACIONAL,Femenino,0
FRANCIA,2024,DISCRIMINACIÓN GENERACIONAL,Masculino,0
GAMBIA,2024,DISCRIMINACIÓN GENERACIONAL,Ambos sexos,0
GAMBIA,2024,DISCRIMINACIÓN GENERACIONAL,Femenino,0
GAMBIA,2024,DISCRIMINACIÓN GENERACIONAL,Masculino,0
GEORGIA,2024,DISCRIMINACIÓN GENERACIONAL,Ambos sexos,0
GEORGIA,2024,DISCRIMINACIÓN GENERACIONAL,Femenino,0
GEORGIA,2024,DISCRIMINACIÓN GENERACIONAL,Masculino,0
GHANA,2024,DISCRIMINACIÓN GENERACIONAL,Ambos sexos,0
GHANA,2024,DISCRIMINACIÓN GENERACIONAL,Femenino,0
GHANA,2024,DISCRIMINACIÓN GENERACIONAL,Masculino,0
GRECIA,2024,DISCRIMINACIÓN GENERACIONAL,Ambos sexos,0
GRECIA,2024,DISCRIMINACIÓN GENERACIONAL,Femenino,0
GRECIA,2024,DISCRIMINACIÓN GENERACIONAL,Masculino,0
GUATEMALA,2024,DISCRIMINACIÓN GENERACIONAL,Ambos sexos,0
GUATEMALA,2024,DISCRIMINACIÓN GENERACIONAL,Femenino,0
GUATEMALA,2024,DISCRIMINACIÓN GENERACIONAL,Masculino,0
GUINEA ECUATORIAL,2024,DISCRIMINACIÓN GENERACIONAL,Ambos sexos,0
GUINEA ECUATORIAL,2024,DISCRIMINACIÓN GENERACIONAL,Femenino,0
GUINEA ECUATORIAL,2024,DISCRIMINACIÓN GENERACIONAL,Masculino,0
GUINEA REP.,2024,DISCRIMINACIÓN GENERACIONAL,Ambos sexos,0
GUINEA REP.,2024,DISCRIMINACIÓN GENERACIONAL,Femenino,0
GUINEA REP.,2024,DISCRIMINACIÓN GENERACIONAL,Masculino,0
HAITI,2024,DISCRIMINACIÓN GENERACIONAL,Ambos sexos,0
HAITI,2024,DISCRIMINACIÓN GENERACIONAL,Femenino,0
HAITI,2024,DISCRIMINACIÓN GENERACIONAL,Masculino,0
HOLANDA,2024,DISCRIMINACIÓN GENERACIONAL,Ambos sexos,0
HOLANDA,2024,DISCRIMINACIÓN GENERACIONAL,Femenino,0
HOLANDA,2024,DISCRIMINACIÓN GENERACIONAL,Masculino,0
HONDURAS,2024,DISCRIMINACIÓN GENERACIONAL,Ambos sexos,0
HONDURAS,2024,DISCRIMINACIÓN GENERACIONAL,Femenino,0
HONDURAS,2024,DISCRIMINACIÓN GENERACIONAL,Masculino,0
INDIA,2024,DISCRIMINACIÓN GENERACIONAL,Ambos sexos,0
INDIA,2024,DISCRIMINACIÓN GENERACIONAL,Femenino,0
INDIA,2024,DISCRIMINACIÓN GENERACIONAL,Masculino,0
IRLANDA,2024,DISCRIMINACIÓN GENERACIONAL,Ambos sexos,0
IRLANDA,2024,DISCRIMINACIÓN GENERACIONAL,Femenino,0
IRLANDA,2024,DISCRIMINACIÓN GENERACIONAL,Masculino,0
IRÁN,2024,DISCRIMINACIÓN GENERACIONAL,Ambos sexos,0
IRÁN,2024,DISCRIMINACIÓN GENERACIONAL,Femenino,0
IRÁN,2024,DISCRIMINACIÓN GENERACIONAL,Masculino,0
ISRAEL,2024,DISCRIMINACIÓN GENERACIONAL,Ambos sexos,0
ISRAEL,2024,DISCRIMINACIÓN GENERACIONAL,Femenino,0
ISRAEL,2024,DISCRIMINACIÓN GENERACIONAL,Masculino,0
ITALIA,2024,DISCRIMINACIÓN GENERACIONAL,Ambos sexos,0
ITALIA,2024,DISCRIMINACIÓN GENERACIONAL,Femenino,0
ITALIA,2024,DISCRIMINACIÓN GENERACIONAL,Masculino,0
LETONIA,2024,DISCRIMINACIÓN GENERACIONAL,Ambos sexos,0
LETONIA,2024,DISCRIMINACIÓN GENERACIONAL,Femenino,0
LETONIA,2024,DISCRIMINACIÓN GENERACIONAL,Masculino,0
LIBERIA,2024,DISCRIMINACIÓN GENERACIONAL,Ambos sexos,0
LIBERIA,2024,DISCRIMINACIÓN GENERACIONAL,Femenino,0
LIBERIA,2024,DISCRIMINACIÓN GENERACIONAL,Masculino,0
LIBIA,2024,DISCRIMINACIÓN GENERACIONAL,Ambos sexos,0
LIBIA,2024,DISCRIMINACIÓN GENERACIONAL,Femenino,0
LIBIA,2024,DISCRIMINACIÓN GENERACIONAL,Masculino,0
LITUANIA,2024,DISCRIMINACIÓN GENERACIONAL,Ambos sexos,0
LITUANIA,2024,DISCRIMINACIÓN GENERACIONAL,Femenino,0
LITUANIA,2024,DISCRIMINACIÓN GENERACIONAL,Masculino,0
LÍBANO,2024,DISCRIMINACIÓN GENERACIONAL,Ambos sexos,0
LÍBANO,2024,DISCRIMINACIÓN GENERACIONAL,Femenino,0
LÍBANO,2024,DISCRIMINACIÓN GENERACIONAL,Masculino,0
MALI,2024,DISCRIMINACIÓN GENERACIONAL,Ambos sexos,0
MALI,2024,DISCRIMINACIÓN GENERACIONAL,Femenino,0
MALI,2024,DISCRIMINACIÓN GENERACIONAL,Masculino,0
MARRUECOS,2024,DISCRIMINACIÓN GENERACIONAL,Ambos sexos,1
MARRUECOS,2024,DISCRIMINACIÓN GENERACIONAL,Femenino,0
MARRUECOS,2024,DISCRIMINACIÓN GENERACIONAL,Masculino,1
MAURITANIA,2024,DISCRIMINACIÓN GENERACIONAL,Ambos sexos,0
MAURITANIA,2024,DISCRIMINACIÓN GENERACIONAL,Femenino,0
MAURITANIA,2024,DISCRIMINACIÓN GENERACIONAL,Masculino,0
MOLDAVIA,2024,DISCRIMINACIÓN GENERACIONAL,Ambos sexos,0
MOLDAVIA,2024,DISCRIMINACIÓN GENERACIONAL,Femenino,0
MOLDAVIA,2024,DISCRIMINACIÓN GENERACIONAL,Masculino,0
MONGOLIA,2024,DISCRIMINACIÓN GENERACIONAL,Ambos sexos,0
MONGOLIA,2024,DISCRIMINACIÓN GENERACIONAL,Femenino,0
MONGOLIA,2024,DISCRIMINACIÓN GENERACIONAL,Masculino,0
NEPAL,2024,DISCRIMINACIÓN GENERACIONAL,Ambos sexos,0
NEPAL,2024,DISCRIMINACIÓN GENERACIONAL,Femenino,0
NEPAL,2024,DISCRIMINACIÓN GENERACIONAL,Masculino,0
NICARAGUA,2024,DISCRIMINACIÓN GENERACIONAL,Ambos sexos,0
NICARAGUA,2024,DISCRIMINACIÓN GENERACIONAL,Femenino,0
NICARAGUA,2024,DISCRIMINACIÓN GENERACIONAL,Masculino,0
NIGERIA,2024,DISCRIMINACIÓN GENERACIONAL,Ambos sexos,0
NIGERIA,2024,DISCRIMINACIÓN GENERACIONAL,Femenino,0
NIGERIA,2024,DISCRIMINACIÓN GENERACIONAL,Masculino,0
NÍGER REP.,2024,DISCRIMINACIÓN GENERACIONAL,Ambos sexos,0
NÍGER REP.,2024,DISCRIMINACIÓN GENERACIONAL,Femenino,0
NÍGER REP.,2024,DISCRIMINACIÓN GENERACIONAL,Masculino,0
PANAMA,2024,DISCRIMINACIÓN GENERACIONAL,Ambos sexos,0
PANAMA,2024,DISCRIMINACIÓN GENERACIONAL,Femenino,0
PANAMA,2024,DISCRIMINACIÓN GENERACIONAL,Masculino,0
PAQUISTÁN,2024,DISCRIMINACIÓN GENERACIONAL,Ambos sexos,0
PAQUISTÁN,2024,DISCRIMINACIÓN GENERACIONAL,Femenino,0
PAQUISTÁN,2024,DISCRIMINACIÓN GENERACIONAL,Masculino,0
PARAGUAY,2024,DISCRIMINACIÓN GENERACIONAL,Ambos sexos,0
PARAGUAY,2024,DISCRIMINACIÓN GENERACIONAL,Femenino,0
PARAGUAY,2024,DISCRIMINACIÓN GENERACIONAL,Masculino,0
PAÍS DESCONOCIDO,2024,DISCRIMINACIÓN GENERACIONAL,Ambos sexos,0
PAÍS DESCONOCIDO,2024,DISCRIMINACIÓN GENERACIONAL,Femenino,0
PAÍS DESCONOCIDO,2024,DISCRIMINACIÓN GENERACIONAL,Masculino,0
PAÍS NO CODIFICADO,2024,DISCRIMINACIÓN GENERACIONAL,Ambos sexos,0
PAÍS NO CODIFICADO,2024,DISCRIMINACIÓN GENERACIONAL,Femenino,0
PAÍS NO CODIFICADO,2024,DISCRIMINACIÓN GENERACIONAL,Masculino,0
PERÚ,2024,DISCRIMINACIÓN GENERACIONAL,Ambos sexos,0
PERÚ,2024,DISCRIMINACIÓN GENERACIONAL,Femenino,0
PERÚ,2024,DISCRIMINACIÓN GENERACIONAL,Masculino,0
POLONIA,2024,DISCRIMINACIÓN GENERACIONAL,Ambos sexos,0
POLONIA,2024,DISCRIMINACIÓN GENERACIONAL,Femenino,0
POLONIA,2024,DISCRIMINACIÓN GENERACIONAL,Masculino,0
PORTUGAL,2024,DISCRIMINACIÓN GENERACIONAL,Ambos sexos,0
PORTUGAL,2024,DISCRIMINACIÓN GENERACIONAL,Femenino,0
PORTUGAL,2024,DISCRIMINACIÓN GENERACIONAL,Masculino,0
REINO UNIDO,2024,DISCRIMINACIÓN GENERACIONAL,Ambos sexos,0
REINO UNIDO,2024,DISCRIMINACIÓN GENERACIONAL,Femenino,0
REINO UNIDO,2024,DISCRIMINACIÓN GENERACIONAL,Masculino,0
REPÚBLICA CHECA,2024,DISCRIMINACIÓN GENERACIONAL,Ambos sexos,0
REPÚBLICA CHECA,2024,DISCRIMINACIÓN GENERACIONAL,Femenino,0
REPÚBLICA CHECA,2024,DISCRIMINACIÓN GENERACIONAL,Masculino,0
REPÚBLICA DOMINICANA,2024,DISCRIMINACIÓN GENERACIONAL,Ambos sexos,0
REPÚBLICA DOMINICANA,2024,DISCRIMINACIÓN GENERACIONAL,Femenino,0
REPÚBLICA DOMINICANA,2024,DISCRIMINACIÓN GENERACIONAL,Masculino,0
RUMANÍA,2024,DISCRIMINACIÓN GENERACIONAL,Ambos sexos,0
RUMANÍA,2024,DISCRIMINACIÓN GENERACIONAL,Femenino,0
RUMANÍA,2024,DISCRIMINACIÓN GENERACIONAL,Masculino,0
RUSIA,2024,DISCRIMINACIÓN GENERACIONAL,Ambos sexos,0
RUSIA,2024,DISCRIMINACIÓN GENERACIONAL,Femenino,0
RUSIA,2024,DISCRIMINACIÓN GENERACIONAL,Masculino,0
SENEGAL,2024,DISCRIMINACIÓN GENERACIONAL,Ambos sexos,0
SENEGAL,2024,DISCRIMINACIÓN GENERACIONAL,Femenino,0
SENEGAL,2024,DISCRIMINACIÓN GENERACIONAL,Masculino,0
SERBIA (YUGOSLAVIA),2024,DISCRIMINACIÓN GENERACIONAL,Ambos sexos,0
SERBIA (YUGOSLAVIA),2024,DISCRIMINACIÓN GENERACIONAL,Femenino,0
SERBIA (YUGOSLAVIA),2024,DISCRIMINACIÓN GENERACIONAL,Masculino,0
SIERRA LEONA,2024,DISCRIMINACIÓN GENERACIONAL,Ambos sexos,0
SIERRA LEONA,2024,DISCRIMINACIÓN GENERACIONAL,Femenino,0
SIERRA LEONA,2024,DISCRIMINACIÓN GENERACIONAL,Masculino,0
SIRIA,2024,DISCRIMINACIÓN GENERACIONAL,Ambos sexos,0
SIRIA,2024,DISCRIMINACIÓN GENERACIONAL,Femenino,0
SIRIA,2024,DISCRIMINACIÓN GENERACIONAL,Masculino,0
SUDÁFRICA R.,2024,DISCRIMINACIÓN GENERACIONAL,Ambos sexos,0
SUDÁFRICA R.,2024,DISCRIMINACIÓN GENERACIONAL,Femenino,0
SUDÁFRICA R.,2024,DISCRIMINACIÓN GENERACIONAL,Masculino,0
SUECIA,2024,DISCRIMINACIÓN GENERACIONAL,Ambos sexos,0
SUECIA,2024,DISCRIMINACIÓN GENERACIONAL,Femenino,0
SUECIA,2024,DISCRIMINACIÓN GENERACIONAL,Masculino,0
SUIZA,2024,DISCRIMINACIÓN GENERACIONAL,Ambos sexos,0
SUIZA,2024,DISCRIMINACIÓN GENERACIONAL,Femenino,0
SUIZA,2024,DISCRIMINACIÓN GENERACIONAL,Masculino,0
TOTAL nacionalidad,2024,DISCRIMINACIÓN GENERACIONAL,Ambos sexos,6
TOTAL nacionalidad,2024,DISCRIMINACIÓN GENERACIONAL,Femenino,1
TOTAL nacionalidad,2024,DISCRIMINACIÓN GENERACIONAL,Masculino,5
TURQUÍA,2024,DISCRIMINACIÓN GENERACIONAL,Ambos sexos,0
TURQUÍA,2024,DISCRIMINACIÓN GENERACIONAL,Femenino,0
TURQUÍA,2024,DISCRIMINACIÓN GENERACIONAL,Masculino,0
TÚNEZ,2024,DISCRIMINACIÓN GENERACIONAL,Ambos sexos,0
TÚNEZ,2024,DISCRIMINACIÓN GENERACIONAL,Femenino,0
TÚNEZ,2024,DISCRIMINACIÓN GENERACIONAL,Masculino,0
UCRANIA,2024,DISCRIMINACIÓN GENERACIONAL,Ambos sexos,0
UCRANIA,2024,DISCRIMINACIÓN GENERACIONAL,Femenino,0
UCRANIA,2024,DISCRIMINACIÓN GENERACIONAL,Masculino,0
URUGUAY,2024,DISCRIMINACIÓN GENERACIONAL,Ambos sexos,0
URUGUAY,2024,DISCRIMINACIÓN GENERACIONAL,Femenino,0
URUGUAY,2024,DISCRIMINACIÓN GENERACIONAL,Masculino,0
VENEZUELA,2024,DISCRIMINACIÓN GENERACIONAL,Ambos sexos,0
VENEZUELA,2024,DISCRIMINACIÓN GENERACIONAL,Femenino,0
VENEZUELA,2024,DISCRIMINACIÓN GENERACIONAL,Masculino,0
ZAMBIA,2024,DISCRIMINACIÓN GENERACIONAL,Ambos sexos,0
ZAMBIA,2024,DISCRIMINACIÓN GENERACIONAL,Femenino,0
ZAMBIA,2024,DISCRIMINACIÓN GENERACIONAL,Masculino,0
ALBANIA,2024,DISCRIMINACIÓN POR RAZÓN DE ENFERMEDAD,Ambos sexos,0
ALBANIA,2024,DISCRIMINACIÓN POR RAZÓN DE ENFERMEDAD,Femenino,0
ALBANIA,2024,DISCRIMINACIÓN POR RAZÓN DE ENFERMEDAD,Masculino,0
ALEMANIA,2024,DISCRIMINACIÓN POR RAZÓN DE ENFERMEDAD,Ambos sexos,0
ALEMANIA,2024,DISCRIMINACIÓN POR RAZÓN DE ENFERMEDAD,Femenino,0
ALEMANIA,2024,DISCRIMINACIÓN POR RAZÓN DE ENFERMEDAD,Masculino,0
ANDORRA,2024,DISCRIMINACIÓN POR RAZÓN DE ENFERMEDAD,Ambos sexos,0
ANDORRA,2024,DISCRIMINACIÓN POR RAZÓN DE ENFERMEDAD,Femenino,0
ANDORRA,2024,DISCRIMINACIÓN POR RAZÓN DE ENFERMEDAD,Masculino,0
ANGOLA,2024,DISCRIMINACIÓN POR RAZÓN DE ENFERMEDAD,Ambos sexos,0
ANGOLA,2024,DISCRIMINACIÓN POR RAZÓN DE ENFERMEDAD,Femenino,0
ANGOLA,2024,DISCRIMINACIÓN POR RAZÓN DE ENFERMEDAD,Masculino,0
ARGELIA,2024,DISCRIMINACIÓN POR RAZÓN DE ENFERMEDAD,Ambos sexos,0
ARGELIA,2024,DISCRIMINACIÓN POR RAZÓN DE ENFERMEDAD,Femenino,0
ARGELIA,2024,DISCRIMINACIÓN POR RAZÓN DE ENFERMEDAD,Masculino,0
ARGENTINA,2024,DISCRIMINACIÓN POR RAZÓN DE ENFERMEDAD,Ambos sexos,0
ARGENTINA,2024,DISCRIMINACIÓN POR RAZÓN DE ENFERMEDAD,Femenino,0
ARGENTINA,2024,DISCRIMINACIÓN POR RAZÓN DE ENFERMEDAD,Masculino,0
ARMENIA,2024,DISCRIMINACIÓN POR RAZÓN DE ENFERMEDAD,Ambos sexos,0
ARMENIA,2024,DISCRIMINACIÓN POR RAZÓN DE ENFERMEDAD,Femenino,0
ARMENIA,2024,DISCRIMINACIÓN POR RAZÓN DE ENFERMEDAD,Masculino,0
BANGLADESH,2024,DISCRIMINACIÓN POR RAZÓN DE ENFERMEDAD,Ambos sexos,0
BANGLADESH,2024,DISCRIMINACIÓN POR RAZÓN DE ENFERMEDAD,Femenino,0
BANGLADESH,2024,DISCRIMINACIÓN POR RAZÓN DE ENFERMEDAD,Masculino,0
BIELORRUSIA,2024,DISCRIMINACIÓN POR RAZÓN DE ENFERMEDAD,Ambos sexos,0
BIELORRUSIA,2024,DISCRIMINACIÓN POR RAZÓN DE ENFERMEDAD,Femenino,0
BIELORRUSIA,2024,DISCRIMINACIÓN POR RAZÓN DE ENFERMEDAD,Masculino,0
BOLIVIA,2024,DISCRIMINACIÓN POR RAZÓN DE ENFERMEDAD,Ambos sexos,0
BOLIVIA,2024,DISCRIMINACIÓN POR RAZÓN DE ENFERMEDAD,Femenino,0
BOLIVIA,2024,DISCRIMINACIÓN POR RAZÓN DE ENFERMEDAD,Masculino,0
BRASIL,2024,DISCRIMINACIÓN POR RAZÓN DE ENFERMEDAD,Ambos sexos,0
BRASIL,2024,DISCRIMINACIÓN POR RAZÓN DE ENFERMEDAD,Femenino,0
BRASIL,2024,DISCRIMINACIÓN POR RAZÓN DE ENFERMEDAD,Masculino,0
BULGARIA,2024,DISCRIMINACIÓN POR RAZÓN DE ENFERMEDAD,Ambos sexos,0
BULGARIA,2024,DISCRIMINACIÓN POR RAZÓN DE ENFERMEDAD,Femenino,0
BULGARIA,2024,DISCRIMINACIÓN POR RAZÓN DE ENFERMEDAD,Masculino,0
BÉLGICA,2024,DISCRIMINACIÓN POR RAZÓN DE ENFERMEDAD,Ambos sexos,0
BÉLGICA,2024,DISCRIMINACIÓN POR RAZÓN DE ENFERMEDAD,Femenino,0
BÉLGICA,2024,DISCRIMINACIÓN POR RAZÓN DE ENFERMEDAD,Masculino,0
CAMERÚN,2024,DISCRIMINACIÓN POR RAZÓN DE ENFERMEDAD,Ambos sexos,0
CAMERÚN,2024,DISCRIMINACIÓN POR RAZÓN DE ENFERMEDAD,Femenino,0
CAMERÚN,2024,DISCRIMINACIÓN POR RAZÓN DE ENFERMEDAD,Masculino,0
CENTRO ÁFRICANA REPÚBLICA,2024,DISCRIMINACIÓN POR RAZÓN DE ENFERMEDAD,Ambos sexos,0
CENTRO ÁFRICANA REPÚBLICA,2024,DISCRIMINACIÓN POR RAZÓN DE ENFERMEDAD,Femenino,0
CENTRO ÁFRICANA REPÚBLICA,2024,DISCRIMINACIÓN POR RAZÓN DE ENFERMEDAD,Masculino,0
CHILE,2024,DISCRIMINACIÓN POR RAZÓN DE ENFERMEDAD,Ambos sexos,0
CHILE,2024,DISCRIMINACIÓN POR RAZÓN DE ENFERMEDAD,Femenino,0
CHILE,2024,DISCRIMINACIÓN POR RAZÓN DE ENFERMEDAD,Masculino,0
CHINA POPULAR,2024,DISCRIMINACIÓN POR RAZÓN DE ENFERMEDAD,Ambos sexos,0
CHINA POPULAR,2024,DISCRIMINACIÓN POR RAZÓN DE ENFERMEDAD,Femenino,0
CHINA POPULAR,2024,DISCRIMINACIÓN POR RAZÓN DE ENFERMEDAD,Masculino,0
COLOMBIA,2024,DISCRIMINACIÓN POR RAZÓN DE ENFERMEDAD,Ambos sexos,0
COLOMBIA,2024,DISCRIMINACIÓN POR RAZÓN DE ENFERMEDAD,Femenino,0
COLOMBIA,2024,DISCRIMINACIÓN POR RAZÓN DE ENFERMEDAD,Masculino,0
CONGO-BRAZZAVILLE,2024,DISCRIMINACIÓN POR RAZÓN DE ENFERMEDAD,Ambos sexos,0
CONGO-BRAZZAVILLE,2024,DISCRIMINACIÓN POR RAZÓN DE ENFERMEDAD,Femenino,0
CONGO-BRAZZAVILLE,2024,DISCRIMINACIÓN POR RAZÓN DE ENFERMEDAD,Masculino,0
COSTA DE MARFIL,2024,DISCRIMINACIÓN POR RAZÓN DE ENFERMEDAD,Ambos sexos,0
COSTA DE MARFIL,2024,DISCRIMINACIÓN POR RAZÓN DE ENFERMEDAD,Femenino,0
COSTA DE MARFIL,2024,DISCRIMINACIÓN POR RAZÓN DE ENFERMEDAD,Masculino,0
CROACIA,2024,DISCRIMINACIÓN POR RAZÓN DE ENFERMEDAD,Ambos sexos,0
CROACIA,2024,DISCRIMINACIÓN POR RAZÓN DE ENFERMEDAD,Femenino,0
CROACIA,2024,DISCRIMINACIÓN POR RAZÓN DE ENFERMEDAD,Masculino,0
CUBA,2024,DISCRIMINACIÓN POR RAZÓN DE ENFERMEDAD,Ambos sexos,0
CUBA,2024,DISCRIMINACIÓN POR RAZÓN DE ENFERMEDAD,Femenino,0
CUBA,2024,DISCRIMINACIÓN POR RAZÓN DE ENFERMEDAD,Masculino,0
ECUADOR,2024,DISCRIMINACIÓN POR RAZÓN DE ENFERMEDAD,Ambos sexos,0
ECUADOR,2024,DISCRIMINACIÓN POR RAZÓN DE ENFERMEDAD,Femenino,0
ECUADOR,2024,DISCRIMINACIÓN POR RAZÓN DE ENFERMEDAD,Masculino,0
EE.UU.,2024,DISCRIMINACIÓN POR RAZÓN DE ENFERMEDAD,Ambos sexos,0
EE.UU.,2024,DISCRIMINACIÓN POR RAZÓN DE ENFERMEDAD,Femenino,0
EE.UU.,2024,DISCRIMINACIÓN POR RAZÓN DE ENFERMEDAD,Masculino,0
EGIPTO,2024,DISCRIMINACIÓN POR RAZÓN DE ENFERMEDAD,Ambos sexos,0
EGIPTO,2024,DISCRIMINACIÓN POR RAZÓN DE ENFERMEDAD,Femenino,0
EGIPTO,2024,DISCRIMINACIÓN POR RAZÓN DE ENFERMEDAD,Masculino,0
EL SALVADOR,2024,DISCRIMINACIÓN POR RAZÓN DE ENFERMEDAD,Ambos sexos,0
EL SALVADOR,2024,DISCRIMINACIÓN POR RAZÓN DE ENFERMEDAD,Femenino,0
EL SALVADOR,2024,DISCRIMINACIÓN POR RAZÓN DE ENFERMEDAD,Masculino,0
ERITREA,2024,DISCRIMINACIÓN POR RAZÓN DE ENFERMEDAD,Ambos sexos,0
ERITREA,2024,DISCRIMINACIÓN POR RAZÓN DE ENFERMEDAD,Femenino,0
ERITREA,2024,DISCRIMINACIÓN POR RAZÓN DE ENFERMEDAD,Masculino,0
ESLOVAQUIA,2024,DISCRIMINACIÓN POR RAZÓN DE ENFERMEDAD,Ambos sexos,0
ESLOVAQUIA,2024,DISCRIMINACIÓN POR RAZÓN DE ENFERMEDAD,Femenino,0
ESLOVAQUIA,2024,DISCRIMINACIÓN POR RAZÓN DE ENFERMEDAD,Masculino,0
ESPAÑA,2024,DISCRIMINACIÓN POR RAZÓN DE ENFERMEDAD,Ambos sexos,1
ESPAÑA,2024,DISCRIMINACIÓN POR RAZÓN DE ENFERMEDAD,Femenino,0
ESPAÑA,2024,DISCRIMINACIÓN POR RAZÓN DE ENFERMEDAD,Masculino,1
ESTONIA,2024,DISCRIMINACIÓN POR RAZÓN DE ENFERMEDAD,Ambos sexos,0
ESTONIA,2024,DISCRIMINACIÓN POR RAZÓN DE ENFERMEDAD,Femenino,0
ESTONIA,2024,DISCRIMINACIÓN POR RAZÓN DE ENFERMEDAD,Masculino,0
FILIPINAS,2024,DISCRIMINACIÓN POR RAZÓN DE ENFERMEDAD,Ambos sexos,0
FILIPINAS,2024,DISCRIMINACIÓN POR RAZÓN DE ENFERMEDAD,Femenino,0
FILIPINAS,2024,DISCRIMINACIÓN POR RAZÓN DE ENFERMEDAD,Masculino,0
FRANCIA,2024,DISCRIMINACIÓN POR RAZÓN DE ENFERMEDAD,Ambos sexos,0
FRANCIA,2024,DISCRIMINACIÓN POR RAZÓN DE ENFERMEDAD,Femenino,0
FRANCIA,2024,DISCRIMINACIÓN POR RAZÓN DE ENFERMEDAD,Masculino,0
GAMBIA,2024,DISCRIMINACIÓN POR RAZÓN DE ENFERMEDAD,Ambos sexos,0
GAMBIA,2024,DISCRIMINACIÓN POR RAZÓN DE ENFERMEDAD,Femenino,0
GAMBIA,2024,DISCRIMINACIÓN POR RAZÓN DE ENFERMEDAD,Masculino,0
GEORGIA,2024,DISCRIMINACIÓN POR RAZÓN DE ENFERMEDAD,Ambos sexos,0
GEORGIA,2024,DISCRIMINACIÓN POR RAZÓN DE ENFERMEDAD,Femenino,0
GEORGIA,2024,DISCRIMINACIÓN POR RAZÓN DE ENFERMEDAD,Masculino,0
GHANA,2024,DISCRIMINACIÓN POR RAZÓN DE ENFERMEDAD,Ambos sexos,0
GHANA,2024,DISCRIMINACIÓN POR RAZÓN DE ENFERMEDAD,Femenino,0
GHANA,2024,DISCRIMINACIÓN POR RAZÓN DE ENFERMEDAD,Masculino,0
GRECIA,2024,DISCRIMINACIÓN POR RAZÓN DE ENFERMEDAD,Ambos sexos,0
GRECIA,2024,DISCRIMINACIÓN POR RAZÓN DE ENFERMEDAD,Femenino,0
GRECIA,2024,DISCRIMINACIÓN POR RAZÓN DE ENFERMEDAD,Masculino,0
GUATEMALA,2024,DISCRIMINACIÓN POR RAZÓN DE ENFERMEDAD,Ambos sexos,0
GUATEMALA,2024,DISCRIMINACIÓN POR RAZÓN DE ENFERMEDAD,Femenino,0
GUATEMALA,2024,DISCRIMINACIÓN POR RAZÓN DE ENFERMEDAD,Masculino,0
GUINEA ECUATORIAL,2024,DISCRIMINACIÓN POR RAZÓN DE ENFERMEDAD,Ambos sexos,0
GUINEA ECUATORIAL,2024,DISCRIMINACIÓN POR RAZÓN DE ENFERMEDAD,Femenino,0
GUINEA ECUATORIAL,2024,DISCRIMINACIÓN POR RAZÓN DE ENFERMEDAD,Masculino,0
GUINEA REP.,2024,DISCRIMINACIÓN POR RAZÓN DE ENFERMEDAD,Ambos sexos,0
GUINEA REP.,2024,DISCRIMINACIÓN POR RAZÓN DE ENFERMEDAD,Femenino,0
GUINEA REP.,2024,DISCRIMINACIÓN POR RAZÓN DE ENFERMEDAD,Masculino,0
HAITI,2024,DISCRIMINACIÓN POR RAZÓN DE ENFERMEDAD,Ambos sexos,0
HAITI,2024,DISCRIMINACIÓN POR RAZÓN DE ENFERMEDAD,Femenino,0
HAITI,2024,DISCRIMINACIÓN POR RAZÓN DE ENFERMEDAD,Masculino,0
HOLANDA,2024,DISCRIMINACIÓN POR RAZÓN DE ENFERMEDAD,Ambos sexos,0
HOLANDA,2024,DISCRIMINACIÓN POR RAZÓN DE ENFERMEDAD,Femenino,0
HOLANDA,2024,DISCRIMINACIÓN POR RAZÓN DE ENFERMEDAD,Masculino,0
HONDURAS,2024,DISCRIMINACIÓN POR RAZÓN DE ENFERMEDAD,Ambos sexos,0
HONDURAS,2024,DISCRIMINACIÓN POR RAZÓN DE ENFERMEDAD,Femenino,0
HONDURAS,2024,DISCRIMINACIÓN POR RAZÓN DE ENFERMEDAD,Masculino,0
INDIA,2024,DISCRIMINACIÓN POR RAZÓN DE ENFERMEDAD,Ambos sexos,0
INDIA,2024,DISCRIMINACIÓN POR RAZÓN DE ENFERMEDAD,Femenino,0
INDIA,2024,DISCRIMINACIÓN POR RAZÓN DE ENFERMEDAD,Masculino,0
IRLANDA,2024,DISCRIMINACIÓN POR RAZÓN DE ENFERMEDAD,Ambos sexos,0
IRLANDA,2024,DISCRIMINACIÓN POR RAZÓN DE ENFERMEDAD,Femenino,0
IRLANDA,2024,DISCRIMINACIÓN POR RAZÓN DE ENFERMEDAD,Masculino,0
IRÁN,2024,DISCRIMINACIÓN POR RAZÓN DE ENFERMEDAD,Ambos sexos,0
IRÁN,2024,DISCRIMINACIÓN POR RAZÓN DE ENFERMEDAD,Femenino,0
IRÁN,2024,DISCRIMINACIÓN POR RAZÓN DE ENFERMEDAD,Masculino,0
ISRAEL,2024,DISCRIMINACIÓN POR RAZÓN DE ENFERMEDAD,Ambos sexos,0
ISRAEL,2024,DISCRIMINACIÓN POR RAZÓN DE ENFERMEDAD,Femenino,0
ISRAEL,2024,DISCRIMINACIÓN POR RAZÓN DE ENFERMEDAD,Masculino,0
ITALIA,2024,DISCRIMINACIÓN POR RAZÓN DE ENFERMEDAD,Ambos sexos,0
ITALIA,2024,DISCRIMINACIÓN POR RAZÓN DE ENFERMEDAD,Femenino,0
ITALIA,2024,DISCRIMINACIÓN POR RAZÓN DE ENFERMEDAD,Masculino,0
LETONIA,2024,DISCRIMINACIÓN POR RAZÓN DE ENFERMEDAD,Ambos sexos,0
LETONIA,2024,DISCRIMINACIÓN POR RAZÓN DE ENFERMEDAD,Femenino,0
LETONIA,2024,DISCRIMINACIÓN POR RAZÓN DE ENFERMEDAD,Masculino,0
LIBERIA,2024,DISCRIMINACIÓN POR RAZÓN DE ENFERMEDAD,Ambos sexos,0
LIBERIA,2024,DISCRIMINACIÓN POR RAZÓN DE ENFERMEDAD,Femenino,0
LIBERIA,2024,DISCRIMINACIÓN POR RAZÓN DE ENFERMEDAD,Masculino,0
LIBIA,2024,DISCRIMINACIÓN POR RAZÓN DE ENFERMEDAD,Ambos sexos,0
LIBIA,2024,DISCRIMINACIÓN POR RAZÓN DE ENFERMEDAD,Femenino,0
LIBIA,2024,DISCRIMINACIÓN POR RAZÓN DE ENFERMEDAD,Masculino,0
LITUANIA,2024,DISCRIMINACIÓN POR RAZÓN DE ENFERMEDAD,Ambos sexos,0
LITUANIA,2024,DISCRIMINACIÓN POR RAZÓN DE ENFERMEDAD,Femenino,0
LITUANIA,2024,DISCRIMINACIÓN POR RAZÓN DE ENFERMEDAD,Masculino,0
LÍBANO,2024,DISCRIMINACIÓN POR RAZÓN DE ENFERMEDAD,Ambos sexos,0
LÍBANO,2024,DISCRIMINACIÓN POR RAZÓN DE ENFERMEDAD,Femenino,0
LÍBANO,2024,DISCRIMINACIÓN POR RAZÓN DE ENFERMEDAD,Masculino,0
MALI,2024,DISCRIMINACIÓN POR RAZÓN DE ENFERMEDAD,Ambos sexos,0
MALI,2024,DISCRIMINACIÓN POR RAZÓN DE ENFERMEDAD,Femenino,0
MALI,2024,DISCRIMINACIÓN POR RAZÓN DE ENFERMEDAD,Masculino,0
MARRUECOS,2024,DISCRIMINACIÓN POR RAZÓN DE ENFERMEDAD,Ambos sexos,0
MARRUECOS,2024,DISCRIMINACIÓN POR RAZÓN DE ENFERMEDAD,Femenino,0
MARRUECOS,2024,DISCRIMINACIÓN POR RAZÓN DE ENFERMEDAD,Masculino,0
MAURITANIA,2024,DISCRIMINACIÓN POR RAZÓN DE ENFERMEDAD,Ambos sexos,0
MAURITANIA,2024,DISCRIMINACIÓN POR RAZÓN DE ENFERMEDAD,Femenino,0
MAURITANIA,2024,DISCRIMINACIÓN POR RAZÓN DE ENFERMEDAD,Masculino,0
MOLDAVIA,2024,DISCRIMINACIÓN POR RAZÓN DE ENFERMEDAD,Ambos sexos,0
MOLDAVIA,2024,DISCRIMINACIÓN POR RAZÓN DE ENFERMEDAD,Femenino,0
MOLDAVIA,2024,DISCRIMINACIÓN POR RAZÓN DE ENFERMEDAD,Masculino,0
MONGOLIA,2024,DISCRIMINACIÓN POR RAZÓN DE ENFERMEDAD,Ambos sexos,0
MONGOLIA,2024,DISCRIMINACIÓN POR RAZÓN DE ENFERMEDAD,Femenino,0
MONGOLIA,2024,DISCRIMINACIÓN POR RAZÓN DE ENFERMEDAD,Masculino,0
NEPAL,2024,DISCRIMINACIÓN POR RAZÓN DE ENFERMEDAD,Ambos sexos,0
NEPAL,2024,DISCRIMINACIÓN POR RAZÓN DE ENFERMEDAD,Femenino,0
NEPAL,2024,DISCRIMINACIÓN POR RAZÓN DE ENFERMEDAD,Masculino,0
NICARAGUA,2024,DISCRIMINACIÓN POR RAZÓN DE ENFERMEDAD,Ambos sexos,0
NICARAGUA,2024,DISCRIMINACIÓN POR RAZÓN DE ENFERMEDAD,Femenino,0
NICARAGUA,2024,DISCRIMINACIÓN POR RAZÓN DE ENFERMEDAD,Masculino,0
NIGERIA,2024,DISCRIMINACIÓN POR RAZÓN DE ENFERMEDAD,Ambos sexos,0
NIGERIA,2024,DISCRIMINACIÓN POR RAZÓN DE ENFERMEDAD,Femenino,0
NIGERIA,2024,DISCRIMINACIÓN POR RAZÓN DE ENFERMEDAD,Masculino,0
NÍGER REP.,2024,DISCRIMINACIÓN POR RAZÓN DE ENFERMEDAD,Ambos sexos,0
NÍGER REP.,2024,DISCRIMINACIÓN POR RAZÓN DE ENFERMEDAD,Femenino,0
NÍGER REP.,2024,DISCRIMINACIÓN POR RAZÓN DE ENFERMEDAD,Masculino,0
PANAMA,2024,DISCRIMINACIÓN POR RAZÓN DE ENFERMEDAD,Ambos sexos,0
PANAMA,2024,DISCRIMINACIÓN POR RAZÓN DE ENFERMEDAD,Femenino,0
PANAMA,2024,DISCRIMINACIÓN POR RAZÓN DE ENFERMEDAD,Masculino,0
PAQUISTÁN,2024,DISCRIMINACIÓN POR RAZÓN DE ENFERMEDAD,Ambos sexos,0
PAQUISTÁN,2024,DISCRIMINACIÓN POR RAZÓN DE ENFERMEDAD,Femenino,0
PAQUISTÁN,2024,DISCRIMINACIÓN POR RAZÓN DE ENFERMEDAD,Masculino,0
PARAGUAY,2024,DISCRIMINACIÓN POR RAZÓN DE ENFERMEDAD,Ambos sexos,0
PARAGUAY,2024,DISCRIMINACIÓN POR RAZÓN DE ENFERMEDAD,Femenino,0
PARAGUAY,2024,DISCRIMINACIÓN POR RAZÓN DE ENFERMEDAD,Masculino,0
PAÍS DESCONOCIDO,2024,DISCRIMINACIÓN POR RAZÓN DE ENFERMEDAD,Ambos sexos,0
PAÍS DESCONOCIDO,2024,DISCRIMINACIÓN POR RAZÓN DE ENFERMEDAD,Femenino,0
PAÍS DESCONOCIDO,2024,DISCRIMINACIÓN POR RAZÓN DE ENFERMEDAD,Masculino,0
PAÍS NO CODIFICADO,2024,DISCRIMINACIÓN POR RAZÓN DE ENFERMEDAD,Ambos sexos,0
PAÍS NO CODIFICADO,2024,DISCRIMINACIÓN POR RAZÓN DE ENFERMEDAD,Femenino,0
PAÍS NO CODIFICADO,2024,DISCRIMINACIÓN POR RAZÓN DE ENFERMEDAD,Masculino,0
PERÚ,2024,DISCRIMINACIÓN POR RAZÓN DE ENFERMEDAD,Ambos sexos,0
PERÚ,2024,DISCRIMINACIÓN POR RAZÓN DE ENFERMEDAD,Femenino,0
PERÚ,2024,DISCRIMINACIÓN POR RAZÓN DE ENFERMEDAD,Masculino,0
POLONIA,2024,DISCRIMINACIÓN POR RAZÓN DE ENFERMEDAD,Ambos sexos,0
POLONIA,2024,DISCRIMINACIÓN POR RAZÓN DE ENFERMEDAD,Femenino,0
POLONIA,2024,DISCRIMINACIÓN POR RAZÓN DE ENFERMEDAD,Masculino,0
PORTUGAL,2024,DISCRIMINACIÓN POR RAZÓN DE ENFERMEDAD,Ambos sexos,0
PORTUGAL,2024,DISCRIMINACIÓN POR RAZÓN DE ENFERMEDAD,Femenino,0
PORTUGAL,2024,DISCRIMINACIÓN POR RAZÓN DE ENFERMEDAD,Masculino,0
REINO UNIDO,2024,DISCRIMINACIÓN POR RAZÓN DE ENFERMEDAD,Ambos sexos,0
REINO UNIDO,2024,DISCRIMINACIÓN POR RAZÓN DE ENFERMEDAD,Femenino,0
REINO UNIDO,2024,DISCRIMINACIÓN POR RAZÓN DE ENFERMEDAD,Masculino,0
REPÚBLICA CHECA,2024,DISCRIMINACIÓN POR RAZÓN DE ENFERMEDAD,Ambos sexos,0
REPÚBLICA CHECA,2024,DISCRIMINACIÓN POR RAZÓN DE ENFERMEDAD,Femenino,0
REPÚBLICA CHECA,2024,DISCRIMINACIÓN POR RAZÓN DE ENFERMEDAD,Masculino,0
REPÚBLICA DOMINICANA,2024,DISCRIMINACIÓN POR RAZÓN DE ENFERMEDAD,Ambos sexos,0
REPÚBLICA DOMINICANA,2024,DISCRIMINACIÓN POR RAZÓN DE ENFERMEDAD,Femenino,0
REPÚBLICA DOMINICANA,2024,DISCRIMINACIÓN POR RAZÓN DE ENFERMEDAD,Masculino,0
RUMANÍA,2024,DISCRIMINACIÓN POR RAZÓN DE ENFERMEDAD,Ambos sexos,0
RUMANÍA,2024,DISCRIMINACIÓN POR RAZÓN DE ENFERMEDAD,Femenino,0
RUMANÍA,2024,DISCRIMINACIÓN POR RAZÓN DE ENFERMEDAD,Masculino,0
RUSIA,2024,DISCRIMINACIÓN POR RAZÓN DE ENFERMEDAD,Ambos sexos,0
RUSIA,2024,DISCRIMINACIÓN POR RAZÓN DE ENFERMEDAD,Femenino,0
RUSIA,2024,DISCRIMINACIÓN POR RAZÓN DE ENFERMEDAD,Masculino,0
SENEGAL,2024,DISCRIMINACIÓN POR RAZÓN DE ENFERMEDAD,Ambos sexos,0
SENEGAL,2024,DISCRIMINACIÓN POR RAZÓN DE ENFERMEDAD,Femenino,0
SENEGAL,2024,DISCRIMINACIÓN POR RAZÓN DE ENFERMEDAD,Masculino,0
SERBIA (YUGOSLAVIA),2024,DISCRIMINACIÓN POR RAZÓN DE ENFERMEDAD,Ambos sexos,0
SERBIA (YUGOSLAVIA),2024,DISCRIMINACIÓN POR RAZÓN DE ENFERMEDAD,Femenino,0
SERBIA (YUGOSLAVIA),2024,DISCRIMINACIÓN POR RAZÓN DE ENFERMEDAD,Masculino,0
SIERRA LEONA,2024,DISCRIMINACIÓN POR RAZÓN DE ENFERMEDAD,Ambos sexos,0
SIERRA LEONA,2024,DISCRIMINACIÓN POR RAZÓN DE ENFERMEDAD,Femenino,0
SIERRA LEONA,2024,DISCRIMINACIÓN POR RAZÓN DE ENFERMEDAD,Masculino,0
SIRIA,2024,DISCRIMINACIÓN POR RAZÓN DE ENFERMEDAD,Ambos sexos,0
SIRIA,2024,DISCRIMINACIÓN POR RAZÓN DE ENFERMEDAD,Femenino,0
SIRIA,2024,DISCRIMINACIÓN POR RAZÓN DE ENFERMEDAD,Masculino,0
SUDÁFRICA R.,2024,DISCRIMINACIÓN POR RAZÓN DE ENFERMEDAD,Ambos sexos,0
SUDÁFRICA R.,2024,DISCRIMINACIÓN POR RAZÓN DE ENFERMEDAD,Femenino,0
SUDÁFRICA R.,2024,DISCRIMINACIÓN POR RAZÓN DE ENFERMEDAD,Masculino,0
SUECIA,2024,DISCRIMINACIÓN POR RAZÓN DE ENFERMEDAD,Ambos sexos,0
SUECIA,2024,DISCRIMINACIÓN POR RAZÓN DE ENFERMEDAD,Femenino,0
SUECIA,2024,DISCRIMINACIÓN POR RAZÓN DE ENFERMEDAD,Masculino,0
SUIZA,2024,DISCRIMINACIÓN POR RAZÓN DE ENFERMEDAD,Ambos sexos,0
SUIZA,2024,DISCRIMINACIÓN POR RAZÓN DE ENFERMEDAD,Femenino,0
SUIZA,2024,DISCRIMINACIÓN POR RAZÓN DE ENFERMEDAD,Masculino,0
TOTAL nacionalidad,2024,DISCRIMINACIÓN POR RAZÓN DE ENFERMEDAD,Ambos sexos,1
TOTAL nacionalidad,2024,DISCRIMINACIÓN POR RAZÓN DE ENFERMEDAD,Femenino,0
TOTAL nacionalidad,2024,DISCRIMINACIÓN POR RAZÓN DE ENFERMEDAD,Masculino,1
TURQUÍA,2024,DISCRIMINACIÓN POR RAZÓN DE ENFERMEDAD,Ambos sexos,0
TURQUÍA,2024,DISCRIMINACIÓN POR RAZÓN DE ENFERMEDAD,Femenino,0
TURQUÍA,2024,DISCRIMINACIÓN POR RAZÓN DE ENFERMEDAD,Masculino,0
TÚNEZ,2024,DISCRIMINACIÓN POR RAZÓN DE ENFERMEDAD,Ambos sexos,0
TÚNEZ,2024,DISCRIMINACIÓN POR RAZÓN DE ENFERMEDAD,Femenino,0
TÚNEZ,2024,DISCRIMINACIÓN POR RAZÓN DE ENFERMEDAD,Masculino,0
UCRANIA,2024,DISCRIMINACIÓN POR RAZÓN DE ENFERMEDAD,Ambos sexos,0
UCRANIA,2024,DISCRIMINACIÓN POR RAZÓN DE ENFERMEDAD,Femenino,0
UCRANIA,2024,DISCRIMINACIÓN POR RAZÓN DE ENFERMEDAD,Masculino,0
URUGUAY,2024,DISCRIMINACIÓN POR RAZÓN DE ENFERMEDAD,Ambos sexos,0
URUGUAY,2024,DISCRIMINACIÓN POR RAZÓN DE ENFERMEDAD,Femenino,0
URUGUAY,2024,DISCRIMINACIÓN POR RAZÓN DE ENFERMEDAD,Masculino,0
VENEZUELA,2024,DISCRIMINACIÓN POR RAZÓN DE ENFERMEDAD,Ambos sexos,0
VENEZUELA,2024,DISCRIMINACIÓN POR RAZÓN DE ENFERMEDAD,Femenino,0
VENEZUELA,2024,DISCRIMINACIÓN POR RAZÓN DE ENFERMEDAD,Masculino,0
ZAMBIA,2024,DISCRIMINACIÓN POR RAZÓN DE ENFERMEDAD,Ambos sexos,0
ZAMBIA,2024,DISCRIMINACIÓN POR RAZÓN DE ENFERMEDAD,Femenino,0
ZAMBIA,2024,DISCRIMINACIÓN POR RAZÓN DE ENFERMEDAD,Masculino,0
ALBANIA,2024,DISCRIMINACIÓN POR RAZÓN DE SEXO/GÉNERO,Ambos sexos,0
ALBANIA,2024,DISCRIMINACIÓN POR RAZÓN DE SEXO/GÉNERO,Femenino,0
ALBANIA,2024,DISCRIMINACIÓN POR RAZÓN DE SEXO/GÉNERO,Masculino,0
ALEMANIA,2024,DISCRIMINACIÓN POR RAZÓN DE SEXO/GÉNERO,Ambos sexos,0
ALEMANIA,2024,DISCRIMINACIÓN POR RAZÓN DE SEXO/GÉNERO,Femenino,0
ALEMANIA,2024,DISCRIMINACIÓN POR RAZÓN DE SEXO/GÉNERO,Masculino,0
ANDORRA,2024,DISCRIMINACIÓN POR RAZÓN DE SEXO/GÉNERO,Ambos sexos,0
ANDORRA,2024,DISCRIMINACIÓN POR RAZÓN DE SEXO/GÉNERO,Femenino,0
ANDORRA,2024,DISCRIMINACIÓN POR RAZÓN DE SEXO/GÉNERO,Masculino,0
ANGOLA,2024,DISCRIMINACIÓN POR RAZÓN DE SEXO/GÉNERO,Ambos sexos,0
ANGOLA,2024,DISCRIMINACIÓN POR RAZÓN DE SEXO/GÉNERO,Femenino,0
ANGOLA,2024,DISCRIMINACIÓN POR RAZÓN DE SEXO/GÉNERO,Masculino,0
ARGELIA,2024,DISCRIMINACIÓN POR RAZÓN DE SEXO/GÉNERO,Ambos sexos,3
ARGELIA,2024,DISCRIMINACIÓN POR RAZÓN DE SEXO/GÉNERO,Femenino,0
ARGELIA,2024,DISCRIMINACIÓN POR RAZÓN DE SEXO/GÉNERO,Masculino,3
ARGENTINA,2024,DISCRIMINACIÓN POR RAZÓN DE SEXO/GÉNERO,Ambos sexos,0
ARGENTINA,2024,DISCRIMINACIÓN POR RAZÓN DE SEXO/GÉNERO,Femenino,0
ARGENTINA,2024,DISCRIMINACIÓN POR RAZÓN DE SEXO/GÉNERO,Masculino,0
ARMENIA,2024,DISCRIMINACIÓN POR RAZÓN DE SEXO/GÉNERO,Ambos sexos,0
ARMENIA,2024,DISCRIMINACIÓN POR RAZÓN DE SEXO/GÉNERO,Femenino,0
ARMENIA,2024,DISCRIMINACIÓN POR RAZÓN DE SEXO/GÉNERO,Masculino,0
BANGLADESH,2024,DISCRIMINACIÓN POR RAZÓN DE SEXO/GÉNERO,Ambos sexos,0
BANGLADESH,2024,DISCRIMINACIÓN POR RAZÓN DE SEXO/GÉNERO,Femenino,0
BANGLADESH,2024,DISCRIMINACIÓN POR RAZÓN DE SEXO/GÉNERO,Masculino,0
BIELORRUSIA,2024,DISCRIMINACIÓN POR RAZÓN DE SEXO/GÉNERO,Ambos sexos,0
BIELORRUSIA,2024,DISCRIMINACIÓN POR RAZÓN DE SEXO/GÉNERO,Femenino,0
BIELORRUSIA,2024,DISCRIMINACIÓN POR RAZÓN DE SEXO/GÉNERO,Masculino,0
BOLIVIA,2024,DISCRIMINACIÓN POR RAZÓN DE SEXO/GÉNERO,Ambos sexos,0
BOLIVIA,2024,DISCRIMINACIÓN POR RAZÓN DE SEXO/GÉNERO,Femenino,0
BOLIVIA,2024,DISCRIMINACIÓN POR RAZÓN DE SEXO/GÉNERO,Masculino,0
BRASIL,2024,DISCRIMINACIÓN POR RAZÓN DE SEXO/GÉNERO,Ambos sexos,0
BRASIL,2024,DISCRIMINACIÓN POR RAZÓN DE SEXO/GÉNERO,Femenino,0
BRASIL,2024,DISCRIMINACIÓN POR RAZÓN DE SEXO/GÉNERO,Masculino,0
BULGARIA,2024,DISCRIMINACIÓN POR RAZÓN DE SEXO/GÉNERO,Ambos sexos,0
BULGARIA,2024,DISCRIMINACIÓN POR RAZÓN DE SEXO/GÉNERO,Femenino,0
BULGARIA,2024,DISCRIMINACIÓN POR RAZÓN DE SEXO/GÉNERO,Masculino,0
BÉLGICA,2024,DISCRIMINACIÓN POR RAZÓN DE SEXO/GÉNERO,Ambos sexos,0
BÉLGICA,2024,DISCRIMINACIÓN POR RAZÓN DE SEXO/GÉNERO,Femenino,0
BÉLGICA,2024,DISCRIMINACIÓN POR RAZÓN DE SEXO/GÉNERO,Masculino,0
CAMERÚN,2024,DISCRIMINACIÓN POR RAZÓN DE SEXO/GÉNERO,Ambos sexos,0
CAMERÚN,2024,DISCRIMINACIÓN POR RAZÓN DE SEXO/GÉNERO,Femenino,0
CAMERÚN,2024,DISCRIMINACIÓN POR RAZÓN DE SEXO/GÉNERO,Masculino,0
CENTRO ÁFRICANA REPÚBLICA,2024,DISCRIMINACIÓN POR RAZÓN DE SEXO/GÉNERO,Ambos sexos,0
CENTRO ÁFRICANA REPÚBLICA,2024,DISCRIMINACIÓN POR RAZÓN DE SEXO/GÉNERO,Femenino,0
CENTRO ÁFRICANA REPÚBLICA,2024,DISCRIMINACIÓN POR RAZÓN DE SEXO/GÉNERO,Masculino,0
CHILE,2024,DISCRIMINACIÓN POR RAZÓN DE SEXO/GÉNERO,Ambos sexos,0
CHILE,2024,DISCRIMINACIÓN POR RAZÓN DE SEXO/GÉNERO,Femenino,0
CHILE,2024,DISCRIMINACIÓN POR RAZÓN DE SEXO/GÉNERO,Masculino,0
CHINA POPULAR,2024,DISCRIMINACIÓN POR RAZÓN DE SEXO/GÉNERO,Ambos sexos,1
CHINA POPULAR,2024,DISCRIMINACIÓN POR RAZÓN DE SEXO/GÉNERO,Femenino,0
CHINA POPULAR,2024,DISCRIMINACIÓN POR RAZÓN DE SEXO/GÉNERO,Masculino,1
COLOMBIA,2024,DISCRIMINACIÓN POR RAZÓN DE SEXO/GÉNERO,Ambos sexos,2
COLOMBIA,2024,DISCRIMINACIÓN POR RAZÓN DE SEXO/GÉNERO,Femenino,0
COLOMBIA,2024,DISCRIMINACIÓN POR RAZÓN DE SEXO/GÉNERO,Masculino,2
CONGO-BRAZZAVILLE,2024,DISCRIMINACIÓN POR RAZÓN DE SEXO/GÉNERO,Ambos sexos,0
CONGO-BRAZZAVILLE,2024,DISCRIMINACIÓN POR RAZÓN DE SEXO/GÉNERO,Femenino,0
CONGO-BRAZZAVILLE,2024,DISCRIMINACIÓN POR RAZÓN DE SEXO/GÉNERO,Masculino,0
COSTA DE MARFIL,2024,DISCRIMINACIÓN POR RAZÓN DE SEXO/GÉNERO,Ambos sexos,0
COSTA DE MARFIL,2024,DISCRIMINACIÓN POR RAZÓN DE SEXO/GÉNERO,Femenino,0
COSTA DE MARFIL,2024,DISCRIMINACIÓN POR RAZÓN DE SEXO/GÉNERO,Masculino,0
CROACIA,2024,DISCRIMINACIÓN POR RAZÓN DE SEXO/GÉNERO,Ambos sexos,0
CROACIA,2024,DISCRIMINACIÓN POR RAZÓN DE SEXO/GÉNERO,Femenino,0
CROACIA,2024,DISCRIMINACIÓN POR RAZÓN DE SEXO/GÉNERO,Masculino,0
CUBA,2024,DISCRIMINACIÓN POR RAZÓN DE SEXO/GÉNERO,Ambos sexos,1
CUBA,2024,DISCRIMINACIÓN POR RAZÓN DE SEXO/GÉNERO,Femenino,0
CUBA,2024,DISCRIMINACIÓN POR RAZÓN DE SEXO/GÉNERO,Masculino,1
ECUADOR,2024,DISCRIMINACIÓN POR RAZÓN DE SEXO/GÉNERO,Ambos sexos,0
ECUADOR,2024,DISCRIMINACIÓN POR RAZÓN DE SEXO/GÉNERO,Femenino,0
ECUADOR,2024,DISCRIMINACIÓN POR RAZÓN DE SEXO/GÉNERO,Masculino,0
EE.UU.,2024,DISCRIMINACIÓN POR RAZÓN DE SEXO/GÉNERO,Ambos sexos,0
EE.UU.,2024,DISCRIMINACIÓN POR RAZÓN DE SEXO/GÉNERO,Femenino,0
EE.UU.,2024,DISCRIMINACIÓN POR RAZÓN DE SEXO/GÉNERO,Masculino,0
EGIPTO,2024,DISCRIMINACIÓN POR RAZÓN DE SEXO/GÉNERO,Ambos sexos,0
EGIPTO,2024,DISCRIMINACIÓN POR RAZÓN DE SEXO/GÉNERO,Femenino,0
EGIPTO,2024,DISCRIMINACIÓN POR RAZÓN DE SEXO/GÉNERO,Masculino,0
EL SALVADOR,2024,DISCRIMINACIÓN POR RAZÓN DE SEXO/GÉNERO,Ambos sexos,0
EL SALVADOR,2024,DISCRIMINACIÓN POR RAZÓN DE SEXO/GÉNERO,Femenino,0
EL SALVADOR,2024,DISCRIMINACIÓN POR RAZÓN DE SEXO/GÉNERO,Masculino,0
ERITREA,2024,DISCRIMINACIÓN POR RAZÓN DE SEXO/GÉNERO,Ambos sexos,0
ERITREA,2024,DISCRIMINACIÓN POR RAZÓN DE SEXO/GÉNERO,Femenino,0
ERITREA,2024,DISCRIMINACIÓN POR RAZÓN DE SEXO/GÉNERO,Masculino,0
ESLOVAQUIA,2024,DISCRIMINACIÓN POR RAZÓN DE SEXO/GÉNERO,Ambos sexos,0
ESLOVAQUIA,2024,DISCRIMINACIÓN POR RAZÓN DE SEXO/GÉNERO,Femenino,0
ESLOVAQUIA,2024,DISCRIMINACIÓN POR RAZÓN DE SEXO/GÉNERO,Masculino,0
ESPAÑA,2024,DISCRIMINACIÓN POR RAZÓN DE SEXO/GÉNERO,Ambos sexos,48
ESPAÑA,2024,DISCRIMINACIÓN POR RAZÓN DE SEXO/GÉNERO,Femenino,5
ESPAÑA,2024,DISCRIMINACIÓN POR RAZÓN DE SEXO/GÉNERO,Masculino,43
ESTONIA,2024,DISCRIMINACIÓN POR RAZÓN DE SEXO/GÉNERO,Ambos sexos,0
ESTONIA,2024,DISCRIMINACIÓN POR RAZÓN DE SEXO/GÉNERO,Femenino,0
ESTONIA,2024,DISCRIMINACIÓN POR RAZÓN DE SEXO/GÉNERO,Masculino,0
FILIPINAS,2024,DISCRIMINACIÓN POR RAZÓN DE SEXO/GÉNERO,Ambos sexos,0
FILIPINAS,2024,DISCRIMINACIÓN POR RAZÓN DE SEXO/GÉNERO,Femenino,0
FILIPINAS,2024,DISCRIMINACIÓN POR RAZÓN DE SEXO/GÉNERO,Masculino,0
FRANCIA,2024,DISCRIMINACIÓN POR RAZÓN DE SEXO/GÉNERO,Ambos sexos,1
FRANCIA,2024,DISCRIMINACIÓN POR RAZÓN DE SEXO/GÉNERO,Femenino,0
FRANCIA,2024,DISCRIMINACIÓN POR RAZÓN DE SEXO/GÉNERO,Masculino,1
GAMBIA,2024,DISCRIMINACIÓN POR RAZÓN DE SEXO/GÉNERO,Ambos sexos,0
GAMBIA,2024,DISCRIMINACIÓN POR RAZÓN DE SEXO/GÉNERO,Femenino,0
GAMBIA,2024,DISCRIMINACIÓN POR RAZÓN DE SEXO/GÉNERO,Masculino,0
GEORGIA,2024,DISCRIMINACIÓN POR RAZÓN DE SEXO/GÉNERO,Ambos sexos,0
GEORGIA,2024,DISCRIMINACIÓN POR RAZÓN DE SEXO/GÉNERO,Femenino,0
GEORGIA,2024,DISCRIMINACIÓN POR RAZÓN DE SEXO/GÉNERO,Masculino,0
GHANA,2024,DISCRIMINACIÓN POR RAZÓN DE SEXO/GÉNERO,Ambos sexos,1
GHANA,2024,DISCRIMINACIÓN POR RAZÓN DE SEXO/GÉNERO,Femenino,0
GHANA,2024,DISCRIMINACIÓN POR RAZÓN DE SEXO/GÉNERO,Masculino,1
GRECIA,2024,DISCRIMINACIÓN POR RAZÓN DE SEXO/GÉNERO,Ambos sexos,0
GRECIA,2024,DISCRIMINACIÓN POR RAZÓN DE SEXO/GÉNERO,Femenino,0
GRECIA,2024,DISCRIMINACIÓN POR RAZÓN DE SEXO/GÉNERO,Masculino,0
GUATEMALA,2024,DISCRIMINACIÓN POR RAZÓN DE SEXO/GÉNERO,Ambos sexos,0
GUATEMALA,2024,DISCRIMINACIÓN POR RAZÓN DE SEXO/GÉNERO,Femenino,0
GUATEMALA,2024,DISCRIMINACIÓN POR RAZÓN DE SEXO/GÉNERO,Masculino,0
GUINEA ECUATORIAL,2024,DISCRIMINACIÓN POR RAZÓN DE SEXO/GÉNERO,Ambos sexos,0
GUINEA ECUATORIAL,2024,DISCRIMINACIÓN POR RAZÓN DE SEXO/GÉNERO,Femenino,0
GUINEA ECUATORIAL,2024,DISCRIMINACIÓN POR RAZÓN DE SEXO/GÉNERO,Masculino,0
GUINEA REP.,2024,DISCRIMINACIÓN POR RAZÓN DE SEXO/GÉNERO,Ambos sexos,0
GUINEA REP.,2024,DISCRIMINACIÓN POR RAZÓN DE SEXO/GÉNERO,Femenino,0
GUINEA REP.,2024,DISCRIMINACIÓN POR RAZÓN DE SEXO/GÉNERO,Masculino,0
HAITI,2024,DISCRIMINACIÓN POR RAZÓN DE SEXO/GÉNERO,Ambos sexos,0
HAITI,2024,DISCRIMINACIÓN POR RAZÓN DE SEXO/GÉNERO,Femenino,0
HAITI,2024,DISCRIMINACIÓN POR RAZÓN DE SEXO/GÉNERO,Masculino,0
HOLANDA,2024,DISCRIMINACIÓN POR RAZÓN DE SEXO/GÉNERO,Ambos sexos,0
HOLANDA,2024,DISCRIMINACIÓN POR RAZÓN DE SEXO/GÉNERO,Femenino,0
HOLANDA,2024,DISCRIMINACIÓN POR RAZÓN DE SEXO/GÉNERO,Masculino,0
HONDURAS,2024,DISCRIMINACIÓN POR RAZÓN DE SEXO/GÉNERO,Ambos sexos,0
HONDURAS,2024,DISCRIMINACIÓN POR RAZÓN DE SEXO/GÉNERO,Femenino,0
HONDURAS,2024,DISCRIMINACIÓN POR RAZÓN DE SEXO/GÉNERO,Masculino,0
INDIA,2024,DISCRIMINACIÓN POR RAZÓN DE SEXO/GÉNERO,Ambos sexos,0
INDIA,2024,DISCRIMINACIÓN POR RAZÓN DE SEXO/GÉNERO,Femenino,0
INDIA,2024,DISCRIMINACIÓN POR RAZÓN DE SEXO/GÉNERO,Masculino,0
IRLANDA,2024,DISCRIMINACIÓN POR RAZÓN DE SEXO/GÉNERO,Ambos sexos,0
IRLANDA,2024,DISCRIMINACIÓN POR RAZÓN DE SEXO/GÉNERO,Femenino,0
IRLANDA,2024,DISCRIMINACIÓN POR RAZÓN DE SEXO/GÉNERO,Masculino,0
IRÁN,2024,DISCRIMINACIÓN POR RAZÓN DE SEXO/GÉNERO,Ambos sexos,0
IRÁN,2024,DISCRIMINACIÓN POR RAZÓN DE SEXO/GÉNERO,Femenino,0
IRÁN,2024,DISCRIMINACIÓN POR RAZÓN DE SEXO/GÉNERO,Masculino,0
ISRAEL,2024,DISCRIMINACIÓN POR RAZÓN DE SEXO/GÉNERO,Ambos sexos,0
ISRAEL,2024,DISCRIMINACIÓN POR RAZÓN DE SEXO/GÉNERO,Femenino,0
ISRAEL,2024,DISCRIMINACIÓN POR RAZÓN DE SEXO/GÉNERO,Masculino,0
ITALIA,2024,DISCRIMINACIÓN POR RAZÓN DE SEXO/GÉNERO,Ambos sexos,0
ITALIA,2024,DISCRIMINACIÓN POR RAZÓN DE SEXO/GÉNERO,Femenino,0
ITALIA,2024,DISCRIMINACIÓN POR RAZÓN DE SEXO/GÉNERO,Masculino,0
LETONIA,2024,DISCRIMINACIÓN POR RAZÓN DE SEXO/GÉNERO,Ambos sexos,0
LETONIA,2024,DISCRIMINACIÓN POR RAZÓN DE SEXO/GÉNERO,Femenino,0
LETONIA,2024,DISCRIMINACIÓN POR RAZÓN DE SEXO/GÉNERO,Masculino,0
LIBERIA,2024,DISCRIMINACIÓN POR RAZÓN DE SEXO/GÉNERO,Ambos sexos,0
LIBERIA,2024,DISCRIMINACIÓN POR RAZÓN DE SEXO/GÉNERO,Femenino,0
LIBERIA,2024,DISCRIMINACIÓN POR RAZÓN DE SEXO/GÉNERO,Masculino,0
LIBIA,2024,DISCRIMINACIÓN POR RAZÓN DE SEXO/GÉNERO,Ambos sexos,0
LIBIA,2024,DISCRIMINACIÓN POR RAZÓN DE SEXO/GÉNERO,Femenino,0
LIBIA,2024,DISCRIMINACIÓN POR RAZÓN DE SEXO/GÉNERO,Masculino,0
LITUANIA,2024,DISCRIMINACIÓN POR RAZÓN DE SEXO/GÉNERO,Ambos sexos,0
LITUANIA,2024,DISCRIMINACIÓN POR RAZÓN DE SEXO/GÉNERO,Femenino,0
LITUANIA,2024,DISCRIMINACIÓN POR RAZÓN DE SEXO/GÉNERO,Masculino,0
LÍBANO,2024,DISCRIMINACIÓN POR RAZÓN DE SEXO/GÉNERO,Ambos sexos,0
LÍBANO,2024,DISCRIMINACIÓN POR RAZÓN DE SEXO/GÉNERO,Femenino,0
LÍBANO,2024,DISCRIMINACIÓN POR RAZÓN DE SEXO/GÉNERO,Masculino,0
MALI,2024,DISCRIMINACIÓN POR RAZÓN DE SEXO/GÉNERO,Ambos sexos,0
MALI,2024,DISCRIMINACIÓN POR RAZÓN DE SEXO/GÉNERO,Femenino,0
MALI,2024,DISCRIMINACIÓN POR RAZÓN DE SEXO/GÉNERO,Masculino,0
MARRUECOS,2024,DISCRIMINACIÓN POR RAZÓN DE SEXO/GÉNERO,Ambos sexos,11
MARRUECOS,2024,DISCRIMINACIÓN POR RAZÓN DE SEXO/GÉNERO,Femenino,0
MARRUECOS,2024,DISCRIMINACIÓN POR RAZÓN DE SEXO/GÉNERO,Masculino,11
MAURITANIA,2024,DISCRIMINACIÓN POR RAZÓN DE SEXO/GÉNERO,Ambos sexos,1
MAURITANIA,2024,DISCRIMINACIÓN POR RAZÓN DE SEXO/GÉNERO,Femenino,0
MAURITANIA,2024,DISCRIMINACIÓN POR RAZÓN DE SEXO/GÉNERO,Masculino,1
MOLDAVIA,2024,DISCRIMINACIÓN POR RAZÓN DE SEXO/GÉNERO,Ambos sexos,0
MOLDAVIA,2024,DISCRIMINACIÓN POR RAZÓN DE SEXO/GÉNERO,Femenino,0
MOLDAVIA,2024,DISCRIMINACIÓN POR RAZÓN DE SEXO/GÉNERO,Masculino,0
MONGOLIA,2024,DISCRIMINACIÓN POR RAZÓN DE SEXO/GÉNERO,Ambos sexos,0
MONGOLIA,2024,DISCRIMINACIÓN POR RAZÓN DE SEXO/GÉNERO,Femenino,0
MONGOLIA,2024,DISCRIMINACIÓN POR RAZÓN DE SEXO/GÉNERO,Masculino,0
NEPAL,2024,DISCRIMINACIÓN POR RAZÓN DE SEXO/GÉNERO,Ambos sexos,0
NEPAL,2024,DISCRIMINACIÓN POR RAZÓN DE SEXO/GÉNERO,Femenino,0
NEPAL,2024,DISCRIMINACIÓN POR RAZÓN DE SEXO/GÉNERO,Masculino,0
NICARAGUA,2024,DISCRIMINACIÓN POR RAZÓN DE SEXO/GÉNERO,Ambos sexos,0
NICARAGUA,2024,DISCRIMINACIÓN POR RAZÓN DE SEXO/GÉNERO,Femenino,0
NICARAGUA,2024,DISCRIMINACIÓN POR RAZÓN DE SEXO/GÉNERO,Masculino,0
NIGERIA,2024,DISCRIMINACIÓN POR RAZÓN DE SEXO/GÉNERO,Ambos sexos,0
NIGERIA,2024,DISCRIMINACIÓN POR RAZÓN DE SEXO/GÉNERO,Femenino,0
NIGERIA,2024,DISCRIMINACIÓN POR RAZÓN DE SEXO/GÉNERO,Masculino,0
NÍGER REP.,2024,DISCRIMINACIÓN POR RAZÓN DE SEXO/GÉNERO,Ambos sexos,0
NÍGER REP.,2024,DISCRIMINACIÓN POR RAZÓN DE SEXO/GÉNERO,Femenino,0
NÍGER REP.,2024,DISCRIMINACIÓN POR RAZÓN DE SEXO/GÉNERO,Masculino,0
PANAMA,2024,DISCRIMINACIÓN POR RAZÓN DE SEXO/GÉNERO,Ambos sexos,0
PANAMA,2024,DISCRIMINACIÓN POR RAZÓN DE SEXO/GÉNERO,Femenino,0
PANAMA,2024,DISCRIMINACIÓN POR RAZÓN DE SEXO/GÉNERO,Masculino,0
PAQUISTÁN,2024,DISCRIMINACIÓN POR RAZÓN DE SEXO/GÉNERO,Ambos sexos,1
PAQUISTÁN,2024,DISCRIMINACIÓN POR RAZÓN DE SEXO/GÉNERO,Femenino,0
PAQUISTÁN,2024,DISCRIMINACIÓN POR RAZÓN DE SEXO/GÉNERO,Masculino,1
PARAGUAY,2024,DISCRIMINACIÓN POR RAZÓN DE SEXO/GÉNERO,Ambos sexos,0
PARAGUAY,2024,DISCRIMINACIÓN POR RAZÓN DE SEXO/GÉNERO,Femenino,0
PARAGUAY,2024,DISCRIMINACIÓN POR RAZÓN DE SEXO/GÉNERO,Masculino,0
PAÍS DESCONOCIDO,2024,DISCRIMINACIÓN POR RAZÓN DE SEXO/GÉNERO,Ambos sexos,2
PAÍS DESCONOCIDO,2024,DISCRIMINACIÓN POR RAZÓN DE SEXO/GÉNERO,Femenino,0
PAÍS DESCONOCIDO,2024,DISCRIMINACIÓN POR RAZÓN DE SEXO/GÉNERO,Masculino,2
PAÍS NO CODIFICADO,2024,DISCRIMINACIÓN POR RAZÓN DE SEXO/GÉNERO,Ambos sexos,0
PAÍS NO CODIFICADO,2024,DISCRIMINACIÓN POR RAZÓN DE SEXO/GÉNERO,Femenino,0
PAÍS NO CODIFICADO,2024,DISCRIMINACIÓN POR RAZÓN DE SEXO/GÉNERO,Masculino,0
PERÚ,2024,DISCRIMINACIÓN POR RAZÓN DE SEXO/GÉNERO,Ambos sexos,1
PERÚ,2024,DISCRIMINACIÓN POR RAZÓN DE SEXO/GÉNERO,Femenino,0
PERÚ,2024,DISCRIMINACIÓN POR RAZÓN DE SEXO/GÉNERO,Masculino,1
POLONIA,2024,DISCRIMINACIÓN POR RAZÓN DE SEXO/GÉNERO,Ambos sexos,0
POLONIA,2024,DISCRIMINACIÓN POR RAZÓN DE SEXO/GÉNERO,Femenino,0
POLONIA,2024,DISCRIMINACIÓN POR RAZÓN DE SEXO/GÉNERO,Masculino,0
PORTUGAL,2024,DISCRIMINACIÓN POR RAZÓN DE SEXO/GÉNERO,Ambos sexos,1
PORTUGAL,2024,DISCRIMINACIÓN POR RAZÓN DE SEXO/GÉNERO,Femenino,1
PORTUGAL,2024,DISCRIMINACIÓN POR RAZÓN DE SEXO/GÉNERO,Masculino,0
REINO UNIDO,2024,DISCRIMINACIÓN POR RAZÓN DE SEXO/GÉNERO,Ambos sexos,0
REINO UNIDO,2024,DISCRIMINACIÓN POR RAZÓN DE SEXO/GÉNERO,Femenino,0
REINO UNIDO,2024,DISCRIMINACIÓN POR RAZÓN DE SEXO/GÉNERO,Masculino,0
REPÚBLICA CHECA,2024,DISCRIMINACIÓN POR RAZÓN DE SEXO/GÉNERO,Ambos sexos,0
REPÚBLICA CHECA,2024,DISCRIMINACIÓN POR RAZÓN DE SEXO/GÉNERO,Femenino,0
REPÚBLICA CHECA,2024,DISCRIMINACIÓN POR RAZÓN DE SEXO/GÉNERO,Masculino,0
REPÚBLICA DOMINICANA,2024,DISCRIMINACIÓN POR RAZÓN DE SEXO/GÉNERO,Ambos sexos,1
REPÚBLICA DOMINICANA,2024,DISCRIMINACIÓN POR RAZÓN DE SEXO/GÉNERO,Femenino,0
REPÚBLICA DOMINICANA,2024,DISCRIMINACIÓN POR RAZÓN DE SEXO/GÉNERO,Masculino,1
RUMANÍA,2024,DISCRIMINACIÓN POR RAZÓN DE SEXO/GÉNERO,Ambos sexos,0
RUMANÍA,2024,DISCRIMINACIÓN POR RAZÓN DE SEXO/GÉNERO,Femenino,0
RUMANÍA,2024,DISCRIMINACIÓN POR RAZÓN DE SEXO/GÉNERO,Masculino,0
RUSIA,2024,DISCRIMINACIÓN POR RAZÓN DE SEXO/GÉNERO,Ambos sexos,0
RUSIA,2024,DISCRIMINACIÓN POR RAZÓN DE SEXO/GÉNERO,Femenino,0
RUSIA,2024,DISCRIMINACIÓN POR RAZÓN DE SEXO/GÉNERO,Masculino,0
SENEGAL,2024,DISCRIMINACIÓN POR RAZÓN DE SEXO/GÉNERO,Ambos sexos,1
SENEGAL,2024,DISCRIMINACIÓN POR RAZÓN DE SEXO/GÉNERO,Femenino,0
SENEGAL,2024,DISCRIMINACIÓN POR RAZÓN DE SEXO/GÉNERO,Masculino,1
SERBIA (YUGOSLAVIA),2024,DISCRIMINACIÓN POR RAZÓN DE SEXO/GÉNERO,Ambos sexos,0
SERBIA (YUGOSLAVIA),2024,DISCRIMINACIÓN POR RAZÓN DE SEXO/GÉNERO,Femenino,0
SERBIA (YUGOSLAVIA),2024,DISCRIMINACIÓN POR RAZÓN DE SEXO/GÉNERO,Masculino,0
SIERRA LEONA,2024,DISCRIMINACIÓN POR RAZÓN DE SEXO/GÉNERO,Ambos sexos,0
SIERRA LEONA,2024,DISCRIMINACIÓN POR RAZÓN DE SEXO/GÉNERO,Femenino,0
SIERRA LEONA,2024,DISCRIMINACIÓN POR RAZÓN DE SEXO/GÉNERO,Masculino,0
SIRIA,2024,DISCRIMINACIÓN POR RAZÓN DE SEXO/GÉNERO,Ambos sexos,0
SIRIA,2024,DISCRIMINACIÓN POR RAZÓN DE SEXO/GÉNERO,Femenino,0
SIRIA,2024,DISCRIMINACIÓN POR RAZÓN DE SEXO/GÉNERO,Masculino,0
SUDÁFRICA R.,2024,DISCRIMINACIÓN POR RAZÓN DE SEXO/GÉNERO,Ambos sexos,0
SUDÁFRICA R.,2024,DISCRIMINACIÓN POR RAZÓN DE SEXO/GÉNERO,Femenino,0
SUDÁFRICA R.,2024,DISCRIMINACIÓN POR RAZÓN DE SEXO/GÉNERO,Masculino,0
SUECIA,2024,DISCRIMINACIÓN POR RAZÓN DE SEXO/GÉNERO,Ambos sexos,0
SUECIA,2024,DISCRIMINACIÓN POR RAZÓN DE SEXO/GÉNERO,Femenino,0
SUECIA,2024,DISCRIMINACIÓN POR RAZÓN DE SEXO/GÉNERO,Masculino,0
SUIZA,2024,DISCRIMINACIÓN POR RAZÓN DE SEXO/GÉNERO,Ambos sexos,1
SUIZA,2024,DISCRIMINACIÓN POR RAZÓN DE SEXO/GÉNERO,Femenino,0
SUIZA,2024,DISCRIMINACIÓN POR RAZÓN DE SEXO/GÉNERO,Masculino,1
TOTAL nacionalidad,2024,DISCRIMINACIÓN POR RAZÓN DE SEXO/GÉNERO,Ambos sexos,77
TOTAL nacionalidad,2024,DISCRIMINACIÓN POR RAZÓN DE SEXO/GÉNERO,Femenino,6
TOTAL nacionalidad,2024,DISCRIMINACIÓN POR RAZÓN DE SEXO/GÉNERO,Masculino,71
TURQUÍA,2024,DISCRIMINACIÓN POR RAZÓN DE SEXO/GÉNERO,Ambos sexos,0
TURQUÍA,2024,DISCRIMINACIÓN POR RAZÓN DE SEXO/GÉNERO,Femenino,0
TURQUÍA,2024,DISCRIMINACIÓN POR RAZÓN DE SEXO/GÉNERO,Masculino,0
TÚNEZ,2024,DISCRIMINACIÓN POR RAZÓN DE SEXO/GÉNERO,Ambos sexos,0
TÚNEZ,2024,DISCRIMINACIÓN POR RAZÓN DE SEXO/GÉNERO,Femenino,0
TÚNEZ,2024,DISCRIMINACIÓN POR RAZÓN DE SEXO/GÉNERO,Masculino,0
UCRANIA,2024,DISCRIMINACIÓN POR RAZÓN DE SEXO/GÉNERO,Ambos sexos,0
UCRANIA,2024,DISCRIMINACIÓN POR RAZÓN DE SEXO/GÉNERO,Femenino,0
UCRANIA,2024,DISCRIMINACIÓN POR RAZÓN DE SEXO/GÉNERO,Masculino,0
URUGUAY,2024,DISCRIMINACIÓN POR RAZÓN DE SEXO/GÉNERO,Ambos sexos,0
URUGUAY,2024,DISCRIMINACIÓN POR RAZÓN DE SEXO/GÉNERO,Femenino,0
URUGUAY,2024,DISCRIMINACIÓN POR RAZÓN DE SEXO/GÉNERO,Masculino,0
VENEZUELA,2024,DISCRIMINACIÓN POR RAZÓN DE SEXO/GÉNERO,Ambos sexos,0
VENEZUELA,2024,DISCRIMINACIÓN POR RAZÓN DE SEXO/GÉNERO,Femenino,0
VENEZUELA,2024,DISCRIMINACIÓN POR RAZÓN DE SEXO/GÉNERO,Masculino,0
ZAMBIA,2024,DISCRIMINACIÓN POR RAZÓN DE SEXO/GÉNERO,Ambos sexos,0
ZAMBIA,2024,DISCRIMINACIÓN POR RAZÓN DE SEXO/GÉNERO,Femenino,0
ZAMBIA,2024,DISCRIMINACIÓN POR RAZÓN DE SEXO/GÉNERO,Masculino,0
ALBANIA,2024,DISFOBIA,Ambos sexos,0
ALBANIA,2024,DISFOBIA,Femenino,0
ALBANIA,2024,DISFOBIA,Masculino,0
ALEMANIA,2024,DISFOBIA,Ambos sexos,0
ALEMANIA,2024,DISFOBIA,Femenino,0
ALEMANIA,2024,DISFOBIA,Masculino,0
ANDORRA,2024,DISFOBIA,Ambos sexos,0
ANDORRA,2024,DISFOBIA,Femenino,0
ANDORRA,2024,DISFOBIA,Masculino,0
ANGOLA,2024,DISFOBIA,Ambos sexos,0
ANGOLA,2024,DISFOBIA,Femenino,0
ANGOLA,2024,DISFOBIA,Masculino,0
ARGELIA,2024,DISFOBIA,Ambos sexos,0
ARGELIA,2024,DISFOBIA,Femenino,0
ARGELIA,2024,DISFOBIA,Masculino,0
ARGENTINA,2024,DISFOBIA,Ambos sexos,0
ARGENTINA,2024,DISFOBIA,Femenino,0
ARGENTINA,2024,DISFOBIA,Masculino,0
ARMENIA,2024,DISFOBIA,Ambos sexos,0
ARMENIA,2024,DISFOBIA,Femenino,0
ARMENIA,2024,DISFOBIA,Masculino,0
BANGLADESH,2024,DISFOBIA,Ambos sexos,0
BANGLADESH,2024,DISFOBIA,Femenino,0
BANGLADESH,2024,DISFOBIA,Masculino,0
BIELORRUSIA,2024,DISFOBIA,Ambos sexos,0
BIELORRUSIA,2024,DISFOBIA,Femenino,0
BIELORRUSIA,2024,DISFOBIA,Masculino,0
BOLIVIA,2024,DISFOBIA,Ambos sexos,0
BOLIVIA,2024,DISFOBIA,Femenino,0
BOLIVIA,2024,DISFOBIA,Masculino,0
BRASIL,2024,DISFOBIA,Ambos sexos,0
BRASIL,2024,DISFOBIA,Femenino,0
BRASIL,2024,DISFOBIA,Masculino,0
BULGARIA,2024,DISFOBIA,Ambos sexos,0
BULGARIA,2024,DISFOBIA,Femenino,0
BULGARIA,2024,DISFOBIA,Masculino,0
BÉLGICA,2024,DISFOBIA,Ambos sexos,0
BÉLGICA,2024,DISFOBIA,Femenino,0
BÉLGICA,2024,DISFOBIA,Masculino,0
CAMERÚN,2024,DISFOBIA,Ambos sexos,0
CAMERÚN,2024,DISFOBIA,Femenino,0
CAMERÚN,2024,DISFOBIA,Masculino,0
CENTRO ÁFRICANA REPÚBLICA,2024,DISFOBIA,Ambos sexos,0
CENTRO ÁFRICANA REPÚBLICA,2024,DISFOBIA,Femenino,0
CENTRO ÁFRICANA REPÚBLICA,2024,DISFOBIA,Masculino,0
CHILE,2024,DISFOBIA,Ambos sexos,0
CHILE,2024,DISFOBIA,Femenino,0
CHILE,2024,DISFOBIA,Masculino,0
CHINA POPULAR,2024,DISFOBIA,Ambos sexos,0
CHINA POPULAR,2024,DISFOBIA,Femenino,0
CHINA POPULAR,2024,DISFOBIA,Masculino,0
COLOMBIA,2024,DISFOBIA,Ambos sexos,0
COLOMBIA,2024,DISFOBIA,Femenino,0
COLOMBIA,2024,DISFOBIA,Masculino,0
CONGO-BRAZZAVILLE,2024,DISFOBIA,Ambos sexos,0
CONGO-BRAZZAVILLE,2024,DISFOBIA,Femenino,0
CONGO-BRAZZAVILLE,2024,DISFOBIA,Masculino,0
COSTA DE MARFIL,2024,DISFOBIA,Ambos sexos,0
COSTA DE MARFIL,2024,DISFOBIA,Femenino,0
COSTA DE MARFIL,2024,DISFOBIA,Masculino,0
CROACIA,2024,DISFOBIA,Ambos sexos,0
CROACIA,2024,DISFOBIA,Femenino,0
CROACIA,2024,DISFOBIA,Masculino,0
CUBA,2024,DISFOBIA,Ambos sexos,0
CUBA,2024,DISFOBIA,Femenino,0
CUBA,2024,DISFOBIA,Masculino,0
ECUADOR,2024,DISFOBIA,Ambos sexos,0
ECUADOR,2024,DISFOBIA,Femenino,0
ECUADOR,2024,DISFOBIA,Masculino,0
EE.UU.,2024,DISFOBIA,Ambos sexos,0
EE.UU.,2024,DISFOBIA,Femenino,0
EE.UU.,2024,DISFOBIA,Masculino,0
EGIPTO,2024,DISFOBIA,Ambos sexos,0
EGIPTO,2024,DISFOBIA,Femenino,0
EGIPTO,2024,DISFOBIA,Masculino,0
EL SALVADOR,2024,DISFOBIA,Ambos sexos,0
EL SALVADOR,2024,DISFOBIA,Femenino,0
EL SALVADOR,2024,DISFOBIA,Masculino,0
ERITREA,2024,DISFOBIA,Ambos sexos,0
ERITREA,2024,DISFOBIA,Femenino,0
ERITREA,2024,DISFOBIA,Masculino,0
ESLOVAQUIA,2024,DISFOBIA,Ambos sexos,0
ESLOVAQUIA,2024,DISFOBIA,Femenino,0
ESLOVAQUIA,2024,DISFOBIA,Masculino,0
ESPAÑA,2024,DISFOBIA,Ambos sexos,9
ESPAÑA,2024,DISFOBIA,Femenino,5
ESPAÑA,2024,DISFOBIA,Masculino,4
ESTONIA,2024,DISFOBIA,Ambos sexos,0
ESTONIA,2024,DISFOBIA,Femenino,0
ESTONIA,2024,DISFOBIA,Masculino,0
FILIPINAS,2024,DISFOBIA,Ambos sexos,0
FILIPINAS,2024,DISFOBIA,Femenino,0
FILIPINAS,2024,DISFOBIA,Masculino,0
FRANCIA,2024,DISFOBIA,Ambos sexos,0
FRANCIA,2024,DISFOBIA,Femenino,0
FRANCIA,2024,DISFOBIA,Masculino,0
GAMBIA,2024,DISFOBIA,Ambos sexos,0
GAMBIA,2024,DISFOBIA,Femenino,0
GAMBIA,2024,DISFOBIA,Masculino,0
GEORGIA,2024,DISFOBIA,Ambos sexos,0
GEORGIA,2024,DISFOBIA,Femenino,0
GEORGIA,2024,DISFOBIA,Masculino,0
GHANA,2024,DISFOBIA,Ambos sexos,0
GHANA,2024,DISFOBIA,Femenino,0
GHANA,2024,DISFOBIA,Masculino,0
GRECIA,2024,DISFOBIA,Ambos sexos,0
GRECIA,2024,DISFOBIA,Femenino,0
GRECIA,2024,DISFOBIA,Masculino,0
GUATEMALA,2024,DISFOBIA,Ambos sexos,0
GUATEMALA,2024,DISFOBIA,Femenino,0
GUATEMALA,2024,DISFOBIA,Masculino,0
GUINEA ECUATORIAL,2024,DISFOBIA,Ambos sexos,0
GUINEA ECUATORIAL,2024,DISFOBIA,Femenino,0
GUINEA ECUATORIAL,2024,DISFOBIA,Masculino,0
GUINEA REP.,2024,DISFOBIA,Ambos sexos,0
GUINEA REP.,2024,DISFOBIA,Femenino,0
GUINEA REP.,2024,DISFOBIA,Masculino,0
HAITI,2024,DISFOBIA,Ambos sexos,0
HAITI,2024,DISFOBIA,Femenino,0
HAITI,2024,DISFOBIA,Masculino,0
HOLANDA,2024,DISFOBIA,Ambos sexos,0
HOLANDA,2024,DISFOBIA,Femenino,0
HOLANDA,2024,DISFOBIA,Masculino,0
HONDURAS,2024,DISFOBIA,Ambos sexos,0
HONDURAS,2024,DISFOBIA,Femenino,0
HONDURAS,2024,DISFOBIA,Masculino,0
INDIA,2024,DISFOBIA,Ambos sexos,0
INDIA,2024,DISFOBIA,Femenino,0
INDIA,2024,DISFOBIA,Masculino,0
IRLANDA,2024,DISFOBIA,Ambos sexos,0
IRLANDA,2024,DISFOBIA,Femenino,0
IRLANDA,2024,DISFOBIA,Masculino,0
IRÁN,2024,DISFOBIA,Ambos sexos,0
IRÁN,2024,DISFOBIA,Femenino,0
IRÁN,2024,DISFOBIA,Masculino,0
ISRAEL,2024,DISFOBIA,Ambos sexos,0
ISRAEL,2024,DISFOBIA,Femenino,0
ISRAEL,2024,DISFOBIA,Masculino,0
ITALIA,2024,DISFOBIA,Ambos sexos,0
ITALIA,2024,DISFOBIA,Femenino,0
ITALIA,2024,DISFOBIA,Masculino,0
LETONIA,2024,DISFOBIA,Ambos sexos,0
LETONIA,2024,DISFOBIA,Femenino,0
LETONIA,2024,DISFOBIA,Masculino,0
LIBERIA,2024,DISFOBIA,Ambos sexos,0
LIBERIA,2024,DISFOBIA,Femenino,0
LIBERIA,2024,DISFOBIA,Masculino,0
LIBIA,2024,DISFOBIA,Ambos sexos,0
LIBIA,2024,DISFOBIA,Femenino,0
LIBIA,2024,DISFOBIA,Masculino,0
LITUANIA,2024,DISFOBIA,Ambos sexos,0
LITUANIA,2024,DISFOBIA,Femenino,0
LITUANIA,2024,DISFOBIA,Masculino,0
LÍBANO,2024,DISFOBIA,Ambos sexos,0
LÍBANO,2024,DISFOBIA,Femenino,0
LÍBANO,2024,DISFOBIA,Masculino,0
MALI,2024,DISFOBIA,Ambos sexos,0
MALI,2024,DISFOBIA,Femenino,0
MALI,2024,DISFOBIA,Masculino,0
MARRUECOS,2024,DISFOBIA,Ambos sexos,0
MARRUECOS,2024,DISFOBIA,Femenino,0
MARRUECOS,2024,DISFOBIA,Masculino,0
MAURITANIA,2024,DISFOBIA,Ambos sexos,0
MAURITANIA,2024,DISFOBIA,Femenino,0
MAURITANIA,2024,DISFOBIA,Masculino,0
MOLDAVIA,2024,DISFOBIA,Ambos sexos,0
MOLDAVIA,2024,DISFOBIA,Femenino,0
MOLDAVIA,2024,DISFOBIA,Masculino,0
MONGOLIA,2024,DISFOBIA,Ambos sexos,0
MONGOLIA,2024,DISFOBIA,Femenino,0
MONGOLIA,2024,DISFOBIA,Masculino,0
NEPAL,2024,DISFOBIA,Ambos sexos,0
NEPAL,2024,DISFOBIA,Femenino,0
NEPAL,2024,DISFOBIA,Masculino,0
NICARAGUA,2024,DISFOBIA,Ambos sexos,0
NICARAGUA,2024,DISFOBIA,Femenino,0
NICARAGUA,2024,DISFOBIA,Masculino,0
NIGERIA,2024,DISFOBIA,Ambos sexos,0
NIGERIA,2024,DISFOBIA,Femenino,0
NIGERIA,2024,DISFOBIA,Masculino,0
NÍGER REP.,2024,DISFOBIA,Ambos sexos,0
NÍGER REP.,2024,DISFOBIA,Femenino,0
NÍGER REP.,2024,DISFOBIA,Masculino,0
PANAMA,2024,DISFOBIA,Ambos sexos,0
PANAMA,2024,DISFOBIA,Femenino,0
PANAMA,2024,DISFOBIA,Masculino,0
PAQUISTÁN,2024,DISFOBIA,Ambos sexos,0
PAQUISTÁN,2024,DISFOBIA,Femenino,0
PAQUISTÁN,2024,DISFOBIA,Masculino,0
PARAGUAY,2024,DISFOBIA,Ambos sexos,0
PARAGUAY,2024,DISFOBIA,Femenino,0
PARAGUAY,2024,DISFOBIA,Masculino,0
PAÍS DESCONOCIDO,2024,DISFOBIA,Ambos sexos,0
PAÍS DESCONOCIDO,2024,DISFOBIA,Femenino,0
PAÍS DESCONOCIDO,2024,DISFOBIA,Masculino,0
PAÍS NO CODIFICADO,2024,DISFOBIA,Ambos sexos,0
PAÍS NO CODIFICADO,2024,DISFOBIA,Femenino,0
PAÍS NO CODIFICADO,2024,DISFOBIA,Masculino,0
PERÚ,2024,DISFOBIA,Ambos sexos,0
PERÚ,2024,DISFOBIA,Femenino,0
PERÚ,2024,DISFOBIA,Masculino,0
POLONIA,2024,DISFOBIA,Ambos sexos,0
POLONIA,2024,DISFOBIA,Femenino,0
POLONIA,2024,DISFOBIA,Masculino,0
PORTUGAL,2024,DISFOBIA,Ambos sexos,0
PORTUGAL,2024,DISFOBIA,Femenino,0
PORTUGAL,2024,DISFOBIA,Masculino,0
REINO UNIDO,2024,DISFOBIA,Ambos sexos,0
REINO UNIDO,2024,DISFOBIA,Femenino,0
REINO UNIDO,2024,DISFOBIA,Masculino,0
REPÚBLICA CHECA,2024,DISFOBIA,Ambos sexos,0
REPÚBLICA CHECA,2024,DISFOBIA,Femenino,0
REPÚBLICA CHECA,2024,DISFOBIA,Masculino,0
REPÚBLICA DOMINICANA,2024,DISFOBIA,Ambos sexos,0
REPÚBLICA DOMINICANA,2024,DISFOBIA,Femenino,0
REPÚBLICA DOMINICANA,2024,DISFOBIA,Masculino,0
RUMANÍA,2024,DISFOBIA,Ambos sexos,0
RUMANÍA,2024,DISFOBIA,Femenino,0
RUMANÍA,2024,DISFOBIA,Masculino,0
RUSIA,2024,DISFOBIA,Ambos sexos,0
RUSIA,2024,DISFOBIA,Femenino,0
RUSIA,2024,DISFOBIA,Masculino,0
SENEGAL,2024,DISFOBIA,Ambos sexos,0
SENEGAL,2024,DISFOBIA,Femenino,0
SENEGAL,2024,DISFOBIA,Masculino,0
SERBIA (YUGOSLAVIA),2024,DISFOBIA,Ambos sexos,0
SERBIA (YUGOSLAVIA),2024,DISFOBIA,Femenino,0
SERBIA (YUGOSLAVIA),2024,DISFOBIA,Masculino,0
SIERRA LEONA,2024,DISFOBIA,Ambos sexos,0
SIERRA LEONA,2024,DISFOBIA,Femenino,0
SIERRA LEONA,2024,DISFOBIA,Masculino,0
SIRIA,2024,DISFOBIA,Ambos sexos,0
SIRIA,2024,DISFOBIA,Femenino,0
SIRIA,2024,DISFOBIA,Masculino,0
SUDÁFRICA R.,2024,DISFOBIA,Ambos sexos,0
SUDÁFRICA R.,2024,DISFOBIA,Femenino,0
SUDÁFRICA R.,2024,DISFOBIA,Masculino,0
SUECIA,2024,DISFOBIA,Ambos sexos,0
SUECIA,2024,DISFOBIA,Femenino,0
SUECIA,2024,DISFOBIA,Masculino,0
SUIZA,2024,DISFOBIA,Ambos sexos,0
SUIZA,2024,DISFOBIA,Femenino,0
SUIZA,2024,DISFOBIA,Masculino,0
TOTAL nacionalidad,2024,DISFOBIA,Ambos sexos,9
TOTAL nacionalidad,2024,DISFOBIA,Femenino,5
TOTAL nacionalidad,2024,DISFOBIA,Masculino,4
TURQUÍA,2024,DISFOBIA,Ambos sexos,0
TURQUÍA,2024,DISFOBIA,Femenino,0
TURQUÍA,2024,DISFOBIA,Masculino,0
TÚNEZ,2024,DISFOBIA,Ambos sexos,0
TÚNEZ,2024,DISFOBIA,Femenino,0
TÚNEZ,2024,DISFOBIA,Masculino,0
UCRANIA,2024,DISFOBIA,Ambos sexos,0
UCRANIA,2024,DISFOBIA,Femenino,0
UCRANIA,2024,DISFOBIA,Masculino,0
URUGUAY,2024,DISFOBIA,Ambos sexos,0
URUGUAY,2024,DISFOBIA,Femenino,0
URUGUAY,2024,DISFOBIA,Masculino,0
VENEZUELA,2024,DISFOBIA,Ambos sexos,0
VENEZUELA,2024,DISFOBIA,Femenino,0
VENEZUELA,2024,DISFOBIA,Masculino,0
ZAMBIA,2024,DISFOBIA,Ambos sexos,0
ZAMBIA,2024,DISFOBIA,Femenino,0
ZAMBIA,2024,DISFOBIA,Masculino,0
ALBANIA,2024,IDEOLOGÍA,Ambos sexos,0
ALBANIA,2024,IDEOLOGÍA,Femenino,0
ALBANIA,2024,IDEOLOGÍA,Masculino,0
ALEMANIA,2024,IDEOLOGÍA,Ambos sexos,0
ALEMANIA,2024,IDEOLOGÍA,Femenino,0
ALEMANIA,2024,IDEOLOGÍA,Masculino,0
ANDORRA,2024,IDEOLOGÍA,Ambos sexos,0
ANDORRA,2024,IDEOLOGÍA,Femenino,0
ANDORRA,2024,IDEOLOGÍA,Masculino,0
ANGOLA,2024,IDEOLOGÍA,Ambos sexos,0
ANGOLA,2024,IDEOLOGÍA,Femenino,0
ANGOLA,2024,IDEOLOGÍA,Masculino,0
ARGELIA,2024,IDEOLOGÍA,Ambos sexos,1
ARGELIA,2024,IDEOLOGÍA,Femenino,0
ARGELIA,2024,IDEOLOGÍA,Masculino,1
ARGENTINA,2024,IDEOLOGÍA,Ambos sexos,0
ARGENTINA,2024,IDEOLOGÍA,Femenino,0
ARGENTINA,2024,IDEOLOGÍA,Masculino,0
ARMENIA,2024,IDEOLOGÍA,Ambos sexos,0
ARMENIA,2024,IDEOLOGÍA,Femenino,0
ARMENIA,2024,IDEOLOGÍA,Masculino,0
BANGLADESH,2024,IDEOLOGÍA,Ambos sexos,0
BANGLADESH,2024,IDEOLOGÍA,Femenino,0
BANGLADESH,2024,IDEOLOGÍA,Masculino,0
BIELORRUSIA,2024,IDEOLOGÍA,Ambos sexos,0
BIELORRUSIA,2024,IDEOLOGÍA,Femenino,0
BIELORRUSIA,2024,IDEOLOGÍA,Masculino,0
BOLIVIA,2024,IDEOLOGÍA,Ambos sexos,0
BOLIVIA,2024,IDEOLOGÍA,Femenino,0
BOLIVIA,2024,IDEOLOGÍA,Masculino,0
BRASIL,2024,IDEOLOGÍA,Ambos sexos,0
BRASIL,2024,IDEOLOGÍA,Femenino,0
BRASIL,2024,IDEOLOGÍA,Masculino,0
BULGARIA,2024,IDEOLOGÍA,Ambos sexos,0
BULGARIA,2024,IDEOLOGÍA,Femenino,0
BULGARIA,2024,IDEOLOGÍA,Masculino,0
BÉLGICA,2024,IDEOLOGÍA,Ambos sexos,0
BÉLGICA,2024,IDEOLOGÍA,Femenino,0
BÉLGICA,2024,IDEOLOGÍA,Masculino,0
CAMERÚN,2024,IDEOLOGÍA,Ambos sexos,0
CAMERÚN,2024,IDEOLOGÍA,Femenino,0
CAMERÚN,2024,IDEOLOGÍA,Masculino,0
CENTRO ÁFRICANA REPÚBLICA,2024,IDEOLOGÍA,Ambos sexos,0
CENTRO ÁFRICANA REPÚBLICA,2024,IDEOLOGÍA,Femenino,0
CENTRO ÁFRICANA REPÚBLICA,2024,IDEOLOGÍA,Masculino,0
CHILE,2024,IDEOLOGÍA,Ambos sexos,0
CHILE,2024,IDEOLOGÍA,Femenino,0
CHILE,2024,IDEOLOGÍA,Masculino,0
CHINA POPULAR,2024,IDEOLOGÍA,Ambos sexos,0
CHINA POPULAR,2024,IDEOLOGÍA,Femenino,0
CHINA POPULAR,2024,IDEOLOGÍA,Masculino,0
COLOMBIA,2024,IDEOLOGÍA,Ambos sexos,0
COLOMBIA,2024,IDEOLOGÍA,Femenino,0
COLOMBIA,2024,IDEOLOGÍA,Masculino,0
CONGO-BRAZZAVILLE,2024,IDEOLOGÍA,Ambos sexos,0
CONGO-BRAZZAVILLE,2024,IDEOLOGÍA,Femenino,0
CONGO-BRAZZAVILLE,2024,IDEOLOGÍA,Masculino,0
COSTA DE MARFIL,2024,IDEOLOGÍA,Ambos sexos,0
COSTA DE MARFIL,2024,IDEOLOGÍA,Femenino,0
COSTA DE MARFIL,2024,IDEOLOGÍA,Masculino,0
CROACIA,2024,IDEOLOGÍA,Ambos sexos,0
CROACIA,2024,IDEOLOGÍA,Femenino,0
CROACIA,2024,IDEOLOGÍA,Masculino,0
CUBA,2024,IDEOLOGÍA,Ambos sexos,1
CUBA,2024,IDEOLOGÍA,Femenino,0
CUBA,2024,IDEOLOGÍA,Masculino,1
ECUADOR,2024,IDEOLOGÍA,Ambos sexos,0
ECUADOR,2024,IDEOLOGÍA,Femenino,0
ECUADOR,2024,IDEOLOGÍA,Masculino,0
EE.UU.,2024,IDEOLOGÍA,Ambos sexos,0
EE.UU.,2024,IDEOLOGÍA,Femenino,0
EE.UU.,2024,IDEOLOGÍA,Masculino,0
EGIPTO,2024,IDEOLOGÍA,Ambos sexos,0
EGIPTO,2024,IDEOLOGÍA,Femenino,0
EGIPTO,2024,IDEOLOGÍA,Masculino,0
EL SALVADOR,2024,IDEOLOGÍA,Ambos sexos,0
EL SALVADOR,2024,IDEOLOGÍA,Femenino,0
EL SALVADOR,2024,IDEOLOGÍA,Masculino,0
ERITREA,2024,IDEOLOGÍA,Ambos sexos,0
ERITREA,2024,IDEOLOGÍA,Femenino,0
ERITREA,2024,IDEOLOGÍA,Masculino,0
ESLOVAQUIA,2024,IDEOLOGÍA,Ambos sexos,0
ESLOVAQUIA,2024,IDEOLOGÍA,Femenino,0
ESLOVAQUIA,2024,IDEOLOGÍA,Masculino,0
ESPAÑA,2024,IDEOLOGÍA,Ambos sexos,58
ESPAÑA,2024,IDEOLOGÍA,Femenino,3
ESPAÑA,2024,IDEOLOGÍA,Masculino,55
ESTONIA,2024,IDEOLOGÍA,Ambos sexos,0
ESTONIA,2024,IDEOLOGÍA,Femenino,0
ESTONIA,2024,IDEOLOGÍA,Masculino,0
FILIPINAS,2024,IDEOLOGÍA,Ambos sexos,0
FILIPINAS,2024,IDEOLOGÍA,Femenino,0
FILIPINAS,2024,IDEOLOGÍA,Masculino,0
FRANCIA,2024,IDEOLOGÍA,Ambos sexos,0
FRANCIA,2024,IDEOLOGÍA,Femenino,0
FRANCIA,2024,IDEOLOGÍA,Masculino,0
GAMBIA,2024,IDEOLOGÍA,Ambos sexos,0
GAMBIA,2024,IDEOLOGÍA,Femenino,0
GAMBIA,2024,IDEOLOGÍA,Masculino,0
GEORGIA,2024,IDEOLOGÍA,Ambos sexos,0
GEORGIA,2024,IDEOLOGÍA,Femenino,0
GEORGIA,2024,IDEOLOGÍA,Masculino,0
GHANA,2024,IDEOLOGÍA,Ambos sexos,0
GHANA,2024,IDEOLOGÍA,Femenino,0
GHANA,2024,IDEOLOGÍA,Masculino,0
GRECIA,2024,IDEOLOGÍA,Ambos sexos,0
GRECIA,2024,IDEOLOGÍA,Femenino,0
GRECIA,2024,IDEOLOGÍA,Masculino,0
GUATEMALA,2024,IDEOLOGÍA,Ambos sexos,0
GUATEMALA,2024,IDEOLOGÍA,Femenino,0
GUATEMALA,2024,IDEOLOGÍA,Masculino,0
GUINEA ECUATORIAL,2024,IDEOLOGÍA,Ambos sexos,0
GUINEA ECUATORIAL,2024,IDEOLOGÍA,Femenino,0
GUINEA ECUATORIAL,2024,IDEOLOGÍA,Masculino,0
GUINEA REP.,2024,IDEOLOGÍA,Ambos sexos,0
GUINEA REP.,2024,IDEOLOGÍA,Femenino,0
GUINEA REP.,2024,IDEOLOGÍA,Masculino,0
HAITI,2024,IDEOLOGÍA,Ambos sexos,0
HAITI,2024,IDEOLOGÍA,Femenino,0
HAITI,2024,IDEOLOGÍA,Masculino,0
HOLANDA,2024,IDEOLOGÍA,Ambos sexos,0
HOLANDA,2024,IDEOLOGÍA,Femenino,0
HOLANDA,2024,IDEOLOGÍA,Masculino,0
HONDURAS,2024,IDEOLOGÍA,Ambos sexos,0
HONDURAS,2024,IDEOLOGÍA,Femenino,0
HONDURAS,2024,IDEOLOGÍA,Masculino,0
INDIA,2024,IDEOLOGÍA,Ambos sexos,0
INDIA,2024,IDEOLOGÍA,Femenino,0
INDIA,2024,IDEOLOGÍA,Masculino,0
IRLANDA,2024,IDEOLOGÍA,Ambos sexos,0
IRLANDA,2024,IDEOLOGÍA,Femenino,0
IRLANDA,2024,IDEOLOGÍA,Masculino,0
IRÁN,2024,IDEOLOGÍA,Ambos sexos,0
IRÁN,2024,IDEOLOGÍA,Femenino,0
IRÁN,2024,IDEOLOGÍA,Masculino,0
ISRAEL,2024,IDEOLOGÍA,Ambos sexos,0
ISRAEL,2024,IDEOLOGÍA,Femenino,0
ISRAEL,2024,IDEOLOGÍA,Masculino,0
ITALIA,2024,IDEOLOGÍA,Ambos sexos,0
ITALIA,2024,IDEOLOGÍA,Femenino,0
ITALIA,2024,IDEOLOGÍA,Masculino,0
LETONIA,2024,IDEOLOGÍA,Ambos sexos,0
LETONIA,2024,IDEOLOGÍA,Femenino,0
LETONIA,2024,IDEOLOGÍA,Masculino,0
LIBERIA,2024,IDEOLOGÍA,Ambos sexos,0
LIBERIA,2024,IDEOLOGÍA,Femenino,0
LIBERIA,2024,IDEOLOGÍA,Masculino,0
LIBIA,2024,IDEOLOGÍA,Ambos sexos,0
LIBIA,2024,IDEOLOGÍA,Femenino,0
LIBIA,2024,IDEOLOGÍA,Masculino,0
LITUANIA,2024,IDEOLOGÍA,Ambos sexos,0
LITUANIA,2024,IDEOLOGÍA,Femenino,0
LITUANIA,2024,IDEOLOGÍA,Masculino,0
LÍBANO,2024,IDEOLOGÍA,Ambos sexos,0
LÍBANO,2024,IDEOLOGÍA,Femenino,0
LÍBANO,2024,IDEOLOGÍA,Masculino,0
MALI,2024,IDEOLOGÍA,Ambos sexos,0
MALI,2024,IDEOLOGÍA,Femenino,0
MALI,2024,IDEOLOGÍA,Masculino,0
MARRUECOS,2024,IDEOLOGÍA,Ambos sexos,0
MARRUECOS,2024,IDEOLOGÍA,Femenino,0
MARRUECOS,2024,IDEOLOGÍA,Masculino,0
MAURITANIA,2024,IDEOLOGÍA,Ambos sexos,0
MAURITANIA,2024,IDEOLOGÍA,Femenino,0
MAURITANIA,2024,IDEOLOGÍA,Masculino,0
MOLDAVIA,2024,IDEOLOGÍA,Ambos sexos,0
MOLDAVIA,2024,IDEOLOGÍA,Femenino,0
MOLDAVIA,2024,IDEOLOGÍA,Masculino,0
MONGOLIA,2024,IDEOLOGÍA,Ambos sexos,0
MONGOLIA,2024,IDEOLOGÍA,Femenino,0
MONGOLIA,2024,IDEOLOGÍA,Masculino,0
NEPAL,2024,IDEOLOGÍA,Ambos sexos,0
NEPAL,2024,IDEOLOGÍA,Femenino,0
NEPAL,2024,IDEOLOGÍA,Masculino,0
NICARAGUA,2024,IDEOLOGÍA,Ambos sexos,0
NICARAGUA,2024,IDEOLOGÍA,Femenino,0
NICARAGUA,2024,IDEOLOGÍA,Masculino,0
NIGERIA,2024,IDEOLOGÍA,Ambos sexos,0
NIGERIA,2024,IDEOLOGÍA,Femenino,0
NIGERIA,2024,IDEOLOGÍA,Masculino,0
NÍGER REP.,2024,IDEOLOGÍA,Ambos sexos,0
NÍGER REP.,2024,IDEOLOGÍA,Femenino,0
NÍGER REP.,2024,IDEOLOGÍA,Masculino,0
PANAMA,2024,IDEOLOGÍA,Ambos sexos,0
PANAMA,2024,IDEOLOGÍA,Femenino,0
PANAMA,2024,IDEOLOGÍA,Masculino,0
PAQUISTÁN,2024,IDEOLOGÍA,Ambos sexos,0
PAQUISTÁN,2024,IDEOLOGÍA,Femenino,0
PAQUISTÁN,2024,IDEOLOGÍA,Masculino,0
PARAGUAY,2024,IDEOLOGÍA,Ambos sexos,0
PARAGUAY,2024,IDEOLOGÍA,Femenino,0
PARAGUAY,2024,IDEOLOGÍA,Masculino,0
PAÍS DESCONOCIDO,2024,IDEOLOGÍA,Ambos sexos,0
PAÍS DESCONOCIDO,2024,IDEOLOGÍA,Femenino,0
PAÍS DESCONOCIDO,2024,IDEOLOGÍA,Masculino,0
PAÍS NO CODIFICADO,2024,IDEOLOGÍA,Ambos sexos,0
PAÍS NO CODIFICADO,2024,IDEOLOGÍA,Femenino,0
PAÍS NO CODIFICADO,2024,IDEOLOGÍA,Masculino,0
PERÚ,2024,IDEOLOGÍA,Ambos sexos,0
PERÚ,2024,IDEOLOGÍA,Femenino,0
PERÚ,2024,IDEOLOGÍA,Masculino,0
POLONIA,2024,IDEOLOGÍA,Ambos sexos,0
POLONIA,2024,IDEOLOGÍA,Femenino,0
POLONIA,2024,IDEOLOGÍA,Masculino,0
PORTUGAL,2024,IDEOLOGÍA,Ambos sexos,0
PORTUGAL,2024,IDEOLOGÍA,Femenino,0
PORTUGAL,2024,IDEOLOGÍA,Masculino,0
REINO UNIDO,2024,IDEOLOGÍA,Ambos sexos,0
REINO UNIDO,2024,IDEOLOGÍA,Femenino,0
REINO UNIDO,2024,IDEOLOGÍA,Masculino,0
REPÚBLICA CHECA,2024,IDEOLOGÍA,Ambos sexos,0
REPÚBLICA CHECA,2024,IDEOLOGÍA,Femenino,0
REPÚBLICA CHECA,2024,IDEOLOGÍA,Masculino,0
REPÚBLICA DOMINICANA,2024,IDEOLOGÍA,Ambos sexos,0
REPÚBLICA DOMINICANA,2024,IDEOLOGÍA,Femenino,0
REPÚBLICA DOMINICANA,2024,IDEOLOGÍA,Masculino,0
RUMANÍA,2024,IDEOLOGÍA,Ambos sexos,0
RUMANÍA,2024,IDEOLOGÍA,Femenino,0
RUMANÍA,2024,IDEOLOGÍA,Masculino,0
RUSIA,2024,IDEOLOGÍA,Ambos sexos,1
RUSIA,2024,IDEOLOGÍA,Femenino,1
RUSIA,2024,IDEOLOGÍA,Masculino,0
SENEGAL,2024,IDEOLOGÍA,Ambos sexos,0
SENEGAL,2024,IDEOLOGÍA,Femenino,0
SENEGAL,2024,IDEOLOGÍA,Masculino,0
SERBIA (YUGOSLAVIA),2024,IDEOLOGÍA,Ambos sexos,0
SERBIA (YUGOSLAVIA),2024,IDEOLOGÍA,Femenino,0
SERBIA (YUGOSLAVIA),2024,IDEOLOGÍA,Masculino,0
SIERRA LEONA,2024,IDEOLOGÍA,Ambos sexos,0
SIERRA LEONA,2024,IDEOLOGÍA,Femenino,0
SIERRA LEONA,2024,IDEOLOGÍA,Masculino,0
SIRIA,2024,IDEOLOGÍA,Ambos sexos,0
SIRIA,2024,IDEOLOGÍA,Femenino,0
SIRIA,2024,IDEOLOGÍA,Masculino,0
SUDÁFRICA R.,2024,IDEOLOGÍA,Ambos sexos,0
SUDÁFRICA R.,2024,IDEOLOGÍA,Femenino,0
SUDÁFRICA R.,2024,IDEOLOGÍA,Masculino,0
SUECIA,2024,IDEOLOGÍA,Ambos sexos,0
SUECIA,2024,IDEOLOGÍA,Femenino,0
SUECIA,2024,IDEOLOGÍA,Masculino,0
SUIZA,2024,IDEOLOGÍA,Ambos sexos,0
SUIZA,2024,IDEOLOGÍA,Femenino,0
SUIZA,2024,IDEOLOGÍA,Masculino,0
TOTAL nacionalidad,2024,IDEOLOGÍA,Ambos sexos,61
TOTAL nacionalidad,2024,IDEOLOGÍA,Femenino,4
TOTAL nacionalidad,2024,IDEOLOGÍA,Masculino,57
TURQUÍA,2024,IDEOLOGÍA,Ambos sexos,0
TURQUÍA,2024,IDEOLOGÍA,Femenino,0
TURQUÍA,2024,IDEOLOGÍA,Masculino,0
TÚNEZ,2024,IDEOLOGÍA,Ambos sexos,0
TÚNEZ,2024,IDEOLOGÍA,Femenino,0
TÚNEZ,2024,IDEOLOGÍA,Masculino,0
UCRANIA,2024,IDEOLOGÍA,Ambos sexos,0
UCRANIA,2024,IDEOLOGÍA,Femenino,0
UCRANIA,2024,IDEOLOGÍA,Masculino,0
URUGUAY,2024,IDEOLOGÍA,Ambos sexos,0
URUGUAY,2024,IDEOLOGÍA,Femenino,0
URUGUAY,2024,IDEOLOGÍA,Masculino,0
VENEZUELA,2024,IDEOLOGÍA,Ambos sexos,0
VENEZUELA,2024,IDEOLOGÍA,Femenino,0
VENEZUELA,2024,IDEOLOGÍA,Masculino,0
ZAMBIA,2024,IDEOLOGÍA,Ambos sexos,0
ZAMBIA,2024,IDEOLOGÍA,Femenino,0
ZAMBIA,2024,IDEOLOGÍA,Masculino,0
ALBANIA,2024,ISLAMOFOBIA,Ambos sexos,0
ALBANIA,2024,ISLAMOFOBIA,Femenino,0
ALBANIA,2024,ISLAMOFOBIA,Masculino,0
ALEMANIA,2024,ISLAMOFOBIA,Ambos sexos,0
ALEMANIA,2024,ISLAMOFOBIA,Femenino,0
ALEMANIA,2024,ISLAMOFOBIA,Masculino,0
ANDORRA,2024,ISLAMOFOBIA,Ambos sexos,0
ANDORRA,2024,ISLAMOFOBIA,Femenino,0
ANDORRA,2024,ISLAMOFOBIA,Masculino,0
ANGOLA,2024,ISLAMOFOBIA,Ambos sexos,0
ANGOLA,2024,ISLAMOFOBIA,Femenino,0
ANGOLA,2024,ISLAMOFOBIA,Masculino,0
ARGELIA,2024,ISLAMOFOBIA,Ambos sexos,1
ARGELIA,2024,ISLAMOFOBIA,Femenino,0
ARGELIA,2024,ISLAMOFOBIA,Masculino,1
ARGENTINA,2024,ISLAMOFOBIA,Ambos sexos,0
ARGENTINA,2024,ISLAMOFOBIA,Femenino,0
ARGENTINA,2024,ISLAMOFOBIA,Masculino,0
ARMENIA,2024,ISLAMOFOBIA,Ambos sexos,0
ARMENIA,2024,ISLAMOFOBIA,Femenino,0
ARMENIA,2024,ISLAMOFOBIA,Masculino,0
BANGLADESH,2024,ISLAMOFOBIA,Ambos sexos,0
BANGLADESH,2024,ISLAMOFOBIA,Femenino,0
BANGLADESH,2024,ISLAMOFOBIA,Masculino,0
BIELORRUSIA,2024,ISLAMOFOBIA,Ambos sexos,0
BIELORRUSIA,2024,ISLAMOFOBIA,Femenino,0
BIELORRUSIA,2024,ISLAMOFOBIA,Masculino,0
BOLIVIA,2024,ISLAMOFOBIA,Ambos sexos,0
BOLIVIA,2024,ISLAMOFOBIA,Femenino,0
BOLIVIA,2024,ISLAMOFOBIA,Masculino,0
BRASIL,2024,ISLAMOFOBIA,Ambos sexos,0
BRASIL,2024,ISLAMOFOBIA,Femenino,0
BRASIL,2024,ISLAMOFOBIA,Masculino,0
BULGARIA,2024,ISLAMOFOBIA,Ambos sexos,0
BULGARIA,2024,ISLAMOFOBIA,Femenino,0
BULGARIA,2024,ISLAMOFOBIA,Masculino,0
BÉLGICA,2024,ISLAMOFOBIA,Ambos sexos,0
BÉLGICA,2024,ISLAMOFOBIA,Femenino,0
BÉLGICA,2024,ISLAMOFOBIA,Masculino,0
CAMERÚN,2024,ISLAMOFOBIA,Ambos sexos,0
CAMERÚN,2024,ISLAMOFOBIA,Femenino,0
CAMERÚN,2024,ISLAMOFOBIA,Masculino,0
CENTRO ÁFRICANA REPÚBLICA,2024,ISLAMOFOBIA,Ambos sexos,0
CENTRO ÁFRICANA REPÚBLICA,2024,ISLAMOFOBIA,Femenino,0
CENTRO ÁFRICANA REPÚBLICA,2024,ISLAMOFOBIA,Masculino,0
CHILE,2024,ISLAMOFOBIA,Ambos sexos,0
CHILE,2024,ISLAMOFOBIA,Femenino,0
CHILE,2024,ISLAMOFOBIA,Masculino,0
CHINA POPULAR,2024,ISLAMOFOBIA,Ambos sexos,0
CHINA POPULAR,2024,ISLAMOFOBIA,Femenino,0
CHINA POPULAR,2024,ISLAMOFOBIA,Masculino,0
COLOMBIA,2024,ISLAMOFOBIA,Ambos sexos,0
COLOMBIA,2024,ISLAMOFOBIA,Femenino,0
COLOMBIA,2024,ISLAMOFOBIA,Masculino,0
CONGO-BRAZZAVILLE,2024,ISLAMOFOBIA,Ambos sexos,0
CONGO-BRAZZAVILLE,2024,ISLAMOFOBIA,Femenino,0
CONGO-BRAZZAVILLE,2024,ISLAMOFOBIA,Masculino,0
COSTA DE MARFIL,2024,ISLAMOFOBIA,Ambos sexos,0
COSTA DE MARFIL,2024,ISLAMOFOBIA,Femenino,0
COSTA DE MARFIL,2024,ISLAMOFOBIA,Masculino,0
CROACIA,2024,ISLAMOFOBIA,Ambos sexos,0
CROACIA,2024,ISLAMOFOBIA,Femenino,0
CROACIA,2024,ISLAMOFOBIA,Masculino,0
CUBA,2024,ISLAMOFOBIA,Ambos sexos,0
CUBA,2024,ISLAMOFOBIA,Femenino,0
CUBA,2024,ISLAMOFOBIA,Masculino,0
ECUADOR,2024,ISLAMOFOBIA,Ambos sexos,0
ECUADOR,2024,ISLAMOFOBIA,Femenino,0
ECUADOR,2024,ISLAMOFOBIA,Masculino,0
EE.UU.,2024,ISLAMOFOBIA,Ambos sexos,0
EE.UU.,2024,ISLAMOFOBIA,Femenino,0
EE.UU.,2024,ISLAMOFOBIA,Masculino,0
EGIPTO,2024,ISLAMOFOBIA,Ambos sexos,0
EGIPTO,2024,ISLAMOFOBIA,Femenino,0
EGIPTO,2024,ISLAMOFOBIA,Masculino,0
EL SALVADOR,2024,ISLAMOFOBIA,Ambos sexos,0
EL SALVADOR,2024,ISLAMOFOBIA,Femenino,0
EL SALVADOR,2024,ISLAMOFOBIA,Masculino,0
ERITREA,2024,ISLAMOFOBIA,Ambos sexos,0
ERITREA,2024,ISLAMOFOBIA,Femenino,0
ERITREA,2024,ISLAMOFOBIA,Masculino,0
ESLOVAQUIA,2024,ISLAMOFOBIA,Ambos sexos,0
ESLOVAQUIA,2024,ISLAMOFOBIA,Femenino,0
ESLOVAQUIA,2024,ISLAMOFOBIA,Masculino,0
ESPAÑA,2024,ISLAMOFOBIA,Ambos sexos,9
ESPAÑA,2024,ISLAMOFOBIA,Femenino,3
ESPAÑA,2024,ISLAMOFOBIA,Masculino,6
ESTONIA,2024,ISLAMOFOBIA,Ambos sexos,0
ESTONIA,2024,ISLAMOFOBIA,Femenino,0
ESTONIA,2024,ISLAMOFOBIA,Masculino,0
FILIPINAS,2024,ISLAMOFOBIA,Ambos sexos,0
FILIPINAS,2024,ISLAMOFOBIA,Femenino,0
FILIPINAS,2024,ISLAMOFOBIA,Masculino,0
FRANCIA,2024,ISLAMOFOBIA,Ambos sexos,0
FRANCIA,2024,ISLAMOFOBIA,Femenino,0
FRANCIA,2024,ISLAMOFOBIA,Masculino,0
GAMBIA,2024,ISLAMOFOBIA,Ambos sexos,0
GAMBIA,2024,ISLAMOFOBIA,Femenino,0
GAMBIA,2024,ISLAMOFOBIA,Masculino,0
GEORGIA,2024,ISLAMOFOBIA,Ambos sexos,0
GEORGIA,2024,ISLAMOFOBIA,Femenino,0
GEORGIA,2024,ISLAMOFOBIA,Masculino,0
GHANA,2024,ISLAMOFOBIA,Ambos sexos,0
GHANA,2024,ISLAMOFOBIA,Femenino,0
GHANA,2024,ISLAMOFOBIA,Masculino,0
GRECIA,2024,ISLAMOFOBIA,Ambos sexos,0
GRECIA,2024,ISLAMOFOBIA,Femenino,0
GRECIA,2024,ISLAMOFOBIA,Masculino,0
GUATEMALA,2024,ISLAMOFOBIA,Ambos sexos,0
GUATEMALA,2024,ISLAMOFOBIA,Femenino,0
GUATEMALA,2024,ISLAMOFOBIA,Masculino,0
GUINEA ECUATORIAL,2024,ISLAMOFOBIA,Ambos sexos,0
GUINEA ECUATORIAL,2024,ISLAMOFOBIA,Femenino,0
GUINEA ECUATORIAL,2024,ISLAMOFOBIA,Masculino,0
GUINEA REP.,2024,ISLAMOFOBIA,Ambos sexos,0
GUINEA REP.,2024,ISLAMOFOBIA,Femenino,0
GUINEA REP.,2024,ISLAMOFOBIA,Masculino,0
HAITI,2024,ISLAMOFOBIA,Ambos sexos,0
HAITI,2024,ISLAMOFOBIA,Femenino,0
HAITI,2024,ISLAMOFOBIA,Masculino,0
HOLANDA,2024,ISLAMOFOBIA,Ambos sexos,0
HOLANDA,2024,ISLAMOFOBIA,Femenino,0
HOLANDA,2024,ISLAMOFOBIA,Masculino,0
HONDURAS,2024,ISLAMOFOBIA,Ambos sexos,0
HONDURAS,2024,ISLAMOFOBIA,Femenino,0
HONDURAS,2024,ISLAMOFOBIA,Masculino,0
INDIA,2024,ISLAMOFOBIA,Ambos sexos,0
INDIA,2024,ISLAMOFOBIA,Femenino,0
INDIA,2024,ISLAMOFOBIA,Masculino,0
IRLANDA,2024,ISLAMOFOBIA,Ambos sexos,0
IRLANDA,2024,ISLAMOFOBIA,Femenino,0
IRLANDA,2024,ISLAMOFOBIA,Masculino,0
IRÁN,2024,ISLAMOFOBIA,Ambos sexos,0
IRÁN,2024,ISLAMOFOBIA,Femenino,0
IRÁN,2024,ISLAMOFOBIA,Masculino,0
ISRAEL,2024,ISLAMOFOBIA,Ambos sexos,3
ISRAEL,2024,ISLAMOFOBIA,Femenino,0
ISRAEL,2024,ISLAMOFOBIA,Masculino,3
ITALIA,2024,ISLAMOFOBIA,Ambos sexos,0
ITALIA,2024,ISLAMOFOBIA,Femenino,0
ITALIA,2024,ISLAMOFOBIA,Masculino,0
LETONIA,2024,ISLAMOFOBIA,Ambos sexos,0
LETONIA,2024,ISLAMOFOBIA,Femenino,0
LETONIA,2024,ISLAMOFOBIA,Masculino,0
LIBERIA,2024,ISLAMOFOBIA,Ambos sexos,0
LIBERIA,2024,ISLAMOFOBIA,Femenino,0
LIBERIA,2024,ISLAMOFOBIA,Masculino,0
LIBIA,2024,ISLAMOFOBIA,Ambos sexos,0
LIBIA,2024,ISLAMOFOBIA,Femenino,0
LIBIA,2024,ISLAMOFOBIA,Masculino,0
LITUANIA,2024,ISLAMOFOBIA,Ambos sexos,0
LITUANIA,2024,ISLAMOFOBIA,Femenino,0
LITUANIA,2024,ISLAMOFOBIA,Masculino,0
LÍBANO,2024,ISLAMOFOBIA,Ambos sexos,0
LÍBANO,2024,ISLAMOFOBIA,Femenino,0
LÍBANO,2024,ISLAMOFOBIA,Masculino,0
MALI,2024,ISLAMOFOBIA,Ambos sexos,0
MALI,2024,ISLAMOFOBIA,Femenino,0
MALI,2024,ISLAMOFOBIA,Masculino,0
MARRUECOS,2024,ISLAMOFOBIA,Ambos sexos,0
MARRUECOS,2024,ISLAMOFOBIA,Femenino,0
MARRUECOS,2024,ISLAMOFOBIA,Masculino,0
MAURITANIA,2024,ISLAMOFOBIA,Ambos sexos,0
MAURITANIA,2024,ISLAMOFOBIA,Femenino,0
MAURITANIA,2024,ISLAMOFOBIA,Masculino,0
MOLDAVIA,2024,ISLAMOFOBIA,Ambos sexos,0
MOLDAVIA,2024,ISLAMOFOBIA,Femenino,0
MOLDAVIA,2024,ISLAMOFOBIA,Masculino,0
MONGOLIA,2024,ISLAMOFOBIA,Ambos sexos,0
MONGOLIA,2024,ISLAMOFOBIA,Femenino,0
MONGOLIA,2024,ISLAMOFOBIA,Masculino,0
NEPAL,2024,ISLAMOFOBIA,Ambos sexos,0
NEPAL,2024,ISLAMOFOBIA,Femenino,0
NEPAL,2024,ISLAMOFOBIA,Masculino,0
NICARAGUA,2024,ISLAMOFOBIA,Ambos sexos,0
NICARAGUA,2024,ISLAMOFOBIA,Femenino,0
NICARAGUA,2024,ISLAMOFOBIA,Masculino,0
NIGERIA,2024,ISLAMOFOBIA,Ambos sexos,0
NIGERIA,2024,ISLAMOFOBIA,Femenino,0
NIGERIA,2024,ISLAMOFOBIA,Masculino,0
NÍGER REP.,2024,ISLAMOFOBIA,Ambos sexos,0
NÍGER REP.,2024,ISLAMOFOBIA,Femenino,0
NÍGER REP.,2024,ISLAMOFOBIA,Masculino,0
PANAMA,2024,ISLAMOFOBIA,Ambos sexos,0
PANAMA,2024,ISLAMOFOBIA,Femenino,0
PANAMA,2024,ISLAMOFOBIA,Masculino,0
PAQUISTÁN,2024,ISLAMOFOBIA,Ambos sexos,0
PAQUISTÁN,2024,ISLAMOFOBIA,Femenino,0
PAQUISTÁN,2024,ISLAMOFOBIA,Masculino,0
PARAGUAY,2024,ISLAMOFOBIA,Ambos sexos,0
PARAGUAY,2024,ISLAMOFOBIA,Femenino,0
PARAGUAY,2024,ISLAMOFOBIA,Masculino,0
PAÍS DESCONOCIDO,2024,ISLAMOFOBIA,Ambos sexos,0
PAÍS DESCONOCIDO,2024,ISLAMOFOBIA,Femenino,0
PAÍS DESCONOCIDO,2024,ISLAMOFOBIA,Masculino,0
PAÍS NO CODIFICADO,2024,ISLAMOFOBIA,Ambos sexos,0
PAÍS NO CODIFICADO,2024,ISLAMOFOBIA,Femenino,0
PAÍS NO CODIFICADO,2024,ISLAMOFOBIA,Masculino,0
PERÚ,2024,ISLAMOFOBIA,Ambos sexos,0
PERÚ,2024,ISLAMOFOBIA,Femenino,0
PERÚ,2024,ISLAMOFOBIA,Masculino,0
POLONIA,2024,ISLAMOFOBIA,Ambos sexos,0
POLONIA,2024,ISLAMOFOBIA,Femenino,0
POLONIA,2024,ISLAMOFOBIA,Masculino,0
PORTUGAL,2024,ISLAMOFOBIA,Ambos sexos,0
PORTUGAL,2024,ISLAMOFOBIA,Femenino,0
PORTUGAL,2024,ISLAMOFOBIA,Masculino,0
REINO UNIDO,2024,ISLAMOFOBIA,Ambos sexos,0
REINO UNIDO,2024,ISLAMOFOBIA,Femenino,0
REINO UNIDO,2024,ISLAMOFOBIA,Masculino,0
REPÚBLICA CHECA,2024,ISLAMOFOBIA,Ambos sexos,0
REPÚBLICA CHECA,2024,ISLAMOFOBIA,Femenino,0
REPÚBLICA CHECA,2024,ISLAMOFOBIA,Masculino,0
REPÚBLICA DOMINICANA,2024,ISLAMOFOBIA,Ambos sexos,0
REPÚBLICA DOMINICANA,2024,ISLAMOFOBIA,Femenino,0
REPÚBLICA DOMINICANA,2024,ISLAMOFOBIA,Masculino,0
RUMANÍA,2024,ISLAMOFOBIA,Ambos sexos,0
RUMANÍA,2024,ISLAMOFOBIA,Femenino,0
RUMANÍA,2024,ISLAMOFOBIA,Masculino,0
RUSIA,2024,ISLAMOFOBIA,Ambos sexos,0
RUSIA,2024,ISLAMOFOBIA,Femenino,0
RUSIA,2024,ISLAMOFOBIA,Masculino,0
SENEGAL,2024,ISLAMOFOBIA,Ambos sexos,0
SENEGAL,2024,ISLAMOFOBIA,Femenino,0
SENEGAL,2024,ISLAMOFOBIA,Masculino,0
SERBIA (YUGOSLAVIA),2024,ISLAMOFOBIA,Ambos sexos,0
SERBIA (YUGOSLAVIA),2024,ISLAMOFOBIA,Femenino,0
SERBIA (YUGOSLAVIA),2024,ISLAMOFOBIA,Masculino,0
SIERRA LEONA,2024,ISLAMOFOBIA,Ambos sexos,0
SIERRA LEONA,2024,ISLAMOFOBIA,Femenino,0
SIERRA LEONA,2024,ISLAMOFOBIA,Masculino,0
SIRIA,2024,ISLAMOFOBIA,Ambos sexos,0
SIRIA,2024,ISLAMOFOBIA,Femenino,0
SIRIA,2024,ISLAMOFOBIA,Masculino,0
SUDÁFRICA R.,2024,ISLAMOFOBIA,Ambos sexos,0
SUDÁFRICA R.,2024,ISLAMOFOBIA,Femenino,0
SUDÁFRICA R.,2024,ISLAMOFOBIA,Masculino,0
SUECIA,2024,ISLAMOFOBIA,Ambos sexos,0
SUECIA,2024,ISLAMOFOBIA,Femenino,0
SUECIA,2024,ISLAMOFOBIA,Masculino,0
SUIZA,2024,ISLAMOFOBIA,Ambos sexos,0
SUIZA,2024,ISLAMOFOBIA,Femenino,0
SUIZA,2024,ISLAMOFOBIA,Masculino,0
TOTAL nacionalidad,2024,ISLAMOFOBIA,Ambos sexos,13
TOTAL nacionalidad,2024,ISLAMOFOBIA,Femenino,3
TOTAL nacionalidad,2024,ISLAMOFOBIA,Masculino,10
TURQUÍA,2024,ISLAMOFOBIA,Ambos sexos,0
TURQUÍA,2024,ISLAMOFOBIA,Femenino,0
TURQUÍA,2024,ISLAMOFOBIA,Masculino,0
TÚNEZ,2024,ISLAMOFOBIA,Ambos sexos,0
TÚNEZ,2024,ISLAMOFOBIA,Femenino,0
TÚNEZ,2024,ISLAMOFOBIA,Masculino,0
UCRANIA,2024,ISLAMOFOBIA,Ambos sexos,0
UCRANIA,2024,ISLAMOFOBIA,Femenino,0
UCRANIA,2024,ISLAMOFOBIA,Masculino,0
URUGUAY,2024,ISLAMOFOBIA,Ambos sexos,0
URUGUAY,2024,ISLAMOFOBIA,Femenino,0
URUGUAY,2024,ISLAMOFOBIA,Masculino,0
VENEZUELA,2024,ISLAMOFOBIA,Ambos sexos,0
VENEZUELA,2024,ISLAMOFOBIA,Femenino,0
VENEZUELA,2024,ISLAMOFOBIA,Masculino,0
ZAMBIA,2024,ISLAMOFOBIA,Ambos sexos,0
ZAMBIA,2024,ISLAMOFOBIA,Femenino,0
ZAMBIA,2024,ISLAMOFOBIA,Masculino,0
ALBANIA,2024,ORIENTACIÓN SEXUAL E IDENTIDAD DE GÉNERO,Ambos sexos,0
ALBANIA,2024,ORIENTACIÓN SEXUAL E IDENTIDAD DE GÉNERO,Femenino,0
ALBANIA,2024,ORIENTACIÓN SEXUAL E IDENTIDAD DE GÉNERO,Masculino,0
ALEMANIA,2024,ORIENTACIÓN SEXUAL E IDENTIDAD DE GÉNERO,Ambos sexos,0
ALEMANIA,2024,ORIENTACIÓN SEXUAL E IDENTIDAD DE GÉNERO,Femenino,0
ALEMANIA,2024,ORIENTACIÓN SEXUAL E IDENTIDAD DE GÉNERO,Masculino,0
ANDORRA,2024,ORIENTACIÓN SEXUAL E IDENTIDAD DE GÉNERO,Ambos sexos,0
ANDORRA,2024,ORIENTACIÓN SEXUAL E IDENTIDAD DE GÉNERO,Femenino,0
ANDORRA,2024,ORIENTACIÓN SEXUAL E IDENTIDAD DE GÉNERO,Masculino,0
ANGOLA,2024,ORIENTACIÓN SEXUAL E IDENTIDAD DE GÉNERO,Ambos sexos,0
ANGOLA,2024,ORIENTACIÓN SEXUAL E IDENTIDAD DE GÉNERO,Femenino,0
ANGOLA,2024,ORIENTACIÓN SEXUAL E IDENTIDAD DE GÉNERO,Masculino,0
ARGELIA,2024,ORIENTACIÓN SEXUAL E IDENTIDAD DE GÉNERO,Ambos sexos,8
ARGELIA,2024,ORIENTACIÓN SEXUAL E IDENTIDAD DE GÉNERO,Femenino,0
ARGELIA,2024,ORIENTACIÓN SEXUAL E IDENTIDAD DE GÉNERO,Masculino,8
ARGENTINA,2024,ORIENTACIÓN SEXUAL E IDENTIDAD DE GÉNERO,Ambos sexos,1
ARGENTINA,2024,ORIENTACIÓN SEXUAL E IDENTIDAD DE GÉNERO,Femenino,1
ARGENTINA,2024,ORIENTACIÓN SEXUAL E IDENTIDAD DE GÉNERO,Masculino,0
ARMENIA,2024,ORIENTACIÓN SEXUAL E IDENTIDAD DE GÉNERO,Ambos sexos,0
ARMENIA,2024,ORIENTACIÓN SEXUAL E IDENTIDAD DE GÉNERO,Femenino,0
ARMENIA,2024,ORIENTACIÓN SEXUAL E IDENTIDAD DE GÉNERO,Masculino,0
BANGLADESH,2024,ORIENTACIÓN SEXUAL E IDENTIDAD DE GÉNERO,Ambos sexos,0
BANGLADESH,2024,ORIENTACIÓN SEXUAL E IDENTIDAD DE GÉNERO,Femenino,0
BANGLADESH,2024,ORIENTACIÓN SEXUAL E IDENTIDAD DE GÉNERO,Masculino,0
BIELORRUSIA,2024,ORIENTACIÓN SEXUAL E IDENTIDAD DE GÉNERO,Ambos sexos,0
BIELORRUSIA,2024,ORIENTACIÓN SEXUAL E IDENTIDAD DE GÉNERO,Femenino,0
BIELORRUSIA,2024,ORIENTACIÓN SEXUAL E IDENTIDAD DE GÉNERO,Masculino,0
BOLIVIA,2024,ORIENTACIÓN SEXUAL E IDENTIDAD DE GÉNERO,Ambos sexos,0
BOLIVIA,2024,ORIENTACIÓN SEXUAL E IDENTIDAD DE GÉNERO,Femenino,0
BOLIVIA,2024,ORIENTACIÓN SEXUAL E IDENTIDAD DE GÉNERO,Masculino,0
BRASIL,2024,ORIENTACIÓN SEXUAL E IDENTIDAD DE GÉNERO,Ambos sexos,1
BRASIL,2024,ORIENTACIÓN SEXUAL E IDENTIDAD DE GÉNERO,Femenino,0
BRASIL,2024,ORIENTACIÓN SEXUAL E IDENTIDAD DE GÉNERO,Masculino,1
BULGARIA,2024,ORIENTACIÓN SEXUAL E IDENTIDAD DE GÉNERO,Ambos sexos,0
BULGARIA,2024,ORIENTACIÓN SEXUAL E IDENTIDAD DE GÉNERO,Femenino,0
BULGARIA,2024,ORIENTACIÓN SEXUAL E IDENTIDAD DE GÉNERO,Masculino,0
BÉLGICA,2024,ORIENTACIÓN SEXUAL E IDENTIDAD DE GÉNERO,Ambos sexos,0
BÉLGICA,2024,ORIENTACIÓN SEXUAL E IDENTIDAD DE GÉNERO,Femenino,0
BÉLGICA,2024,ORIENTACIÓN SEXUAL E IDENTIDAD DE GÉNERO,Masculino,0
CAMERÚN,2024,ORIENTACIÓN SEXUAL E IDENTIDAD DE GÉNERO,Ambos sexos,0
CAMERÚN,2024,ORIENTACIÓN SEXUAL E IDENTIDAD DE GÉNERO,Femenino,0
CAMERÚN,2024,ORIENTACIÓN SEXUAL E IDENTIDAD DE GÉNERO,Masculino,0
CENTRO ÁFRICANA REPÚBLICA,2024,ORIENTACIÓN SEXUAL E IDENTIDAD DE GÉNERO,Ambos sexos,0
CENTRO ÁFRICANA REPÚBLICA,2024,ORIENTACIÓN SEXUAL E IDENTIDAD DE GÉNERO,Femenino,0
CENTRO ÁFRICANA REPÚBLICA,2024,ORIENTACIÓN SEXUAL E IDENTIDAD DE GÉNERO,Masculino,0
CHILE,2024,ORIENTACIÓN SEXUAL E IDENTIDAD DE GÉNERO,Ambos sexos,0
CHILE,2024,ORIENTACIÓN SEXUAL E IDENTIDAD DE GÉNERO,Femenino,0
CHILE,2024,ORIENTACIÓN SEXUAL E IDENTIDAD DE GÉNERO,Masculino,0
CHINA POPULAR,2024,ORIENTACIÓN SEXUAL E IDENTIDAD DE GÉNERO,Ambos sexos,0
CHINA POPULAR,2024,ORIENTACIÓN SEXUAL E IDENTIDAD DE GÉNERO,Femenino,0
CHINA POPULAR,2024,ORIENTACIÓN SEXUAL E IDENTIDAD DE GÉNERO,Masculino,0
COLOMBIA,2024,ORIENTACIÓN SEXUAL E IDENTIDAD DE GÉNERO,Ambos sexos,14
COLOMBIA,2024,ORIENTACIÓN SEXUAL E IDENTIDAD DE GÉNERO,Femenino,4
COLOMBIA,2024,ORIENTACIÓN SEXUAL E IDENTIDAD DE GÉNERO,Masculino,10
CONGO-BRAZZAVILLE,2024,ORIENTACIÓN SEXUAL E IDENTIDAD DE GÉNERO,Ambos sexos,0
CONGO-BRAZZAVILLE,2024,ORIENTACIÓN SEXUAL E IDENTIDAD DE GÉNERO,Femenino,0
CONGO-BRAZZAVILLE,2024,ORIENTACIÓN SEXUAL E IDENTIDAD DE GÉNERO,Masculino,0
COSTA DE MARFIL,2024,ORIENTACIÓN SEXUAL E IDENTIDAD DE GÉNERO,Ambos sexos,1
COSTA DE MARFIL,2024,ORIENTACIÓN SEXUAL E IDENTIDAD DE GÉNERO,Femenino,0
COSTA DE MARFIL,2024,ORIENTACIÓN SEXUAL E IDENTIDAD DE GÉNERO,Masculino,1
CROACIA,2024,ORIENTACIÓN SEXUAL E IDENTIDAD DE GÉNERO,Ambos sexos,0
CROACIA,2024,ORIENTACIÓN SEXUAL E IDENTIDAD DE GÉNERO,Femenino,0
CROACIA,2024,ORIENTACIÓN SEXUAL E IDENTIDAD DE GÉNERO,Masculino,0
CUBA,2024,ORIENTACIÓN SEXUAL E IDENTIDAD DE GÉNERO,Ambos sexos,0
CUBA,2024,ORIENTACIÓN SEXUAL E IDENTIDAD DE GÉNERO,Femenino,0
CUBA,2024,ORIENTACIÓN SEXUAL E IDENTIDAD DE GÉNERO,Masculino,0
ECUADOR,2024,ORIENTACIÓN SEXUAL E IDENTIDAD DE GÉNERO,Ambos sexos,0
ECUADOR,2024,ORIENTACIÓN SEXUAL E IDENTIDAD DE GÉNERO,Femenino,0
ECUADOR,2024,ORIENTACIÓN SEXUAL E IDENTIDAD DE GÉNERO,Masculino,0
EE.UU.,2024,ORIENTACIÓN SEXUAL E IDENTIDAD DE GÉNERO,Ambos sexos,0
EE.UU.,2024,ORIENTACIÓN SEXUAL E IDENTIDAD DE GÉNERO,Femenino,0
EE.UU.,2024,ORIENTACIÓN SEXUAL E IDENTIDAD DE GÉNERO,Masculino,0
EGIPTO,2024,ORIENTACIÓN SEXUAL E IDENTIDAD DE GÉNERO,Ambos sexos,0
EGIPTO,2024,ORIENTACIÓN SEXUAL E IDENTIDAD DE GÉNERO,Femenino,0
EGIPTO,2024,ORIENTACIÓN SEXUAL E IDENTIDAD DE GÉNERO,Masculino,0
EL SALVADOR,2024,ORIENTACIÓN SEXUAL E IDENTIDAD DE GÉNERO,Ambos sexos,0
EL SALVADOR,2024,ORIENTACIÓN SEXUAL E IDENTIDAD DE GÉNERO,Femenino,0
EL SALVADOR,2024,ORIENTACIÓN SEXUAL E IDENTIDAD DE GÉNERO,Masculino,0
ERITREA,2024,ORIENTACIÓN SEXUAL E IDENTIDAD DE GÉNERO,Ambos sexos,0
ERITREA,2024,ORIENTACIÓN SEXUAL E IDENTIDAD DE GÉNERO,Femenino,0
ERITREA,2024,ORIENTACIÓN SEXUAL E IDENTIDAD DE GÉNERO,Masculino,0
ESLOVAQUIA,2024,ORIENTACIÓN SEXUAL E IDENTIDAD DE GÉNERO,Ambos sexos,0
ESLOVAQUIA,2024,ORIENTACIÓN SEXUAL E IDENTIDAD DE GÉNERO,Femenino,0
ESLOVAQUIA,2024,ORIENTACIÓN SEXUAL E IDENTIDAD DE GÉNERO,Masculino,0
ESPAÑA,2024,ORIENTACIÓN SEXUAL E IDENTIDAD DE GÉNERO,Ambos sexos,180
ESPAÑA,2024,ORIENTACIÓN SEXUAL E IDENTIDAD DE GÉNERO,Femenino,33
ESPAÑA,2024,ORIENTACIÓN SEXUAL E IDENTIDAD DE GÉNERO,Masculino,147
ESTONIA,2024,ORIENTACIÓN SEXUAL E IDENTIDAD DE GÉNERO,Ambos sexos,0
ESTONIA,2024,ORIENTACIÓN SEXUAL E IDENTIDAD DE GÉNERO,Femenino,0
ESTONIA,2024,ORIENTACIÓN SEXUAL E IDENTIDAD DE GÉNERO,Masculino,0
FILIPINAS,2024,ORIENTACIÓN SEXUAL E IDENTIDAD DE GÉNERO,Ambos sexos,0
FILIPINAS,2024,ORIENTACIÓN SEXUAL E IDENTIDAD DE GÉNERO,Femenino,0
FILIPINAS,2024,ORIENTACIÓN SEXUAL E IDENTIDAD DE GÉNERO,Masculino,0
FRANCIA,2024,ORIENTACIÓN SEXUAL E IDENTIDAD DE GÉNERO,Ambos sexos,0
FRANCIA,2024,ORIENTACIÓN SEXUAL E IDENTIDAD DE GÉNERO,Femenino,0
FRANCIA,2024,ORIENTACIÓN SEXUAL E IDENTIDAD DE GÉNERO,Masculino,0
GAMBIA,2024,ORIENTACIÓN SEXUAL E IDENTIDAD DE GÉNERO,Ambos sexos,0
GAMBIA,2024,ORIENTACIÓN SEXUAL E IDENTIDAD DE GÉNERO,Femenino,0
GAMBIA,2024,ORIENTACIÓN SEXUAL E IDENTIDAD DE GÉNERO,Masculino,0
GEORGIA,2024,ORIENTACIÓN SEXUAL E IDENTIDAD DE GÉNERO,Ambos sexos,0
GEORGIA,2024,ORIENTACIÓN SEXUAL E IDENTIDAD DE GÉNERO,Femenino,0
GEORGIA,2024,ORIENTACIÓN SEXUAL E IDENTIDAD DE GÉNERO,Masculino,0
GHANA,2024,ORIENTACIÓN SEXUAL E IDENTIDAD DE GÉNERO,Ambos sexos,0
GHANA,2024,ORIENTACIÓN SEXUAL E IDENTIDAD DE GÉNERO,Femenino,0
GHANA,2024,ORIENTACIÓN SEXUAL E IDENTIDAD DE GÉNERO,Masculino,0
GRECIA,2024,ORIENTACIÓN SEXUAL E IDENTIDAD DE GÉNERO,Ambos sexos,0
GRECIA,2024,ORIENTACIÓN SEXUAL E IDENTIDAD DE GÉNERO,Femenino,0
GRECIA,2024,ORIENTACIÓN SEXUAL E IDENTIDAD DE GÉNERO,Masculino,0
GUATEMALA,2024,ORIENTACIÓN SEXUAL E IDENTIDAD DE GÉNERO,Ambos sexos,0
GUATEMALA,2024,ORIENTACIÓN SEXUAL E IDENTIDAD DE GÉNERO,Femenino,0
GUATEMALA,2024,ORIENTACIÓN SEXUAL E IDENTIDAD DE GÉNERO,Masculino,0
GUINEA ECUATORIAL,2024,ORIENTACIÓN SEXUAL E IDENTIDAD DE GÉNERO,Ambos sexos,0
GUINEA ECUATORIAL,2024,ORIENTACIÓN SEXUAL E IDENTIDAD DE GÉNERO,Femenino,0
GUINEA ECUATORIAL,2024,ORIENTACIÓN SEXUAL E IDENTIDAD DE GÉNERO,Masculino,0
GUINEA REP.,2024,ORIENTACIÓN SEXUAL E IDENTIDAD DE GÉNERO,Ambos sexos,0
GUINEA REP.,2024,ORIENTACIÓN SEXUAL E IDENTIDAD DE GÉNERO,Femenino,0
GUINEA REP.,2024,ORIENTACIÓN SEXUAL E IDENTIDAD DE GÉNERO,Masculino,0
HAITI,2024,ORIENTACIÓN SEXUAL E IDENTIDAD DE GÉNERO,Ambos sexos,0
HAITI,2024,ORIENTACIÓN SEXUAL E IDENTIDAD DE GÉNERO,Femenino,0
HAITI,2024,ORIENTACIÓN SEXUAL E IDENTIDAD DE GÉNERO,Masculino,0
HOLANDA,2024,ORIENTACIÓN SEXUAL E IDENTIDAD DE GÉNERO,Ambos sexos,0
HOLANDA,2024,ORIENTACIÓN SEXUAL E IDENTIDAD DE GÉNERO,Femenino,0
HOLANDA,2024,ORIENTACIÓN SEXUAL E IDENTIDAD DE GÉNERO,Masculino,0
HONDURAS,2024,ORIENTACIÓN SEXUAL E IDENTIDAD DE GÉNERO,Ambos sexos,1
HONDURAS,2024,ORIENTACIÓN SEXUAL E IDENTIDAD DE GÉNERO,Femenino,0
HONDURAS,2024,ORIENTACIÓN SEXUAL E IDENTIDAD DE GÉNERO,Masculino,1
INDIA,2024,ORIENTACIÓN SEXUAL E IDENTIDAD DE GÉNERO,Ambos sexos,0
INDIA,2024,ORIENTACIÓN SEXUAL E IDENTIDAD DE GÉNERO,Femenino,0
INDIA,2024,ORIENTACIÓN SEXUAL E IDENTIDAD DE GÉNERO,Masculino,0
IRLANDA,2024,ORIENTACIÓN SEXUAL E IDENTIDAD DE GÉNERO,Ambos sexos,0
IRLANDA,2024,ORIENTACIÓN SEXUAL E IDENTIDAD DE GÉNERO,Femenino,0
IRLANDA,2024,ORIENTACIÓN SEXUAL E IDENTIDAD DE GÉNERO,Masculino,0
IRÁN,2024,ORIENTACIÓN SEXUAL E IDENTIDAD DE GÉNERO,Ambos sexos,0
IRÁN,2024,ORIENTACIÓN SEXUAL E IDENTIDAD DE GÉNERO,Femenino,0
IRÁN,2024,ORIENTACIÓN SEXUAL E IDENTIDAD DE GÉNERO,Masculino,0
ISRAEL,2024,ORIENTACIÓN SEXUAL E IDENTIDAD DE GÉNERO,Ambos sexos,0
ISRAEL,2024,ORIENTACIÓN SEXUAL E IDENTIDAD DE GÉNERO,Femenino,0
ISRAEL,2024,ORIENTACIÓN SEXUAL E IDENTIDAD DE GÉNERO,Masculino,0
ITALIA,2024,ORIENTACIÓN SEXUAL E IDENTIDAD DE GÉNERO,Ambos sexos,2
ITALIA,2024,ORIENTACIÓN SEXUAL E IDENTIDAD DE GÉNERO,Femenino,0
ITALIA,2024,ORIENTACIÓN SEXUAL E IDENTIDAD DE GÉNERO,Masculino,2
LETONIA,2024,ORIENTACIÓN SEXUAL E IDENTIDAD DE GÉNERO,Ambos sexos,0
LETONIA,2024,ORIENTACIÓN SEXUAL E IDENTIDAD DE GÉNERO,Femenino,0
LETONIA,2024,ORIENTACIÓN SEXUAL E IDENTIDAD DE GÉNERO,Masculino,0
LIBERIA,2024,ORIENTACIÓN SEXUAL E IDENTIDAD DE GÉNERO,Ambos sexos,0
LIBERIA,2024,ORIENTACIÓN SEXUAL E IDENTIDAD DE GÉNERO,Femenino,0
LIBERIA,2024,ORIENTACIÓN SEXUAL E IDENTIDAD DE GÉNERO,Masculino,0
LIBIA,2024,ORIENTACIÓN SEXUAL E IDENTIDAD DE GÉNERO,Ambos sexos,0
LIBIA,2024,ORIENTACIÓN SEXUAL E IDENTIDAD DE GÉNERO,Femenino,0
LIBIA,2024,ORIENTACIÓN SEXUAL E IDENTIDAD DE GÉNERO,Masculino,0
LITUANIA,2024,ORIENTACIÓN SEXUAL E IDENTIDAD DE GÉNERO,Ambos sexos,0
LITUANIA,2024,ORIENTACIÓN SEXUAL E IDENTIDAD DE GÉNERO,Femenino,0
LITUANIA,2024,ORIENTACIÓN SEXUAL E IDENTIDAD DE GÉNERO,Masculino,0
LÍBANO,2024,ORIENTACIÓN SEXUAL E IDENTIDAD DE GÉNERO,Ambos sexos,0
LÍBANO,2024,ORIENTACIÓN SEXUAL E IDENTIDAD DE GÉNERO,Femenino,0
LÍBANO,2024,ORIENTACIÓN SEXUAL E IDENTIDAD DE GÉNERO,Masculino,0
MALI,2024,ORIENTACIÓN SEXUAL E IDENTIDAD DE GÉNERO,Ambos sexos,0
MALI,2024,ORIENTACIÓN SEXUAL E IDENTIDAD DE GÉNERO,Femenino,0
MALI,2024,ORIENTACIÓN SEXUAL E IDENTIDAD DE GÉNERO,Masculino,0
MARRUECOS,2024,ORIENTACIÓN SEXUAL E IDENTIDAD DE GÉNERO,Ambos sexos,26
MARRUECOS,2024,ORIENTACIÓN SEXUAL E IDENTIDAD DE GÉNERO,Femenino,1
MARRUECOS,2024,ORIENTACIÓN SEXUAL E IDENTIDAD DE GÉNERO,Masculino,25
MAURITANIA,2024,ORIENTACIÓN SEXUAL E IDENTIDAD DE GÉNERO,Ambos sexos,1
MAURITANIA,2024,ORIENTACIÓN SEXUAL E IDENTIDAD DE GÉNERO,Femenino,0
MAURITANIA,2024,ORIENTACIÓN SEXUAL E IDENTIDAD DE GÉNERO,Masculino,1
MOLDAVIA,2024,ORIENTACIÓN SEXUAL E IDENTIDAD DE GÉNERO,Ambos sexos,0
MOLDAVIA,2024,ORIENTACIÓN SEXUAL E IDENTIDAD DE GÉNERO,Femenino,0
MOLDAVIA,2024,ORIENTACIÓN SEXUAL E IDENTIDAD DE GÉNERO,Masculino,0
MONGOLIA,2024,ORIENTACIÓN SEXUAL E IDENTIDAD DE GÉNERO,Ambos sexos,0
MONGOLIA,2024,ORIENTACIÓN SEXUAL E IDENTIDAD DE GÉNERO,Femenino,0
MONGOLIA,2024,ORIENTACIÓN SEXUAL E IDENTIDAD DE GÉNERO,Masculino,0
NEPAL,2024,ORIENTACIÓN SEXUAL E IDENTIDAD DE GÉNERO,Ambos sexos,0
NEPAL,2024,ORIENTACIÓN SEXUAL E IDENTIDAD DE GÉNERO,Femenino,0
NEPAL,2024,ORIENTACIÓN SEXUAL E IDENTIDAD DE GÉNERO,Masculino,0
NICARAGUA,2024,ORIENTACIÓN SEXUAL E IDENTIDAD DE GÉNERO,Ambos sexos,0
NICARAGUA,2024,ORIENTACIÓN SEXUAL E IDENTIDAD DE GÉNERO,Femenino,0
NICARAGUA,2024,ORIENTACIÓN SEXUAL E IDENTIDAD DE GÉNERO,Masculino,0
NIGERIA,2024,ORIENTACIÓN SEXUAL E IDENTIDAD DE GÉNERO,Ambos sexos,0
NIGERIA,2024,ORIENTACIÓN SEXUAL E IDENTIDAD DE GÉNERO,Femenino,0
NIGERIA,2024,ORIENTACIÓN SEXUAL E IDENTIDAD DE GÉNERO,Masculino,0
NÍGER REP.,2024,ORIENTACIÓN SEXUAL E IDENTIDAD DE GÉNERO,Ambos sexos,0
NÍGER REP.,2024,ORIENTACIÓN SEXUAL E IDENTIDAD DE GÉNERO,Femenino,0
NÍGER REP.,2024,ORIENTACIÓN SEXUAL E IDENTIDAD DE GÉNERO,Masculino,0
PANAMA,2024,ORIENTACIÓN SEXUAL E IDENTIDAD DE GÉNERO,Ambos sexos,0
PANAMA,2024,ORIENTACIÓN SEXUAL E IDENTIDAD DE GÉNERO,Femenino,0
PANAMA,2024,ORIENTACIÓN SEXUAL E IDENTIDAD DE GÉNERO,Masculino,0
PAQUISTÁN,2024,ORIENTACIÓN SEXUAL E IDENTIDAD DE GÉNERO,Ambos sexos,0
PAQUISTÁN,2024,ORIENTACIÓN SEXUAL E IDENTIDAD DE GÉNERO,Femenino,0
PAQUISTÁN,2024,ORIENTACIÓN SEXUAL E IDENTIDAD DE GÉNERO,Masculino,0
PARAGUAY,2024,ORIENTACIÓN SEXUAL E IDENTIDAD DE GÉNERO,Ambos sexos,1
PARAGUAY,2024,ORIENTACIÓN SEXUAL E IDENTIDAD DE GÉNERO,Femenino,0
PARAGUAY,2024,ORIENTACIÓN SEXUAL E IDENTIDAD DE GÉNERO,Masculino,1
PAÍS DESCONOCIDO,2024,ORIENTACIÓN SEXUAL E IDENTIDAD DE GÉNERO,Ambos sexos,1
PAÍS DESCONOCIDO,2024,ORIENTACIÓN SEXUAL E IDENTIDAD DE GÉNERO,Femenino,0
PAÍS DESCONOCIDO,2024,ORIENTACIÓN SEXUAL E IDENTIDAD DE GÉNERO,Masculino,1
PAÍS NO CODIFICADO,2024,ORIENTACIÓN SEXUAL E IDENTIDAD DE GÉNERO,Ambos sexos,0
PAÍS NO CODIFICADO,2024,ORIENTACIÓN SEXUAL E IDENTIDAD DE GÉNERO,Femenino,0
PAÍS NO CODIFICADO,2024,ORIENTACIÓN SEXUAL E IDENTIDAD DE GÉNERO,Masculino,0
PERÚ,2024,ORIENTACIÓN SEXUAL E IDENTIDAD DE GÉNERO,Ambos sexos,0
PERÚ,2024,ORIENTACIÓN SEXUAL E IDENTIDAD DE GÉNERO,Femenino,0
PERÚ,2024,ORIENTACIÓN SEXUAL E IDENTIDAD DE GÉNERO,Masculino,0
POLONIA,2024,ORIENTACIÓN SEXUAL E IDENTIDAD DE GÉNERO,Ambos sexos,0
POLONIA,2024,ORIENTACIÓN SEXUAL E IDENTIDAD DE GÉNERO,Femenino,0
POLONIA,2024,ORIENTACIÓN SEXUAL E IDENTIDAD DE GÉNERO,Masculino,0
PORTUGAL,2024,ORIENTACIÓN SEXUAL E IDENTIDAD DE GÉNERO,Ambos sexos,0
PORTUGAL,2024,ORIENTACIÓN SEXUAL E IDENTIDAD DE GÉNERO,Femenino,0
PORTUGAL,2024,ORIENTACIÓN SEXUAL E IDENTIDAD DE GÉNERO,Masculino,0
REINO UNIDO,2024,ORIENTACIÓN SEXUAL E IDENTIDAD DE GÉNERO,Ambos sexos,0
REINO UNIDO,2024,ORIENTACIÓN SEXUAL E IDENTIDAD DE GÉNERO,Femenino,0
REINO UNIDO,2024,ORIENTACIÓN SEXUAL E IDENTIDAD DE GÉNERO,Masculino,0
REPÚBLICA CHECA,2024,ORIENTACIÓN SEXUAL E IDENTIDAD DE GÉNERO,Ambos sexos,0
REPÚBLICA CHECA,2024,ORIENTACIÓN SEXUAL E IDENTIDAD DE GÉNERO,Femenino,0
REPÚBLICA CHECA,2024,ORIENTACIÓN SEXUAL E IDENTIDAD DE GÉNERO,Masculino,0
REPÚBLICA DOMINICANA,2024,ORIENTACIÓN SEXUAL E IDENTIDAD DE GÉNERO,Ambos sexos,3
REPÚBLICA DOMINICANA,2024,ORIENTACIÓN SEXUAL E IDENTIDAD DE GÉNERO,Femenino,0
REPÚBLICA DOMINICANA,2024,ORIENTACIÓN SEXUAL E IDENTIDAD DE GÉNERO,Masculino,3
RUMANÍA,2024,ORIENTACIÓN SEXUAL E IDENTIDAD DE GÉNERO,Ambos sexos,7
RUMANÍA,2024,ORIENTACIÓN SEXUAL E IDENTIDAD DE GÉNERO,Femenino,2
RUMANÍA,2024,ORIENTACIÓN SEXUAL E IDENTIDAD DE GÉNERO,Masculino,5
RUSIA,2024,ORIENTACIÓN SEXUAL E IDENTIDAD DE GÉNERO,Ambos sexos,0
RUSIA,2024,ORIENTACIÓN SEXUAL E IDENTIDAD DE GÉNERO,Femenino,0
RUSIA,2024,ORIENTACIÓN SEXUAL E IDENTIDAD DE GÉNERO,Masculino,0
SENEGAL,2024,ORIENTACIÓN SEXUAL E IDENTIDAD DE GÉNERO,Ambos sexos,1
SENEGAL,2024,ORIENTACIÓN SEXUAL E IDENTIDAD DE GÉNERO,Femenino,0
SENEGAL,2024,ORIENTACIÓN SEXUAL E IDENTIDAD DE GÉNERO,Masculino,1
SERBIA (YUGOSLAVIA),2024,ORIENTACIÓN SEXUAL E IDENTIDAD DE GÉNERO,Ambos sexos,1
SERBIA (YUGOSLAVIA),2024,ORIENTACIÓN SEXUAL E IDENTIDAD DE GÉNERO,Femenino,0
SERBIA (YUGOSLAVIA),2024,ORIENTACIÓN SEXUAL E IDENTIDAD DE GÉNERO,Masculino,1
SIERRA LEONA,2024,ORIENTACIÓN SEXUAL E IDENTIDAD DE GÉNERO,Ambos sexos,0
SIERRA LEONA,2024,ORIENTACIÓN SEXUAL E IDENTIDAD DE GÉNERO,Femenino,0
SIERRA LEONA,2024,ORIENTACIÓN SEXUAL E IDENTIDAD DE GÉNERO,Masculino,0
SIRIA,2024,ORIENTACIÓN SEXUAL E IDENTIDAD DE GÉNERO,Ambos sexos,0
SIRIA,2024,ORIENTACIÓN SEXUAL E IDENTIDAD DE GÉNERO,Femenino,0
SIRIA,2024,ORIENTACIÓN SEXUAL E IDENTIDAD DE GÉNERO,Masculino,0
SUDÁFRICA R.,2024,ORIENTACIÓN SEXUAL E IDENTIDAD DE GÉNERO,Ambos sexos,0
SUDÁFRICA R.,2024,ORIENTACIÓN SEXUAL E IDENTIDAD DE GÉNERO,Femenino,0
SUDÁFRICA R.,2024,ORIENTACIÓN SEXUAL E IDENTIDAD DE GÉNERO,Masculino,0
SUECIA,2024,ORIENTACIÓN SEXUAL E IDENTIDAD DE GÉNERO,Ambos sexos,0
SUECIA,2024,ORIENTACIÓN SEXUAL E IDENTIDAD DE GÉNERO,Femenino,0
SUECIA,2024,ORIENTACIÓN SEXUAL E IDENTIDAD DE GÉNERO,Masculino,0
SUIZA,2024,ORIENTACIÓN SEXUAL E IDENTIDAD DE GÉNERO,Ambos sexos,0
SUIZA,2024,ORIENTACIÓN SEXUAL E IDENTIDAD DE GÉNERO,Femenino,0
SUIZA,2024,ORIENTACIÓN SEXUAL E IDENTIDAD DE GÉNERO,Masculino,0
TOTAL nacionalidad,2024,ORIENTACIÓN SEXUAL E IDENTIDAD DE GÉNERO,Ambos sexos,249
TOTAL nacionalidad,2024,ORIENTACIÓN SEXUAL E IDENTIDAD DE GÉNERO,Femenino,41
TOTAL nacionalidad,2024,ORIENTACIÓN SEXUAL E IDENTIDAD DE GÉNERO,Masculino,208
TURQUÍA,2024,ORIENTACIÓN SEXUAL E IDENTIDAD DE GÉNERO,Ambos sexos,0
TURQUÍA,2024,ORIENTACIÓN SEXUAL E IDENTIDAD DE GÉNERO,Femenino,0
TURQUÍA,2024,ORIENTACIÓN SEXUAL E IDENTIDAD DE GÉNERO,Masculino,0
TÚNEZ,2024,ORIENTACIÓN SEXUAL E IDENTIDAD DE GÉNERO,Ambos sexos,0
TÚNEZ,2024,ORIENTACIÓN SEXUAL E IDENTIDAD DE GÉNERO,Femenino,0
TÚNEZ,2024,ORIENTACIÓN SEXUAL E IDENTIDAD DE GÉNERO,Masculino,0
UCRANIA,2024,ORIENTACIÓN SEXUAL E IDENTIDAD DE GÉNERO,Ambos sexos,0
UCRANIA,2024,ORIENTACIÓN SEXUAL E IDENTIDAD DE GÉNERO,Femenino,0
UCRANIA,2024,ORIENTACIÓN SEXUAL E IDENTIDAD DE GÉNERO,Masculino,0
URUGUAY,2024,ORIENTACIÓN SEXUAL E IDENTIDAD DE GÉNERO,Ambos sexos,0
URUGUAY,2024,ORIENTACIÓN SEXUAL E IDENTIDAD DE GÉNERO,Femenino,0
URUGUAY,2024,ORIENTACIÓN SEXUAL E IDENTIDAD DE GÉNERO,Masculino,0
VENEZUELA,2024,ORIENTACIÓN SEXUAL E IDENTIDAD DE GÉNERO,Ambos sexos,0
VENEZUELA,2024,ORIENTACIÓN SEXUAL E IDENTIDAD DE GÉNERO,Femenino,0
VENEZUELA,2024,ORIENTACIÓN SEXUAL E IDENTIDAD DE GÉNERO,Masculino,0
ZAMBIA,2024,ORIENTACIÓN SEXUAL E IDENTIDAD DE GÉNERO,Ambos sexos,0
ZAMBIA,2024,ORIENTACIÓN SEXUAL E IDENTIDAD DE GÉNERO,Femenino,0
ZAMBIA,2024,ORIENTACIÓN SEXUAL E IDENTIDAD DE GÉNERO,Masculino,0
ALBANIA,2024,RACISMO/XENOFOBIA,Ambos sexos,0
ALBANIA,2024,RACISMO/XENOFOBIA,Femenino,0
ALBANIA,2024,RACISMO/XENOFOBIA,Masculino,0
ALEMANIA,2024,RACISMO/XENOFOBIA,Ambos sexos,1
ALEMANIA,2024,RACISMO/XENOFOBIA,Femenino,0
ALEMANIA,2024,RACISMO/XENOFOBIA,Masculino,1
ANDORRA,2024,RACISMO/XENOFOBIA,Ambos sexos,0
ANDORRA,2024,RACISMO/XENOFOBIA,Femenino,0
ANDORRA,2024,RACISMO/XENOFOBIA,Masculino,0
ANGOLA,2024,RACISMO/XENOFOBIA,Ambos sexos,0
ANGOLA,2024,RACISMO/XENOFOBIA,Femenino,0
ANGOLA,2024,RACISMO/XENOFOBIA,Masculino,0
ARGELIA,2024,RACISMO/XENOFOBIA,Ambos sexos,3
ARGELIA,2024,RACISMO/XENOFOBIA,Femenino,0
ARGELIA,2024,RACISMO/XENOFOBIA,Masculino,3
ARGENTINA,2024,RACISMO/XENOFOBIA,Ambos sexos,0
ARGENTINA,2024,RACISMO/XENOFOBIA,Femenino,0
ARGENTINA,2024,RACISMO/XENOFOBIA,Masculino,0
ARMENIA,2024,RACISMO/XENOFOBIA,Ambos sexos,0
ARMENIA,2024,RACISMO/XENOFOBIA,Femenino,0
ARMENIA,2024,RACISMO/XENOFOBIA,Masculino,0
BANGLADESH,2024,RACISMO/XENOFOBIA,Ambos sexos,0
BANGLADESH,2024,RACISMO/XENOFOBIA,Femenino,0
BANGLADESH,2024,RACISMO/XENOFOBIA,Masculino,0
BIELORRUSIA,2024,RACISMO/XENOFOBIA,Ambos sexos,0
BIELORRUSIA,2024,RACISMO/XENOFOBIA,Femenino,0
BIELORRUSIA,2024,RACISMO/XENOFOBIA,Masculino,0
BOLIVIA,2024,RACISMO/XENOFOBIA,Ambos sexos,5
BOLIVIA,2024,RACISMO/XENOFOBIA,Femenino,3
BOLIVIA,2024,RACISMO/XENOFOBIA,Masculino,2
BRASIL,2024,RACISMO/XENOFOBIA,Ambos sexos,1
BRASIL,2024,RACISMO/XENOFOBIA,Femenino,0
BRASIL,2024,RACISMO/XENOFOBIA,Masculino,1
BULGARIA,2024,RACISMO/XENOFOBIA,Ambos sexos,0
BULGARIA,2024,RACISMO/XENOFOBIA,Femenino,0
BULGARIA,2024,RACISMO/XENOFOBIA,Masculino,0
BÉLGICA,2024,RACISMO/XENOFOBIA,Ambos sexos,0
BÉLGICA,2024,RACISMO/XENOFOBIA,Femenino,0
BÉLGICA,2024,RACISMO/XENOFOBIA,Masculino,0
CAMERÚN,2024,RACISMO/XENOFOBIA,Ambos sexos,0
CAMERÚN,2024,RACISMO/XENOFOBIA,Femenino,0
CAMERÚN,2024,RACISMO/XENOFOBIA,Masculino,0
CENTRO ÁFRICANA REPÚBLICA,2024,RACISMO/XENOFOBIA,Ambos sexos,0
CENTRO ÁFRICANA REPÚBLICA,2024,RACISMO/XENOFOBIA,Femenino,0
CENTRO ÁFRICANA REPÚBLICA,2024,RACISMO/XENOFOBIA,Masculino,0
CHILE,2024,RACISMO/XENOFOBIA,Ambos sexos,0
CHILE,2024,RACISMO/XENOFOBIA,Femenino,0
CHILE,2024,RACISMO/XENOFOBIA,Masculino,0
CHINA POPULAR,2024,RACISMO/XENOFOBIA,Ambos sexos,0
CHINA POPULAR,2024,RACISMO/XENOFOBIA,Femenino,0
CHINA POPULAR,2024,RACISMO/XENOFOBIA,Masculino,0
COLOMBIA,2024,RACISMO/XENOFOBIA,Ambos sexos,8
COLOMBIA,2024,RACISMO/XENOFOBIA,Femenino,4
COLOMBIA,2024,RACISMO/XENOFOBIA,Masculino,4
CONGO-BRAZZAVILLE,2024,RACISMO/XENOFOBIA,Ambos sexos,0
CONGO-BRAZZAVILLE,2024,RACISMO/XENOFOBIA,Femenino,0
CONGO-BRAZZAVILLE,2024,RACISMO/XENOFOBIA,Masculino,0
COSTA DE MARFIL,2024,RACISMO/XENOFOBIA,Ambos sexos,0
COSTA DE MARFIL,2024,RACISMO/XENOFOBIA,Femenino,0
COSTA DE MARFIL,2024,RACISMO/XENOFOBIA,Masculino,0
CROACIA,2024,RACISMO/XENOFOBIA,Ambos sexos,0
CROACIA,2024,RACISMO/XENOFOBIA,Femenino,0
CROACIA,2024,RACISMO/XENOFOBIA,Masculino,0
CUBA,2024,RACISMO/XENOFOBIA,Ambos sexos,1
CUBA,2024,RACISMO/XENOFOBIA,Femenino,1
CUBA,2024,RACISMO/XENOFOBIA,Masculino,0
ECUADOR,2024,RACISMO/XENOFOBIA,Ambos sexos,3
ECUADOR,2024,RACISMO/XENOFOBIA,Femenino,1
ECUADOR,2024,RACISMO/XENOFOBIA,Masculino,2
EE.UU.,2024,RACISMO/XENOFOBIA,Ambos sexos,0
EE.UU.,2024,RACISMO/XENOFOBIA,Femenino,0
EE.UU.,2024,RACISMO/XENOFOBIA,Masculino,0
EGIPTO,2024,RACISMO/XENOFOBIA,Ambos sexos,0
EGIPTO,2024,RACISMO/XENOFOBIA,Femenino,0
EGIPTO,2024,RACISMO/XENOFOBIA,Masculino,0
EL SALVADOR,2024,RACISMO/XENOFOBIA,Ambos sexos,0
EL SALVADOR,2024,RACISMO/XENOFOBIA,Femenino,0
EL SALVADOR,2024,RACISMO/XENOFOBIA,Masculino,0
ERITREA,2024,RACISMO/XENOFOBIA,Ambos sexos,0
ERITREA,2024,RACISMO/XENOFOBIA,Femenino,0
ERITREA,2024,RACISMO/XENOFOBIA,Masculino,0
ESLOVAQUIA,2024,RACISMO/XENOFOBIA,Ambos sexos,1
ESLOVAQUIA,2024,RACISMO/XENOFOBIA,Femenino,0
ESLOVAQUIA,2024,RACISMO/XENOFOBIA,Masculino,1
ESPAÑA,2024,RACISMO/XENOFOBIA,Ambos sexos,327
ESPAÑA,2024,RACISMO/XENOFOBIA,Femenino,79
ESPAÑA,2024,RACISMO/XENOFOBIA,Masculino,248
ESTONIA,2024,RACISMO/XENOFOBIA,Ambos sexos,0
ESTONIA,2024,RACISMO/XENOFOBIA,Femenino,0
ESTONIA,2024,RACISMO/XENOFOBIA,Masculino,0
FILIPINAS,2024,RACISMO/XENOFOBIA,Ambos sexos,0
FILIPINAS,2024,RACISMO/XENOFOBIA,Femenino,0
FILIPINAS,2024,RACISMO/XENOFOBIA,Masculino,0
FRANCIA,2024,RACISMO/XENOFOBIA,Ambos sexos,0
FRANCIA,2024,RACISMO/XENOFOBIA,Femenino,0
FRANCIA,2024,RACISMO/XENOFOBIA,Masculino,0
GAMBIA,2024,RACISMO/XENOFOBIA,Ambos sexos,0
GAMBIA,2024,RACISMO/XENOFOBIA,Femenino,0
GAMBIA,2024,RACISMO/XENOFOBIA,Masculino,0
GEORGIA,2024,RACISMO/XENOFOBIA,Ambos sexos,0
GEORGIA,2024,RACISMO/XENOFOBIA,Femenino,0
GEORGIA,2024,RACISMO/XENOFOBIA,Masculino,0
GHANA,2024,RACISMO/XENOFOBIA,Ambos sexos,0
GHANA,2024,RACISMO/XENOFOBIA,Femenino,0
GHANA,2024,RACISMO/XENOFOBIA,Masculino,0
GRECIA,2024,RACISMO/XENOFOBIA,Ambos sexos,0
GRECIA,2024,RACISMO/XENOFOBIA,Femenino,0
GRECIA,2024,RACISMO/XENOFOBIA,Masculino,0
GUATEMALA,2024,RACISMO/XENOFOBIA,Ambos sexos,0
GUATEMALA,2024,RACISMO/XENOFOBIA,Femenino,0
GUATEMALA,2024,RACISMO/XENOFOBIA,Masculino,0
GUINEA ECUATORIAL,2024,RACISMO/XENOFOBIA,Ambos sexos,1
GUINEA ECUATORIAL,2024,RACISMO/XENOFOBIA,Femenino,0
GUINEA ECUATORIAL,2024,RACISMO/XENOFOBIA,Masculino,1
GUINEA REP.,2024,RACISMO/XENOFOBIA,Ambos sexos,0
GUINEA REP.,2024,RACISMO/XENOFOBIA,Femenino,0
GUINEA REP.,2024,RACISMO/XENOFOBIA,Masculino,0
HAITI,2024,RACISMO/XENOFOBIA,Ambos sexos,0
HAITI,2024,RACISMO/XENOFOBIA,Femenino,0
HAITI,2024,RACISMO/XENOFOBIA,Masculino,0
HOLANDA,2024,RACISMO/XENOFOBIA,Ambos sexos,0
HOLANDA,2024,RACISMO/XENOFOBIA,Femenino,0
HOLANDA,2024,RACISMO/XENOFOBIA,Masculino,0
HONDURAS,2024,RACISMO/XENOFOBIA,Ambos sexos,1
HONDURAS,2024,RACISMO/XENOFOBIA,Femenino,1
HONDURAS,2024,RACISMO/XENOFOBIA,Masculino,0
INDIA,2024,RACISMO/XENOFOBIA,Ambos sexos,0
INDIA,2024,RACISMO/XENOFOBIA,Femenino,0
INDIA,2024,RACISMO/XENOFOBIA,Masculino,0
IRLANDA,2024,RACISMO/XENOFOBIA,Ambos sexos,0
IRLANDA,2024,RACISMO/XENOFOBIA,Femenino,0
IRLANDA,2024,RACISMO/XENOFOBIA,Masculino,0
IRÁN,2024,RACISMO/XENOFOBIA,Ambos sexos,0
IRÁN,2024,RACISMO/XENOFOBIA,Femenino,0
IRÁN,2024,RACISMO/XENOFOBIA,Masculino,0
ISRAEL,2024,RACISMO/XENOFOBIA,Ambos sexos,0
ISRAEL,2024,RACISMO/XENOFOBIA,Femenino,0
ISRAEL,2024,RACISMO/XENOFOBIA,Masculino,0
ITALIA,2024,RACISMO/XENOFOBIA,Ambos sexos,2
ITALIA,2024,RACISMO/XENOFOBIA,Femenino,2
ITALIA,2024,RACISMO/XENOFOBIA,Masculino,0
LETONIA,2024,RACISMO/XENOFOBIA,Ambos sexos,0
LETONIA,2024,RACISMO/XENOFOBIA,Femenino,0
LETONIA,2024,RACISMO/XENOFOBIA,Masculino,0
LIBERIA,2024,RACISMO/XENOFOBIA,Ambos sexos,0
LIBERIA,2024,RACISMO/XENOFOBIA,Femenino,0
LIBERIA,2024,RACISMO/XENOFOBIA,Masculino,0
LIBIA,2024,RACISMO/XENOFOBIA,Ambos sexos,0
LIBIA,2024,RACISMO/XENOFOBIA,Femenino,0
LIBIA,2024,RACISMO/XENOFOBIA,Masculino,0
LITUANIA,2024,RACISMO/XENOFOBIA,Ambos sexos,1
LITUANIA,2024,RACISMO/XENOFOBIA,Femenino,0
LITUANIA,2024,RACISMO/XENOFOBIA,Masculino,1
LÍBANO,2024,RACISMO/XENOFOBIA,Ambos sexos,0
LÍBANO,2024,RACISMO/XENOFOBIA,Femenino,0
LÍBANO,2024,RACISMO/XENOFOBIA,Masculino,0
MALI,2024,RACISMO/XENOFOBIA,Ambos sexos,1
MALI,2024,RACISMO/XENOFOBIA,Femenino,0
MALI,2024,RACISMO/XENOFOBIA,Masculino,1
MARRUECOS,2024,RACISMO/XENOFOBIA,Ambos sexos,37
MARRUECOS,2024,RACISMO/XENOFOBIA,Femenino,1
MARRUECOS,2024,RACISMO/XENOFOBIA,Masculino,36
MAURITANIA,2024,RACISMO/XENOFOBIA,Ambos sexos,0
MAURITANIA,2024,RACISMO/XENOFOBIA,Femenino,0
MAURITANIA,2024,RACISMO/XENOFOBIA,Masculino,0
MOLDAVIA,2024,RACISMO/XENOFOBIA,Ambos sexos,1
MOLDAVIA,2024,RACISMO/XENOFOBIA,Femenino,0
MOLDAVIA,2024,RACISMO/XENOFOBIA,Masculino,1
MONGOLIA,2024,RACISMO/XENOFOBIA,Ambos sexos,0
MONGOLIA,2024,RACISMO/XENOFOBIA,Femenino,0
MONGOLIA,2024,RACISMO/XENOFOBIA,Masculino,0
NEPAL,2024,RACISMO/XENOFOBIA,Ambos sexos,0
NEPAL,2024,RACISMO/XENOFOBIA,Femenino,0
NEPAL,2024,RACISMO/XENOFOBIA,Masculino,0
NICARAGUA,2024,RACISMO/XENOFOBIA,Ambos sexos,2
NICARAGUA,2024,RACISMO/XENOFOBIA,Femenino,2
NICARAGUA,2024,RACISMO/XENOFOBIA,Masculino,0
NIGERIA,2024,RACISMO/XENOFOBIA,Ambos sexos,0
NIGERIA,2024,RACISMO/XENOFOBIA,Femenino,0
NIGERIA,2024,RACISMO/XENOFOBIA,Masculino,0
NÍGER REP.,2024,RACISMO/XENOFOBIA,Ambos sexos,0
NÍGER REP.,2024,RACISMO/XENOFOBIA,Femenino,0
NÍGER REP.,2024,RACISMO/XENOFOBIA,Masculino,0
PANAMA,2024,RACISMO/XENOFOBIA,Ambos sexos,0
PANAMA,2024,RACISMO/XENOFOBIA,Femenino,0
PANAMA,2024,RACISMO/XENOFOBIA,Masculino,0
PAQUISTÁN,2024,RACISMO/XENOFOBIA,Ambos sexos,0
PAQUISTÁN,2024,RACISMO/XENOFOBIA,Femenino,0
PAQUISTÁN,2024,RACISMO/XENOFOBIA,Masculino,0
PARAGUAY,2024,RACISMO/XENOFOBIA,Ambos sexos,6
PARAGUAY,2024,RACISMO/XENOFOBIA,Femenino,2
PARAGUAY,2024,RACISMO/XENOFOBIA,Masculino,4
PAÍS DESCONOCIDO,2024,RACISMO/XENOFOBIA,Ambos sexos,0
PAÍS DESCONOCIDO,2024,RACISMO/XENOFOBIA,Femenino,0
PAÍS DESCONOCIDO,2024,RACISMO/XENOFOBIA,Masculino,0
PAÍS NO CODIFICADO,2024,RACISMO/XENOFOBIA,Ambos sexos,0
PAÍS NO CODIFICADO,2024,RACISMO/XENOFOBIA,Femenino,0
PAÍS NO CODIFICADO,2024,RACISMO/XENOFOBIA,Masculino,0
PERÚ,2024,RACISMO/XENOFOBIA,Ambos sexos,2
PERÚ,2024,RACISMO/XENOFOBIA,Femenino,0
PERÚ,2024,RACISMO/XENOFOBIA,Masculino,2
POLONIA,2024,RACISMO/XENOFOBIA,Ambos sexos,2
POLONIA,2024,RACISMO/XENOFOBIA,Femenino,1
POLONIA,2024,RACISMO/XENOFOBIA,Masculino,1
PORTUGAL,2024,RACISMO/XENOFOBIA,Ambos sexos,1
PORTUGAL,2024,RACISMO/XENOFOBIA,Femenino,1
PORTUGAL,2024,RACISMO/XENOFOBIA,Masculino,0
REINO UNIDO,2024,RACISMO/XENOFOBIA,Ambos sexos,0
REINO UNIDO,2024,RACISMO/XENOFOBIA,Femenino,0
REINO UNIDO,2024,RACISMO/XENOFOBIA,Masculino,0
REPÚBLICA CHECA,2024,RACISMO/XENOFOBIA,Ambos sexos,0
REPÚBLICA CHECA,2024,RACISMO/XENOFOBIA,Femenino,0
REPÚBLICA CHECA,2024,RACISMO/XENOFOBIA,Masculino,0
REPÚBLICA DOMINICANA,2024,RACISMO/XENOFOBIA,Ambos sexos,0
REPÚBLICA DOMINICANA,2024,RACISMO/XENOFOBIA,Femenino,0
REPÚBLICA DOMINICANA,2024,RACISMO/XENOFOBIA,Masculino,0
RUMANÍA,2024,RACISMO/XENOFOBIA,Ambos sexos,10
RUMANÍA,2024,RACISMO/XENOFOBIA,Femenino,1
RUMANÍA,2024,RACISMO/XENOFOBIA,Masculino,9
RUSIA,2024,RACISMO/XENOFOBIA,Ambos sexos,1
RUSIA,2024,RACISMO/XENOFOBIA,Femenino,0
RUSIA,2024,RACISMO/XENOFOBIA,Masculino,1
SENEGAL,2024,RACISMO/XENOFOBIA,Ambos sexos,2
SENEGAL,2024,RACISMO/XENOFOBIA,Femenino,0
SENEGAL,2024,RACISMO/XENOFOBIA,Masculino,2
SERBIA (YUGOSLAVIA),2024,RACISMO/XENOFOBIA,Ambos sexos,0
SERBIA (YUGOSLAVIA),2024,RACISMO/XENOFOBIA,Femenino,0
SERBIA (YUGOSLAVIA),2024,RACISMO/XENOFOBIA,Masculino,0
SIERRA LEONA,2024,RACISMO/XENOFOBIA,Ambos sexos,0
SIERRA LEONA,2024,RACISMO/XENOFOBIA,Femenino,0
SIERRA LEONA,2024,RACISMO/XENOFOBIA,Masculino,0
SIRIA,2024,RACISMO/XENOFOBIA,Ambos sexos,0
SIRIA,2024,RACISMO/XENOFOBIA,Femenino,0
SIRIA,2024,RACISMO/XENOFOBIA,Masculino,0
SUDÁFRICA R.,2024,RACISMO/XENOFOBIA,Ambos sexos,0
SUDÁFRICA R.,2024,RACISMO/XENOFOBIA,Femenino,0
SUDÁFRICA R.,2024,RACISMO/XENOFOBIA,Masculino,0
SUECIA,2024,RACISMO/XENOFOBIA,Ambos sexos,2
SUECIA,2024,RACISMO/XENOFOBIA,Femenino,1
SUECIA,2024,RACISMO/XENOFOBIA,Masculino,1
SUIZA,2024,RACISMO/XENOFOBIA,Ambos sexos,0
SUIZA,2024,RACISMO/XENOFOBIA,Femenino,0
SUIZA,2024,RACISMO/XENOFOBIA,Masculino,0
TOTAL nacionalidad,2024,RACISMO/XENOFOBIA,Ambos sexos,424
TOTAL nacionalidad,2024,RACISMO/XENOFOBIA,Femenino,100
TOTAL nacionalidad,2024,RACISMO/XENOFOBIA,Masculino,324
TURQUÍA,2024,RACISMO/XENOFOBIA,Ambos sexos,0
TURQUÍA,2024,RACISMO/XENOFOBIA,Femenino,0
TURQUÍA,2024,RACISMO/XENOFOBIA,Masculino,0
TÚNEZ,2024,RACISMO/XENOFOBIA,Ambos sexos,0
TÚNEZ,2024,RACISMO/XENOFOBIA,Femenino,0
TÚNEZ,2024,RACISMO/XENOFOBIA,Masculino,0
UCRANIA,2024,RACISMO/XENOFOBIA,Ambos sexos,1
UCRANIA,2024,RACISMO/XENOFOBIA,Femenino,0
UCRANIA,2024,RACISMO/XENOFOBIA,Masculino,1
URUGUAY,2024,RACISMO/XENOFOBIA,Ambos sexos,0
URUGUAY,2024,RACISMO/XENOFOBIA,Femenino,0
URUGUAY,2024,RACISMO/XENOFOBIA,Masculino,0
VENEZUELA,2024,RACISMO/XENOFOBIA,Ambos sexos,1
VENEZUELA,2024,RACISMO/XENOFOBIA,Femenino,0
VENEZUELA,2024,RACISMO/XENOFOBIA,Masculino,1
ZAMBIA,2024,RACISMO/XENOFOBIA,Ambos sexos,0
ZAMBIA,2024,RACISMO/XENOFOBIA,Femenino,0
ZAMBIA,2024,RACISMO/XENOFOBIA,Masculino,0
ALBANIA,2024,TOTAL ámbito,Ambos sexos,0
ALBANIA,2024,TOTAL ámbito,Femenino,0
ALBANIA,2024,TOTAL ámbito,Masculino,0
ALEMANIA,2024,TOTAL ámbito,Ambos sexos,1
ALEMANIA,2024,TOTAL ámbito,Femenino,0
ALEMANIA,2024,TOTAL ámbito,Masculino,1
ANDORRA,2024,TOTAL ámbito,Ambos sexos,0
ANDORRA,2024,TOTAL ámbito,Femenino,0
ANDORRA,2024,TOTAL ámbito,Masculino,0
ANGOLA,2024,TOTAL ámbito,Ambos sexos,0
ANGOLA,2024,TOTAL ámbito,Femenino,0
ANGOLA,2024,TOTAL ámbito,Masculino,0
ARGELIA,2024,TOTAL ámbito,Ambos sexos,18
ARGELIA,2024,TOTAL ámbito,Femenino,0
ARGELIA,2024,TOTAL ámbito,Masculino,18
ARGENTINA,2024,TOTAL ámbito,Ambos sexos,1
ARGENTINA,2024,TOTAL ámbito,Femenino,1
ARGENTINA,2024,TOTAL ámbito,Masculino,0
ARMENIA,2024,TOTAL ámbito,Ambos sexos,0
ARMENIA,2024,TOTAL ámbito,Femenino,0
ARMENIA,2024,TOTAL ámbito,Masculino,0
BANGLADESH,2024,TOTAL ámbito,Ambos sexos,0
BANGLADESH,2024,TOTAL ámbito,Femenino,0
BANGLADESH,2024,TOTAL ámbito,Masculino,0
BIELORRUSIA,2024,TOTAL ámbito,Ambos sexos,0
BIELORRUSIA,2024,TOTAL ámbito,Femenino,0
BIELORRUSIA,2024,TOTAL ámbito,Masculino,0
BOLIVIA,2024,TOTAL ámbito,Ambos sexos,5
BOLIVIA,2024,TOTAL ámbito,Femenino,3
BOLIVIA,2024,TOTAL ámbito,Masculino,2
BRASIL,2024,TOTAL ámbito,Ambos sexos,2
BRASIL,2024,TOTAL ámbito,Femenino,0
BRASIL,2024,TOTAL ámbito,Masculino,2
BULGARIA,2024,TOTAL ámbito,Ambos sexos,0
BULGARIA,2024,TOTAL ámbito,Femenino,0
BULGARIA,2024,TOTAL ámbito,Masculino,0
BÉLGICA,2024,TOTAL ámbito,Ambos sexos,0
BÉLGICA,2024,TOTAL ámbito,Femenino,0
BÉLGICA,2024,TOTAL ámbito,Masculino,0
CAMERÚN,2024,TOTAL ámbito,Ambos sexos,0
CAMERÚN,2024,TOTAL ámbito,Femenino,0
CAMERÚN,2024,TOTAL ámbito,Masculino,0
CENTRO ÁFRICANA REPÚBLICA,2024,TOTAL ámbito,Ambos sexos,0
CENTRO ÁFRICANA REPÚBLICA,2024,TOTAL ámbito,Femenino,0
CENTRO ÁFRICANA REPÚBLICA,2024,TOTAL ámbito,Masculino,0
CHILE,2024,TOTAL ámbito,Ambos sexos,0
CHILE,2024,TOTAL ámbito,Femenino,0
CHILE,2024,TOTAL ámbito,Masculino,0
CHINA POPULAR,2024,TOTAL ámbito,Ambos sexos,1
CHINA POPULAR,2024,TOTAL ámbito,Femenino,0
CHINA POPULAR,2024,TOTAL ámbito,Masculino,1
COLOMBIA,2024,TOTAL ámbito,Ambos sexos,24
COLOMBIA,2024,TOTAL ámbito,Femenino,8
COLOMBIA,2024,TOTAL ámbito,Masculino,16
CONGO-BRAZZAVILLE,2024,TOTAL ámbito,Ambos sexos,0
CONGO-BRAZZAVILLE,2024,TOTAL ámbito,Femenino,0
CONGO-BRAZZAVILLE,2024,TOTAL ámbito,Masculino,0
COSTA DE MARFIL,2024,TOTAL ámbito,Ambos sexos,1
COSTA DE MARFIL,2024,TOTAL ámbito,Femenino,0
COSTA DE MARFIL,2024,TOTAL ámbito,Masculino,1
CROACIA,2024,TOTAL ámbito,Ambos sexos,0
CROACIA,2024,TOTAL ámbito,Femenino,0
CROACIA,2024,TOTAL ámbito,Masculino,0
CUBA,2024,TOTAL ámbito,Ambos sexos,3
CUBA,2024,TOTAL ámbito,Femenino,1
CUBA,2024,TOTAL ámbito,Masculino,2
ECUADOR,2024,TOTAL ámbito,Ambos sexos,3
ECUADOR,2024,TOTAL ámbito,Femenino,1
ECUADOR,2024,TOTAL ámbito,Masculino,2
EE.UU.,2024,TOTAL ámbito,Ambos sexos,0
EE.UU.,2024,TOTAL ámbito,Femenino,0
EE.UU.,2024,TOTAL ámbito,Masculino,0
EGIPTO,2024,TOTAL ámbito,Ambos sexos,0
EGIPTO,2024,TOTAL ámbito,Femenino,0
EGIPTO,2024,TOTAL ámbito,Masculino,0
EL SALVADOR,2024,TOTAL ámbito,Ambos sexos,0
EL SALVADOR,2024,TOTAL ámbito,Femenino,0
EL SALVADOR,2024,TOTAL ámbito,Masculino,0
ERITREA,2024,TOTAL ámbito,Ambos sexos,0
ERITREA,2024,TOTAL ámbito,Femenino,0
ERITREA,2024,TOTAL ámbito,Masculino,0
ESLOVAQUIA,2024,TOTAL ámbito,Ambos sexos,1
ESLOVAQUIA,2024,TOTAL ámbito,Femenino,0
ESLOVAQUIA,2024,TOTAL ámbito,Masculino,1
ESPAÑA,2024,TOTAL ámbito,Ambos sexos,682
ESPAÑA,2024,TOTAL ámbito,Femenino,133
ESPAÑA,2024,TOTAL ámbito,Masculino,549
ESTONIA,2024,TOTAL ámbito,Ambos sexos,0
ESTONIA,2024,TOTAL ámbito,Femenino,0
ESTONIA,2024,TOTAL ámbito,Masculino,0
FILIPINAS,2024,TOTAL ámbito,Ambos sexos,0
FILIPINAS,2024,TOTAL ámbito,Femenino,0
FILIPINAS,2024,TOTAL ámbito,Masculino,0
FRANCIA,2024,TOTAL ámbito,Ambos sexos,1
FRANCIA,2024,TOTAL ámbito,Femenino,0
FRANCIA,2024,TOTAL ámbito,Masculino,1
GAMBIA,2024,TOTAL ámbito,Ambos sexos,2
GAMBIA,2024,TOTAL ámbito,Femenino,0
GAMBIA,2024,TOTAL ámbito,Masculino,2
GEORGIA,2024,TOTAL ámbito,Ambos sexos,0
GEORGIA,2024,TOTAL ámbito,Femenino,0
GEORGIA,2024,TOTAL ámbito,Masculino,0
GHANA,2024,TOTAL ámbito,Ambos sexos,1
GHANA,2024,TOTAL ámbito,Femenino,0
GHANA,2024,TOTAL ámbito,Masculino,1
GRECIA,2024,TOTAL ámbito,Ambos sexos,0
GRECIA,2024,TOTAL ámbito,Femenino,0
GRECIA,2024,TOTAL ámbito,Masculino,0
GUATEMALA,2024,TOTAL ámbito,Ambos sexos,0
GUATEMALA,2024,TOTAL ámbito,Femenino,0
GUATEMALA,2024,TOTAL ámbito,Masculino,0
GUINEA ECUATORIAL,2024,TOTAL ámbito,Ambos sexos,1
GUINEA ECUATORIAL,2024,TOTAL ámbito,Femenino,0
GUINEA ECUATORIAL,2024,TOTAL ámbito,Masculino,1
GUINEA REP.,2024,TOTAL ámbito,Ambos sexos,0
GUINEA REP.,2024,TOTAL ámbito,Femenino,0
GUINEA REP.,2024,TOTAL ámbito,Masculino,0
HAITI,2024,TOTAL ámbito,Ambos sexos,0
HAITI,2024,TOTAL ámbito,Femenino,0
HAITI,2024,TOTAL ámbito,Masculino,0
HOLANDA,2024,TOTAL ámbito,Ambos sexos,0
HOLANDA,2024,TOTAL ámbito,Femenino,0
HOLANDA,2024,TOTAL ámbito,Masculino,0
HONDURAS,2024,TOTAL ámbito,Ambos sexos,2
HONDURAS,2024,TOTAL ámbito,Femenino,1
HONDURAS,2024,TOTAL ámbito,Masculino,1
INDIA,2024,TOTAL ámbito,Ambos sexos,0
INDIA,2024,TOTAL ámbito,Femenino,0
INDIA,2024,TOTAL ámbito,Masculino,0
IRLANDA,2024,TOTAL ámbito,Ambos sexos,0
IRLANDA,2024,TOTAL ámbito,Femenino,0
IRLANDA,2024,TOTAL ámbito,Masculino,0
IRÁN,2024,TOTAL ámbito,Ambos sexos,0
IRÁN,2024,TOTAL ámbito,Femenino,0
IRÁN,2024,TOTAL ámbito,Masculino,0
ISRAEL,2024,TOTAL ámbito,Ambos sexos,3
ISRAEL,2024,TOTAL ámbito,Femenino,0
ISRAEL,2024,TOTAL ámbito,Masculino,3
ITALIA,2024,TOTAL ámbito,Ambos sexos,5
ITALIA,2024,TOTAL ámbito,Femenino,2
ITALIA,2024,TOTAL ámbito,Masculino,3
LETONIA,2024,TOTAL ámbito,Ambos sexos,0
LETONIA,2024,TOTAL ámbito,Femenino,0
LETONIA,2024,TOTAL ámbito,Masculino,0
LIBERIA,2024,TOTAL ámbito,Ambos sexos,0
LIBERIA,2024,TOTAL ámbito,Femenino,0
LIBERIA,2024,TOTAL ámbito,Masculino,0
LIBIA,2024,TOTAL ámbito,Ambos sexos,0
LIBIA,2024,TOTAL ámbito,Femenino,0
LIBIA,2024,TOTAL ámbito,Masculino,0
LITUANIA,2024,TOTAL ámbito,Ambos sexos,1
LITUANIA,2024,TOTAL ámbito,Femenino,0
LITUANIA,2024,TOTAL ámbito,Masculino,1
LÍBANO,2024,TOTAL ámbito,Ambos sexos,1
LÍBANO,2024,TOTAL ámbito,Femenino,0
LÍBANO,2024,TOTAL ámbito,Masculino,1
MALI,2024,TOTAL ámbito,Ambos sexos,1
MALI,2024,TOTAL ámbito,Femenino,0
MALI,2024,TOTAL ámbito,Masculino,1
MARRUECOS,2024,TOTAL ámbito,Ambos sexos,79
MARRUECOS,2024,TOTAL ámbito,Femenino,2
MARRUECOS,2024,TOTAL ámbito,Masculino,77
MAURITANIA,2024,TOTAL ámbito,Ambos sexos,2
MAURITANIA,2024,TOTAL ámbito,Femenino,0
MAURITANIA,2024,TOTAL ámbito,Masculino,2
MOLDAVIA,2024,TOTAL ámbito,Ambos sexos,1
MOLDAVIA,2024,TOTAL ámbito,Femenino,0
MOLDAVIA,2024,TOTAL ámbito,Masculino,1
MONGOLIA,2024,TOTAL ámbito,Ambos sexos,0
MONGOLIA,2024,TOTAL ámbito,Femenino,0
MONGOLIA,2024,TOTAL ámbito,Masculino,0
NEPAL,2024,TOTAL ámbito,Ambos sexos,0
NEPAL,2024,TOTAL ámbito,Femenino,0
NEPAL,2024,TOTAL ámbito,Masculino,0
NICARAGUA,2024,TOTAL ámbito,Ambos sexos,2
NICARAGUA,2024,TOTAL ámbito,Femenino,2
NICARAGUA,2024,TOTAL ámbito,Masculino,0
NIGERIA,2024,TOTAL ámbito,Ambos sexos,0
NIGERIA,2024,TOTAL ámbito,Femenino,0
NIGERIA,2024,TOTAL ámbito,Masculino,0
NÍGER REP.,2024,TOTAL ámbito,Ambos sexos,0
NÍGER REP.,2024,TOTAL ámbito,Femenino,0
NÍGER REP.,2024,TOTAL ámbito,Masculino,0
PANAMA,2024,TOTAL ámbito,Ambos sexos,0
PANAMA,2024,TOTAL ámbito,Femenino,0
PANAMA,2024,TOTAL ámbito,Masculino,0
PAQUISTÁN,2024,TOTAL ámbito,Ambos sexos,1
PAQUISTÁN,2024,TOTAL ámbito,Femenino,0
PAQUISTÁN,2024,TOTAL ámbito,Masculino,1
PARAGUAY,2024,TOTAL ámbito,Ambos sexos,7
PARAGUAY,2024,TOTAL ámbito,Femenino,2
PARAGUAY,2024,TOTAL ámbito,Masculino,5
PAÍS DESCONOCIDO,2024,TOTAL ámbito,Ambos sexos,4
PAÍS DESCONOCIDO,2024,TOTAL ámbito,Femenino,0
PAÍS DESCONOCIDO,2024,TOTAL ámbito,Masculino,4
PAÍS NO CODIFICADO,2024,TOTAL ámbito,Ambos sexos,1
PAÍS NO CODIFICADO,2024,TOTAL ámbito,Femenino,0
PAÍS NO CODIFICADO,2024,TOTAL ámbito,Masculino,1
PERÚ,2024,TOTAL ámbito,Ambos sexos,3
PERÚ,2024,TOTAL ámbito,Femenino,0
PERÚ,2024,TOTAL ámbito,Masculino,3
POLONIA,2024,TOTAL ámbito,Ambos sexos,3
POLONIA,2024,TOTAL ámbito,Femenino,1
POLONIA,2024,TOTAL ámbito,Masculino,2
PORTUGAL,2024,TOTAL ámbito,Ambos sexos,2
PORTUGAL,2024,TOTAL ámbito,Femenino,2
PORTUGAL,2024,TOTAL ámbito,Masculino,0
REINO UNIDO,2024,TOTAL ámbito,Ambos sexos,0
REINO UNIDO,2024,TOTAL ámbito,Femenino,0
REINO UNIDO,2024,TOTAL ámbito,Masculino,0
REPÚBLICA CHECA,2024,TOTAL ámbito,Ambos sexos,0
REPÚBLICA CHECA,2024,TOTAL ámbito,Femenino,0
REPÚBLICA CHECA,2024,TOTAL ámbito,Masculino,0
REPÚBLICA DOMINICANA,2024,TOTAL ámbito,Ambos sexos,4
REPÚBLICA DOMINICANA,2024,TOTAL ámbito,Femenino,0
REPÚBLICA DOMINICANA,2024,TOTAL ámbito,Masculino,4
RUMANÍA,2024,TOTAL ámbito,Ambos sexos,18
RUMANÍA,2024,TOTAL ámbito,Femenino,3
RUMANÍA,2024,TOTAL ámbito,Masculino,15
RUSIA,2024,TOTAL ámbito,Ambos sexos,2
RUSIA,2024,TOTAL ámbito,Femenino,1
RUSIA,2024,TOTAL ámbito,Masculino,1
SENEGAL,2024,TOTAL ámbito,Ambos sexos,5
SENEGAL,2024,TOTAL ámbito,Femenino,0
SENEGAL,2024,TOTAL ámbito,Masculino,5
SERBIA (YUGOSLAVIA),2024,TOTAL ámbito,Ambos sexos,1
SERBIA (YUGOSLAVIA),2024,TOTAL ámbito,Femenino,0
SERBIA (YUGOSLAVIA),2024,TOTAL ámbito,Masculino,1
SIERRA LEONA,2024,TOTAL ámbito,Ambos sexos,0
SIERRA LEONA,2024,TOTAL ámbito,Femenino,0
SIERRA LEONA,2024,TOTAL ámbito,Masculino,0
SIRIA,2024,TOTAL ámbito,Ambos sexos,1
SIRIA,2024,TOTAL ámbito,Femenino,0
SIRIA,2024,TOTAL ámbito,Masculino,1
SUDÁFRICA R.,2024,TOTAL ámbito,Ambos sexos,0
SUDÁFRICA R.,2024,TOTAL ámbito,Femenino,0
SUDÁFRICA R.,2024,TOTAL ámbito,Masculino,0
SUECIA,2024,TOTAL ámbito,Ambos sexos,2
SUECIA,2024,TOTAL ámbito,Femenino,1
SUECIA,2024,TOTAL ámbito,Masculino,1
SUIZA,2024,TOTAL ámbito,Ambos sexos,1
SUIZA,2024,TOTAL ámbito,Femenino,0
SUIZA,2024,TOTAL ámbito,Masculino,1
TOTAL nacionalidad,2024,TOTAL ámbito,Ambos sexos,901
TOTAL nacionalidad,2024,TOTAL ámbito,Femenino,164
TOTAL nacionalidad,2024,TOTAL ámbito,Masculino,737
TURQUÍA,2024,TOTAL ámbito,Ambos sexos,0
TURQUÍA,2024,TOTAL ámbito,Femenino,0
TURQUÍA,2024,TOTAL ámbito,Masculino,0
TÚNEZ,2024,TOTAL ámbito,Ambos sexos,0
TÚNEZ,2024,TOTAL ámbito,Femenino,0
TÚNEZ,2024,TOTAL ámbito,Masculino,0
UCRANIA,2024,TOTAL ámbito,Ambos sexos,1
UCRANIA,2024,TOTAL ámbito,Femenino,0
UCRANIA,2024,TOTAL ámbito,Masculino,1
URUGUAY,2024,TOTAL ámbito,Ambos sexos,0
URUGUAY,2024,TOTAL ámbito,Femenino,0
URUGUAY,2024,TOTAL ámbito,Masculino,0
VENEZUELA,2024,TOTAL ámbito,Ambos sexos,1
VENEZUELA,2024,TOTAL ámbito,Femenino,0
VENEZUELA,2024,TOTAL ámbito,Masculino,1
ZAMBIA,2024,TOTAL ámbito,Ambos sexos,0
ZAMBIA,2024,TOTAL ámbito,Femenino,0
ZAMBIA,2024,TOTAL ámbito,Masculino,0
